<?xml version="1.0" encoding="UTF-8"?>
<html xmlns="http://www.w3.org/1999/xhtml">
<head>
<meta name="pdf:PDFVersion" content="1.4" />
<meta name="pdf:docinfo:title" content="Fasdfa" />
<meta name="xmp:CreatorTool" content="Writer" />
<meta name="access_permission:modify_annotations" content="true" />
<meta name="access_permission:can_print_degraded" content="true" />
<meta name="tika_batch_fs:relative_path" content="19735001.pdf" />
<meta name="language" content="pt-BR" />
<meta name="dcterms:created" content="2017-09-28T19:42:13Z" />
<meta name="dc:format" content="application/pdf; version=1.4" />
<meta name="pdf:docinfo:creator_tool" content="Writer" />
<meta name="access_permission:fill_in_form" content="true" />
<meta name="pdf:encrypted" content="false" />
<meta name="dc:title" content="Fasdfa" />
<meta name="Content-Length" content="140576" />
<meta name="X-TIKA:digest:MD5" content="153507324585ca4c5ea7f705ea1211ac" />
<meta name="Content-Type" content="application/pdf" />
<meta name="X-Parsed-By" content="org.apache.tika.parser.DefaultParser" />
<meta name="X-Parsed-By" content="org.apache.tika.parser.pdf.PDFParser" />
<meta name="dc:language" content="pt-BR" />
<meta name="meta:creation-date" content="2017-09-28T19:42:13Z" />
<meta name="created" content="Thu Sep 28 16:42:13 BRT 2017" />
<meta name="access_permission:extract_for_accessibility" content="true" />
<meta name="access_permission:assemble_document" content="true" />
<meta name="xmpTPg:NPages" content="6" />
<meta name="Creation-Date" content="2017-09-28T19:42:13Z" />
<meta name="resourceName" content="19735001.pdf" />
<meta name="access_permission:extract_content" content="true" />
<meta name="access_permission:can_print" content="true" />
<meta name="tika:file_ext" content="pdf" />
<meta name="producer" content="LibreOffice 5.2" />
<meta name="access_permission:can_modify" content="true" />
<meta name="pdf:docinfo:producer" content="LibreOffice 5.2" />
<meta name="pdf:docinfo:created" content="2017-09-28T19:42:13Z" />
<title>Fasdfa</title>
</head>
<body><div class="page"><p />
<p>MINISTÉRIO PÚBLICO FEDERAL
Procuradoria da República no Município de São João del-Rei/MG
</p>
<p>Inquérito Civil nº 1.22.000.000048/2006-07
</p>
<p>Promoção de Arquivamento
 
</p>
<p>Trata-se de inquérito civil instaurado aos 12/02/2009 para apurar, ao menos
inicialmente,  nos  exatos  termos  de  sua  portaria  inaugural,  “irregularidades  na
pavimentação asfáltica na rodovia federal BR 265 – trechos entre as cidades de Santana
da Vargem, Coqueiral e Boa Esperança/MG.” (fls.02A e 71).
</p>
<p>Originariamente,  a  investigação  tramitou  na  forma  de  procedimento
administrativo perante a Procuradoria da República em Minas Gerais, a partir de ofício
oriundo da Polícia Militar do Estado de Minas Gerais (PM), o qual apontava diversos
problemas existentes, àquela altura (2006), na rodovia BR-265 (fl.02/09). 
</p>
<p>De início, oficiou-se ao DNIT requisitando-lhe informações sobre os fatos
noticiados pela PM (fl.15), o qual atendeu às fls.20/21.
</p>
<p>No curso das investigações, acostaram-se aos autos diversos documentos
demonstrando a situação precária do trecho entre os Kms 261 a 362 da rodovia BR-265 e
os riscos aos quais os usuários dessa via estavam constantemente expostos (fls.11/14,
17/19, 28/30, 80/84, 170/174, 188/228, 732/737, 739/741, 743/745, 759/786 e 797/814).
</p>
<p>Em 2007 e 2008, este  Parquet  requisitou diversas informações ao DNIT
(fls.22, 31, 34, 42 e 55/56), que respondeu às fls.23/27, 32/33, 35/40, 43/46, 58/60. 
</p>
<p>Ressaltem-se as informações trazidas pelo DNIT em meados de 2008, na
qual  a  autarquia  afirmou  que  “após  a  contratação  dos  serviços  de  conservação,  o
segmento  da  rodovia  BR-265,  entre  as  cidades  de  Nepomuceno  e  Boa  Esperança,
encontra-se em bom estado, sem buracos ou panelas.” (fl.35).
</p>
<p>No início de 2009, os autos aportaram nesta recém-criada PRM (fl.62-v).
</p>
<p>Convertido o feito em inquérito civil (fl.63), oficiou-se à Polícia Rodoviária
do  Estado  de  Minas  Gerais  (fls.67/68)  e  novamente  ao  DNIT  (fls.69/70),  que
responderam às fls.85 e 86/130, respectivamente.
</p>
<p>No dia 06/05/2009, o douto Procurador oficiante e a PM realizaram vistoria
in loco, que gerou o relatório encartado às fls.229/239. Na ocasião, foram encontrados
diversos  problemas,  inclusive  na  execução  das  obras  de  recuperação  da  rodovia  no
subtrecho entre Itutinga/MG e Lavras/MG (fls.135/136).
</p>
<p>Em 14/05/2009 realizou-se reunião na sede desta PRM para “discutir as
condições da BR-265 (trecho entre Lavras- São João del-Rei/MG e Lavras – BR381) e as
intervenções ali em curso pela Oriente Construção Civil Ltda.” (fls.252/255). 
</p>
<p>1</p>
<p />
</div>
<div class="page"><p />
<p>MINISTÉRIO PÚBLICO FEDERAL
Procuradoria da República no Município de São João del-Rei/MG
</p>
<p> 
</p>
<p>Após tratativas,  este  Parquet  expediu a Recomendação nº  02/2009 ao
DNIT e à Oriente Construção Civil Ltda. (fls.246/251).
</p>
<p>Durante  vistoria  realizada  aos  14/05/2009  por  Técnico  de  Apoio
Especializado em Transporte desta PRM e pela PM no trecho entre São João del-
Rei/MG – Lavras/MG, em ambos os sentidos, foram constatados diversos problemas –
dentre eles, desmoronamentos, buracos, remendos com excesso de massa etc. (fl.245).
</p>
<p>Em sequência,  o DNIT apresentou relatório das medidas adotadas por
aquela autarquia em acatamento à sobredita recomendação (fls.260/292).
</p>
<p>Mais  informações  foram  requisitadas  ao  DNIT  (fls.293/294),  o  qual
atendeu às fls.295/305.
</p>
<p>Em maio de 2009, aportou nesta PRM cópia de pedido de providência
cível requerida pelo douto Juízo da Comarca de Itumirim/MG (fl.306), a qual formou
o anexo II.
</p>
<p>Às fls.308/345 mais informações e documentos ofertados pelo DNIT.
</p>
<p>Nos dias 11 e 16/03/2010, a PM e o DNIT realizaram vistorias in loco,
que  geraram  os  relatórios  de  fls.369/374  e  375/383,  complementados  com  as
informações de fls.384/389.
</p>
<p>Mais informações foram requisitadas ao DNIT (fls.392/393 e 397/398) e
à PM (fl.394), que responderam às fls.401/404 e 405/447, respectivamente.
</p>
<p>Aos 04/02/2011, este Parquet expediu nova recomendação ao DNIT e à
empresa Oriente Construção Civil Ltda. (fls.449/451-v, 459 e 463).
</p>
<p>Desta  feita,  recomendou à autarquia que: a) determinasse à Oriente  a
imediata retomada dos trabalhos de recuperação da pavimentação da rodovia BR-265;
b)  acompanhasse  a  execução  das  obras,  tomando,  se  necessário,  as  medidas
administrativas cabíveis;  c) encaminhasse a esta PRM o resultado final  da referida
vistoria.  Por  outro  lado,  recomendou-se  ao representante  legal  da  empresa  Oriente
Construção  Civil  Ltda.  que:  a)  desse  cumprimento  fiel  às  obrigações  contratuais
assumidas perante o DNIT; b) comprovasse perante este Parquet o ajustamento de sua
conduta às disposições contratuais por ela assumidas perante a autarquia.
</p>
<p>Em  atenção  à  recomendação,  a  autarquia  informou  que  “a  empresa
Oriente, executora do contrato de manutenção do trecho, promoveu em fevereiro de
2001 a retomada dos serviços de recuperação do pavimento na BR-265, atendendo
prontamente à referida Recomendação.” (fl.499).
</p>
<p>Mais informações foram requisitadas ao DNIT (fls.502 e 508/508-v), que
atendeu às fls.503 e 554/557, respectivamente.
</p>
<p>Aos 15/07/2011 a PM ofertou novo relatório descrevendo as condições,
naquela  altura,  da  rodovia  BR-265 no trecho entre  os  Kms 202 a  305,  o  qual  foi
formou o anexo VI.
</p>
<p>2</p>
<p />
</div>
<div class="page"><p />
<p>MINISTÉRIO PÚBLICO FEDERAL
Procuradoria da República no Município de São João del-Rei/MG
</p>
<p> 
</p>
<p>Oficiou-se novamente ao DNIT requisitando-lhe informações acerca dos
problemas apontados pela PM no sobredito relatório (fl.505). A autarquia respondeu às
fls.510/552 descrevendo as intervenções realizadas nos últimos anos.
</p>
<p>No  início  de  2012,  foram  requisitadas  mais  informações  ao  DNIT
(fls.577/577-v)  que,  após  reiteração do ofício requisitório (fls.579/580),  atendeu às
fls.583/605.
</p>
<p>Em  meados  de  2012,  foi  expedida  nova  recomendação  ao  DNIT
(fls.611/614-v) para que: a) fossem tomadas todas as providências necessárias para a
eliminação da erosão que afetava a integridade da rodovia na altura do Km 273; b)
comprovasse as intervenções ali efetuadas. 
</p>
<p>Em acatamento à referida recomendação, a autarquia juntou aos autos o
ofício de fl.627 e o relatório fotográfico de fls.628/630.
</p>
<p>Às  fls.621/624,  foi  acostado  novo  relatório  ofertado  pela  PM
descrevendo a situação da rodovia em meados de 2012.
</p>
<p>Mais  informações  encaminhadas  pelo  DNIT  foram  acostadas  às
fls.639/646 e 649/684.
</p>
<p>Requisitadas mais informações (fl.685), a PM apontou os trabalhos de
recuperação da rodovia BR-265 por si detectados (fls.686/688).
</p>
<p>Em meados de 2015, oficiou-se ao DNIT requisitando-lhe informações
atualizadas acerca da situação da rodovia BR-265 (fl.748), que atendeu às fls.750/755.
</p>
<p>Às  fls.787/794  foi  acostada  tabela  elaborada  pela  assessoria  deste
gabiente contendo resumo dos fatos apurados e providências até então adotadas em
relação a cada um dos pontos.
</p>
<p>Por fim, aos 12/09/2017 o Técnico Especializado em Transporte desta
PRM  vistoriou  todo  o  trecho  da  rodovia  BR-265  entre  São  João  del-Rei/MG  a
Lavras/MG  e  descreveu  suas  condições  atuais  conforme  certidão  de  fl.816  e
fotografias de fl.817.
</p>
<p>É o relatório.
</p>
<p>O presente inquérito civil reclama arquivamento.
</p>
<p>Como se dessume de perfunctória leitura do relatório acima, em que pese
o objeto inicial deste feito, a teor da portaria inaugural, estivesse limitado à apuração
das  condições  da  pavimentação  asfáltica  nos  trechos  entre  Santana  da  Vargem,
Coqueiral e Boa Esperança/MG (o que há muito foi solucionado, consoante fl.35), ele
se  alterou  ao  longo  do  tempo  para  alcançar  outros  pontos  da  rodovia  BR-265,
conforme  problemas  supervenientes  detectados  durante  as  investigações.
Derradeiramente, o foco esteve voltado para:
</p>
<p>a) as condições da BR-265, no trecho entre São João del-Rei/MG e Lavras/MG, tanto
</p>
<p>3</p>
<p />
</div>
<div class="page"><p />
<p>MINISTÉRIO PÚBLICO FEDERAL
Procuradoria da República no Município de São João del-Rei/MG
</p>
<p> 
</p>
<p>em relação à sinalização deficiente quanto à recuperação e à manutenção da pista de
rolamento;
</p>
<p>b) a sinalização deficiente no subtrecho da rodovia entre os Kms 306 e 362.
</p>
<p>As sucessivas requisições de informações, providências e recomendações
encaminhadas por este órgão ministerial ao Departamento Nacional de Infraestrutura
de Transportes Terrestres (DNIT) resultaram, ao fim e ao cabo, na constatação de que
o  mau  estado  (malha  asfáltica  esburacada,  ausência  ou  deficiência  da  sinalização
vertical e horizontal e invasão da vegetação na pista de rolamento) na rodovia BR-265
– subtrechos entre São João del-Rei/MG e Lavras/MG e entre os Kms 306 e 362 – foi
sendo gradualmente revertido, especialmente após a expedição das recomendações de
fls.246/251 (Recomendação nº 02, de 13/05/2009),  449/451-v (Recomendação nº 02,
de  04/02/2011)  e 613/614  (Recomendação  nº  03,  de  13/06/2012)  e  com  as
providências  documentadas  às  fls.260/287,  488/491,  499,  503,  544/547,  554/557,
583/605, 627/646, 649/684 e 750/755.
</p>
<p>Consoante já descrito acima, em abril e setembro de 2012 (fls.583/605 e
649/684)  o  DNIT informou e  comprovou através  de  relatório  fotográfico  quais  as
obras e medidas executadas para recuperação e melhoramento da rodovia BR-265 no
trecho que liga os municípios de São João del-Rei/MG a Lavras/MG e da sinalização
deficiente no subtrecho dessa via entre os Kms 306 e 362, quais sejam:
</p>
<p>“a) As sinalizações horizontal e vertical  citadas já foram executadas conforme previsto em
projeto (fotos em anexo) (…)
</p>
<p>c) Todos os buracos no Trevo de Ribeirão Vermelho já se encontram recuperados. Em fase de
pesquisa e sondagem para execução de nova solução de pavimento.
</p>
<p>d) No km-354 (próximo ao Motel Segredos) nenhuma intervenção no pavimento foi realizada
pela Construtora Ápia, estando a pista da rodovia da mesma forma em que se encontrava antes
das obras. A Construtora Pavisan já está no trecho fazendo tapa buracos e demais serviços para
a boa conservação do trecho. 
</p>
<p>(…)
</p>
<p>No mesmo trecho foi executado pela Construtora Ápia um serviço de terraplanagem, porém na
na parte externa da rodovia, não interferindo ou modificando assim o fluxo normal de veículos.
</p>
<p>(…)
</p>
<p>Os serviços de tapa buracos estão sendo feitos normalmente pela Construtora Pavisan por ser
portadora do contrato de manutenção.” (fls.584/585).
</p>
<p>“Km 307 (Ponte do Rio Grande) – Foram instalados redutores de velocidade, banda rugosa e a
sinalização vertical foi implantada. (fotos anexas)
</p>
<p>Km  320  (Próximo  Acesso  ao  Distrito  de  Macuco)  –  Foi  realizada  nova  operação  “tapa-
buracos” e correções de defeitos; atualmente encontra-se em boas condições de trafegabilidade.
(fotos anexas)
</p>
<p>Km 327 (Ponte Rio Curral de Cima, cuja quilometram correta está entre o km 328 ao km 329)
–  Os  guarda-corpos  foram  colocados  no  mês  de  julho  de  2012,  porém  alguns  já  foram
danificados  novamente  e  a  Construtora  Ápia  Ltda,  empresa  detentora  do  contrato  de
conservação/manutenção UT-6-038/12, já está providenciando os reparos necessários.  (fotos
</p>
<p>4</p>
<p />
</div>
<div class="page"><p />
<p>MINISTÉRIO PÚBLICO FEDERAL
Procuradoria da República no Município de São João del-Rei/MG
</p>
<p> 
anexas)
</p>
<p>Km 334 (Ponte do Capivari) – Foram instalados redutores de velocidade, banda rugosa e a
sinalização vertical foi implantada. (fotos anexas)
</p>
<p>(...)
</p>
<p>Km 346 (Trevo do Distrito Industrial de Lavras) – Foram contemplados com os serviços de
melhorias  em  sua  estrutura,  sinalização  horizontal  e  vertical,  inclusive  com  redutores  de
velocidade. (fotos anexas)
</p>
<p>Km  351  (Trevo  da  concessionária  LAVELI  –  sentido  BR-381/Lavras)  –  Foi  instalada
sinalização vertical, assim como redutores de velocidade. (fotos anexas)
</p>
<p>(…)” - fl.649.
</p>
<p>“Em  atendimento  ao  OF/PRM/SJR/GAB/AABM  nº  903/2012,  referente  Recomendação  nº
03/2012, relativa a intervenções no Km 273 (lateral à pista, sentido Lavras/São João Del Rei)
Rodovia BR-265, a Unidade Local de Oliveira informa que os serviços de recomposição do
aterro tiveram início no mês de julho de 2012 e foram finalizados no mês de agosto de 2012,a
través  do contrato de conservação/manutenção  nº UT-6-038/12, firmado entre  o DNIT e a
Construtora Ápia Ltda.” - fl.683.
</p>
<p>Após vistoria realizada  in loco  em outubro de 2012, a Polícia Militar
ratificou  as  providências  tomadas  pelo  DNIT  para  recuperação  e  manutenção  da
camada asfáltica da rodovia BR-265 nos trechos entre os municípios de São João del-
Rei/MG a Lavras/MG e da melhoria da sinalização no subtrecho entre os Kms 306 e
362 (fls.686/688).
</p>
<p>Em julho de 2015, o DNIT informou que foram instalados equipamentos
eletrônicos  de  controle  de  velocidade  nos  Kms  342,50;  345,00;  345,12  e  353,00
(fls.750/751).
</p>
<p>Em 12/09/2017, mediante vistoria realizada por Técnico de Segurança
Institucional e  Transporte deste órgão ministerial no trecho da rodovia BR-265 entre
São  João  del-Rei/MG  e  Lavras/MG,  em  ambos  os  sentidos  (fls.816/817),  foi
certificado  que  “a  rodovia  encontra-se  em boas  condições  de  tráfego.  Problemas
listados às fls.787/794 e compreendidos no trecho vistoriado, tais como ausência de
sinalização, invasão de vegetação na pista, buracos, erosões, rachaduras, muretas
quebradas, ausência de acostamento, ausência de redutores de velocidade e pontes
em mau estado foram devidamente sanados. Os pontos críticos com altos índices de
acidentes,  citados  à  fl.622  pelo  Comando  da  6ª  Cia.  PM  IND  MAT,  receberam
sinalização especial e manutenção adequada.”
</p>
<p>Não  bastasse,  este  procurador  da  República  signatário  percorre
frequentemente o mesmo trecho da rodovia BR-265 para participação em audiências
na  Subseção  Judiciária  em  Lavras/MG.  E  posso  atestar,  com  segurança,  que  as
condições de sinalização e pavimentação no segmento, que variaram no tempo, são
boas atualmente.
</p>
<p>O arquivamento dos autos, portanto, é medida que se impõe, até mesmo
como medida  salutar  para  não se  perpetuar  a  tramitação deste  feito,  cujas  origens
remontam ao longínquo ano de 2006  (fl.02)!  Fatos  novos devem render ensejos  a
novos procedimentos.
</p>
<p>5</p>
<p />
</div>
<div class="page"><p />
<p>MINISTÉRIO PÚBLICO FEDERAL
Procuradoria da República no Município de São João del-Rei/MG
</p>
<p> 
</p>
<p>Por  fim,  calha  registar  que,  a  nosso  sentir,  providência  útil  e  mais
relevante na tutela dos interesses transindividuais no que concerne à BR-265 seria a
duplicação do trecho São João del-Rei/MG / Lavras/MG , uma vez que a intensidade
do fluxo de veículos de carga pesados que diariamente transitam no segmento (via de
ligação entre  duas  das  mais  importantes  rodovias  do País:  BR-040 e BR-381) e  a
imprudência  dos  motoristas  determinam  elevados  índices  de  acidentes  na  área.
Todavia, tal fato já constitui objeto específico de outro procedimento em trâmite nesta
unidade: o inquérito civil nº 1.22.014.000293/2015-48 (fl.818).
</p>
<p>Ex positis, com espeque no art.9º da Lei nº 7.347/85, art.17 da Resolução
nº 87/06-CSMPF e art.10 da Resolução nº 23/07-CNMP,  promovo o arquivamento
do presente inquérito civil,  determinando sejam adotadas as seguintes providências,
observado o prazo legal de 03 (três) dias:
</p>
<p>1) Notifiquem-se  representante  e  representado,  nos  termos  do  art.17,
§§1º e 3º, da Resolução nº 87/06-CSMPF, e art.10, §§1º e 3º da Resolução nº 23/07-
CNMP;
</p>
<p>2) Remetam-se  os  autos  à  egrégia  1ª  Câmara  de  Coordenação  de
Revisão, nos termos e para os fins previstos no art.9º, §1º, da Lei nº 7.347/85, art.17,
§2º, da Resolução nº 87/06-CSMPF, e art.10, §1º, da Resolução nº 23/07-CNMP.
</p>
<p>São João del-Rei/MG, 28 de setembro de 2017.
</p>
<p>THIAGO DOS SANTOS LUZ
Procurador da República
</p>
<p>6</p>
<p />
</div>
</body></html>