<?xml version="1.0" encoding="UTF-8"?>
<html xmlns="http://www.w3.org/1999/xhtml">
<head>
<meta name="pdf:PDFVersion" content="1.4" />
<meta name="pdf:docinfo:title" content="Exmo" />
<meta name="xmp:CreatorTool" content="Writer" />
<meta name="access_permission:modify_annotations" content="true" />
<meta name="access_permission:can_print_degraded" content="true" />
<meta name="dc:creator" content="Usuario" />
<meta name="tika_batch_fs:relative_path" content="19787733.pdf" />
<meta name="language" content="pt-BR" />
<meta name="dcterms:created" content="2017-06-06T17:17:07Z" />
<meta name="dc:format" content="application/pdf; version=1.4" />
<meta name="pdf:docinfo:creator_tool" content="Writer" />
<meta name="access_permission:fill_in_form" content="true" />
<meta name="pdf:encrypted" content="false" />
<meta name="dc:title" content="Exmo" />
<meta name="Content-Length" content="115761" />
<meta name="X-TIKA:digest:MD5" content="4a9e6ac32a916de4603df1c153a3d5ee" />
<meta name="Content-Type" content="application/pdf" />
<meta name="pdf:docinfo:creator" content="Usuario" />
<meta name="X-Parsed-By" content="org.apache.tika.parser.DefaultParser" />
<meta name="X-Parsed-By" content="org.apache.tika.parser.pdf.PDFParser" />
<meta name="creator" content="Usuario" />
<meta name="dc:language" content="pt-BR" />
<meta name="meta:author" content="Usuario" />
<meta name="meta:creation-date" content="2017-06-06T17:17:07Z" />
<meta name="created" content="Tue Jun 06 14:17:07 BRT 2017" />
<meta name="access_permission:extract_for_accessibility" content="true" />
<meta name="access_permission:assemble_document" content="true" />
<meta name="xmpTPg:NPages" content="4" />
<meta name="Creation-Date" content="2017-06-06T17:17:07Z" />
<meta name="resourceName" content="19787733.pdf" />
<meta name="access_permission:extract_content" content="true" />
<meta name="access_permission:can_print" content="true" />
<meta name="tika:file_ext" content="pdf" />
<meta name="Author" content="Usuario" />
<meta name="producer" content="LibreOffice 5.2" />
<meta name="access_permission:can_modify" content="true" />
<meta name="pdf:docinfo:producer" content="LibreOffice 5.2" />
<meta name="pdf:docinfo:created" content="2017-06-06T17:17:07Z" />
<title>Exmo</title>
</head>
<body><div class="page"><p />
<p>MINISTÉRIO PÚBLICO FEDERAL
Procuradoria da República no Município de São João del Rei/MG
</p>
<p>Inquérito civil público nº 1.22.014.000114/2010-68
</p>
<p>Representante: Solicitado sigilo de identidade
</p>
<p>Representado: Universidade Federal de São João del-Rei/MG
</p>
<p>Assunto: Suposta cobrança indevida de taxa de matrícula pela UFSJ. 
</p>
<p>Ausência de irregularidades.  Arquivamento  .
</p>
<p>PROMOÇÃO DE ARQUIVAMENTO
</p>
<p>I.
</p>
<p>Trata-se de inquérito civil  instaurado a  partir  de representação em
que solicitado sigilo da identidade, em que afirma que a Universidade Federal de São João
del-Rei/MG  expediu  o  edital  nº  005/2010/DICON/PROEN/UFSJ  para  ingresso  de
portadores de diplomas de graduação no curso de Administração Pública – modalidade a
distância, com previsão de pagamento de taxa de matrícula no valor de R$ 90,00.
</p>
<p>Segundo o representante, esta cobrança viola a Súmula vinculante nº
12 do STF, que dispõe:  “a cobrança de taxa de matrícula nas universidades públicas
viola o disposto no art. 206, IV, da Constituição Federal”. O representante aponta ainda
que a taxa cobrada é revertida para a Fundação de Apoio à UFSJ, que é uma instituição
privada e, portanto, não poderia ser destinatária de verbas públicas.
</p>
<p>Para apuração, a UFSJ foi diversas vezes oficiada e informou que a
cobrança em tela não se tratava de taxa de matrícula, mas sim de  taxa de inscrição no
processo seletivo de transferência e obtenção de novo título.  Aduziu que os valores
destinavam-se a cobrir as despesas administrativas da UFSJ com o processo seletivo (f.
12/13). Posteriormente, a instituição informou que recolheram a taxa de inscrição todos
aqueles listados às f. 23/24, dentre os quais candidatos selecionados como suplentes.
</p>
<p>A UFSJ informou ainda  que alguns  candidatos,  que não eram de
áreas afins e os que não apresentaram exposição de motivos dentro das afinidades do
curso,  foram  liminarmente  eliminados,  nem  mesmo  tendo  sido  recolhida  a  taxa  de
inscrição desses candidatos, vez que não participaram efetivamente do certame (f. 45).
</p>
<p>O:\SJR\gabinete\1º Ofício\Extrajudicial\ICPs e PPs\serviço público\1.22.014.000114-2010-68 cobrança de matrícula ufsj\1.22.014.000114-2010-68 Ausência de
irregularidades.odt 1/4</p>
<p />
</div>
<div class="page"><p />
<p>MINISTÉRIO PÚBLICO FEDERAL
</p>
<p>Posteriormente, foi realizada diligência para verificar se a cobrança
de taxa de inscrição prosseguia, tendo sido constatado que já em 2013 o edital pertinente
não mais previa a cobrança de nenhuma taxa (f. 52/67).
</p>
<p>Outrossim,  na  presente  data  foi  acessado  o  sítio  eletrônico
&lt;http://www.ufsj.edu.br/portal2-
repositorio/File/vestibular/PS2017_1/Protap_2017_1/Edital_2017_1_Protap.pdf&gt;,  que
contém o edital referente ao Processo seletivo por transferência externa e admissão de
portadores de diploma de ensino superior da UFSJ para o ano de 2017, em que se percebe
a ausência de cobrança de qualquer taxa, haja vista que a seleção agora é baseada nos
resultados do ENEM.
</p>
<p>II.
</p>
<p>Analisando o que foi apurado, percebe-se que não subsistem razões
para o prosseguimento da apuração, instaurada em 2010.
</p>
<p>No  que  se  refere  à  taxa  de  inscrição  em  processos  seletivos  de
instituições públicas de ensino, a possibilidade de cobrança em contraprestação ao serviço
público em tela, para cobrir custos operacionais do certame, foi pacificada no Tribunal
Regional da 1ª Região, conforme ilustra a seguinte ementa:
</p>
<p>AÇÃO  CIVIL  PÚBLICA.  ISENÇÃO  DE  TAXA  DE  INSCRIÇÃO
MEDIANTE DECLARAÇÃO DE POBREZA. VESTIBULAR E PROCESSO
SELETIVO DE CENTRO FEDERAL DE EDUCAÇÃO. REGRAMENTO DA
INSTITUIÇÃO  DE  ENSINO.  LEGALIDADE.  RAZOABILIDADE.
APELAÇÃO NÃO PROVIDA. [...] 6. Alega-se, ainda, que, de qualquer modo,
a instituição  de ensino  afrontaria  a  garantia  constitucional  da gratuidade do
ensino prestado por instituições públicas. Ocorre que, ao menos no que toca à
inscrição ao processo seletivo de curso de nível superior, a jurisprudência
desta Corte é pela validade da cobrança da taxa de inscrição. Por todos: "I
- Em diversos julgados, as duas turmas que compõem a eg. 3ª Seção já se
posicionaram no sentido da legalidade da cobrança da taxa de inscrição no
vestibular, por não conflitar com os princípios constitucionais da igualdade
e da gratuidade do ensino previstos no art. 206, I e IV, da CF, desde que
assegurada  a  isenção  nos  casos  de  comprovada  hipossuficiência  do
candidato" (EIAC  39194019984013803,  DESEMBARGADOR  FEDERAL
JIRAIR  ARAM  MEGUERIAN,  TRF1  -  TERCEIRA  SEÇÃO,  e-DJF1
DATA:29/05/2012 PAGINA:2.) 7. A taxa de inscrição é exigida também "no
Processo  Seletivo  para  o  Ensino  Médio"  e  "para  os  cursos  da  Educação
Profissional Técnica de Nível Médio". Não se trata, pois, de taxa de matrícula
ou de mensalidade.  A julgar  pelo valor cobrado -  R$ 30,00 (trinta reais),  é
legítimo presumir que o produto da arrecadação da taxa de inscrição, também
para os cursos do nível médio, tenha como principal destinação o custeio das
despesas  com  a  realização  do  processo  seletivo.  A  jurisprudência  não
desautoriza  a  cobrança,  pois,  observada  a  garantia  de  isenção  aos
comprovadamente  hipossuficientes,  v.g.:  AG  200705000053920,
Desembargador  Federal  Paulo  Roberto  de  Oliveira  Lima,  TRF5  -  Terceira
Turma, DJ - Data: 27/03/2008 - Página: 983 - Nº::59. 8. Apelação não provida.
</p>
<p>2/4</p>
<p />
<div class="annotation"><a href="http://www.ufsj.edu.br/portal2-repositorio/File/vestibular/PS2017_1/Protap_2017_1/Edital_2017_1_Protap.pdf">http://www.ufsj.edu.br/portal2-repositorio/File/vestibular/PS2017_1/Protap_2017_1/Edital_2017_1_Protap.pdf</a></div>
<div class="annotation"><a href="http://www.ufsj.edu.br/portal2-repositorio/File/vestibular/PS2017_1/Protap_2017_1/Edital_2017_1_Protap.pdf">http://www.ufsj.edu.br/portal2-repositorio/File/vestibular/PS2017_1/Protap_2017_1/Edital_2017_1_Protap.pdf</a></div>
</div>
<div class="page"><p />
<p>MINISTÉRIO PÚBLICO FEDERAL
</p>
<p>(APELAÇÃO  CIVEL;  Relator(a)  DESEMBARGADOR  FEDERAL  JOÃO
BATISTA  MOREIRA  JUIZ  FEDERAL  EVALDO  DE  OLIVEIRA
FERNANDES,  filho  (CONV.);  TRF1;  QUINTA  TURMA;  Fonte  e-DJF1
DATA:26/05/2015 PAGINA:564. Grifos nossos).
</p>
<p>Ademais, o que a Súmula Vinculante nº 12 do STF veda é a cobrança de
</p>
<p>taxa de matrícula, mas não de inscrição em processo seletivo. Cabe ainda destacar que o
</p>
<p>próprio STF modulou os efeitos da decisão que declarou inconstitucional a cobrança da
</p>
<p>taxa de matrícula, decidindo que: 
</p>
<p>"4. Cumpre mencionar que, em 16.3.2011, este Supremo Tribunal, por maioria,
acolheu  os  embargos  de  declaração  opostos  no  Recurso  Extraordinário  n.
500.171, para atribuir efeitos ex nunc à declaração de inconstitucionalidade
da  cobrança  da  taxa  em  debate.  (...)  Decidiu-se,  também,  que  seriam
resguardados  os  direitos  dos  estudantes  que  tivessem  ingressado
individualmente  em  juízo  para  pleitear  o  seu  ressarcimento,  não  sendo
autorizada, apenas, a devolução em massa pelas universidades públicas." (RE
563386 AgR, Relatora Ministra Carmen Lúcia, Primeira Turma, julgamento
em 14.6.2011, DJe de 1.7.2011)
</p>
<p>Ora, a presente investigação refere-se a  edital publicado em junho de
</p>
<p>2010,  ou  seja,  antes  da  decisão  do  STF que decidiu  que a  cobrança  de  taxa  de
</p>
<p>matrícula por instituições públicas de ensino é inconstitucional.
</p>
<p>Assim,  ainda  que  se  entenda  que a  cobrança  realizada  pela  UFSJ no
</p>
<p>processo  seletivo  para  ingresso  de portadores  de  diplomas  de graduação  no curso  de
</p>
<p>Administração Pública, modalidade a distância tratava-se de verdadeira taxa de matrícula
</p>
<p>– e não taxa de inscrição no certame, como sustenta a instituição -, não seria possível a
</p>
<p>incidência da Súmula vinculante nº 12 do STF no presente caso.
</p>
<p>No  que  se  refere  ao  recolhimento  e  administração  dos  recursos  pela
</p>
<p>Fundação de apoio e não pela própria UFSJ, tem-se que de fato a situação era irregular.
</p>
<p>Pois  ainda que a  legislação de regência  (Lei  nº  8.958/1994) permita  às  universidades
</p>
<p>federais  a  celebração  de  convênios  e  contratos  com  as  fundações  de  apoio  para  a
</p>
<p>realização  de  projetos  de  ensino,  pesquisa,  extensão,  desenvolvimento  institucional,
</p>
<p>científico  e  tecnológico  e  estímulo  à  inovação,  inclusive  na  gestão  administrativa  e
</p>
<p>financeira necessária à execução desses projetos, o recolhimento e administração da taxa
</p>
<p>em questão  consiste  em atividade-fim exclusiva  da instituição,  sendo que os recursos
</p>
<p>deveriam  ser  recolhidos  à  conta  única  da  entidade  de  ensino.  Nesse  sentido  é  o
</p>
<p>3/4</p>
<p />
</div>
<div class="page"><p />
<p>MINISTÉRIO PÚBLICO FEDERAL
</p>
<p>entendimento da Controladoria Geral da União, exposto na “Coletânea de Entendimentos
</p>
<p>– Gestão de Recursos das Instituições Federais de Ensino Superior e dos Institutos que
</p>
<p>compõem a Rede Federal de Educação profissional, Científica e Tecnológica”1:
</p>
<p>Os recursos arrecadados por conta de projetos ou atividades de ensino e de
extensão (como as receitas de taxas de matrícula de vestibular, de inscrição ou
mensalidade  dos  cursos  de  especialização  e  de  extensão  universitária)
pertencem  originariamente  à  Instituição  Federal  de  Ensino.  Assim,  esses
recursos devem ser recolhidos à conta única da IFE junto ao Tesouro Nacional.
Estas receitas próprias captadas pelas IFEs poderão ser estimadas para compor
sua  dotação  orçamentária  anual  e  revisadas  dentro  de  um  mesmo  ciclo
orçamentário, conforme rito de reestimativa de receitas próprias e solicitação de
créditos suplementares, orientado pela SPO/MEC a cada ciclo orçamentário.  
</p>
<p>Contudo, a ilegalidade em tela, ademais de praticada há mais de sete
</p>
<p>anos, foi de pequena monta (cerca de R$ 2.610,002) e, salvo melhor juízo, não exige
</p>
<p>nenhuma  atuação  do  Ministério  Público  Federal.  Calha  destacar  que,  como  apontado
</p>
<p>acima,  não  há  mais  a  cobrança  da  taxa  antes  prevista  no  processo  seletivo  de
</p>
<p>transferência  externa/obtenção  de  novo  título  pela  UFSJ,  não  se  verificando,  por
</p>
<p>consequência a destinação de tal recurso público à Fundação de Apoio.
</p>
<p>Pelo exposto, proponho o arquivamento deste inquérito civil.
</p>
<p>Notifique-se o representante do presente arquivamento,  para ciência e
</p>
<p>manifestação,  no prazo de 10 (dez)  dias.  Após,  não ocorrendo manifestação no prazo
</p>
<p>retro,  remetam-se  os  autos  à  1ª  CCR,  no  prazo  de  3  dias, para  homologação  do
</p>
<p>arquivamento ou determinação de outras providências reputadas cabíveis, nos termos do
</p>
<p>artigo 62, inciso IV, da Lei Complementar nº 75/93.
</p>
<p>Em caso de manifestação do representante, retornem os autos conclusos.
</p>
<p>Em  atenção  ao  sigilo  de  identidade  solicitado  pelo  representante,
</p>
<p>determino sejam adotadas as medidas necessárias  para acobertar  sua identificação nos
</p>
<p>autos.
</p>
<p>São João del Rei/MG, 06 de junho de 2017.
</p>
<p>LUDMILA JUNQUEIRA DUARTE OLIVEIRA
Procuradora da República
</p>
<p>1 http://www.cgu.gov.br/Publicacoes/auditoria-e-fiscalizacao/arquivos/ife.pdf
2 R$ 90 x 29
</p>
<p>4/4</p>
<p />
</div>
</body></html>