<?xml version="1.0" encoding="UTF-8"?>
<html xmlns="http://www.w3.org/1999/xhtml">
<head>
<meta name="cp:revision" content="27" />
<meta name="date" content="2016-01-12T18:01:49Z" />
<meta name="Keywords" content="" />
<meta name="subject" content="" />
<meta name="dc:creator" content="" />
<meta name="tika_batch_fs:relative_path" content="26436205.doc" />
<meta name="meta:print-date" content="2014-12-17T18:50:00Z" />
<meta name="dcterms:created" content="2008-01-17T16:27:19Z" />
<meta name="dcterms:modified" content="2016-01-12T18:01:49Z" />
<meta name="Last-Modified" content="2016-01-12T18:01:49Z" />
<meta name="Last-Save-Date" content="2016-01-12T18:01:49Z" />
<meta name="Template" content="" />
<meta name="meta:save-date" content="2016-01-12T18:01:49Z" />
<meta name="dc:title" content="" />
<meta name="modified" content="2016-01-12T18:01:49Z" />
<meta name="Edit-Time" content="20693540000000" />
<meta name="cp:subject" content="" />
<meta name="Content-Length" content="88064" />
<meta name="X-TIKA:digest:MD5" content="a05c8f7f3fc77bc518f3e0b7fc30c5ea" />
<meta name="Content-Type" content="application/msword" />
<meta name="X-Parsed-By" content="org.apache.tika.parser.DefaultParser" />
<meta name="X-Parsed-By" content="org.apache.tika.parser.microsoft.OfficeParser" />
<meta name="creator" content="" />
<meta name="meta:author" content="" />
<meta name="dc:subject" content="" />
<meta name="meta:creation-date" content="2008-01-17T16:27:19Z" />
<meta name="Last-Printed" content="2014-12-17T18:50:00Z" />
<meta name="meta:last-author" content="" />
<meta name="Comments" content="" />
<meta name="Creation-Date" content="2008-01-17T16:27:19Z" />
<meta name="resourceName" content="26436205.doc" />
<meta name="Last-Author" content="" />
<meta name="w:comments" content="" />
<meta name="Revision-Number" content="27" />
<meta name="extended-properties:Template" content="" />
<meta name="tika:file_ext" content="doc" />
<meta name="meta:keyword" content="" />
<meta name="Author" content="" />
<meta name="comment" content="" />
<title></title>
</head>
<body><div class="header"><p>PRM-GRU-PE-0000114/2016</p>
<p class="cabeçalho"> <img src="embedded:image1.wmf" alt="image1.wmf" /></p>
<p class="cabeçalho"><b>MINISTÉRIO PÚBLICO FEDERAL</b></p>
<p class="cabeçalho"><b>PROCURADORIA DA REPÚBLICA NO MUNICÍPIO DE GARANHUNS/PE</b></p>
</div>
<p><b>INQUÉRITO CIVIL Nº 1.26.005.000107/2011-15 </b></p>
<p>Assunto: Apurar notícia de supostas irregularidades consistentes na aplicação irregular de recursos federais, por parte da Escola Professor Mario Matos, localizada no Município de Garanhuns/PE, oriundos do Ministério da Educação, mais especificamente do Fundo Nacional de Desenvolvimento da Educação, a título do Programa Mais Educação, que é operacionalizado pelo Programa Dinheiro Direto na Escola, sendo os recursos no ano de 2010.</p>
<p><b><u>DESPACHO DE ARQUIVAMENTO</u></b></p>
<p class="corpo_do_texto">Trata-se de notícia de fato instaurada para apurar o assunto em epígrafe (fls. 03/06).</p>
<p>Em outubro de 2011, o FNDE esclareceu que foi destinado à Escola Mário Matos, no ano de 2010, o montante de R$100.222,22, sendo R$13.715,40 à conta do PDDE, R$68.506,82 à conta do PDDE/Educação Integral, e R$18.000,00 à conta do PDDE/PDE. Acrescentou que a prestação de contas foi apresentada, mas até aquela data (13/10/2011), a análise ainda não tinha sido levada a efeito (fls. 34/54).</p>
<p>Instado para informar acerca da existência de eventual Tomada de Contas Especial em relação à aplicação dos recursos oriundos do Programa Mais Educação – PDDE – 2010 por parte da Escola Prof. Mário Matos (fls. 61/63), o FNDE informou em julho de 2014 que a prestação de contas ainda estava aguardando análise financeira (fls. 65/66).</p>
<p class="corpo_do_texto">Ato contínuo, foram oficiadas a Escola Prof. Mário Matos e a Secretaria de Educação de Garanhuns, para esclarecer sobre a destinação dada aos recursos oriundos do FNDE 2010 R$ 13.715,40 à conta do PDDE e R$ 18.000,00 à conta do PDDE/PDE. Em resposta, ambas encaminharam demonstrativos das despesas e as respectivas cópias das notas fiscais (fls. 75/94 e 101/121).
</p>
<p class="corpo_do_texto">Ademais, a Coordenação Geral de Contabilidade e Acompanhamento de Prestação de Contas informou que <b>não há pendências de prestação de contas relacionadas à Unidade Executora/Uex Escola Professor Mário Matos referente aos recursos citados</b>, de acordo com as contas apresentadas àquela Autarquia pela Prefeitura Municipal de Garanhuns/PE a quem coube analisar, consolidar e emitir parecer acerca da utilização das escolas de sua rede de ensino (fl. 95).</p>
<p class="corpo_do_texto">Pois bem.</p>
<p class="corpo_do_texto">Portanto, diante da ausência de notícia de irregularidades, entendo ser o momento de encerrar o feito.</p>
<p class="corpo_do_texto">A desnecessidade de continuação do presente feito é reforçada à vista do volume de autos administrativos que tramitam no 1º Ofício desta Procuradoria da República no Município de Garanhuns/PE, perfazendo o total de 156 procedimentos em 11/01/2016, consoante o Sistema Único do Ministério Público Federal, o que vem impedindo uma atuação eficiente em questões mais relevantes, dado o volume de trabalho.</p>
<p class="corpo_do_texto">Além disso, a área de atuação desta Procuradoria da República abrange 36 municípios, sendo 23 sob a jurisdição da 23ª Vara da Justiça Federal – Subseção Judiciária de Garanhuns/PE
 e 13 sob a jurisdição da 28ª Vara da Justiça Federal – Subseção Judiciária de Arcoverde/PE
. Outrossim, esta Procuradoria da República em Garanhuns atua na área de circunscrição da Superintendência Regional da Polícia Federal em Recife/PE (Quipapá), da Delegacia da Polícia Federal em Salgueiro/PE (Inajá e Manari) e da Delegacia da Polícia Federal em Caruaru/PE (demais municípios).</p>
<p>O grande volume de trabalho exige a otimização dos recursos humanos existentes na Procuradoria de República em Garanhuns/PE, de modo a que haja tempo para a priorização de casos mais relevantes sob o aspecto econômico ou social.</p>
<p class="corpo_do_texto">Ante o exposto, diante da ausência de irregularidade, <b>promovo o arquivamento</b> dos presentes autos, nos termos do art. 17<i>, caput, </i>da Resolução nº 87/2006, do Conselho Superior do Ministério Público Federal.</p>
<p><b>Oficie-se ao noticiante</b>, cientificando-o formalmente da promoção de arquivamento e da faculdade de apresentar razões e documentos que serão juntados aos autos para apreciação, no prazo de 10 (dez) dias, como estabelece o art. 17, §§1º, 2º e 3º da Resolução nº 87/2006 do Conselho Superior do Ministério Público Federal. 
</p>
<p>Apresentada manifestação, voltem-me conclusos. Decorrido <i>in albis</i>, encaminhem-se os autos à <b>1ª Câmara de Coordenação e Revisão do Ministério Público Federal</b>, no prazo máximo de três dias, para fins de homologação do presente arquivamento.</p>
<p class="normal_(Web)">Garanhuns/PE, 11 de janeiro de 2016.</p>
<p><b>Antônio Nilo Rayol Lobo Segundo</b></p>
<p>Procurador da República</p>
<p>�	Águas Belas, Angelim, Bom Conselho, Brejão, Caetés, Calçado, Canhotinho, Capoeiras, Correntes, Garanhuns, Iati, Ibirajuba, Jucati, Jupi, Lagoa do Ouro, Lajedo, Palmeirina, Paranatama, Quipapá, Saloá, São Bento do Una, São João e Terezinha. 
</p>
<p>�	Alagoinha, Arcoverde, Buíque, Ibimirim, Inajá, Itaíba, Manari, Pedra, Pesqueira, Poção, Sertânia, Tupanatinga e Venturosa.
</p>
<p>
</p>
<div class="footer"><p class="rodapé">ANRLS/tsc






3</p>
</div>
<img src="embedded:image1.wmf" alt="image1.wmf" /><div class="package-entry" />
</body></html>