<?xml version="1.0" encoding="UTF-8"?>
<html xmlns="http://www.w3.org/1999/xhtml">
<head>
<meta name="pdf:PDFVersion" content="1.4" />
<meta name="pdf:docinfo:title" content="Cmodelo" />
<meta name="xmp:CreatorTool" content="Writer" />
<meta name="access_permission:modify_annotations" content="true" />
<meta name="access_permission:can_print_degraded" content="true" />
<meta name="tika_batch_fs:relative_path" content="29057468.pdf" />
<meta name="language" content="pt-BR" />
<meta name="dcterms:created" content="2017-04-18T16:08:04Z" />
<meta name="dc:format" content="application/pdf; version=1.4" />
<meta name="pdf:docinfo:creator_tool" content="Writer" />
<meta name="access_permission:fill_in_form" content="true" />
<meta name="pdf:encrypted" content="false" />
<meta name="dc:title" content="Cmodelo" />
<meta name="Content-Length" content="157345" />
<meta name="X-TIKA:digest:MD5" content="734d51b0fe6c39774f5c28aa844fdb45" />
<meta name="Content-Type" content="application/pdf" />
<meta name="X-Parsed-By" content="org.apache.tika.parser.DefaultParser" />
<meta name="X-Parsed-By" content="org.apache.tika.parser.pdf.PDFParser" />
<meta name="dc:language" content="pt-BR" />
<meta name="meta:creation-date" content="2017-04-18T16:08:04Z" />
<meta name="created" content="Tue Apr 18 13:08:04 BRT 2017" />
<meta name="access_permission:extract_for_accessibility" content="true" />
<meta name="access_permission:assemble_document" content="true" />
<meta name="xmpTPg:NPages" content="2" />
<meta name="Creation-Date" content="2017-04-18T16:08:04Z" />
<meta name="resourceName" content="29057468.pdf" />
<meta name="access_permission:extract_content" content="true" />
<meta name="access_permission:can_print" content="true" />
<meta name="tika:file_ext" content="pdf" />
<meta name="producer" content="BrOffice.org 3.1" />
<meta name="access_permission:can_modify" content="true" />
<meta name="pdf:docinfo:producer" content="BrOffice.org 3.1" />
<meta name="pdf:docinfo:created" content="2017-04-18T16:08:04Z" />
<title>Cmodelo</title>
</head>
<body><div class="page"><p />
<p>IC 1.30.017.000230/2009-41
</p>
<p>PROMOÇÃO DE ARQUIVAMENTO
</p>
<p>Cuida-se de  inquérito civil público instaurado para apurar funcionamento de aeroporto público 
</p>
<p>municipal  fora  das  normas  de  segurança  da  aviação,  conforme  relatado  em  diligência  da  AGENCIA 
</p>
<p>NACIONAL DE AVIAÇÃO CIVIL.
</p>
<p>O inquérito remonta a 2009, ocasião em que o Exmo Procurador titular do ofício identificou o 
</p>
<p>funcionamento  precário  e  a  utilização  por  parte  de  empresas  de  voos  privados.  Houve  a  constatação  de 
</p>
<p>desconformidades ambientais na exploração dessa atividade privada de interesse público.
</p>
<p>Expediu-se recomendação com o fito de obrigar a Secretaria de Aviação Civil a adotar cautelas ao 
</p>
<p>celebrar convênio com a prefeitura de Nova Iguaçu.
</p>
<p>Prosseguiu-se no acompanhamento da exploração da área da União concedida à municipalidade 
</p>
<p>para a exploração aeroportuária. Diversas reuniões foram realizadas entre as partes. 
</p>
<p>Em meados  de  2014  o  Ministro  do  Meio  Ambiente  prestou  informações  no  sentido  de  que 
</p>
<p>diversos convênios onerosos, que impunham a obrigação de o concessionário cumprir com os requisitos da 
</p>
<p>legislação de navegação aérea e demais leis administrativas, bem como que o aeroporto de Nova Iguaçu estaria 
</p>
<p>interditado – embora homologado pela ANAC.
</p>
<p>O Exmo Procurador natural, em despacho de fls. 884-886, saneou o feito, determinando a extração 
</p>
<p>de cópias para investigação de ilícitos que corriam em paralelo à investigação em curso, concentrando o objeto 
</p>
<p>deste  IC no  dano difuso  oriundo da  permanência  de  funcionamento  do  aeródromo sem cumprimento  das 
</p>
<p>normas administrativas e contratuais (previstas em termo de delegação).
</p>
<p>Instou-se nova e recentemente a Secretaria de Aviação, a qual reportou, às fls. 595-596, que foi 
</p>
<p>cassada a concessão, por parte da UNIÃO, para exploração do aeródromo por parte da municipalidade, bem 
</p>
<p>como se constatou a ausência de legítimos interessados na assunção da exploração da unidade, razão pela qual 
</p>
<p>foi ela excluída em definitivo do cadastro de aeródromos mantidos pela ANAC.
</p>
<p>Em remate, o dito imóvel perdeu a afetação à atividade delegada de aeródromo civil,  estando 
</p>
<p>interdito  seu  uso  por  terceiros  há  vários  anos.  A autoridade  aeronáutica  inclusive  reporta  que  notificou  a 
</p>
<p>H:\EXTRAJUDICIAIS\Arquivamentos\1.30.017.000230.2009-41 seguranca aeronavegacao aerodromo interditado definitivo.odt
</p>
<p>Avenida Automóvel Clube, nº 2435, Vilar dos Teles, São João de Meriti, Estado do Rio de Janeiro</p>
<p />
</div>
<div class="page"><p />
<p>UNIÃO a dar destinação ao terreno que lhe aprouver.
</p>
<p>É o suficiente.
</p>
<p>O aeródromo nunca funcionou de maneira  adequada,  consoante  se  antevê desde  o  início das 
</p>
<p>investigações, carecendo de diversas licenças administrativas. 
</p>
<p>A municipalidade,  em que  pese  o  interesse  resolutivo  do  Ministério  Público  Federal,  jamais 
</p>
<p>acenou com medidas sólidas e unidade de atuação administrativa voltada para regularização do equipamento 
</p>
<p>público.
</p>
<p>Conforme  narrado  em  resposta  da  autoridade  aeroportuária,  a  área  do  terreno  encontra-se 
</p>
<p>desafetada de sua função, de modo que não subsistem mais motivos para a mantença da investigação e as 
</p>
<p>tentativas de regularizar atividade já encerrada.
</p>
<p>Dessa feita, promovo o arquivamento do feito.
</p>
<p>Sem notificação, vez que o feito foi instaurado de ofício.
</p>
<p>Junte-se cópia da presente promoção aos procedimentos listados em fls. 887.
</p>
<p>Encaminhem-se os autos, para análise e homologação, à 1ª CCR, por se cuidar de investigação de 
</p>
<p>dano tangente à segurança da aeronavegação.
</p>
<p>São João de Meriti, 17 de abril de 2017.
</p>
<p>LEONARDO GONÇALVES JUZINSKAS
</p>
<p>Procurador da República
</p>
<p>H:\EXTRAJUDICIAIS\Arquivamentos\1.30.017.000230.2009-41 seguranca aeronavegacao aerodromo interditado definitivo.odt
</p>
<p>Avenida Automóvel Clube, nº 2435, Vilar dos Teles, São João de Meriti, Estado do Rio de Janeiro</p>
<p />
</div>
</body></html>