<?xml version="1.0" encoding="UTF-8"?>
<html xmlns="http://www.w3.org/1999/xhtml">
<head>
<meta name="date" content="2017-08-24T21:51:01Z" />
<meta name="pdf:PDFVersion" content="1.4" />
<meta name="access_permission:modify_annotations" content="true" />
<meta name="access_permission:can_print_degraded" content="true" />
<meta name="tika_batch_fs:relative_path" content="29966441.pdf" />
<meta name="dcterms:created" content="2017-08-24T21:51:00Z" />
<meta name="Last-Modified" content="2017-08-24T21:51:01Z" />
<meta name="dcterms:modified" content="2017-08-24T21:51:01Z" />
<meta name="dc:format" content="application/pdf; version=1.4" />
<meta name="Last-Save-Date" content="2017-08-24T21:51:01Z" />
<meta name="access_permission:fill_in_form" content="true" />
<meta name="pdf:docinfo:modified" content="2017-08-24T21:51:01Z" />
<meta name="meta:save-date" content="2017-08-24T21:51:01Z" />
<meta name="pdf:encrypted" content="false" />
<meta name="modified" content="2017-08-24T21:51:01Z" />
<meta name="Content-Length" content="379245" />
<meta name="X-TIKA:digest:MD5" content="46b00f327d85eab475444173cd9ec2f2" />
<meta name="Content-Type" content="application/pdf" />
<meta name="X-Parsed-By" content="org.apache.tika.parser.DefaultParser" />
<meta name="X-Parsed-By" content="org.apache.tika.parser.pdf.PDFParser" />
<meta name="meta:creation-date" content="2017-08-24T21:51:00Z" />
<meta name="created" content="Thu Aug 24 18:51:00 BRT 2017" />
<meta name="access_permission:extract_for_accessibility" content="true" />
<meta name="access_permission:assemble_document" content="true" />
<meta name="xmpTPg:NPages" content="9" />
<meta name="Creation-Date" content="2017-08-24T21:51:00Z" />
<meta name="resourceName" content="29966441.pdf" />
<meta name="access_permission:extract_content" content="true" />
<meta name="access_permission:can_print" content="true" />
<meta name="tika:file_ext" content="pdf" />
<meta name="producer" content="iTextSharp 5.0.6 (c) 1T3XT BVBA" />
<meta name="access_permission:can_modify" content="true" />
<meta name="pdf:docinfo:producer" content="iTextSharp 5.0.6 (c) 1T3XT BVBA" />
<meta name="pdf:docinfo:created" content="2017-08-24T21:51:00Z" />
<title></title>
</head>
<body><div class="page"><p />
<p>MINISTÉRIO PÚBLICO FEDERAL
PROCURADORIA DA REPÚBLICA NO RIO GRANDE DO SUL
</p>
<p>NÚCLEO DE CONTROLE DA ADMINISTRAÇÃO
</p>
<p>Inquérito Civil (IC) n.º 1.29.000.001218/2009-54
</p>
<p>PROMOÇÃO DE ARQUIVAMENTO
</p>
<p>O presente inquérito civil foi instaurado no dia 5 de agosto de 2009, no
</p>
<p>âmbito do então 5.º Ofício Cível da Procuradoria da República no Rio Grande do Sul –
</p>
<p>PR/RS, para apurar  “possível inobservância à obrigatoriedade de concurso público e de
licitação por parte do Conselho Regional de Medicina Veterinário no Rio Grande do Sul”  (fl.
1-A), em razão do recebimento de representação, acompanhada de documentos, formulada
</p>
<p>por pessoa que solicitou o sigilo de seus dados pessoais, e por meio da qual foi noticiada a
</p>
<p>ocorrência  de  supostas  irregularidades  no  âmbito  do  Conselho  Regional  de  Medicina
</p>
<p>Veterinária do Estado do Rio Grande do Sul – CRMV/RS, especialmente a utilização pelo
</p>
<p>CRMV/RS, desde o ano de 2006, de subterfúgios (como a criação de cargos em comissão)
</p>
<p>para,  em inobservância  a  decisão  proferida  pelo  Tribunal  de  Contas  da  União  –  TCU,
</p>
<p>contratar empregados que não foram previamente aprovados/selecionados em concurso
</p>
<p>público (fls. 2/47).
</p>
<p>Durante a tramitação do inquérito civil, e em face de elementos (dados e
</p>
<p>documentos) obtidos junto ao CRMV/RS (fls. 55/85, 96/101, 124/125, 216/220 e Anexos I
</p>
<p>e II), ao Conselho Federal de Medicina Veterinária – CFMV (fls. 126/153, 180/181, 192/193,
</p>
<p>227, 233 e 238/279) e ao TCU (fls. 154/172 e 183/184), a Procuradora da República que
</p>
<p>então presidia o feito, por meio de despacho “saneador” proferido no dia 14 de janeiro de
</p>
<p>2015, observou que  “(…) as irregularidades noticiadas na representação foram sanadas
durante a instrução (...)”1, tendo se passado “a acompanhar os Relatórios de Auditoria de
</p>
<p>1 Compulsando-se os autos, verifica-se que ao longo da instrução do inquérito civil foi desvelado que vários
fatos apontados na representação como irregulares (como, p. ex., a suposta nomeação irregular de Bruna Koglin
Camozzato para cargos em comissão do CRMV/RS; o suposto recebimento simultâneo, no mês de abril de 2008,
por Bruna Koglin Camozzato, de remuneração como estagiária e de remuneração como funcionária; o alegado
descumprimento, pelo CRMV/RS, de  compromissos de ajustamento de conduta celebrados com o Ministério</p>
<p />
</div>
<div class="page"><p />
<p>MINISTÉRIO PÚBLICO FEDERAL
PROCURADORIA DA REPÚBLICA NO RIO GRANDE DO SUL
NÚCLEO DE CONTROLE DA ADMINISTRAÇÃO
</p>
<p>____________________________________________________________________________________________________
</p>
<p>Gestão,  realizadas pelo  CFMV no  CRMV/RS,  referentes  aos exercícios  de 2005 a  2011
(gestão do Sr. Ari Fagundes dos Santos)” (fls. 280/291).
</p>
<p>Posteriormente, a referida Procuradora da República, em novo despacho
</p>
<p>“saneador”, datado de 30 de setembro de 2015, registrou que “conforme despacho de fls.
280/283, as irregularidades noticiadas na representação foram sanadas durante a instrução
do feito”, que “não obstante, sobreveio informações sobre irregularidades constatadas nos
Relatórios de Gestão nºs 08/2010 (exercício  2006), 09/2010 (exercício  2007), 10/2010
(exercício  2008),  19/2012  (exercício  2009),  22/2012  (exercício  2010)  e  43/2012
(exercício 2011)”, que “conforme Ofício nº 00864/2013/CFMV-PR (fl. 227), de 12.06.2013,
as irregularidades referentes ao exercício de 2006 foram sanadas” e que “as constatações
do Relatório de Auditoria de Gestão nº 09/2010, referente ao exercício de 2007, estão
sendo objeto de acompanhamento pelo Inquérito Civil nº 1.29.000.002299/2012-13”, razão
pela qual assinalou que “no presente inquérito civil, resta esclarecer se foram sanadas as
irregularidades constatadas na auditoria do CFMV referentes aos exercícios de 2008 a
2011” (fls. 290/291).
</p>
<p>Observe-se, sobre a questão pendente de esclarecimento, que o CFMV,
</p>
<p>mediante a realização de auditorias de gestão, constatou irregularidades/impropriedades
</p>
<p>na gestão do CRMV/RS nos exercícios de 2008 a 2011 (durante a presidência do médico
</p>
<p>veterinário Air Fagundes dos Santos), registradas nos Relatórios de Auditoria de Gestão n.os
</p>
<p>10/2010, 019/2012, 022/2012, 043/2012 e 044/2012, como, por exemplo, a ausência de
</p>
<p>cobrança amigável/inscrição em Dívida Ativa de débitos de anuidades; despesas realizadas
</p>
<p>em imóvel de propriedade do Estado do Rio Grande do Sul (“Casa do Médico Veterinário”
</p>
<p>no Parque de Exposições Assis Brasil, em Esteio/RS); lançamentos contáveis incorretos;
</p>
<p>realização de despesas impróprias, como a aquisição de cartões de visita; impropriedades
</p>
<p>no pagamento de jetons; pagamento de horas extras e adicional noturno a empregados
</p>
<p>comissionados etc.
</p>
<p>Com  relação  aos  apontamentos  da  auditoria  de  gestão  referente  ao
</p>
<p>exercício de 2008 (Relatório de Auditoria de Gestão n.º 10/2010), o Presidente do CFMV,
</p>
<p>por meio do Ofício n.º 1796/2011/CFMV-PR, de 18 de novembro de 2011 (fls. 180/181),
</p>
<p>esclareceu que, de relevante (sobre licitações e diárias), foram identificadas as seguintes
</p>
<p>irregularidades  “(…)  Constatações  40,  41  (licitações):  a)  Processo  sem  protocolo  e
autuação (Leilão Presencial n.º 01/2008); b) Recebimento de carta de avaliação sem data
</p>
<p>Público do Trabalho, especialmente quanto à elaboração do “Plano de Cargos e Salários” do CRMV/RS; etc.) não
o eram, e outros, embora efetivamente irregulares (como a contratação emergencial de empregados que não
foram previamente aprovados em processo seletivo), foram sanados pelo CRMV/RS. 
</p>
<p>2</p>
<p />
</div>
<div class="page"><p />
<p>MINISTÉRIO PÚBLICO FEDERAL
PROCURADORIA DA REPÚBLICA NO RIO GRANDE DO SUL
NÚCLEO DE CONTROLE DA ADMINISTRAÇÃO
</p>
<p>____________________________________________________________________________________________________
</p>
<p>e assinatura da empresa San Martino Veículos, representante da FIAT (Leilão Presencial n.º
01/2008); c) Ausência do extrato da ata com aprovação do Plenário do CRMV para o leilão
dos bens, em desacordo com a alínea 'o' do art. 4.º da Resolução CFMV n.º 591/1992
(Leilão Presencial n.º 01/2008); d) Ausência de procedimento licitatório para serviços de
telefonia  fixa  e  móvel;  e)  Contratação  emergencial  de  serviços  de  plano  de  saúde.
Constatações 19 e 20 (diárias): a) Ausência de apresentação/devolução dos comprovantes
de viagens; b) Ausência de autuação dos processos” (fl. 181). Posteriormente, o Presidente
do CFMV, por intermédio do Ofício n.º 00864/2013/CFMV-PR, de 12 de junho de 2013,
</p>
<p>informou  que,  em relação  ao  aos  apontamentos  da  auditoria  de  gestão  referente  ao
</p>
<p>exercício de 2008, “(…) as irregularidades citadas nas Constatações 19 e 40 não foram
saneadas, tendo o Plenário do CFMV recomendado do Regional abster-se de adotar as
mesmas  ações e,  também,  observar  os  procedimentos definidos  na Lei  8.666/93 para
abertura de processos licitatórios;” e que “as irregularidades citadas nas Constatações 20 e
41  foram  justificadas  e  determinado  a  verificação  dos  fatos  por  ocasião  da  próxima
auditoria” (fl. 227).
</p>
<p>Sobre  os  apontamentos  registrados  nos  relatórios  das  auditorias  de
</p>
<p>gestão referentes  aos exercícios de 2009 a 2011 e que resultaram na imposição,  pelo
</p>
<p>Plenário do CFMV, ao ex-gestor Air Fagundes dos Santos, do dever de ressarcir as despesas
</p>
<p>irregulares realizadas pelo CRMV/RS, consta, no despacho das fls. 280/283-v, as seguintes
</p>
<p>sínteses:  “(…) 14. Conforme fls.  239-246, no julgamento do Relatório de Auditoria n.º
019/2012, exercício de 2009, o Plenário do CFMV decidiu que o ex-gestor Ari Fagundes dos
Santos deverá ressarcir aos cofres do CRMV-RS, os valores referentes às Constatações n.ºs
04 (ausência de cobrança amigável/inscrição em Dívida Ativa de débitos de anuidade 2004)
e 11 (despesas realizadas com a Casa do Médico Veterinário em Esteio-RS)” (cit. fl. 282);
“(…) 15. Conforme fls.  247-256, no julgamento do Relatório  de Auditoria n.º 22/2012,
exercício de 2010, o Plenário do CFMV decidiu que o ex-gestor Ari Fagundes dos Santos
deverá ressarcir  aos cofres do CRMVRS, os valores referentes às Constatações n.ºs 04
(ausência de cobrança amigável/inscrição em Dívida Ativa de débitos da anuidade 2005),
05 (recolhimento  de custas processuais  em atraso),  06 (cancelamento de débitos),  16
(despesas com a Casa do Médico Veterinário em Esteio-RS), 17 (realização de despesas
impróprias),  19 (impropriedades  no  pagamento  de jetons)  e  24  (pagamento  de férias
dobradas),  bem  como  os  valores  relativos  a  multas,  juros  e  correção  monetária  das
Constatações n.ºs 11 (receitas não partilhadas) e 15 (valores pendentes registrados na
contabilidade)” (cit. fls. 282/282-v); e, “(…) 16. Conforme fls. 257-274, no julgamento do
Relatório de Auditoria n.º 043/2012 (fls. 258-259), exercício de 2011, o Plenário do CFMV
decidiu que o ex-gestor Ari Fagundes dos Santos deverá ressarcir aos cofres do CRMV-RS,
os valores referentes às Constatações n.ºs 14 (realização de despesas fora da finalidade do
</p>
<p>3</p>
<p />
</div>
<div class="page"><p />
<p>MINISTÉRIO PÚBLICO FEDERAL
PROCURADORIA DA REPÚBLICA NO RIO GRANDE DO SUL
NÚCLEO DE CONTROLE DA ADMINISTRAÇÃO
</p>
<p>____________________________________________________________________________________________________
</p>
<p>CRMV-RS),  15  (pagamento  de  inscrição  sem  documentação  fiscal)  e  26  (despesas
realizadas com a Casa do Médico Veterinário em Esteio-RS)”. (fl fl. 282-v).
</p>
<p>Diante da necessidade de se verificar se foram sanadas as irregularidades
</p>
<p>identificadas pelo CFMV nas auditorias de gestão, expediu-se o Ofício  OF/NCA/PR/RS/N.º
</p>
<p>4107/2016, dirigido ao Presidente do CRMV/RS, para o fim de requisitar ao destinatário
</p>
<p>que  prestasse  informações  acerca  do  cumprimento  das  determinações  do  CFMV,  nos
</p>
<p>termos dos julgamentos dos Relatórios de Auditorias de Gestão n.os 019/2012, 022/2012,
</p>
<p>043/2012  e  044/2012,  tanto  no  que  diz  respeito  ao  saneamento  das  irregularidades
</p>
<p>apontadas, quanto ao procedimento de cobrança dos débitos que foram imputados ao ex-
</p>
<p>Presidente do CRMV/RS (fl. 345/345-v).
</p>
<p>Em face do recebimento do referido ofício requisitório, a Coordenadora do
</p>
<p>Setor Jurídico do CRMV/RS solicitou a realização de reunião com o signatário. Realizada a
</p>
<p>reunião no dia 14 de junho de 2016, a Coordenadora do Setor Jurídico do CRMV/RS expôs
</p>
<p>“que  o  CRMV/RS  está  para  prestar  as  informações  requisitadas  por  meio  do  Ofício
OF/NCA/PR/RS/N.º 4107/2016, (...); que a resposta ao referido ofício apresenta algumas
complexidades, visto que, recentemente, o Tribunal de Contas da União decidiu de forma
diversa do CFMV quanto às contas do CRMV/RS; que, além disso, o CRMV/RS contratou
empresa de auditoria para apurar o exato débito levantado pelo CFMV, tendo chegado à
conclusão de que ocorreram equívocos nos resultados das auditorias de gestão realizadas
pelo CFMV”, razão pela qual solicitou “orientação de como responder o ofício requisitório”
(fls. 346/347).
</p>
<p>Com  base  nas  orientações  recebidas,  o  Presidente  em  exercício  do
</p>
<p>CRMV/RS, por intermédio do Ofício OF. CRMV/RS N.º 2280/2016, de 18 de julho de 2106,
</p>
<p>esclareceu que o CRMV/RS  “(…) sempre tratou com especial atenção as cobranças e os
apontamentos efetuados pelo CFMV, no âmbito dos Relatórios de Auditoria de Gestões”;
que o “(…) CFMV instruiu processo de Tomada de Contas Especial e realizou a cobrança ao
ex-Gestor Méd. Vet. Air dos Santos, com base nos Relatórios de Auditorias n.ºs 08/2010,
09/2010, 10/2010, 19/2012, 22/2012 e 43/2012, decorrentes da aplicação supostamente
indevida  de  recursos  públicos  provenientes  de  recolhimentos  de  FGTS  aos  cargos
comissionados, bem como o pagamento de hora extra, descanso semanal remunerado,
adicional noturno e gratificações, durante os exercícios de 2006 a 2011”; que, no entanto,
“(…) este Regional, em 01/07/2016, recebeu a decisão do Tribunal de Contas da União, no
acórdão 3878/2016 – TCU – Primeira Câmara que apreciou o processo de Tomada de
Contas Especial,  TC 032.352/2013-1 – Processo Administrativo CFMV n.º 2096/2013, e
julgou regulares as contas do Sr. Air Fagundes dos Santos, dando quitação plena”; que
</p>
<p>4</p>
<p />
</div>
<div class="page"><p />
<p>MINISTÉRIO PÚBLICO FEDERAL
PROCURADORIA DA REPÚBLICA NO RIO GRANDE DO SUL
NÚCLEO DE CONTROLE DA ADMINISTRAÇÃO
</p>
<p>____________________________________________________________________________________________________
</p>
<p>essa decisão gerou insegurança no CRMV/RS em atender aos comandos do CFMV, o que
</p>
<p>determinou a contratação de empresa especializada para realizar a atualização dos valores
</p>
<p>apontados nos Relatórios de Auditoria; que referida empresa teria apontado valores “(…)
na  ordem  de  R$  900  mil,  muito  embora  devamos  novamente  advertir  que  diversos
apontamentos ali  referidos  são manifestamente ilegais”;  que,  exemplificativamente, cita
dois casos de apontamentos indevidos referentes a ausência de cobrança de multa, juros e
</p>
<p>correção  sobre  anuidades  vencidas  dos  profissionais  Maria  Tereza  Costa  Queirolo  e
</p>
<p>Edenilson M. Abrão Teles; que enfatiza que o sistema CFMV – SICAD “(…) é o responsável
pela geração das cobranças e dos boletos a serem encaminhados aos profissionais” e que
“(…) se existe alguma insubsistência de valores é decorrente do próprio gerenciamento do
CFMV em seu sistema de informática, não podendo ser atribuído a esta Regional qualquer
falha,  pois  apenas  executa  as  informações  disponibilizadas  pelo  sistema”;  que  a  “(...)
Regional está encaminhando as conclusões e valores anotados nos diversos apontamentos
contidos nos Relatórios de Auditorias de Gestão para que o CFMV proceda à abertura das
Tomadas de Contas Especiais de forma específica para cada conjunto de irregularidades,
observado o direito a ampla defesa e ao contraditório, e ulteriormente encaminhado os
mesmos ao conhecimento e julgamento pelo TCU”, e que, persistindo “(…) a irregularidade
originalmente apontada pelo CFMV no âmbito do TCU, este Regional encaminhará o título
executivo extrajudicial para as cobranças judiciais necessárias”; e, que, com relação “(…)
às  recomendações  de  medidas  corretivas  na  condução  do  cotidiano  administrativo  da
Autarquia, este Regional informa que os itens foram atendidos e procura lograr todos os
esforços para desenvolver mecanismos de forma a aprimorar a gestão e estabelecer rotinas
de trabalho, as quais antes não eram estabelecidas”, citando como exemplo as medidas
adotadas  nos  procedimentos  de  licitação,  em  observância  à  Lei  n.º  8.666/1993  (fls.
</p>
<p>348/350). Encaminhou, ainda, cópia digitalizada da documentação arquivada no CRMV/RS
</p>
<p>(fl. 351).
</p>
<p>Considerando a informação de que o Tribunal de Contas da União – TCU
</p>
<p>proferiu  decisão  no  processo  de  Tomada  de  Contas  Especial  TC  n.º  032.352/2013-1,
</p>
<p>julgando  regulares as contas do ex-Presidente do CRMV/RS Air Fagundes dos Santos; e,
</p>
<p>considerando, ainda, a informação de que as conclusões dos levantamentos realizados pela
</p>
<p>CRMV/RS seriam encaminhadas ao CFMV, objetivando a abertura de Tomada de Contas
</p>
<p>Especiais  -  TCEs  de  forma  específica  para  cada  conjunto  de  irregularidades,  foi
</p>
<p>determinada a realização de pequisa no sítio eletrônico do TCU para o fim de obter cópia
</p>
<p>do Acórdão n.º 3878/2016 – TCU – Primeira Câmara, proferido nos autos do processo TC
</p>
<p>n.º 032.352/2013-1 (fls. 352/354). Cumprida a diligência, foram juntados, além do Acórdão
</p>
<p>n.º 3878/2016 – TCU – Primeira Câmara, o relatório e o voto condutor do referido decisum
(fls. 355/366).
</p>
<p>5</p>
<p />
</div>
<div class="page"><p />
<p>MINISTÉRIO PÚBLICO FEDERAL
PROCURADORIA DA REPÚBLICA NO RIO GRANDE DO SUL
NÚCLEO DE CONTROLE DA ADMINISTRAÇÃO
</p>
<p>____________________________________________________________________________________________________
</p>
<p>Finalmente, diante da informação de que, em razão do acórdão proferido
</p>
<p>nos  autos  do  processo  TC  n.º  032.352/2013-1  e  da  inconsistência  de  apontamentos
</p>
<p>contidos nos relatórios de auditoria de gestão, o CRMV/RS solicitaria ao CFMV a abertura
</p>
<p>de TCEs específicas para cada conjunto de irregularidades; expediu-se ofício, dirigido ao
</p>
<p>Presidente do CFMV, para que este apresentasse manifestação circunstanciada acerca das
</p>
<p>informações que foram prestadas pelo Presidente do CRMV/RS por meio do Ofício  OF.
</p>
<p>CRMV/RS N.º 2280/2016, especialmente quanto aos reflexos do Acórdão n.º 3878/2016 –
</p>
<p>TCU  –  Primeira  Câmara  em  relação  às  irregularidades  apontadas  nos  Relatórios  de
</p>
<p>Auditorias de Gestão referentes aos exercícios de 2008 a 2011, bem como sobre a alegada
</p>
<p>existência de apontamentos manifestamente ilegais e a necessidade de abertura de TCEs
</p>
<p>específicas (fls. 371/371-v).
</p>
<p>Em resposta, o Assessor Executivo da Presidência do CFMV, por meio do
</p>
<p>Ofício n.º 00174/2017/CFMV-PR, encaminhou a Informação Ages n.º 004/2017, de 21 de
</p>
<p>fevereiro de 2017, por meio da qual a equipe de auditoria do CFMV teceu considerações
</p>
<p>sobre  o  Acórdão  n.º  3878/2016  –  TCU  –  Primeira  Câmara,  sobre  a  alegação  de
</p>
<p>apontamentos  manifestamente  ilegais  e  sobre  a  necessidade  de  abertura  de  TCEs
</p>
<p>específicas (fls. 275/276).
</p>
<p>Pois  bem.  Cumpre  assentar,  preliminarmente,  que  não  se  identificou,
</p>
<p>dentre os fatos supostamente irregulares noticiados na representação e os registrados nos
</p>
<p>relatórios de auditoria de gestão do CFMV (todos ocorridos durante, e em razão, da gestão
</p>
<p>do ex-presidente do CRMV/RS, o médico veterinário Air Fagundes dos Santos), fatos que
</p>
<p>pudessem caracterizar infrações penais e/ou atos de improbidade administrativa. A maioria
</p>
<p>das irregularidades, especialmente as registradas nos relatórios de auditoria de gestão do
</p>
<p>CFMV, dizem respeito a equívocos na gestão administrativa do CRMV/RS, muitas das quais,
</p>
<p>aliás, decorrentes da evolução da compreensão acerca da natureza jurídica dos conselhos
</p>
<p>de fiscalização profissional, sobretudo após o julgamento, pelo Supremo Tribunal Federal –
</p>
<p>STF, da Ação Direta de Inconstitucionalidade - ADIn n.º 1.707/DF (como, por exemplo, a
</p>
<p>contratação de empregados que não haviam sido previamente aprovados em processo
</p>
<p>seletivo).
</p>
<p>Sobre o saneamento ou não das irregularidades identificadas pelo CFMV
</p>
<p>na gestão  do  CRMV/RS nos  exercícios  de  2008 a  2011,  registradas  nos  Relatórios  de
</p>
<p>Auditoria de Gestão n.os 10/2010, 019/2012, 022/2012, 043/2012 e 044/2012 (que, como
</p>
<p>visto, passou a ser o objeto do feito), constatou-se, no decorrer da longa tramitação do
</p>
<p>feito, que o CRMV/RS foi paulatinamente adequando as suas rotinas administrativas de
6</p>
<p />
</div>
<div class="page"><p />
<p>MINISTÉRIO PÚBLICO FEDERAL
PROCURADORIA DA REPÚBLICA NO RIO GRANDE DO SUL
NÚCLEO DE CONTROLE DA ADMINISTRAÇÃO
</p>
<p>____________________________________________________________________________________________________
</p>
<p>modo a atender a maioria das recomendações expedidas pelo CFMV, especialmente as
</p>
<p>relacionadas a registros contáveis e a licitações e contratos. A esse respeito, o Presidente
</p>
<p>em exercício do CRMV/RS, por meio do Ofício OF. CRMV/RS N.º 2280/2016, afirmou que o
</p>
<p>CRMV/RS  “(…)  sempre  tratou  com especial  atenção  as  cobranças  e  os  apontamentos
efetuados pelo CFMV, no âmbito dos Relatórios de Auditoria de Gestões”; e, que, com
relação  “(…)  às  recomendações  de  medidas  corretivas  na  condução  do  cotidiano
administrativo da Autarquia, este Regional informa que os itens foram atendidos e procura
lograr todos os esforços para desenvolver mecanismos de forma a aprimorar a gestão e
estabelecer  rotinas de trabalho, as quais antes não eram estabelecidas”,  citando como
exemplo as medidas adotadas nos procedimentos de licitação, em observância à Lei n.º
</p>
<p>8.666/1993 (cit. fls. 348 e 350).
</p>
<p>E,  sobre  o  não  atendimento  a  recomendações  do  CFMV,  o  CRMV/RS
</p>
<p>esclareceu que não concorda com alguns dos apontamentos registrados em relatórios de
</p>
<p>auditoria de gestão do CFMV, seja porque determinados fatos, apontados como irregulares,
</p>
<p>na realidade não o são (como, p. ex., a alegada ausência de cobrança de juros e multa
</p>
<p>sobre anuidade vencida paga em parcela única, o que estaria de acordo com a Resolução
</p>
<p>CFMV n.º 924/2009), seja porque determinados fatos, apesar de irregulares, não podem
</p>
<p>ser imputados ao CRMV/RS (como a ausência de cobrança de juros,  multa e correção
</p>
<p>monetária  sobre  determinada  anuidade  vencida,  fato  que  teria  ocorrido,  segundo  o
</p>
<p>CRMV/RS,  por  falha  na  geração  de  boleto  por  sistema  informatizado  gerenciado  pelo
</p>
<p>CFMV). Foi frisado, ainda, que há fundada dúvida sobre a procedência do apontamento,
</p>
<p>feito pela equipe de auditoria  do CFMV, de emprego indevido de recursos públicos no
</p>
<p>recolhimento  de FGTS e no pagamento de hora extra,  descanso semanal  remunerado,
</p>
<p>adicional noturno e gratificações, a empregados comissionados, durante os exercícios de
</p>
<p>2006 a 2011, visto que o TCU considerou tais despesas regulares quando do julgamento do
</p>
<p>processo TC n.º 032.352/2013-1.
</p>
<p>Sobre os apontamentos supostamente inconsistentes,  o Presidente em
</p>
<p>exercício do CRMV/RS, por meio do Ofício OF. CRMV/RS N.º 2280/2016, informou que o
</p>
<p>CRMV/RS  “(...)  está  encaminhando  as  conclusões  e  valores  anotados  nos  diversos
apontamentos contidos nos Relatórios de Auditorias de Gestão para que o CFMV proceda à
abertura das Tomadas de Contas Especiais de forma específica para cada conjunto de
irregularidades,  observado o direito a ampla defesa e ao contraditório,  e ulteriormente
encaminhado os mesmos ao conhecimento e julgamento pelo TCU”, e que, persistindo
“(…) a irregularidade originalmente apontada pelo CFMV no âmbito do TCU, este Regional
encaminhará o título executivo extrajudicial para as cobranças judiciais necessárias”. (cit.
fls. 349/350).
</p>
<p>7</p>
<p />
</div>
<div class="page"><p />
<p>MINISTÉRIO PÚBLICO FEDERAL
PROCURADORIA DA REPÚBLICA NO RIO GRANDE DO SUL
NÚCLEO DE CONTROLE DA ADMINISTRAÇÃO
</p>
<p>____________________________________________________________________________________________________
</p>
<p>Por fim, sobre a cobrança do ex-presidente do CRMV/RS Air Fagundes dos
</p>
<p>Santos em relação aos débitos que lhes foram imputados pelo CFMV, o CRMV/RS adotou
</p>
<p>medidas nesse sentido, mas recuou quando sobreveio o Acórdão n.º 3878/2016 – TCU –
</p>
<p>Primeira Câmara, por meio do qual o TCU julgou regulares as contas do referido ex-gestor.
</p>
<p>E, a respeito, entende-se prudente a postura do CRMV/RS, de somente efetuar a cobrança
</p>
<p>do  ex-gestor  daqueles  débitos  que  decorram  efetivamente  de  atos  administrativos
</p>
<p>irregulares.
</p>
<p>Observe-se,  a  esse  respeito,  que  foi  imputado  ao  ex-presidente  do
</p>
<p>CRMV/RS Air Fagundes dos Santos, pelo Plenário do CFMV, com base em apontamentos da
</p>
<p>equipe de auditoria do CFMV, o dever de restituir recursos públicos utilizados na realização
</p>
<p>de depósitos de FGTS sobre a remuneração percebida pelos empregados comissionados do
</p>
<p>CRMV/RS e no pagamento de hora extra, descanso semanal remunerado, adicional noturno
</p>
<p>e  gratificação  de  função  aos  empregados  comissionados  do  CRMV/RS  [diante  do
</p>
<p>entendimento do Tribunal Superior do Trabalho – TST de que é indevido o pagamento de
</p>
<p>horas extras, descanso semanal remunerado e adicional noturno, bem como multa no valor
</p>
<p>de 40% (quarenta por cento) do FGTS e aviso prévio indenizado no caso de demissão, aos
</p>
<p>empregados comissionados]. Ocorre que o TCU, quando do julgamento do processo TC n.º
</p>
<p>032.352/2013-1, contrariamente ao entendimento sufragado pelo CFMV, reputou regulares
</p>
<p>as mencionadas despesas, sob o fundamento de que o TST somente entende indevidas as
</p>
<p>parcelas supracitadas aos empregados ocupantes de cargo ou função comissionada quando
</p>
<p>estes recebem um valor extra em acréscimo ao salário regularmente pago por exercício de
</p>
<p>emprego  ou  cargo  anteriormente  exercido  (o  que  não  era  o  caso  dos  empregados
</p>
<p>comissionados do CRMV/RS). Instada a se manifestar sobre a decisão do TCU, a auditoria
</p>
<p>do CFMV acabou por concordar com o entendimento da Corte de Contas, o que se verifica
</p>
<p>na Informação Ages n.º 004/2017 (fls. 275/276).
</p>
<p>Considerando, portanto, que o objeto do presente inquérito civil passou a
</p>
<p>ser  o  acompanhamento  das  medidas adotadas para  o  saneamento  das  irregularidades
</p>
<p>identificadas pelo CFMV na gestão do CRMV/RS nos exercícios de 2008 a 2011 (durante a
</p>
<p>presidência de Air Fagundes dos Santos), registradas nos Relatórios de Auditoria de Gestão
</p>
<p>n.os 10/2010,  019/2012,  022/2012,  043/2012  e  044/2012;  considerando  que  não  se
</p>
<p>identificou,  nas  irregularidades  noticiadas/apontadas,  atos  que  pudessem  caracterizar
</p>
<p>infrações penais e/ou atos de improbidade administrativa; considerando que o TCU julgou
</p>
<p>regulares as contas do ex-presidente do CRMV/RS Air Fagundes dos Santos; considerando
</p>
<p>que a maior parte das irregularidades noticiadas/apontadas, sobretudo as relacionadas à
</p>
<p>contratação de pessoal e a licitações e contratos, foram, ao longo do tempo, sanadas pelo
8</p>
<p />
</div>
<div class="page"><p />
<p>MINISTÉRIO PÚBLICO FEDERAL
PROCURADORIA DA REPÚBLICA NO RIO GRANDE DO SUL
NÚCLEO DE CONTROLE DA ADMINISTRAÇÃO
</p>
<p>____________________________________________________________________________________________________
</p>
<p>CRMV/RS; considerando que o CRMV/RS vem questionando, com fundamento razoável,
</p>
<p>alguns dos apontamentos registrados em relatórios de auditorias de gestão, razão pela
</p>
<p>qual ainda não foram atendidas algumas das recomendações do CFMV; considerando que
</p>
<p>se verificou, durante a tramitação do feito, que o CFMV e o CRMV/RS vêm diligenciando no
</p>
<p>sentido  de  qualificar  a  administração  do  CRMV/RS,  de  modo  a  reduzir  e/ou  eliminar
</p>
<p>impropriedades; e, considerando o longo tempo de tramitação do feito [mais de 8 (oito)
</p>
<p>anos]; a medida que se impõe é o encerramento das apurações, com o arquivamento do
</p>
<p>presente inquérito civil.
</p>
<p>Diante do exposto, promovo, com fulcro no artigo 9.º, caput, da Lei n.º
7.347/1985, no artigo 17, caput, da Resolução CSMPF n.º 87/2010 e no artigo 10, caput,
da Resolução CNMP n.º 23/2007, o arquivamento do inquérito civil.
</p>
<p>Considerando  que  a  instauração  do  expediente se  deu  em  razão  do
</p>
<p>recebimento de representação, determino à assessoria do 16.º Ofício da Procuradoria da
</p>
<p>República no Rio Grande do Sul que contate o(a) representante para informá-lo(a) acerca
</p>
<p>do arquivamento do expediente, e para cientificá-lo(a) acerca da faculdade prevista no
</p>
<p>artigo 17, § 3.º, da Resolução CSMPF n.º 87/2010.
</p>
<p>Determino,  ainda,  a  elaboração  de  minuta  de  ofício,  dirigido  ao(à)
</p>
<p>Coordenador(a) da  1.ª Câmara de Coordenação e Revisão do Ministério Público Federal,
</p>
<p>para o fim de encaminhar-lhe os autos do expediente, no prazo de até 3 (três) dias após a
</p>
<p>promoção de arquivamento, em cumprimento ao disposto no artigo 9.º, § 1.º, da Lei n.º
</p>
<p>7.347/1985, no artigo 17, § 2.º, da Resolução CSMPF n.º 87/2010 e no artigo 10, § 1.º, da
</p>
<p>Resolução CNMP n.º 23/2007.
</p>
<p>Porto Alegre/RS, 24 de agosto de 2017.
~~~~~~~~~~~~~~~~~~~~~~~~~
</p>
<p>9
</p>
<p>Documento eletrônico assinado digitalmente por MAURO CICHOWSKI DOS SANTOS, Procurador(a) da
</p>
<p>República, em 24/08/2017 às 18h51min.
</p>
<p>Este documento é certificado conforme a MP 2200-2/2001, que instituiu a Infra-estrutura de Chaves Públicas
</p>
<p>Brasileira - ICP-Brasil.</p>
<p />
</div>
<div class="acroform"><ol>	<li><ol type="signaturedata">	<li signdata="date">2017-08-24T18:51:01-0300</li>
	<li signdata="location">Procuradoria da República no Rio Grande do Sul - PRRS</li>
	<li signdata="name">MAURO CICHOWSKI DOS SANTOS:899</li>
	<li signdata="reason">Publicação de documento</li>
</ol>
</li>
</ol>
</div>
</body></html>