<?xml version="1.0" encoding="UTF-8"?>
<html xmlns="http://www.w3.org/1999/xhtml">
<head>
<meta name="pdf:PDFVersion" content="1.4" />
<meta name="xmp:CreatorTool" content="Writer" />
<meta name="access_permission:modify_annotations" content="true" />
<meta name="access_permission:can_print_degraded" content="true" />
<meta name="dc:creator" content="Joselaine Pereira" />
<meta name="tika_batch_fs:relative_path" content="32426616.pdf" />
<meta name="language" content="pt-BR" />
<meta name="dcterms:created" content="2017-02-22T19:08:24Z" />
<meta name="dc:format" content="application/pdf; version=1.4" />
<meta name="pdf:docinfo:creator_tool" content="Writer" />
<meta name="access_permission:fill_in_form" content="true" />
<meta name="pdf:encrypted" content="false" />
<meta name="Content-Length" content="132900" />
<meta name="X-TIKA:digest:MD5" content="74399c51046461f269de569ba6563698" />
<meta name="Content-Type" content="application/pdf" />
<meta name="pdf:docinfo:creator" content="Joselaine Pereira" />
<meta name="X-Parsed-By" content="org.apache.tika.parser.DefaultParser" />
<meta name="X-Parsed-By" content="org.apache.tika.parser.pdf.PDFParser" />
<meta name="creator" content="Joselaine Pereira" />
<meta name="dc:language" content="pt-BR" />
<meta name="meta:author" content="Joselaine Pereira" />
<meta name="meta:creation-date" content="2017-02-22T19:08:24Z" />
<meta name="created" content="Wed Feb 22 16:08:24 BRT 2017" />
<meta name="access_permission:extract_for_accessibility" content="true" />
<meta name="access_permission:assemble_document" content="true" />
<meta name="xmpTPg:NPages" content="9" />
<meta name="Creation-Date" content="2017-02-22T19:08:24Z" />
<meta name="resourceName" content="32426616.pdf" />
<meta name="access_permission:extract_content" content="true" />
<meta name="access_permission:can_print" content="true" />
<meta name="tika:file_ext" content="pdf" />
<meta name="Author" content="Joselaine Pereira" />
<meta name="producer" content="OpenOffice 4.0.0" />
<meta name="access_permission:can_modify" content="true" />
<meta name="pdf:docinfo:producer" content="OpenOffice 4.0.0" />
<meta name="pdf:docinfo:created" content="2017-02-22T19:08:24Z" />
<title></title>
</head>
<body><div class="page"><p />
<p>PROCURADORIA DA REPÚBLICA NO MUNICÍPIO
DE PASSO FUNDO - RS
</p>
<p>Inquérito Civil n° 1.29.014.000098/2011-33
</p>
<p>Objeto: “Acompanhar os fatos relativos à conservação da Rodovia BR-386, no
</p>
<p>trecho no qual esta localizado o Município de São José do Herval, quanto ao
seu trevo de acesso.”
</p>
<p>Representante/interessado: Prefeitura Municipal de São José do Herval/RS
</p>
<p>PROMOÇÃO DE ARQUIVAMENTO
</p>
<p>Trata-se  de  Inquérito  Civil  instaurado  em  17  de
</p>
<p>fevereiro de 2012, por meio da Portaria nº13/2012, oriundo da conversão do
</p>
<p>Procedimento Administrativo instaurado em 17 de agosto de 2011, cujo objeto
</p>
<p>é acompanhar os fatos relativos à conservação da Rodovia BR-386, no trecho
</p>
<p>no qual esta localizado o Município de São José do Herval/RS, quanto ao seu
</p>
<p>trevo de acesso.
</p>
<p>Inicialmente,  o  presente  IC  foi  instaurado  com  o
</p>
<p>objetivo de “acompanhar os fatos relativos à conservação da Rodovia BR-386,
</p>
<p>no trecho no qual estão localizados os municípios de Fontoura Xavier, Lajeado,
</p>
<p>Marques de Souza, Pouso Novo e São José do Herval, não abrangidos pela
</p>
<p>duplicação da Rodovia BR-386.” (fl. 01).
</p>
<p> 
</p>
<p>Em 6 de novembro de 2012, delimitou-se o objeto
</p>
<p>deste apuratório a fim de realizar o “acompanhamento dos fatos relativos à
</p>
<p>conservação  da  Rodovia  BR-386,  no  trecho  no  qual  esta  localizado  o
</p>
<p>Município  de  São  José  do  Herval,  quanto  ao  seu  trevo  de  acesso.”  (fls.
293/295).
</p>
<p>1</p>
<p />
</div>
<div class="page"><p />
<p>PROCURADORIA DA REPÚBLICA NO MUNICÍPIO
DE PASSO FUNDO - RS
</p>
<p>Nesse sentido,  foi  oficiado  à  Delegacia  de  Polícia
</p>
<p>Rodoviária Federal de Lajeado, para que esclarecesse se o trecho da BR-386,
</p>
<p>km 280/281 (trevo de acesso a São José do Herval), poderia ser considerado
</p>
<p>como  crítico  em  termos  de  segurança  viária,  solicitando,  outrossim,  que
</p>
<p>remetesse  relatório  de  dados  estatísticos  dos  acidentes  ocorridos  no  local
</p>
<p>desde o ano de 1998; informasse se a média de acidentes estava razoável se
</p>
<p>comparada a outros trechos da rodovia; e se havia movimento acentuado de
</p>
<p>pedestres  no local,  bem como se haveria  passarela  próxima ao local  para
</p>
<p>travessia da rodovia (fl. 299).
</p>
<p>Na mesma oportunidade,  oficiou-se  à  Diretoria  de
</p>
<p>Infraestrutura  Rodoviária  do  DAER,  solicitando  informações  acerca  das
</p>
<p>providências adotadas para a realização de estudos e de eventuais melhorias
</p>
<p>necessárias no trecho que compreende o trevo de acesso ao município de São
</p>
<p>José do Herval, a fim de garantir a segurança viária (fl. 300).
</p>
<p>Ainda,  promoveu-se  diligência  in  loco,  no  km
</p>
<p>280/281 da BR 386, município de São José do Herval, visando o levantamento
</p>
<p>fotográfico das condições de acesso da via (fls. 301/310).
</p>
<p>Sobreveio  resposta  da  4ª  Delegacia  de  Polícia
</p>
<p>Rodoviária Federal, confirmando que o trecho poderia ser considerado crítico,
</p>
<p>tendo em vista que é um trecho urbano sem iluminação pública, possuindo
</p>
<p>travessias e acessos impróprios. Na mesma manifestação vieram anexos os
</p>
<p>dados estatísticos dos municípios de Pouso Novo e de São José do Herval,
</p>
<p>referente ao período de 2007/2012, pelos quais a autoridade policial concluiu
</p>
<p>que  as  melhorias  que  o  primeiro  trecho  carece  poderiam  reduzir
</p>
<p>significativamente o índice de acidentes, informando, por fim, que há intenso
</p>
<p>movimento de pedestres ciclistas e carroças no local, não havendo passarelas
</p>
<p>(fls. 312/315).
</p>
<p>2</p>
<p />
</div>
<div class="page"><p />
<p>PROCURADORIA DA REPÚBLICA NO MUNICÍPIO
DE PASSO FUNDO - RS
</p>
<p>Por sua vez, o DAER solicitou prorrogação do prazo,
</p>
<p>apresentando,  provisoriamente,  estudo  de  melhoria  que  informou  ser
</p>
<p>recomendável,  em curto prazo de implantação, ante o elevado potencial  de
</p>
<p>acidentes, a implantação de duas rótulas fechadas, uma em cada extremidade
</p>
<p>do seguimento urbano de São José do Herval/RS (fls. 316/323).
</p>
<p>Após,  sobreveio  nova  manifestação  do  DAER,
</p>
<p>contendo  anexo  o  Projeto  de  Exploração  da  Rodovia  Polo  Lajeado;  a
</p>
<p>manifestação da Concessionária SULVIAS e da Secretaria de Infraestrutura e
</p>
<p>Logística do DAER, acerca do não atendimento das obrigações contratuais por
</p>
<p>parte da SULVIAS; a Notificação de Ocorrência nº. 013/13 – SULVIAS, pelo
</p>
<p>não  fornecimento  de  informações  solicitadas  e  pelo  não  atendimento  das
</p>
<p>obrigações  contratuais  previstas  no  PEE,  PBE  e  PER,  no  que  tange  a
</p>
<p>implantação de obras de melhoria no trecho urbano de acesso a São José do
</p>
<p>Herval;  despacho do Inquérito  Civil  nº.  1.29.014.000014/2012-42;  e  decisão
</p>
<p>judicial  exarada no processo nº. 5015166-24.2013.404.7100/RS, que  decidiu
</p>
<p>pela revogação da antecipação dos efeitos da tutela que assegurava a vigência
</p>
<p>do  contrato  de  concessão  PJ/CD/089/98,  pactuado  com  o  Estado  do  Rio
</p>
<p>Grande do Sul, bem como decidiu que o termo final do referido contrato de
</p>
<p>concessão seria na data 16/04/2013 (fls. 325/354).
</p>
<p>Ato  seguinte,  expediu-se  ofício  ao  DAER,
</p>
<p>requisitando informações atualizadas acerca da situação atual das obras, e,
</p>
<p>caso  não  tenham  sido  executadas  e  o  contrato  de  concessão  tenha  se
</p>
<p>encerrado,  as  medidas  tomadas  pelo  Concedente  em  razão  do
</p>
<p>descumprimento  contratual  da  concessionária,  bem  assim  a  previsão  de
</p>
<p>execução  das  obras,  tendo  em  vista  que  o  local  é  crítico  em  termos  de
</p>
<p>segurança viária (fl. 360).
</p>
<p>Sobreveio resposta da Secretaria de Infraestrutura e
</p>
<p>Logística do DAER informando, em suma, que (fl. 361/362):
</p>
<p>3</p>
<p />
</div>
<div class="page"><p />
<p>PROCURADORIA DA REPÚBLICA NO MUNICÍPIO
DE PASSO FUNDO - RS
</p>
<p>“a. (...) quando do encerramento do contrato PJ/CD/089/98, em
</p>
<p>31/05/2013,  nada  havia  sido  executado  pela  Concessionária
</p>
<p>SULVIAS”,
</p>
<p>b.  (…)  acreditamos  que  as  obras  não  executadas  pelas
</p>
<p>Concessionárias  foram  objeto  de  reconvenção  apresentada
</p>
<p>pelo DAER/PGE quando da contestação das diversas ações
</p>
<p>movidas pelas mesmas;
</p>
<p>c. (…) quando do encerramento do contrato PJ/CD/089/98 em
</p>
<p>31/05/2013,  a  responsabilidade  pela  rodovia  passou  ao
</p>
<p>DNIT/MT”. 
</p>
<p>Além  disso,  informou  acerca  da  emissão  de
</p>
<p>Notificação de Ocorrência nº 013/13 à Concessionária SULVIAS, por entender
</p>
<p>que a implantação das obras de melhorias no trecho era obrigação contratual
</p>
<p>da Concessionária, uma vez que prevista nos projetos iniciais (PBE E PEE),
</p>
<p>tendo a Concessionária respondido que as melhorias não foram executadas
</p>
<p>porque,  quando da assinatura  do primeiro  termo aditivo e a  elaboração do
</p>
<p>PER, a obra não estava prevista no cronograma estipulado até 31/12/2014.
</p>
<p>Todavia, com o encerramento do contrato de concessão, em 31/05/2013, bem
</p>
<p>como em face do ajuizamento das ações pela Concessionária, essas questões
</p>
<p>quanto às obrigações contratuais não cumpridas, encontram-se em análise e
</p>
<p>defesa pelo DAER/PGE (fl. 363/365).
</p>
<p>Após,  oficiou-se  ao  DAER/RS,  requisitando
</p>
<p>informações  atualizadas  acerca  das  “reconvenções  apresentadas  pelo
</p>
<p>DAER/PGE”  referidas  no  item  “b”  do  Of./SAJ/311/2014,  bem  como  sobre
</p>
<p>eventual  resultado das demandas judiciais que discutem a responsabilidade
</p>
<p>pela realização de obras no trecho da BRS-386, trecho de Acesso a Fontoura
</p>
<p>Xavier/RS – Acesso a São José do Erval/RS – Entr. ERS-423 (p/Progresso),
</p>
<p>entre os km 280+800 e km 280+100 (pelo PBE e PEE, km 63+000 e 63+700),
</p>
<p>lado direito (fl. 372).
</p>
<p>Na  mesma  oportunidade,  oficiou-se  ao  DNIT/MT,
requisitando  informações  sobre  as  obras  ou  reformas  eventualmente
</p>
<p>4</p>
<p />
</div>
<div class="page"><p />
<p>PROCURADORIA DA REPÚBLICA NO MUNICÍPIO
DE PASSO FUNDO - RS
</p>
<p>realizadas no trecho da BRS-386, trecho de Acesso a Fontoura Xavier/RS –
</p>
<p>Acesso a São José do Erval/RS – Entr. ERS-423 (p/Progresso), entre os km
</p>
<p>280+800 e km 280+100 (pelo PBE e PEE, km 63+000 e 63+700), lado direito,
</p>
<p>em especial  em face das informações prestadas pelo DAER/RS,  tendo em
</p>
<p>vista que o local é crítico em termos de segurança viária, conforme informado
</p>
<p>pela  Polícia  Rodoviária  Federal,  salientando  que  a resposta  deveria  vir
</p>
<p>acompanhada de documentos comprobatórios do alegado,  se possível  com
</p>
<p>vistoria in loco e levantamento fotográfico do trecho e respectiva interseção (fl.
</p>
<p>373).
</p>
<p>Em  resposta,  após  solicitação  a  prorrogação  de
</p>
<p>prazo,  a  Superintendência  de  Assuntos  Jurídicos  do  DAER  informou  ter
</p>
<p>conhecimento sobre as seguintes ações judiciais, movidas pela concessionária
</p>
<p>Sulvias, em que fora apresentada reconvenção pela PDPE/PGE (fls. 379/394).
</p>
<p>Processo Assunto Data da 
Propositura
</p>
<p>Órgão Julgador Concessionária
</p>
<p>5044507-
32.2012.404.710
0
</p>
<p>Reajustes 03/08/12 3ª Vara Federal Sulvias
</p>
<p>5047900-
62.2012.404.710
0
</p>
<p>Ambulâncias 21/08/12 6ª Vara Federal Sulvias
</p>
<p>5069100-
28.2012.404.710
0
</p>
<p>Investim. a 
maior
</p>
<p>12/12/12 5ª Vara Federal Sulvias
</p>
<p>Destarte, informaram ter conhecimento de outras ações
</p>
<p>judiciais  em  que  o  DAER  e  a  Sulvias  litigam,  tendo  por  objeto  a  extinta
</p>
<p>concessão  do  Polo  Lajeado,  sendo  elas:  5068621-69.2011.404.7100,  em
</p>
<p>trâmite  na  4ª  Vara  Federal,  5068216-96.2012.404.7100  e  5015166-
</p>
<p>24.2013.404.7100, em trâmite na 1ª Vara Federal, desconhecendo se foram
</p>
<p>apresentadas reconvenções nas citadas ações, qual o andamento atual das
</p>
<p>ações  e  se  existem  outras  aqui  não  relacionadas,  pois  tais  informações
</p>
<p>competiriam  à  PDPE/PGE.  Por  fim,  informaram  que,  atualmente,  estão
</p>
<p>5</p>
<p />
</div>
<div class="page"><p />
<p>PROCURADORIA DA REPÚBLICA NO MUNICÍPIO
DE PASSO FUNDO - RS
</p>
<p>procedendo  à  análise  dos  laudos  periciais  dos  processos  nº.  5069100-
</p>
<p>28.2012.404.7100,  5068621-69.2011.404.7100,  5044507-32.2012.404.7100 e
</p>
<p>5047900-62.2012.404.7100.
</p>
<p>Por fim, o DNIT informou que a situação do perímetro
</p>
<p>urbano de São José do Herval, na BR-386/RS seria a mesma há mais de 20
</p>
<p>anos,  não  havendo  qualquer  tipo  de  tratamento  ou  definição  de  acessos,
</p>
<p>interseções  ou  implantação  de  ruas  laterais,  e  que,  mesmo  no  período
</p>
<p>delegado ao Governo do Estado do Rio Grande do Sul, nada foi feito visando a
</p>
<p>melhoria daquele perímetro (fl. 400/407). 
</p>
<p>Após a devolução do trecho pelo Estado ao DNIT, teria
</p>
<p>sido  assinado  contrato  referente  à  execução  de  serviços  de  manutenção,
</p>
<p>sendo que estaria em elaboração o Estudo de Viabilidade Técnico, Econômico
</p>
<p>e Ambiental – EVTEA, para a rodovia BR-386, subtrecho Entr. BR-158(B)/RS-
</p>
<p>323(P/Jabuticaba) até o Entr. BR-287(B)(Tabaí), segmento do Km 71/79 até o
</p>
<p>Km 392/393. Esse EVTEA apresenta sugestão de solução para o trecho citado.
</p>
<p>Entretanto, trata-se de um estudo de viabilidade, sendo
</p>
<p>que  a  solução  de  engenharia  definitiva  será  determinada  quando  da
</p>
<p>elaboração do anteprojeto/projeto, com estudo mais aprofundado e detalhado,
</p>
<p>necessário para a licitação e para a construção das obras, que só poderá ser
</p>
<p>iniciada pelo DNIT após a conclusão do EVTEA que, atualmente, está em fase
</p>
<p>final (Relatório Final), em conclusão para o aceite por parte do DNIT.
</p>
<p>Por fim, o DNIT esclareceu que no referido estudo foi
</p>
<p>considerado o tratamento da travessia Urbana de São José do Herval, com a
</p>
<p>duplicação, a implantação de ruas laterais para controle dos acessos,  duas
</p>
<p>passagens  em  níveis  diferentes  (pequenos  viadutos)  e  demais  obras
</p>
<p>complementares que visam a segurança no local.
</p>
<p>6</p>
<p />
</div>
<div class="page"><p />
<p>PROCURADORIA DA REPÚBLICA NO MUNICÍPIO
DE PASSO FUNDO - RS
</p>
<p>Contudo,  atualmente  está  em  desenvolvimento  pelo
</p>
<p>Ministério  dos  Transportes/ANTT  um  Procedimento  de  Manifestação  de
</p>
<p>Interesse – PMI, que visa a elaboração de projeto para a futura concessão da
</p>
<p>rodovia, de Canoas até Carazinho, abrangendo o citado trecho de São José do
</p>
<p>Herval.
</p>
<p>Em razão das respostas recebidas,  foi  determinado o
</p>
<p>sobrestamento deste apuratório pelo prazo de 180 dias e expedição de ofício,
</p>
<p>depois de transcorrido o prazo, ao DNIT, a fim de que trouxesse informações
</p>
<p>atualizadas (fls. 409/410). Realizada esta diligência, o DNIT trouxe, de forma
</p>
<p>reiterada, que 
</p>
<p>- O EVTEA está em fase final. O relatório Gerencial, último relatório
</p>
<p>para a  conclusão do estudo,  está  em análise  pela  Coordenação
</p>
<p>Geral de Planejamento – CGPLAN/DPP/DNIT/Brasília;
</p>
<p>- Os melhoramentos previstos para a Travessia Urbana de São José
</p>
<p>do  Herval  (Km  280+240  m  até  o  Km  282  +  220  m),  além  da
</p>
<p>indicação da duplicação da pista,  incluem a construção de Ruas
</p>
<p>Laterais  e  Passagens em Nível  Distinto  (duas),  possibilitando os
</p>
<p>movimentos de acesso ao município (fl. 414).
</p>
<p>Considerando o exposto, não se vislumbra uma solução
</p>
<p>alternativa  de engenharia  definitiva para a Travessia Urbana de São José do
</p>
<p>Herval,  senão aguardando a realização dos estudos técnicos já em execução
</p>
<p>pelo DNIT,  conforme comprova, sublinhando que  se trata de um  estudo de
</p>
<p>viabilidade  para a consecução de obras de melhoria na  Rodovia Federal BR
</p>
<p>386, interseção (trevo) de acesso ao Município de São José do Herval/RS.
</p>
<p>Assim, não se vislumbram medidas outras a serem
</p>
<p>adotadas  pelo  Ministério  Público  Federal  no  feito,  sejam  extrajudiciais  ou
</p>
<p>judiciais,  tampouco  razões  que  justifiquem manter  o  presente  inquérito  civil
</p>
<p>tramitando unicamente com a intenção de acompanhar  os estudos técnicos
</p>
<p>para a realização de obras,  mormente quando já se passaram mais de cinco
</p>
<p>7</p>
<p />
</div>
<div class="page"><p />
<p>PROCURADORIA DA REPÚBLICA NO MUNICÍPIO
DE PASSO FUNDO - RS
</p>
<p>anos de acompanhamento, com várias diligências que indicam que os órgãos
</p>
<p>responsáveis pelas obras,  inicialmente o  Estado do RS e a concessionária
</p>
<p>SULVIAS, e atualmente o DNIT, não tem definição precisa da melhor obra de
</p>
<p>engenharia a ser executada no local, estando este último (DNIT) procedendo
</p>
<p>aos estudos técnicos de viabilidade, eis que assumiu a malha rodoviária com o
</p>
<p>encerramento da concessão.
</p>
<p>Nesse  sentido,  observa-se  que  a  5ª  Câmara  de
</p>
<p>Coordenação  e  Revisão  do  MPF,  por  meio  do  Ofício-circular  nº
</p>
<p>31/2016/PGR/5ª  CCR/MPF,  encaminhado  a  esta  Procuradoria  da  República
</p>
<p>em 15/12/2016,  recomenda aos membros que,  por  ocasião  da análise  dos
</p>
<p>feitos  extrajudiciais  anteriores  a  2012,  seja  ponderada  a  viabilidade  de
</p>
<p>arquivamento,  considerando,  dentre  outros  fatores,  o  lapso  temporal
</p>
<p>transcorrido  desde  a  data  dos  fatos,  o  esgotamento  das  diligências
</p>
<p>investigatórias razoavelmente exigíveis e a inexistência de linha investigatória
</p>
<p>potencialmente idônea.
</p>
<p>Aliás,  dentro  destes  parâmetros  impostos  pela  5ª
</p>
<p>CCR, há de se considerar que o presente feito é oriundo de desmembramento
</p>
<p>de  outro,  semelhante  e  iniciado  em  meados  de  2003  (ICP  nº
</p>
<p>1.29.014.000013/2003-15, destinado a acompanhar as obras de conservação
</p>
<p>que viriam a ser realizadas em todo o trecho da BR-386 não compreendido
</p>
<p>pela duplicação (trecho Tabaí-Estrela). 
</p>
<p>Ante  o  exposto,  considerando  que  inexistem
</p>
<p>fundamentos para a adoção de quaisquer  das outras medidas previstas no
</p>
<p>artigo  4º  da  Resolução  nº  87  do  Conselho  Superior  do  Ministério  Público
</p>
<p>Federal, de 03 de agosto de 2006, promovo o ARQUIVAMENTO do presente
Inquérito Civil.
</p>
<p>Outrossim, DETERMINO:
</p>
<p>8</p>
<p />
</div>
<div class="page"><p />
<p>PROCURADORIA DA REPÚBLICA NO MUNICÍPIO
DE PASSO FUNDO - RS
</p>
<p>I. Comunique-se  desse  arquivamento  ao
</p>
<p>interessado/representante (art. 10, §1º, da Res. 23/2007 CNMP e art. 17, §1º
da Res. 87/2006 CSMPF), informando-o da possibilidade de apresentação, no
</p>
<p>prazo  de  três  dias,  de  razões  escritas  ou  documentos,  em  caso  de
</p>
<p>inconformidade  com  o  arquivamento,  a  serem  remetidos  diretamente  à  5ª
</p>
<p>Câmara  de  Coordenação  e  Revisão  do  Ministério  Público  Federal  em
</p>
<p>Brasília/DF (art. 10, §3º, da Res. 23/2007 CNMP e art. 17, §3º da Res. 87/2006
CSMPF);
</p>
<p>II. após,  remetam-se esses autos a 5ª  Câmara de
</p>
<p>Coordenação  e  Revisão  do  Ministério  Público  Federal,  para  ciência  e
homologação do referido arquivamento (art. 62, inciso IV, da Lei Complementar
</p>
<p>nº 75/93 c/c art. 4º, inciso V e art. 17, §2º da Res. 87/2006 do CSMPF e art. 10,
</p>
<p>§2º da Res. 23/2007 CNMP);
</p>
<p>III. com o retorno dos autos,  cumpra-se nos termos
</p>
<p>do decidido.
</p>
<p>Passo Fundo, 15 de fevereiro de 2017.
</p>
<p>Fredi Éverton Wagner
</p>
<p>Procurador da República
</p>
<p>9</p>
<p />
</div>
<ul>	<li>Objeto: “Acompanhar os fatos relativos à conservação da Rodovia BR-386, no trecho no qual esta localizado o Município de São José do Herval, quanto ao seu trevo de acesso.”</li>
</ul>
</body></html>