<?xml version="1.0" encoding="UTF-8"?>
<html xmlns="http://www.w3.org/1999/xhtml">
<head>
<meta name="pdf:PDFVersion" content="1.4" />
<meta name="xmp:CreatorTool" content="Writer" />
<meta name="access_permission:modify_annotations" content="true" />
<meta name="access_permission:can_print_degraded" content="true" />
<meta name="tika_batch_fs:relative_path" content="36867130.pdf" />
<meta name="language" content="pt-BR" />
<meta name="dcterms:created" content="2018-06-28T21:42:23Z" />
<meta name="dc:format" content="application/pdf; version=1.4" />
<meta name="pdf:docinfo:creator_tool" content="Writer" />
<meta name="access_permission:fill_in_form" content="true" />
<meta name="pdf:encrypted" content="false" />
<meta name="Content-Length" content="196661" />
<meta name="X-TIKA:digest:MD5" content="8632a6d5da43ea0a81854ccd4d0c5810" />
<meta name="Content-Type" content="application/pdf" />
<meta name="X-Parsed-By" content="org.apache.tika.parser.DefaultParser" />
<meta name="X-Parsed-By" content="org.apache.tika.parser.pdf.PDFParser" />
<meta name="dc:language" content="pt-BR" />
<meta name="meta:creation-date" content="2018-06-28T21:42:23Z" />
<meta name="created" content="Thu Jun 28 18:42:23 BRT 2018" />
<meta name="access_permission:extract_for_accessibility" content="true" />
<meta name="access_permission:assemble_document" content="true" />
<meta name="xmpTPg:NPages" content="14" />
<meta name="Creation-Date" content="2018-06-28T21:42:23Z" />
<meta name="resourceName" content="36867130.pdf" />
<meta name="access_permission:extract_content" content="true" />
<meta name="access_permission:can_print" content="true" />
<meta name="tika:file_ext" content="pdf" />
<meta name="producer" content="LibreOffice 4.2" />
<meta name="access_permission:can_modify" content="true" />
<meta name="pdf:docinfo:producer" content="LibreOffice 4.2" />
<meta name="pdf:docinfo:created" content="2018-06-28T21:42:23Z" />
<title></title>
</head>
<body><div class="page"><p />
<p>MINISTÉRIO PÚBLICO FEDERAL 
PROCURADORIA DA REPÚBLICA EM CORUMBÁ
</p>
<p>Inquérito Civil nº 1.21.004.000039/2012-53
</p>
<p>Objeto  da investigação:  Acompanhar o fiel cumprimento do Termo de Acordo
</p>
<p>Judicial  celebrado  e  homologado  na  Ação  Civil  Pública  nº  0000918-
</p>
<p>97.2009.403.6004.
</p>
<p>PROMOÇÃO DE ARQUIVAMENTO
</p>
<p>O  presente  procedimento  administrativo  foi  instaurado  para
</p>
<p>acompanhar o fiel cumprimento do Termo de Acordo Judicial (TAJ) firmado entre o
</p>
<p>Ministério Público Federal, o município de Corumbá/MS, a Secretaria Municipal de
</p>
<p>Saúde  de  Corumbá  e  o  Conselho  Municipal  de  Saúde  de  Corumbá/MS,  em
</p>
<p>08/02/2012, no bojo da Ação Civil Pública nº 2009.60.04.000918-11, originada
</p>
<p>do Inquérito Civil Público nº 1.21.004.0000026/2009-89.
</p>
<p>No aludido TAJ (fls. 03/11-v) ficou avençado que as Unidades Básicas
</p>
<p>de Saúde  (UBS)  que  desenvolvem ações  de  estratégia  no  programa Saúde  da
</p>
<p>Família,  no  município  de  Corumbá/MS,  com  o  aporte  de  recursos  federais,
</p>
<p>deveriam sanar diversas irregularidades identificadas na prestação dos serviços de
</p>
<p>saúde  correspondentes.  Determinou-se,  assim,  que  o  acompanhamento  do
</p>
<p>cumprimento  das  obrigações  ali  pactuadas  ficaria  sob o encargo do Conselho
</p>
<p>1 Arquivada em 18/11/2014.
</p>
<p>Rua Cuiabá, 1.640, Bairro Dom Bosco, Corumbá/MS – CEP 79331-100
 Fone (67) 3234-4500 – Fax (67) 3234-4545</p>
<p />
</div>
<div class="page"><p />
<p>Municipal de Saúde de Corumbá/MS, nos termos da Cláusula Sexta, itens “a”, “b” e “c”
</p>
<p>do citado instrumento.
</p>
<p>Dentre  as  obrigações  ali  pactuadas,  cabe  destacar,  entre  outras,  as
</p>
<p>seguintes:
</p>
<p>1. Reestruturação físico administrativa do Conselho Municipal de Saúde de
</p>
<p>Corumbá, incluindo a disponibilização de veículo para a realização de visita e inspeções,
</p>
<p>atividades finalísticas daquele órgão, e o desenvolvimento de página na internet;
</p>
<p>2. Realização de reformas  em diversas  Unidades  Básicas  de  Saúde do
</p>
<p>município, conforme as necessidades específicas de cada uma, e, no tocante a todas:
</p>
<p>2.1. Implementação de acesso à internet  banda larga ou  sistema com
</p>
<p>velocidade de tráfego de dados similar em todas as UBS, suprindo-as com computadores
</p>
<p>em todos os consultórios, na recepção da UBS e para a Coordenação de Enfermagem;
</p>
<p>2.2. Disponibilização de 02 (dois) notebooks para cada uma das equipes
</p>
<p>de Saúde da Família que realizavam atendimento nas UBS da área rural do município;
</p>
<p>2.3.  Implementação de sala de vacinação em todas as UBS, com sistema
</p>
<p>de climatização, refrigeradores e demais equipamentos determinados pelo Ministério da
</p>
<p>Saúde;
</p>
<p>2.4. Suprir  todas  as  UBS  com  as  quantidades  necessárias  de
</p>
<p>medicamentos, seringas e demais instrumentos, insumos e materiais de enfermagem,
</p>
<p>lençóis,  materiais  de limpeza,  materiais  e  equipamentos  de proteção dos  servidores,
</p>
<p>papel e cartucho para impressora;
</p>
<p>2.5. Disponibilização de bebedouro, com água potável, em todas as UBS;
</p>
<p>3. Revogação de qualquer limitação desarrazoada quanto ao número de
</p>
<p>atendimento de pacientes ainda existente nas UBS, em atendimento às normativas do
</p>
<p>Ministério da Saúde;
</p>
<p>4. Provimento  de todas  as  UBS  com o  quantitativo  de profissionais  de
</p>
<p>Rua Cuiabá, 1.640, Bairro Dom Bosco, Corumbá/MS – CEP 79331-100
Fone (67) 3234-4500 – Fax (67) 3234-4545                                                                                                        2/14</p>
<p />
</div>
<div class="page"><p />
<p>saúde  preconizado  pelo  Ministério  da  Saúde,  conforme  as  ações  que  sejam
</p>
<p>desenvolvidas em cada uma das unidades, em regime de trabalho de 40 (quarenta)
</p>
<p>horas semanais, com exceção dos profissionais médicos;
</p>
<p>5. Provimento de todas as UBS com recepcionistas, de forma que tal função
</p>
<p>não seja exercida por profissionais de saúde da unidade;
</p>
<p>6. Implementação de sistema de controle de frequência eletrônico de todos
</p>
<p>os  profissionais  de  saúde  que  atuem  nas  estratégias  de  Atenção  Básica  (médicos,
</p>
<p>dentistas, enfermeiros, auxiliares e agentes comunitários), assegurando o cumprimento
</p>
<p>da jornada preconizada pelo Ministério da Saúde, avaliado com periodicidade semestral
</p>
<p>pelo Conselho Municipal de Saúde e pelo sistema de Controle Interno Municipal;
</p>
<p>7. Implementação de programa de manutenção preventiva de todas as
</p>
<p>UBS do município que desenvolvam estratégias de Saúde Básica (SF, SB e CS), de forma
</p>
<p>que  as  unidades  disponham  de  equipamentos  e  instalações  compatíveis  com  as
</p>
<p>atividades por elas desenvolvidas, com adequadas condições de salubridade e higiene.
</p>
<p>No curso das diligências empreendidas em prol deste procedimento,  de
</p>
<p>plano, foi  possível  perceber que muitas  das obrigações pactuadas na celebração do
</p>
<p>referido acordo subsistiam pendentes de cumprimento.
</p>
<p>Diante disso, para atualização das informações pertinentes, à fl.  446, o
</p>
<p>Conselho Municipal de Saúde de Corumbá/MS foi oficiado para que encaminhasse a
</p>
<p>esta Procuradoria os relatórios das inspeções mensais realizadas nas UBS nos meses de
</p>
<p>outubro,  novembro  e  dezembro  de  2015,  bem  como  os  referentes  aos  meses  já
</p>
<p>transcorridos do ano de 2016.
</p>
<p>Em atendimento, às fls. 454/478, foram juntados os relatórios pertinentes,
</p>
<p>dos  quais  é  possível  depreender  que  muitas  irregularidades  ainda  persistiam  nas
</p>
<p>unidades  inspecionadas,  notadamente,  em relação à estrutura,  segurança,  acesso  à
</p>
<p>internet, quantitativo de profissionais de saúde insuficiente e outras necessidades no que
</p>
<p>se refere ao efetivo cumprimento do TAJ firmado.
</p>
<p>Rua Cuiabá, 1.640, Bairro Dom Bosco, Corumbá/MS – CEP 79331-100
Fone (67) 3234-4500 – Fax (67) 3234-4545                                                                                                        3/14</p>
<p />
</div>
<div class="page"><p />
<p>Outrossim, instada a apresentar a relação da equipe de profissionais de
</p>
<p>saúde lotada em cada UBS do município, com horário de cumprimento de jornada de
</p>
<p>trabalho diária, bem como informações sobre a implementação do sistema de controle
</p>
<p>de  ponto  eletrônico,  nos  termos  ajustados  no  TAJ  em tela,  à  fl.  523,  a  Secretaria
</p>
<p>Municipal  de Saúde informou que  o procedimento licitatório para a implantação do
</p>
<p>ponto eletrônico estava programado para ser  reaberto no ano de 2017,  e que,  até
</p>
<p>então,  o  controle  de  frequência  dos  servidores  vinha  sendo  realizado  por  folha  de
</p>
<p>registro de ponto, as quais foram encaminhadas às fls.  524/550, juntamente com a
</p>
<p>relação dos servidores lotados em cada UBS e sua respectiva jornada de trabalho.
</p>
<p>No expediente de fls. 551/552, o Conselho Municipal de Saúde noticiou o
</p>
<p>descumprimento do TAJ pela Secretaria Municipal de Saúde, tendo em vista que esta não
</p>
<p>havia contratado servidores para realizar atividades de secretariado e motorista, além de
</p>
<p>citar que o prédio do aludido conselho também apresentou muitas falhas estruturais e
</p>
<p>diversas irregularidades, segundo inspeção realizada pela Coordenação de Vigilância,
</p>
<p>CEREST e Centro de Controle de Vetores no local (cf. documentos de fls. 554/566).
</p>
<p>Ademais, como certificado através do despacho ministerial de fls. 577/578,
</p>
<p>a  página  do  Conselho  Municipal  de  Saúde  na  internet
</p>
<p>(http://cmscorumba.blogspot.com.br)  e  na  rede  social  Facebook
</p>
<p>(https://www.facebook.com/cmscorumbamspantanal)  não  atendiam  ao  pactuado  no
</p>
<p>TAJ.
</p>
<p>De posse destas informações, à fl. 578, foi determinada a realização de
</p>
<p>vistoria ministerial in loco voltada a constatar o atual estado do Conselho Municipal de
</p>
<p>Saúde,  bem  como  das  UBS  correspondentes,  através  da  confecção  de  relatório  e
</p>
<p>registros  fotográficos  que  demonstrassem  o  efetivo  atendimento  às  obrigações
</p>
<p>assumidas na ocasião do ajustamento do TAJ.
</p>
<p>Do  mesmo  modo,  respectivamente  às  fls.  580  e  581,  a  Secretaria
</p>
<p>Municipal de Saúde e o Conselho Municipal de Saúde foram demandados a prestar
</p>
<p>informações quanto a implementação do sistema de controle de ponto eletrônico, com a
</p>
<p>indicação de quais  providências estão sendo tomadas para realizar  as reformas nas
</p>
<p>Rua Cuiabá, 1.640, Bairro Dom Bosco, Corumbá/MS – CEP 79331-100
Fone (67) 3234-4500 – Fax (67) 3234-4545                                                                                                        4/14</p>
<p />
<div class="annotation"><a href="http://cmscorumba.blogspot.com.br/">http://cmscorumba.blogspot.com.br/</a></div>
<div class="annotation"><a href="https://www.facebook.com/cmscorumbamspantanal">https://www.facebook.com/cmscorumbamspantanal</a></div>
</div>
<div class="page"><p />
<p>UBS, principalmente no que tange às questões de estrutura e segurança, bem como para
</p>
<p>a obtenção dos relatórios das inspeções mensais referentes ao ano de 2017 e aos meses
</p>
<p>já transcorridos de 2018, e ainda, para informações sobre implementações realizadas
</p>
<p>na página virtual do CMS, haja vista sua inadequação em face ao pactuado no TAJ.
</p>
<p>Diante do determinado, entre os dias 04 e 12 de abril de 2018, o Técnico
</p>
<p>de  Segurança  e  Transporte  lotado  nesta  Procuradoria  realizou  vistorias  in  loco  nas
</p>
<p>Unidades Básicas de Saúde no município de Corumbá/MS, bem como no Conselho
</p>
<p>Municipal de Saúde, constatando, em síntese:
</p>
<p>1. CONSELHO MUNICIPAL DE SAÚDE: Adimpliu substancialmente as obrigações
</p>
<p>pactuadas no TAJ, com as seguintes exceções: 
</p>
<p>a) não houve a aquisição pelo órgão do Projetor Multimídia (aparelho Data Show)
</p>
<p>referenciado na alíena “d” do item 1 da Cláusula 3ª, mas o Projetor do Conselho
</p>
<p>de Assistência Social, que funciona no mesmo local, tem sido utilizado para suprir
</p>
<p>a necessidade;
</p>
<p>b) o item 2 da Cláusula 3ª foi parcialmente cumprido, pois o veículo que deveria
</p>
<p>ser disponibilizado, em 2 (dois) dias da semana, para uso exclusivo nas atividades
</p>
<p>do CMS, foi disponibilizado pela manhã em 3 dias da semana, mas não com
</p>
<p>exclusividade, haja vista que o motorista, no mesmo horário, as vezes é chamado
</p>
<p>para realizar  outros  serviços  junto  a Prefeitura  Municipal,  o  que prejudica as
</p>
<p>diligências do órgão;
</p>
<p>c) o item   3 da Cláusula 3ª não foi cumprido, tendo em vista que não foi lotado, e
</p>
<p>nem mantido em serviço, qualquer servidor do quadro efetivo do município ou
</p>
<p>aprovado em concurso público da Prefeitura Municipal de Corumbá/MS para o
</p>
<p>cargo de auxiliar administrativo, sendo tal serviço realizado, no momento, por
</p>
<p>uma estagiária;
</p>
<p>d)  o  item  5  da  cláusula  3ª  não  foi  cumprido,  tendo  em  vista  que  não  foi
</p>
<p>desenvolvida pelo CMS uma página na internet.
</p>
<p>Rua Cuiabá, 1.640, Bairro Dom Bosco, Corumbá/MS – CEP 79331-100
Fone (67) 3234-4500 – Fax (67) 3234-4545                                                                                                        5/14</p>
<p />
</div>
<div class="page"><p />
<p>Em  linha  de  observações  gerais,  o  servidor  institucional  que  empreendeu  a
</p>
<p>diligência reportou que existem infiltrações em algumas paredes do prédio onde
</p>
<p>funciona o CMS, que a  estrutura do sanitário não parece adequada,  que há
</p>
<p>pouca visibilidade nas placas externas de identificação do órgão, as quais estão
</p>
<p>encobertas  por  árvores  e há  falta  de  mobiliário como cadeiras  adequadas  e
</p>
<p>mesas para eventuais reuniões.
</p>
<p>2. UBSF  SÃO  BARTOLOMEU:  Deu  cumprimento  a  boa  parte  das  obrigações
</p>
<p>formalizadas no TAJ, com exceções pontuais ao previsto nos itens 5, 7 e 10.5.5
</p>
<p>da Cláusula 4ª e na Cláusula 5ª, tendo em vista que:
</p>
<p>a) em cumprimento ao item 10.5.5, da Cláusula 4ª, os reparos nas rachaduras
</p>
<p>existentes nos muros, paredes e piso dos fundos da unidade (ocasionados pelas
</p>
<p>árvores no terreno vizinho) foram realizados, mas com o tempo os problemas
</p>
<p>voltaram a aparecer;
</p>
<p>b) o item 5 da Cláusula 4ª foi parcialmente cumprido, tendo em vista que no
</p>
<p>momento a Unidade possui apenas 01 (um) computador, na recepção. Contudo,
</p>
<p>a coordenadora informou que outros computadores já foram comprados para a
</p>
<p>unidade, estando pendente a liberação destes por parte da Prefeitura Municipal.
</p>
<p>c) A cláusula 5ª foi descumprida, pois o TAJ não estava afixado na recepção da
</p>
<p>Unidade como pactuado.
</p>
<p>3. UBSF  KADWÉUS:  Cumpriu  as  obrigações  firmadas  no  TAJ  quase  em  sua
</p>
<p>integralidade, ressalvando-se apenas o atendimento ao pactuado no item 10.7.1
</p>
<p>da Cláusula 4ª, tendo em vista que os problemas de infestação de morcego e o
</p>
<p>mau cheiro nos ralos ainda subsistem, e o previsto na Cláusula 5ª, pois o TAJ não
</p>
<p>estava afixado na recepção da Unidade.
</p>
<p>Em  linha  de  observações  gerais,  o  técnico  institucional  que  empreendeu  a
</p>
<p>Rua Cuiabá, 1.640, Bairro Dom Bosco, Corumbá/MS – CEP 79331-100
Fone (67) 3234-4500 – Fax (67) 3234-4545                                                                                                        6/14</p>
<p />
</div>
<div class="page"><p />
<p>diligência reportou que após a última reforma, a Unidade passou a ser chamada
</p>
<p>de UBS Dra. Lúcia Maria Pereira de Carvalho I e II e conta com duas equipes de
</p>
<p>atendimento.
</p>
<p>4. UBSF POPULAR VELHA: Cumpriu grande parte das obrigações firmadas no TAJ,
</p>
<p>apenas remanescendo:
</p>
<p>a) o cumprimento integral ao previsto no  item 5 da Cláusula 4ª, dado que o
</p>
<p>médico lotado na Unidade não possui computador próprio, mas faz uso do seu
</p>
<p>computador pessoal para suprir a falta;
</p>
<p>b) o cumprimento ao disposto no item 14 da Cláusula 4ª do TAJ, já que não foi
</p>
<p>disponibilizada  recepcionista  para  o  atendimento  na  Unidade,  muito  embora
</p>
<p>tenha a coordenadora afirmado que será disponibilizado servidor para o exercício
</p>
<p>da função no próximo mês;
</p>
<p>c) o cumprimento à Cláusula 5ª, já que o TAJ não estava afixado na recepção da
</p>
<p>Unidade.
</p>
<p>Em  linha  de  observações  gerais,  o  técnico  institucional  que  empreendeu  a
</p>
<p>diligência reportou que, segundo a coordenadora da unidade, é preciso revisar o
</p>
<p>sistema de esgoto, pois o consultório médico fica com mal cheiro devido a esse
</p>
<p>problema. Ademais,  a unidade já sofreu furto de objetos em razão de invasão
</p>
<p>ocorrida pelo telhado, onde há uma parte descoberta.
</p>
<p>5. UBSF GASTÃO DE OLIVEIRA I, II E III:  Com exceção do pactuado na Cláusula
</p>
<p>5ª, que demanda a afixação do TAJ na recepção da unidade,  todas as demais
</p>
<p>obrigações assumidas no aludido instrumento foram cumpridas.
</p>
<p>Contudo, em linha de observações gerais, o Técnico institucional que empreendeu
</p>
<p>a  diligência  reportou  que,  de  acordo  com  a  coordenadora  da  unidade,  há
</p>
<p>problemas de curto circuito na instalação elétrica da unidade e, além disso, julga
</p>
<p>necessário haver uma sala com computador onde os agentes de saúde possam
</p>
<p>desenvolver  suas  atividades.  Afora  isto,  informou  que  a  Unidade  sofre  com
</p>
<p>Rua Cuiabá, 1.640, Bairro Dom Bosco, Corumbá/MS – CEP 79331-100
Fone (67) 3234-4500 – Fax (67) 3234-4545                                                                                                        7/14</p>
<p />
</div>
<div class="page"><p />
<p>problemas de infiltração e goteiras.
</p>
<p>6. UBSF HUMBERTO PEREIRA: Praticamente todas as obrigações assumidas no TAJ
</p>
<p>foram  cumpridas,  exceto  a  Cláusula  5ª,  pois  o  TAJ  não  estava  afixado  na
</p>
<p>recepção da Unidade e o item 5 da Cláusula 4ª, que foi parcialmente cumprido,
</p>
<p>visto que existem apenas 3 (três) computadores na unidade e a sala do médico
</p>
<p>não possui computador.
</p>
<p>7. UBSF  BEIRA  RIO:  As  obrigações  avençadas  no  TAJ  foram  cumpridas
</p>
<p>substancialmente pela Unidade, ressalvando-se o disposto na Cláusula 5ª, pois o
</p>
<p>Termo em comento não estava afixado na recepção da Unidade, bem como os
</p>
<p>itens 5 e 10.10.1 da Cláusula 4ª, que foram apenas parcialmente cumpridos,
</p>
<p>pois embora tenha sido construída a cobertura (toldo) ao lado da varanda do
</p>
<p>imóvel  (onde  funciona  a  sala  de  espera),  com o  decurso  do  tempo esta  foi
</p>
<p>danificada; e a sala do médico continua sem computador.
</p>
<p>8. UBSF AEROPORTO: Em relação a esta há certas peculiaridades, pois a Unidade
</p>
<p>mudou de local após a assinatura do TAJ, de modo que, muitas das exigências ali
</p>
<p>formalizadas não mais se aplicam para fins de cumprimento, notadamente, as
</p>
<p>questões atinentes à estrutura. Assim, genericamente, avistou-se a persistência de
</p>
<p>algumas irregularidades, quais sejam: 
</p>
<p>a) não há sala de vacina (descumprimento aos itens 3 e 7 da cláusula 4ª);
</p>
<p>b) não há sala de odontologia (descumprimento ao item 10.2.1 da cláusula 4ª);
</p>
<p>c) o médico não dispõe de computador (descumprimento ao item 5, cláusula 4ª);
</p>
<p>d)  os  suprimentos  com  medicamentos,  seringas  e  demais  insumos  foram
</p>
<p>realizados,  mas  na  ocasião  de  visita  in  loco estavam  faltando  LOSARTAN  e
</p>
<p>ENALAPRIL (descumprimento parcial do item 8, cláusula 4ª);
</p>
<p>e) o TAJ não estava afixado na recepção da unidade (descumprimento  cláusula
</p>
<p>5ª).
</p>
<p>Em  linha  de  observações  gerais,  o  técnico  institucional  que  empreendeu  a
</p>
<p>Rua Cuiabá, 1.640, Bairro Dom Bosco, Corumbá/MS – CEP 79331-100
Fone (67) 3234-4500 – Fax (67) 3234-4545                                                                                                        8/14</p>
<p />
</div>
<div class="page"><p />
<p>diligência reportou  que,  segundo a coordenadora da Unidade, a  estrutura do
</p>
<p>prédio dificulta o acesso do SAMU e de deficientes. Ademais,  parte do telhado
</p>
<p>está descoberta, o que gera insegurança potencializando a ocorrência de furtos.
</p>
<p>9. UBSF  NOVA  CORUMBÁ:  De  modo  geral,  a  Unidade  adimpliu  todas  as
</p>
<p>obrigações assumidas no TAJ, demandando atenção apenas o fato de o TAJ não
</p>
<p>estar  afixado  na  recepção  do  local  (descumprimento  a  cláusula  5ª),  o
</p>
<p>comprometimento da pintura externa (descumprimento parcial do item 10.6.1 da
</p>
<p>cláusula  4ª),  a  falta  de  um  computador  para  a  coordenadora  da  unidade
</p>
<p>(descumprimento  parcial  do  item  5  da  cláusula  4ª)  e  a  falta  ocasional  dos
</p>
<p>medicamentos LOSARTAN e ENALAPRIL na unidade (descumprimento parcial ao
</p>
<p>item 8, cláusula 4ª).
</p>
<p>10.  UBSF BRENO DE  MEDEIROS I  E  II:  As obrigações pactuadas no TAJ foram
</p>
<p>adimplidas  substancialmente  pela  Unidade,  restando  pendentes  apenas  a
</p>
<p>afixação do TAJ na recepção da unidade (cláusula 5ª) e a falta de computadores
</p>
<p>nos consultórios médicos e odontológicos (item 5, cláusula 4ª).
</p>
<p>Em  linha  de  observações  gerais,  o  técnico  institucional  que  empreendeu  a
</p>
<p>diligência reportou ainda que, segundo a coordenadora da unidade, a  sala do
</p>
<p>médico  não  tem  banheiro  e  nem  pia, ficando  inviável  a  utilização  para
</p>
<p>atendimentos, razão pela qual a enfermeira coordenadora compartilha sua sala
</p>
<p>com o médico.
</p>
<p>11.  UBSF  ENIO  CUNHA  I:  Praticamente  todas  as  obrigações  avençadas  no
</p>
<p>ajustamento do TAJ foram cumpridas pela unidade, ressalvando-se apenas a não
</p>
<p>afixação  do  TAJ  na  recepção  da  Unidade  (cláusula  5ª)  e  a  falta  de  um
</p>
<p>computador para o consultório médico (item 5, cláusula 4ª), e para os agentes
</p>
<p>comunitários de saúde conforme salientado pela coordenadora local.
</p>
<p>12. UBSF  VITÓRIA  RÉGIA:  Do  mesmo  modo,  deu  cumprimento  a  maioria  das
</p>
<p>obrigações avençadas no TAJ, restando pendência quanto a não afixação do TAJ
</p>
<p>na recepção da Unidade (cláusula 5ª) e ausência de servidores para viabilizar a
</p>
<p>Rua Cuiabá, 1.640, Bairro Dom Bosco, Corumbá/MS – CEP 79331-100
Fone (67) 3234-4500 – Fax (67) 3234-4545                                                                                                        9/14</p>
<p />
</div>
<div class="page"><p />
<p>ativação da sala de vacinação da unidade (item 7, cláusula 4ª).
</p>
<p>Isto consignado, é de se salientar ainda, que em atendimento à diligência
</p>
<p>ministerial retro, à fl. 600, foi acostado documento pela Secretaria Municipal de Saúde,
</p>
<p>informando que o Sistema de Controle Eletrônico de Ponto já foi implementado e está
</p>
<p>operante nas respectivas Unidades de Saúde.
</p>
<p>Ratificando o observado em vistoria in loco nas UBS, através do expediente
</p>
<p>colacionado às fls. 605/606, resumidamente, o Conselho Municipal de Saúde informou,
</p>
<p>no que tange aos relatórios de inspeções confeccionados nos anos de 2017 e 2018, e a
</p>
<p>adequação de sua página virtual aos termos estabelecidos no TAJ:  a) ainda não foi
</p>
<p>adquirido o Projetor Multimídia estimado em R$ 2.106,66 (dois mil cento e seis reais e
</p>
<p>sessenta  e seis  centavos);  b) o  veículo  voltado ao uso  das  atividades  finalísticas  do
</p>
<p>Conselho tem sido disponibilizado por 3 (três) dias por semana, no período de 7h as
</p>
<p>11h,  salvo  quando  solicitado  integralmente  ou  em  outros  dias  na  semana;  c)  a
</p>
<p>Secretaria Municipal de Saúde não dispôs até o momento de servidores aprovados no
</p>
<p>concurso da Prefeitura Municipal para exercer o cargo de auxiliar administrativo, mas
</p>
<p>contratou  estagiários  sob  remuneração  até  01/08/2018;  d) os  recursos  para  o
</p>
<p>desempenho das  atividades  do Conselho  têm sido  garantidos  anualmente;  e) estão
</p>
<p>sendo inseridas e atualizadas na página virtual da Prefeitura Municipal as informações
</p>
<p>do Conselho, mas não há página virtual própria com ferramentas específicas voltada à
</p>
<p>divulgação, à formalização de denúncias e às dúvidas e/ou sugestões pela população; f)
</p>
<p>a Secretaria municipal de Saúde tem cumprido os prazos para o encaminhamento de
</p>
<p>prestações  de  contas,  relatórios  e  planos  ou  projetos  que  devam ser  submetidos  à
</p>
<p>aprovação do Conselho.
</p>
<p>Além  disso,  informou  que  em  relação  à  implantação  de  ponto
</p>
<p>eletrônico, a Secretaria Municipal de Saúde cumpriu com a meta planejada.
</p>
<p>E por fim, encaminhou: 1)  Relatórios de Visitas técnicas realizadas in loco
</p>
<p>nas Unidades de Saúde de Corumbá/MS (fls.  607/659 e 686/696); 2) Relatório de
</p>
<p>Rua Cuiabá, 1.640, Bairro Dom Bosco, Corumbá/MS – CEP 79331-100
Fone (67) 3234-4500 – Fax (67) 3234-4545                                                                                                        10/14</p>
<p />
</div>
<div class="page"><p />
<p>Inspeção nº 002/2018 (fls. 660/671) confeccionado pelo Núcleo de Vigilância Sanitária
</p>
<p>em diligência empreendida na Casa dos Conselhos de Corumbá/MS, em 11 de abril de
</p>
<p>2018, com a conclusão de situação INSATISFATÓRIA;  2)  Relatório de Fiscalização nº
</p>
<p>003/2018 (fls.  672/677) realizado pelo Centro de Referência Regional em Saúde do
</p>
<p>Trabalhador – CEREST na Casa dos Conselhos de Corumbá/MS, em 11 de abril  de
</p>
<p>2018, observando-se que “o  prédio onde funciona a Casa dos Conselhos condições
</p>
<p>inadequadas que comprometem a integridade física e a saúde dos trabalhadores no
</p>
<p>local.”;  3)  Relatório de vistoria realizada pelo Centro de Controle de Vetores na Casa
</p>
<p>dos Conselhos de Corumbá/MS (fls. , no qual “orienta-se com a maior brevidade (...)
</p>
<p>métodos de controle rotineiro e necessidade de reparo, manutenção e cuidados com
</p>
<p>todos os tipos de depósitos e matérias orgânicas em decomposição (área externa, ralos
</p>
<p>e caixas de gordura), passíveis de proliferação aos vetores transmissores das doenças
</p>
<p>como  Dengue  (…),  Febre  Chikungunya,  Zika  Virus,  Febre  Amarela  Urbana,
</p>
<p>Leishmaniose e demais endemias, no prédio da Casa dos Conselhos.”
</p>
<p>Por  derradeiro,  através  do  despacho  de  fl.  698,  foi  certificado  o
</p>
<p>comparecimento  da  secretária-executiva  e  da  presidente  do  Conselho  Municipal  de
</p>
<p>Saúde, Nely Ramona da Costa Santos e Leia Vilava de Moraes, respectivamente, para
</p>
<p>tratar do presente apuratório, tendo as mesmas comunicado a premente necessidade do
</p>
<p>Conselho em obter um servidor que desempenhe os serviços administrativos, tendo em
</p>
<p>vista  que atualmente,  para tanto,  contam apenas  com uma estagiária  cujo  contrato
</p>
<p>vencerá em julho do ano corrente.
</p>
<p>É o relatório.
</p>
<p>Como relatado, o presente procedimento foi instaurado em 2012 com o
</p>
<p>fim de acompanhar o fiel cumprimento do Termo de Acordo Judicial celebrado entre o
</p>
<p>Ministério Público Federal, o município de Corumbá/MS, a Secretaria Municipal de Saúde
</p>
<p>de Corumbá e o Conselho Municipal de Saúde de Corumbá/MS, em 24/02/2012, no
</p>
<p>bojo  da  Ação  Civil  Pública  nº  2009.60.04.000918-1  (arquivada  em  18/11/2014),
</p>
<p>originada do Inquérito Civil Público nº 1.21.004.0000026/2009-89 (cf. fls. 03/11).
</p>
<p>No  aludido  instrumento  restou  avençado,  em  apertada  síntese,  que  o
</p>
<p>Rua Cuiabá, 1.640, Bairro Dom Bosco, Corumbá/MS – CEP 79331-100
Fone (67) 3234-4500 – Fax (67) 3234-4545                                                                                                        11/14</p>
<p />
</div>
<div class="page"><p />
<p>Município  de  Corumbá/MS  e  a  Secretaria  Municipal  de  Saúde  de  Corumbá/MS,
</p>
<p>deveriam implementar, executar e concluir ações voltadas a dotar o Conselho Municipal
</p>
<p>de Saúde e as Unidades Básicas de Saúde, que atuam nas estratégias de Atenção Básica
</p>
<p>em  Saúde  com  o  aporte  de  recursos  federais,  de  estrutura  física,  de  pessoal,  de
</p>
<p>equipamentos  (especialmente,  com a instalação do controle  de frequência eletrônico
</p>
<p>para  os  colaboradores)  e  de  insumos  compatíveis  com  as  atividades  que  são
</p>
<p>desenvolvidas, com adequadas condições de salubridade e higiene.
</p>
<p>Doutro  norte,  o  Conselho  Municipal  de  Saúde  de  Corumbá/MS,  ficou
</p>
<p>encarregado de realizar inspeções para acompanhar o cumprimento das obrigações ali
</p>
<p>pactuadas e deliberar acerca das prestações de contas e outros documentos nos prazos
</p>
<p>previstos em lei.
</p>
<p>Compulsando os elementos coligidos aos autos em epígrafe, notadamente
</p>
<p>através do Relatório confeccionado pelo Técnico de Segurança Institucional e Transporte
</p>
<p>lotado nesta Procuradoria da República (583-595-v), na ocasião das vistorias  in loco
</p>
<p>realizadas entre os dias 04 e 12 de abril  de 2018 nas aludidas UBS e no Conselho
</p>
<p>Municipal  de  Saúde,  bem  como  pelos  documentos  apresentados  pela  Secretaria
</p>
<p>Municipal  de  Saúde  de  Corumbá/MS  e  pelo  Conselho  Municipal  de  Saúde  de
</p>
<p>Corumbá/MS,  carreados  às  fls.  599/696,  é  possível  depreender  que  as  obrigações
</p>
<p>firmadas no TAJ foram   adimplidas substancialmente   pelos compromissários.
</p>
<p>Dessarte,  em  razão  do  grande  lapso  temporal  transcorrido  desde  a
</p>
<p>celebração  do  TAJ  (mais  de  06  anos),  muitas  irregularidades  verificadas  no  local
</p>
<p>surgiram posteriormente, principalmente no que concerne às questões estruturais e às
</p>
<p>condições de higiene e salubridade das unidades, suscitando, ademais, dúvidas quanto
</p>
<p>à atribuição deste   parquet federal   para persegui-las.
</p>
<p>Com  efeito,  das  irregularidades  verificadas,  é  relevante  destacar:  a)
</p>
<p>persistência de defeitos na estrutura física da sede do Conselho Municipal de Saúde e
</p>
<p>das  Unidades  Básicas  de Saúde em tela,  como infiltrações,  rachaduras,  defeitos  na
</p>
<p>instalação  elétrica,  estrutura  de  sanitários,  acessibilidade  inadequada  etc;  b)
</p>
<p>insuficiência de equipamentos, móveis e pessoal; e c) condições insalubres à saúde dos
</p>
<p>Rua Cuiabá, 1.640, Bairro Dom Bosco, Corumbá/MS – CEP 79331-100
Fone (67) 3234-4500 – Fax (67) 3234-4545                                                                                                        12/14</p>
<p />
</div>
<div class="page"><p />
<p>trabalhadores e da população (cf. relatório de fls. 660/671).
</p>
<p>Considerando,  no  entanto,  o  adimplemento  substancial  das  cláusulas
</p>
<p>firmadas no TAJ, e que em questões relacionadas à estrutura das Unidades Básicas de
</p>
<p>Saúde da Família e do Conselho Municipal de Saúde (como, por exemplo, aquisição de
</p>
<p>mesas  e  cadeiras,  infiltrações  e  rachaduras  em  algumas  paredes  e  aquisição  de
</p>
<p>computadores),  bem como à necessidade de contratação,  pelo município,  de  novos
</p>
<p>servidores,  não  se  verifica  interesse  direto  da  União,  falecendo,  consequentemente,
</p>
<p>atribuição  desta  Procuradoria  da  República  para  analisar  e  processar  tais  fatos,  o
</p>
<p>arquivamento do presente Inquérito Civil é medida que se impõe. 
</p>
<p>Assim, não obstante o lapso temporal transcorrido, bem como o acima
</p>
<p>delineado, não é de se olvidar que a continuidade da apuração no que diz respeito às
</p>
<p>irregularidades  ainda  existentes  é  imprescindível,  principalmente  por  se  tratar  de
</p>
<p>questões  que,  invariavelmente,  prejudicam  a  qualidade  na  prestação  do  serviço
</p>
<p>municipal de saúde, essencial à sociedade. 
</p>
<p>Desse  modo,  cópias  do  relatório  técnico  elaborado  pelo  Técnico
</p>
<p>Institucional do MPF às fls. 583/595-v e dos documentos de fls. 605/696, devem ser
</p>
<p>remetidas  ao Ministério  Público Estadual  para  a  adoção das  medidas  que entender
</p>
<p>cabíveis. 
</p>
<p>Ante o exposto, por entender que os fatos noticiados foram devidamente
</p>
<p>apurados  por  esta  Procuradoria  da  República,  e  que  não  existem  elementos  que
</p>
<p>denotem  outras  irregularidades  a  serem  processadas  por  este  órgão  ministerial,
</p>
<p>PROMOVO O   ARQUIVAMENTO     do presente Inquérito Civil.
</p>
<p>Por fim, determino a extração de cópias das fls. 583/595-v e 605/696 do
</p>
<p>presente  procedimento,  com  a  posterior  remessa  à  Promotoria  de  Justiça  de
</p>
<p>Corumbá/MS.
</p>
<p>Remetam-se  os  autos  à  1ª  Câmara  de  Coordenação  e  Revisão  do
</p>
<p>Ministério Público Federal,  em até 03 (três) dias, para análise e eventual homologação
</p>
<p>Rua Cuiabá, 1.640, Bairro Dom Bosco, Corumbá/MS – CEP 79331-100
Fone (67) 3234-4500 – Fax (67) 3234-4545                                                                                                        13/14</p>
<p />
</div>
<div class="page"><p />
<p>do arquivamento ora promovido, em atenção ao disposto no art.  9º, §1º, da Lei nº
</p>
<p>7.347/1985 c/c art. 17, § 2º, da Resolução nº 87/2010 do CSMPF. 
</p>
<p>Por derradeiro, considerando que a instauração do expediente se deu em
</p>
<p>razão de dever  de ofício,  entende-se  inaplicável  o  disposto  no  artigo 17,  §  1º,  da
</p>
<p>Resolução nº 87/2006, do CSMPF.
</p>
<p>Corumbá/MS, 27 de junho de 2018.
</p>
<p>GABRIELA DE GÓES ANDERSON MACIEL TAVARES CÂMARA
Procuradora da República
</p>
<p>CCPA
</p>
<p>Rua Cuiabá, 1.640, Bairro Dom Bosco, Corumbá/MS – CEP 79331-100
Fone (67) 3234-4500 – Fax (67) 3234-4545                                                                                                        14/14</p>
<p />
</div>
</body></html>