<?xml version="1.0" encoding="UTF-8"?>
<html xmlns="http://www.w3.org/1999/xhtml">
<head>
<meta name="pdf:PDFVersion" content="1.4" />
<meta name="pdf:docinfo:title" content="PARECER Nº             01/DLF" />
<meta name="xmp:CreatorTool" content="Writer" />
<meta name="access_permission:modify_annotations" content="true" />
<meta name="access_permission:can_print_degraded" content="true" />
<meta name="dc:creator" content="PROCURADORIA DA REPUBLICA" />
<meta name="tika_batch_fs:relative_path" content="38865747.pdf" />
<meta name="language" content="pt-BR" />
<meta name="dcterms:created" content="2017-07-05T16:53:35Z" />
<meta name="dc:format" content="application/pdf; version=1.4" />
<meta name="pdf:docinfo:creator_tool" content="Writer" />
<meta name="access_permission:fill_in_form" content="true" />
<meta name="pdf:encrypted" content="false" />
<meta name="dc:title" content="PARECER Nº             01/DLF" />
<meta name="Content-Length" content="114342" />
<meta name="X-TIKA:digest:MD5" content="80491ebb27454de9433941bc572f54ee" />
<meta name="Content-Type" content="application/pdf" />
<meta name="pdf:docinfo:creator" content="PROCURADORIA DA REPUBLICA" />
<meta name="X-Parsed-By" content="org.apache.tika.parser.DefaultParser" />
<meta name="X-Parsed-By" content="org.apache.tika.parser.pdf.PDFParser" />
<meta name="creator" content="PROCURADORIA DA REPUBLICA" />
<meta name="dc:language" content="pt-BR" />
<meta name="meta:author" content="PROCURADORIA DA REPUBLICA" />
<meta name="meta:creation-date" content="2017-07-05T16:53:35Z" />
<meta name="created" content="Wed Jul 05 13:53:35 BRT 2017" />
<meta name="access_permission:extract_for_accessibility" content="true" />
<meta name="access_permission:assemble_document" content="true" />
<meta name="xmpTPg:NPages" content="8" />
<meta name="Creation-Date" content="2017-07-05T16:53:35Z" />
<meta name="resourceName" content="38865747.pdf" />
<meta name="access_permission:extract_content" content="true" />
<meta name="access_permission:can_print" content="true" />
<meta name="tika:file_ext" content="pdf" />
<meta name="Author" content="PROCURADORIA DA REPUBLICA" />
<meta name="producer" content="LibreOffice 5.0" />
<meta name="access_permission:can_modify" content="true" />
<meta name="pdf:docinfo:producer" content="LibreOffice 5.0" />
<meta name="pdf:docinfo:created" content="2017-07-05T16:53:35Z" />
<title>PARECER Nº             01/DLF</title>
</head>
<body><div class="page"><p />
<p>Referência: Inquérito Civil nº. 1.11.000.000874/2012-70
</p>
<p>PROMOÇÃO DE ARQUIVAMENTO
</p>
<p>Trata-se Inquérito Civil instaurado em virtude de representação levada a efeito
</p>
<p>pelo Segundo Comando Aéreo Regional, na qual noticia possível construção irregular de
</p>
<p>edificação contando com 20 andares em localidade que arriscaria à segurança de operações
</p>
<p>aéreas, principalmente, no tocante às aquelas realizadas no Aeroclube de Alagoas.
</p>
<p>Desta  feita,  a  representação  versava  apenas  sobre  a  possível  construção
</p>
<p>irregular  dos  empreendimentos  Aldepark  (pertencente  a  Construtora  Moura  Debeux)  e
</p>
<p>Felicitá (pertencente a Construtora Marroquim), devido à violação da Superfície Horizontal
</p>
<p>Interna de 15,00 (quinze metros) do Plano Básico de Zona de Proteção do Aeroclube de
</p>
<p>Alagoas, Maceió/AL.
</p>
<p>Com efeito,  ante  as  informações  colhidas  junto  à  antiga  Superintendência
</p>
<p>Municipal  de  Controle  Urbano  –  SMCCU,  bem  como  ratificada  pela  Construtora
</p>
<p>Marroquim,  verifica-se  que  houve  a  desistência  da  obra  referente  ao  empreendimento
</p>
<p>Felicitá, subsistindo apenas o Aldepark, que na época, dada a fase da obra, encontrava-se
</p>
<p>devidamente licenciado e com alvará de construção. 
</p>
<p>O Município informou que em 4/1/13 o COMAER enviou documento, por
</p>
<p>meio do qual emitia parecer favorável à construção do empreendimento Aldepark, fls. 63-
</p>
<p>64.
</p>
<p>Percebeu-se,  pois,  ter  havido uma mudança de entendimento  do Comando
</p>
<p>Aéreo  Regional  no  que  concerne  à  regularidade  da  construção  do  empreendimento
</p>
<p>Aldepark.
</p>
<p>Instado a se manifestar no tocante a mudança de posicionamento, o Segundo
</p>
<p>Comando  Aéreo  Regional  encaminhou  o  Ofício  nº.:  290/AJUR-2/16837,  fls.  84-85,
</p>
<p>informando que para a emissão do Parecer nº.: 899/CIDACTA III de 23/8/12 desfavorável à
</p>
<p>Av. Juca Sampaio, n.º 1800, Barro Duro, Maceió-AL, CEP 57.045-365. Telefone: (0xx82) 2121-1400                                                             
1/3</p>
<p />
</div>
<div class="page"><p />
<p>construção do empreendimento Aldepark, fora considerado apenas o registro do Aeroclube
</p>
<p>de Alagoas no Cadastro de Aeródromos da ANAC.
</p>
<p>Contudo, posteriormente em análise do recurso administrativo manejado pela
</p>
<p>Construtora Moura Debeux, verificou-se que o aeródromo não havia apresentado o seu
</p>
<p>Plano de Zona de Proteção de Aeródromo ao referido Comando Aéreo, o que contrariava a
</p>
<p>legislação vigente. Explica que havendo o dito plano o parecer seria contrário à construção.
</p>
<p>Alfim,  ratifica  o  Parecer  Técnico  nº.:  1289  de  20/12/2012  favorável  à  construção  do
</p>
<p>edifício.
</p>
<p>Desta feita, informou o Segundo COMAR que como o Aeroclube de Alagoas
</p>
<p>não possuía o Plano Básico de Zona de Proteção aprovado pelo órgão competente – não há
</p>
<p>o que se falar em observância de área de proteção aérea por terceiros. 
</p>
<p>Informa,  ainda  mais,  o  COMAR,  às  fls.  86-87,  que  o  CINDACTA  III
</p>
<p>(Terceiro Centro Integrado de Defesa Aérea e Controle de Tráfego Aéreo), por meio da
</p>
<p>Portaria nº256/GC5, de 13 de maio de 2011, determinou o prazo máximo de um ano para
</p>
<p>que a Administração Aeroportuária Local (AAL) de Aeródromos/ Helipontos, Públicos ou
</p>
<p>Privados, encaminhassem ao respectivo COMAR os Planos Básicos de Zona de Proteção de
</p>
<p>Aeródromo e de Heliponto.  
</p>
<p>Entretanto,  o prazo esgotou-se no dia 13/05/2012 sem que o Aeroclube de
</p>
<p>Alagoas enviasse o Plano de Proteção requerido, sendo este encaminhado ao 2º COMAR
</p>
<p>apenas em 30/10/2012 (conforme alega o próprio Aeroclube à fl. 92).
</p>
<p>Acrescentam o 2º COMAR (fls. 86-87) e o Aeroclube (fl. 92), que o Plano de
</p>
<p>Proteção encaminhado por este último não foi aprovado pelo Departamento de Controle do
</p>
<p>Espaço Aéreo (DECEA), uma vez que não atendia os requisitos normativos.
</p>
<p>O 2º  COMAR solicitou  ao  Aeroclube  informações  complementares  para  a
</p>
<p>validação do referido  Plano  Básico  de  Zona  de  Proteção,  mas  o  aeródromo quedou-se
</p>
<p>inerte.
</p>
<p>Av. Juca Sampaio, n.º 1800, Barro Duro, Maceió-AL, CEP 57.045-365. Telefone: (0xx82) 2121-1400                                                             
2/3</p>
<p />
</div>
<div class="page"><p />
<p>A  ANAC  foi  instada  a  programar  e  realizar,  com  máxima  urgência,
</p>
<p>fiscalização  no  Aeroclube  de  Alagoas,  aeródromo  com  inscrição  renovada  a  partir  da
</p>
<p>Portaria  ANAC nº  224/SIA de  09  de  fevereiro  de  2011,  no  intuito  de  verificar  se  os
</p>
<p>empreendimentos Aldepark traria algum risco/ interferência às atividades desenvolvidas no
</p>
<p>referido aeródromo.
</p>
<p>Em  resposta,  à  fls.  97-98,  a  ANAC  informou  que  a  análise  sobre  a
</p>
<p>interferência de empreendimentos na segurança do aeródromo é atribuição do COMAER. 
</p>
<p>Desse  modo,  caberia  a  este  órgão  inspecionar  e  avaliar  eventuais  riscos
</p>
<p>operacionais no tocante à presença de obstáculos na área do Plano de Zona de Proteção,
</p>
<p>assim como cabe a ele aprovar e fiscalizar os Planos Básicos de Zoneamento de Proteção de
</p>
<p>Aeródrmo  (PBZPA),  os  quais  servem  de  referência  para  aprovação  ou  não  de  novas
</p>
<p>construções ou quaisquer instalações no entorno portuário.
</p>
<p>A  ANAC  esclareceu  ainda  que  os  Municípios  devem  compatibilizar  o
</p>
<p>zoneamento  do  uso  do  solo  nas  áreas  vizinhas  aos  aeródromos  às  restrições  especiais
</p>
<p>constantes dos Planos Básicos e Específicos de Proteção aprovados pelo COMAER; ao
</p>
<p>efetivar  essa compatibilização,  a  legislação municipal  inclui  disposições  dos PBZA nos
</p>
<p>Planos Diretores da Cidade.
</p>
<p>Oficiou-se  ao  Aeroclube,  à  fl.  135,  para  que  fossem  esclarecidas  se  as
</p>
<p>informações complementares requeridas pelo 2º COMAR foram coletadas e enviadas. Na
</p>
<p>mesma oportunidade determinou-se que fosse oficiado ao COMAER para programação e
</p>
<p>realização, com máxima urgência, de fiscalização no Aeroclube de Alagoas, na qualidade
</p>
<p>de órgão responsável por inspecionar e avaliar riscos operacionais no tocante à presença de
</p>
<p>obstáculos na área do Plano de Zona de Proteção de Aeródromo.
</p>
<p>Instado  a  se  manifestar  o  Aeroclube,  fl.  139,  informou  que  o  técnico
</p>
<p>contratado para a elaboração do jogo de plantas (o qual compõe a proposta do Plano Básico
</p>
<p>de Zona de Proteção do Aeroclube de Alagoas) tem encontrado dificuldades para identificar
</p>
<p>e corrigir as desconformidades documentais apontadas pelo 2º COMAR – motivo pelo qual
</p>
<p>restava obstada a continuidade do procedimento. 
</p>
<p>Av. Juca Sampaio, n.º 1800, Barro Duro, Maceió-AL, CEP 57.045-365. Telefone: (0xx82) 2121-1400                                                             
3/3</p>
<p />
</div>
<div class="page"><p />
<p>Com isso,  aduz o Aeroclube que aguarda um retorno por parte do técnico
</p>
<p>contratado para que de posse do material corrigido possa encaminhá-lo à apreciação do 2º
</p>
<p>COMAR.
</p>
<p>O  COMAER,  fl.  140-144,  informou  que  a  fiscalização  de  aeródromos
</p>
<p>compete  à  Administração  Aeroportuária  Local  e  à  ANAC.  Todavia,  no  tocante  ao
</p>
<p>empreendimento Aldepark, reiterou os termos do Parecer nº 1289/CINDACTA, de 20 de
</p>
<p>dezembro de 2012, o qual conclui que a implantação do empreendimento não causará efeito
</p>
<p>adverso à segurança e à regularidade das operações aéreas. 
</p>
<p>Em consulta ao site da ANAC, verificou-se que a inscrição do Aeroclube de
</p>
<p>Alagoas no cadastro de Aeródromos foi renovada por meio da Portaria ANAC nº 2545/SIA,
</p>
<p>de 30 de setembro de 2013 (em anexo), com a validade de 10 (dez) anos, fl. 148.
</p>
<p>Expediu-se a Recomendação nº.: 21/2015 direcionada ao Aeroclube, fls. 149-
</p>
<p>152, no sentido de que encaminhasse as informações complementares solicitadas pelo 2º
</p>
<p>COMAR para validação de seu Plano Básico de Zona de Proteção no prazo de 90 dias,
</p>
<p>visando  regularizar  sua  situação,  sob  pena  de  suspensão  ou  cassação  de  licenças  ou
</p>
<p>autorizações para funcionamento.
</p>
<p>Oficiou-se à  ANAC, fl.  153, solicitando cópia do Parecer do Comando da
</p>
<p>Aeronáutica quanto à segurança da navegação aérea constante no processo de inscrição do
</p>
<p>Aeroclube de Alagoas no cadastro de aeródromos, bem como para que informasse quais
</p>
<p>providências foram adotadas para o cancelamento desse cadastro diante  da ausência do
</p>
<p>Plano Básico de Zona de Proteção de Aeroclube de Alagoas;
</p>
<p>O Aeroclube, fl. 155, por meio do Ofício nº.: 019/2015 manifestou-se assente
</p>
<p>aos  termos da  recomendação,  tendo informado que seu processo referente  ao Plano de
</p>
<p>Proteção  junto  ao  COMAR  ainda  estava  ativo,  apenas  aguardando  as  informações
</p>
<p>complementares solicitadas.
</p>
<p>Aduz,  ainda  mais,  que  manteve  contato  com o  CREA/AL,  no  sentido  de
</p>
<p>identificar  profissionais  habilitados  que  auxiliassem  na  atualização,  complementação  e
</p>
<p>Av. Juca Sampaio, n.º 1800, Barro Duro, Maceió-AL, CEP 57.045-365. Telefone: (0xx82) 2121-1400                                                             
4/3</p>
<p />
</div>
<div class="page"><p />
<p>possíveis correções das plantas que compõe o Plano de Proteção, para que, então, pudesse
</p>
<p>encaminhá-lo, no prazo de 30 (trinta) dias, ao COMAR II.
</p>
<p>À fl. 169, a ANAC informou que o mais recente procedimento de inscrição do
</p>
<p>Aeroclube foi motivado pelo pedido de regularização cadastral ter sido protocolizado em
</p>
<p>23/08/2013 – data posterior ao prazo de validade do cadastro anterior, qual seja 08/07/2013.
</p>
<p>Ademais,  a ANAC informa que o pedido de reinscrição fora efetivado em
</p>
<p>tempo hábil, tendo o aeródromo continuado aberto para o tráfego, razão pela qual não foi
</p>
<p>exigida nova apresentação de parecer do Comando da Aeronáutica quanto à segurança da
</p>
<p>navegação aérea.
</p>
<p>Esclarece a ANAC que o Plano Básico de Zona de Proteção de Aeródromo
</p>
<p>(PBZPA) não se confunde com o parecer acima mencionado, sendo o plano matéria de
</p>
<p>competência do DECEA/COMAER, ao qual cabe providenciar a eventual interdição do
</p>
<p>aeródromo em razão da ausência do citado plano. 
</p>
<p>Por  fim,  a  ANAC ressaltou  que,  até  aquele  momento,  não  havia  recebido
</p>
<p>nenhuma comunicação quanto à necessidade de exclusão do aeródromo SNGS do cadastro
</p>
<p>por ausência de apresentação do PBZPA.   
</p>
<p>Às fls.  171-172, o Aeroclube informou que protocolou no dia  21/11/2015,
</p>
<p>junto ao COMAR II, a documentação completar solicitada pela instituição.
</p>
<p>Designou-se  reunião  para  o  dia  15  de  junho  de  2016,  às  16h,  conforme
</p>
<p>despacho de fls. 173-175.
</p>
<p>Documentação colacionada pela ANAC às fls. 181-192.
</p>
<p>Ata  de  Reunião  acostada  às  fls.  195-197,  contando  com  a  presença  de
</p>
<p>representantes  do  CINDACTA  III,  representantes  do  II  COMAR,  representantes  do
</p>
<p>Aeroclube de Alagoas e do Brigadeiro Luiz Ricardo de Souza Nascimento, Chefe do Sub-
</p>
<p>departamento de Operações do DECEA.
</p>
<p>Na oportunidade restaram esclarecidos os seguintes pontos:
</p>
<p>Av. Juca Sampaio, n.º 1800, Barro Duro, Maceió-AL, CEP 57.045-365. Telefone: (0xx82) 2121-1400                                                             
5/3</p>
<p />
</div>
<div class="page"><p />
<p>1) as duas manifestações do COMAR, a primeira contrária e a segunda
</p>
<p>favorável,  deu-se no intervalo em que houve mudança de legislação;
</p>
<p>ressaltando  que  na  vigência  da  legislação  anterior  privilegiava-se  a
</p>
<p>proteção do aeródromo, o que justificou a emissão de parecer contrário,
</p>
<p>ao passo que com a nova legislação (2011), em não sendo apresentado o
</p>
<p>plano  e  considerando  que  estava  se  tratando  aeroclube  privado,
</p>
<p>mostrou-se  razoável  a  mudança  de  posicionamento  autorizando  a
</p>
<p>construção nos arredores. Ocorrera o confronto de interesses privados;
</p>
<p>2) na oportunidade o aeródromo encontrava-se fechado ante a ausência
</p>
<p>de apresentação do plano, no entanto, caso fosse apresentado o plano
</p>
<p>em conformidade com a legislação este seria aprovado e o aeroclube
</p>
<p>retomaria suas atividades;
</p>
<p>3) o Aeroclube justificou que não houve o protocolo do plano em razão
</p>
<p>da mudança no processamento junto ao órgão competente;
</p>
<p>4)  Alfim,  o  Comandante  do  CINDACTA  III  asseverou  que  daria
</p>
<p>prioridade na análise do plano, assinalando que normativamente existe
</p>
<p>um prazo de 60 dias.
</p>
<p>Expediu-se ofício ao  Comando do CINDACTA III solicitando informações
</p>
<p>atualizadas sobre o plano.
</p>
<p>O Comandante do CINDACTA III por meio do Ofício nº.: 14/AJUR/7687, fls.
</p>
<p>200-201 informou que o Aeroclube de Alagoas está operando normalmente e que o Plano
</p>
<p>Básico de Zona de Proteção foi apresentado ao referido Centro encontrando-se em processo
</p>
<p>de análise no Instituto de Cartografia Aeronáutica, para fins de conclusão do processo. 
</p>
<p>É o relatório no que tem de essencial.
</p>
<p>Pois  bem,  ao  longo  da  instrução  restaram elucidados  os  dois  pontos  que
</p>
<p>consistiam  o  cerne  da  investigação,  quais  sejam  a  possível  construção  irregular  de
</p>
<p>edificação nos arredores do Aeroclube, podendo comprometer a segurança de operações
</p>
<p>Av. Juca Sampaio, n.º 1800, Barro Duro, Maceió-AL, CEP 57.045-365. Telefone: (0xx82) 2121-1400                                                             
6/3</p>
<p />
</div>
<div class="page"><p />
<p>aéreas e a inexistência de Plano de Zona de Proteção de Aeródromo para o Aeroclube de
</p>
<p>Alagoas contrariando os termos da legislação vigente.
</p>
<p>Dessa forma, no que pertine a construção do Residencial Aldepark observou-
</p>
<p>se a  legalidade do procedimento de autorização da obra,  tendo sido esclarecido que as
</p>
<p>circunstâncias  fáticas  vigentes  contribuíram  para  a  emissão  do  Parecer  nº
</p>
<p>1289/CINDACTA, de 20 de dezembro de 2012, favorável, de maneira que a  implantação
</p>
<p>do empreendimento não causaria efeito adverso à segurança e à regularidade das operações
</p>
<p>aéreas. 
</p>
<p>De  outro  norte,  acerca  da  inexistência  de  Plano  de  Zona  de  Proteção  de
</p>
<p>Aeródromo  para  o  Aeroclube  de  Alagoas  verificou-se  que  a  documentação  fora
</p>
<p>encaminhada ao 2º COMAR extemporaneamente; e, não fora aprovada pelo Departamento
</p>
<p>de Controle do Espaço Aéreo (DECEA), uma vez que não atendia os requisitos normativos.
</p>
<p>Com isso, o 2º COMAR solicitou ao Aeroclube informações complementares
</p>
<p>para a validação do referido Plano Básico de Zona de Proteção, mas o aeródromo quedou-
</p>
<p>se inerte.
</p>
<p>Neste interregno o Aeroclube contou com a paralisação de suas atividades.
</p>
<p>Sendo  assim,  foram  empreendidas  diligências  fiscalizatórias  em  torno  da
</p>
<p>questão a fim de que o aeródromo regularizasse a situação.
</p>
<p>Alfim, consoante o Ofício nº.: 14/AJUR/7687, fls. 200-201 encaminhado pelo
</p>
<p>Comandante do CINDACTA III, datado de 5 de abril de 2017, tem-se que, atualmente, o
</p>
<p>Aeroclube  de  Alagoas  está  operando  com normalidade,  e  o  Plano  Básico  de  Zona  de
</p>
<p>Proteção encontra-se na fase de conclusão junto ao Instituto de Cartografia Aeronáutica. 
</p>
<p>Nesta toada, percebe-se que as irregularidades ensejadoras da instauração do
</p>
<p>presente inquérito  restaram sanadas,  tanto que o Plano Básico de Zona de Proteção do
</p>
<p>Aeroclube  fora  apresentado  em  conformidade  com  as  normas,  contando  com  parecer
</p>
<p>favorável para operação emitido pelo III CINDACTA; estando em vias de finalização pelo
</p>
<p>ICA, 
</p>
<p>Av. Juca Sampaio, n.º 1800, Barro Duro, Maceió-AL, CEP 57.045-365. Telefone: (0xx82) 2121-1400                                                             
7/3</p>
<p />
</div>
<div class="page"><p />
<p>Desse modo, restando sanadas as irregularidades, não mais subsistem motivos
</p>
<p>justificadores da continuidade de tramitação deste inquérito civil, razão pela qual promovo
</p>
<p>o  seu  ARQUIVAMENTO nos  termos  do  artigo  4º,  inciso  V,  da  Resolução  nº  87,  do
</p>
<p>Conselho Superior do Ministério Público Federal – CSMPF.
</p>
<p>                  Em atendimento ao disposto no §1º do artigo 17 da Resolução n. 87/2006 do
</p>
<p>Conselho  Superior  do  Ministério  Público  Federal,  cientifique  o  representante  acerca  da
</p>
<p>possibilidade de apresentação, no prazo de 10 (dez) dias, de razões escritas ou documentos,
</p>
<p>diretamente à 1ª CCR.
</p>
<p>                  Ato contínuo, remetam-se os autos à 1ª CCR, para que delibere a respeito da
</p>
<p>presente decisão, em decorrência das disposições contidas no artigo 17, §2º, da Resolução nº
</p>
<p>87/2010 do CSMPF.
</p>
<p>Maceió/AL, 13 de junho de 2017.
</p>
<p>Marcelo Toledo Silva
Procurador Regional da República
</p>
<p>acqbe
</p>
<p>Av. Juca Sampaio, n.º 1800, Barro Duro, Maceió-AL, CEP 57.045-365. Telefone: (0xx82) 2121-1400                                                             
8/3</p>
<p />
</div>
</body></html>