<?xml version="1.0" encoding="UTF-8"?>
<html xmlns="http://www.w3.org/1999/xhtml">
<head>
<meta name="date" content="2018-08-06T19:04:50Z" />
<meta name="pdf:PDFVersion" content="1.4" />
<meta name="access_permission:modify_annotations" content="true" />
<meta name="access_permission:can_print_degraded" content="true" />
<meta name="tika_batch_fs:relative_path" content="40753626.pdf" />
<meta name="dcterms:created" content="2018-08-06T19:04:50Z" />
<meta name="Last-Modified" content="2018-08-06T19:04:50Z" />
<meta name="dcterms:modified" content="2018-08-06T19:04:50Z" />
<meta name="dc:format" content="application/pdf; version=1.4" />
<meta name="Last-Save-Date" content="2018-08-06T19:04:50Z" />
<meta name="access_permission:fill_in_form" content="true" />
<meta name="pdf:docinfo:modified" content="2018-08-06T19:04:50Z" />
<meta name="meta:save-date" content="2018-08-06T19:04:50Z" />
<meta name="pdf:encrypted" content="false" />
<meta name="modified" content="2018-08-06T19:04:50Z" />
<meta name="Content-Length" content="50659" />
<meta name="X-TIKA:digest:MD5" content="60456dd188604eb5be7f5b63921c1611" />
<meta name="Content-Type" content="application/pdf" />
<meta name="X-Parsed-By" content="org.apache.tika.parser.DefaultParser" />
<meta name="X-Parsed-By" content="org.apache.tika.parser.pdf.PDFParser" />
<meta name="meta:creation-date" content="2018-08-06T19:04:50Z" />
<meta name="created" content="Mon Aug 06 16:04:50 BRT 2018" />
<meta name="access_permission:extract_for_accessibility" content="true" />
<meta name="access_permission:assemble_document" content="true" />
<meta name="xmpTPg:NPages" content="3" />
<meta name="Creation-Date" content="2018-08-06T19:04:50Z" />
<meta name="resourceName" content="40753626.pdf" />
<meta name="access_permission:extract_content" content="true" />
<meta name="access_permission:can_print" content="true" />
<meta name="tika:file_ext" content="pdf" />
<meta name="producer" content="iText® 5.5.9 ©2000-2015 iText Group NV (AGPL-version); modified using iText® 5.5.9 ©2000-2015 iText Group NV (AGPL-version)" />
<meta name="access_permission:can_modify" content="true" />
<meta name="pdf:docinfo:producer" content="iText® 5.5.9 ©2000-2015 iText Group NV (AGPL-version); modified using iText® 5.5.9 ©2000-2015 iText Group NV (AGPL-version)" />
<meta name="pdf:docinfo:created" content="2018-08-06T19:04:50Z" />
<title></title>
</head>
<body><div class="page"><p />
<p>Inquérito Civil nº 1.29.012.000131/2012-26
 
 
</p>
<p>PROMOÇÃO DE ARQUIVAMENTO
 
</p>
<p>O presente Inquérito Civil busca apurar a existência de supostas irregularidades nas
</p>
<p>instalações físicas do IFSUL - Campus Canoas, com eventual situação de risco à saúde e à integridade
</p>
<p>física dos alunos do referido Instituto.
 
</p>
<p>Por intermédio de representação, o órgão ministerial tomou conhecimento da submissão
</p>
<p>de adolescentes a situações precárias, as quais, não raras vezes, produziam risco de saúde e
</p>
<p>exposição à violência urbana, nas dependências do Instituto Federal do Rio Grande do Sul - campus
</p>
<p>Canoas, em decorrência da inexistência de infraestrutura mínima adequada para a promoção de
</p>
<p>atividades inerentes aos fins almejados pelo Instituto.
 
</p>
<p>O Ministério Público Federal, por meio do ofício n° 970/2012, solicitou informações à
</p>
<p>reitora do Instituto Federal de Educação, Ciência e Tecnologia do Rio Grande do Sul (IFRS) quanto aos
</p>
<p>fatos narrados na denúncia, bem como requisitou fotografias e pareceres do setor de engenharia, os
</p>
<p>quais poderiam ensejar maiores esclarecimentos sobre a efetiva infraestrutura ofertada pelo Instituto.
 
</p>
<p>Por sua vez, a Direção-Geral do campus Canoas encaminhou informações relativas à
</p>
<p>infraestrutura ofertada pelo Instituto. Na ocasião, através do ofício n° 95/2012, foram explanados
</p>
<p>projetos de expansão de diversos departamentos do campus, dentre os quais podemos destacar: dois
</p>
<p>pavimentos destinados para a biblioteca, a instalação de equipamentos de automação, eletrônica e
</p>
<p>informática, a construção de um espaço destinado para o almoxarifado e a construção de um ginásio de
</p>
<p>esportes, bem como foi asseverado que o calçamento externo estava sendo efetuado.
 
</p>
<p>O órgão ministerial, em consonância com as informações colhidas a respeito da
</p>
<p>infraestrutura física do Instituto, entendeu ser plausível a realização da vistoria local, razão pela qual, no
</p>
<p>ofício n° 42/2013, a Procuradoria da República no Município de Bento Gonçalves solicitou à
</p>
<p>Procuradoria da República no Município de Canoas a realização da vistoria local, a qual poderia
</p>
<p>identificar, com maior clareza, os riscos a que estavam expostos os alunos do estabelecimento
</p>
<p>educacional.
 
</p>
<p>Ato contínuo, sobreveio ao Inquérito Civil o Parecer Técnico ASSESP PR/RS n°
</p>
<p>058/2015, no qual constou que não haviam sido tomadas providências no sentido de melhorar a
</p>
<p>infraestrutura do campus, mais precisamente quanto à construção do ginásio de esportes, bem como foi
</p>
<p>salientada a pendência de algumas adaptações de acessibilidade.
 
</p>
<p>No ofício n° 38/2016, a reitoria do Instituto Federal do Rio Grande do Sul informou que
</p>
<p>estava buscando recursos financeiros aptos a ensejarem a construção do ginásio de esportes.
 
</p>
<p>A Procuradoria da República no Município de Bento Gonçalves, ao entender que a
</p>
<p>reitoria da instituição estava promovendo implementações de benfeitorias com o escopo de melhorar a
</p>
<p>infraestrutura e ao constatar que a única questão pendente era a relacionada às atividades recreativas e
</p>
<p>PRM-CAN-RS-00002264/2018     
</p>
<p>MINISTÉRIO PÚBLICO FEDERAL
PROCURADORIA DA REPUBLICA NO MUNICÍPIO DE CANOAS-RS
</p>
<p>Pág. 1 de 3</p>
<p />
</div>
<div class="page"><p />
<p>aquecimento das aulas de educação física, as quais eram realizadas na calçada pavimentada do
</p>
<p>estacionamento, em frente da instituição, promoveu a declinação de atribuição à Procuradoria da
</p>
<p>República no Município de Canoas, sob a argumentação de que a solução da questão pendente estaria
</p>
<p>relacionada com o aumento de segurança no entorno do instituto, razão pela qual entendeu que a
</p>
<p>Procuradoria da República no Município de Canoas, tendo em vista a sua proximidade da localização
</p>
<p>do instituto, poderia promover um melhor desenlace da problemática.
 
</p>
<p>A Procuradoria da República no Município de Canoas expediu o ofício n° 877/2016
</p>
<p>requisitando à reitoria do Instituto informações atualizadas sobre o eventual lançamento do processo
</p>
<p>licitatório para construção do Ginásio de Esportes do campus Canoas.
 
</p>
<p>Logo após, aportou ao Inquérito Civil o ofício n° 378/2016, no qual foi relatado que
</p>
<p>estava previsto no RDC 08/2016 - Conclusão do Prédio Acadêmico do IFRS - campus Canoas - a
</p>
<p>limpeza, regularização, drenagem e o plantio de grama junto à bacia de amortecimento, visando a
</p>
<p>utilização deste espaço para práticas desportivas.
 
</p>
<p>Diante de tais informações, após passados mais de 09 (nove) meses, o Ministério
</p>
<p>Público Federal expediu o ofício n° 231/2017, com o intuito de obter informações atualizadas sobre a
</p>
<p>finalização da construção do Ginásio de Esportes do campus Canoas/RS.
 
</p>
<p>No decorrer do ofício n° 30/2017, a reitoria do Instituto Federal de Educação, Ciência e
</p>
<p>Tecnologia do Rio Grande do Sul informou que, apesar da inexistência de previsão para a construção
</p>
<p>de um Ginásio Poliesportivo, está em andamento uma obra relacionada à conclusão do prédio
</p>
<p>acadêmico do campus Canoas/RS, bem como salientou que, no projeto da referida obra, foi incluída a
</p>
<p>construção de uma quadra poliesportiva com esperas para cobertura. Na oportunidade, foi enviado em
</p>
<p>anexo o Termo de Contrato, no qual ficou demonstrada a veracidade das informações prestadas.
 
</p>
<p>Vislumbra-se que o presente Inquérito Civil encontra-se em tramitação há mais de 03
</p>
<p>(três) anos, porém, de outra banda, ressalta-se que este esteve em tramitação na Procuradoria da
</p>
<p>República no Município de Bento Gonçalves por 04 (quatro) anos.
 
</p>
<p>É o breve relatório.
 
</p>
<p>Assim, face à resposta apresentada pela reitoria do Instituto Federal de Educação,
</p>
<p>Ciência e Tecnologia do Rio Grande do Sul e não havendo irregularidades a serem apuradas,
</p>
<p>constato que restou exaurido o objeto deste procedimento.
 
</p>
<p>Dito isso, determino:
 
</p>
<p>a) o arquivamento dos presentes autos com fulcro no art. 9º, caput, da Lei n.
</p>
<p>7.347/1985, no art. 17, caput, da Resolução CSMPF n. 87/2006 e no art. 10, caput da Resolução CNMP
</p>
<p>n. 23/2007;
 
</p>
<p>b) encaminhe-se o feito, no prazo de até 3 (três) dias após a promoção de
</p>
<p>arquivamento, à 1ª Câmara de Coordenação e Revisão do MPF, em cumprimento ao disposto no art. 9º,
</p>
<p>§ 1º, da Lei n. 7347/1985, no art. 17, §2º, da Resolução CSMPF n. 87/2006 e no art. 10, §1º da
</p>
<p>Resolução CNMP n. 23/2007.
 
</p>
<p>c) comunique, por e-mail, esta decisão ao representante (enviar cópia), cientificando-o
</p>
<p>de que poderá, até que seja homologada ou rejeitada pela 1ª CCR do MPF, apresentar razões escritas
</p>
<p>ou documentos, que serão juntados aos autos para apreciação, nos termos do art. 17, §1º da Resolução
</p>
<p>n. 87/2010 do Conselho Superior do Ministério Público Federal e art. 9º, §2º, da Lei n. 7347/85.
</p>
<p>Pág. 2 de 3</p>
<p />
</div>
<div class="page"><p />
<p> 
 
</p>
<p>Canoas/RS, 6 de Agosto de 2018.
 
 
 
</p>
<p>CLÁUDIO TERRE DO AMARAL,
</p>
<p>Procurador da República.
</p>
<p>Pág. 3 de 3</p>
<p />
</div>
</body></html>