<?xml version="1.0" encoding="UTF-8"?>
<html xmlns="http://www.w3.org/1999/xhtml">
<head>
<meta name="date" content="2017-09-15T18:02:08Z" />
<meta name="pdf:PDFVersion" content="1.4" />
<meta name="access_permission:modify_annotations" content="true" />
<meta name="access_permission:can_print_degraded" content="true" />
<meta name="tika_batch_fs:relative_path" content="41485044.pdf" />
<meta name="dcterms:created" content="2017-09-15T18:02:08Z" />
<meta name="Last-Modified" content="2017-09-15T18:02:08Z" />
<meta name="dcterms:modified" content="2017-09-15T18:02:08Z" />
<meta name="dc:format" content="application/pdf; version=1.4" />
<meta name="Last-Save-Date" content="2017-09-15T18:02:08Z" />
<meta name="access_permission:fill_in_form" content="true" />
<meta name="pdf:docinfo:modified" content="2017-09-15T18:02:08Z" />
<meta name="meta:save-date" content="2017-09-15T18:02:08Z" />
<meta name="pdf:encrypted" content="false" />
<meta name="modified" content="2017-09-15T18:02:08Z" />
<meta name="Content-Length" content="48814" />
<meta name="X-TIKA:digest:MD5" content="d1a2c78585f7bab89979496e26c7927f" />
<meta name="Content-Type" content="application/pdf" />
<meta name="X-Parsed-By" content="org.apache.tika.parser.DefaultParser" />
<meta name="X-Parsed-By" content="org.apache.tika.parser.pdf.PDFParser" />
<meta name="meta:creation-date" content="2017-09-15T18:02:08Z" />
<meta name="created" content="Fri Sep 15 15:02:08 BRT 2017" />
<meta name="access_permission:extract_for_accessibility" content="true" />
<meta name="access_permission:assemble_document" content="true" />
<meta name="xmpTPg:NPages" content="3" />
<meta name="Creation-Date" content="2017-09-15T18:02:08Z" />
<meta name="resourceName" content="41485044.pdf" />
<meta name="access_permission:extract_content" content="true" />
<meta name="access_permission:can_print" content="true" />
<meta name="tika:file_ext" content="pdf" />
<meta name="producer" content="iText® 5.5.9 ©2000-2015 iText Group NV (AGPL-version); modified using iText® 5.5.9 ©2000-2015 iText Group NV (AGPL-version)" />
<meta name="access_permission:can_modify" content="true" />
<meta name="pdf:docinfo:producer" content="iText® 5.5.9 ©2000-2015 iText Group NV (AGPL-version); modified using iText® 5.5.9 ©2000-2015 iText Group NV (AGPL-version)" />
<meta name="pdf:docinfo:created" content="2017-09-15T18:02:08Z" />
<title></title>
</head>
<body><div class="page"><p />
<p>Inquérito Civil  1.33.011.000007/2013-29
 
 
 
 
</p>
<p>PROMOÇÃO DE ARQUIVAMENTO
 
 
</p>
<p> 
</p>
<p>Trata-se de Inquérito Civil instaurado em razão do encaminhamento, pela
</p>
<p>6ª Delegacia da Polícia Rodoviária Federal – Mafra/SC, do Boletim de Ocorrência
</p>
<p>072897 (Auto de Infração 12.671.950-7), datado de 10.07.2012, referente ao transporte
</p>
<p>de carga com excesso de peso pela empresa Florestal Itupiranga Flor e Reflor,
</p>
<p>configurando, em tese, dano ao patrimônio da União.
</p>
<p>Posteriormente, foram também instaurados nesta Procuradoria os
</p>
<p>procedimentos nºs 1.33.011.000115/2013-00 (E221077607), 1.33.011.000140/2013-85
</p>
<p>(E222134143), 1.33.015.000084/2013-49 (E22668183), 1.33.011.000025/2014-91
</p>
<p>(E227862449), 1.33.011.000020/2015-40 (E238181413) e 1.33.011.000021/2015-94
</p>
<p>(E238612635), todos decorrente do transporte de carga com excesso de peso pela
</p>
<p>empresa FLORESTAL ITUPIRANGA – FLOR E REFLOR, os quais foram apensados
</p>
<p>a estes autos em 27/04/2015 (despacho de fls. 21/22).
</p>
<p>Em diligências realizadas a fim de verificar se a empresa estava
</p>
<p>reincidindo na conduta de trafegar com excesso de peso, este Parquet oficiou em
</p>
<p>diversas oportunidade a Polícia Rodoviária Federal, com atuação nas unidades de
</p>
<p>Guaramirim e Rio Negrinho, obtendo as respostas de fls. 29/33, 49/64 e 70/75.
</p>
<p>Pois bem, dos documentos apresentados pela Polícia Rodoviária Federal,
</p>
<p>observa-se que  desde a data de 20/10/2014 não houve novas autuações em relação a
</p>
<p>empresa Florestal Itupiranga - Flor e Reflor.
</p>
<p>PRM-JRG-SC-00001604/2017     
</p>
<p>MINISTÉRIO PÚBLICO FEDERAL
PROCURADORIA DA REPUBLICA NO MUNICÍPIO DE JARAGUÁ DO SUL
</p>
<p> 
 
</p>
<p>Pág. 1 de 3</p>
<p />
</div>
<div class="page"><p />
<p>Deste modo, embora o transporte de cargas em sobrepeso coloque em
</p>
<p>risco não só a vida do condutor e os demais que trafegam pelo sistema viário, além de
</p>
<p>danificar a pavimentação, causando o aumento do número de buracos e afundamentos, o
</p>
<p>caso em tela, não reflete em continuidade ou habitualidade no transporte excessivo de
</p>
<p>carga.
</p>
<p>Com efeito, cediço é que o transporte excessivo de carga gera infração as
</p>
<p>normas de trânsito, o que somado ao fato narrado alhures, torna a autuação efetuada
</p>
<p>pelo Departamento de polícia Rodoviária Federal medida coercitiva suficiente para
</p>
<p>inibir o ato ilícito.
</p>
<p>Outrossim, no intuito de resguardar o patrimônio público e social, o
</p>
<p>Ministério Público Federal, manterá sistema de dados e informações, de modo a
</p>
<p>possibilitar a verificação de novas infrações praticadas pelos embarcadores e
</p>
<p>transportadores, cuja reincidência servirá para tomar as medidas elencadas nos incisos I
</p>
<p>a VI, do art. 4º, da Resolução nº. 87/2010, do CSMPF. Até porque a manutenção do
</p>
<p>presente procedimento, por tempo indefinido, não se mostra uma medida razoável, isto
</p>
<p>até que possa vir a ocorrer eventual reincidência. E, em havendo reincidência, mesmo
</p>
<p>assim, as medidas necessárias serão tomadas em consonância o quanto antes
</p>
<p>explicitado.
</p>
<p>Assim, não havendo providências a serem tomadas, outra alternativa não
</p>
<p>se revela mais adequada do que o arquivamento do presente feito.
</p>
<p>Nesta linha de raciocínio, a propósito, são os recentes julgados da e. 1ª
</p>
<p>câmara de coordenação e revisão do ministério público federal – direitos sociais e
</p>
<p>fiscalização de atos administrativos em geral, a exemplo do abaixo transcrito (ata da
</p>
<p>PRM-JRG-SC-00001604/2017     
</p>
<p>MINISTÉRIO PÚBLICO FEDERAL
PROCURADORIA DA REPUBLICA NO MUNICÍPIO DE JARAGUÁ DO SUL
</p>
<p> 
 
</p>
<p>Pág. 2 de 3</p>
<p />
</div>
<div class="page"><p />
<p>ducentésima nonagésima terceira sessão ordinária 23 de agosto de 2017).
 
 
 
</p>
<p>PROMOÇÃO DE ARQUIVAMENTO. TRANSPORTE DE
CARGA. EXCESSO DE PESO. RODOVIA FEDERAL.
CONDUTA NÃO RECORRENTE. 1. Autuação por transporte de
carga com excesso de peso em rodovia federal. 2. Adotadas as
medidas administrativas previstas no art. 231, V, do Código de
Trânsito Brasileiro. 3. Constatada a ausência de recorrência da
conduta, não se justifica a atuação do Ministério Público Federal
n a  p e r s p e c t i v a  d a  r e s p o n s a b i l i z a ç ã o  c i v i l .  P E L A
HOMOLOGAÇÃO.(Processo:1.22.003.000685/2015-36-Voto:
3554/2017)
</p>
<p> 
 
</p>
<p> 
</p>
<p>Em face do exposto, tome-se as seguintes providências:
</p>
<p>Promova-se o arquivamento do presente Procedimento Preparatório
</p>
<p>perante a 1ª Câmara de Coordenação e Revisão, na forma preconizada na Lei
</p>
<p>Complementar n.º 75/93, e nos artigos 9º, § 1º, da Lei n.º 7.347/85, e 17, § 2º, da
</p>
<p>Resolução n.º 87/10, do Conselho Superior do Ministério Público Federal.
 
</p>
<p>Jaraguá do Sul, 15 de setembro de 2017.
 
 
</p>
<p> 
CLAUDIO VALENTIM CRISTANI
</p>
<p>Procurador da República
 
 
 
 
</p>
<p>PRM-JRG-SC-00001604/2017     
</p>
<p>MINISTÉRIO PÚBLICO FEDERAL
PROCURADORIA DA REPUBLICA NO MUNICÍPIO DE JARAGUÁ DO SUL
</p>
<p> 
 
</p>
<p>Pág. 3 de 3</p>
<p />
</div>
</body></html>