<?xml version="1.0" encoding="UTF-8"?>
<html xmlns="http://www.w3.org/1999/xhtml">
<head>
<meta name="date" content="2016-07-22T15:04:57Z" />
<meta name="pdf:PDFVersion" content="1.4" />
<meta name="xmp:CreatorTool" content="Writer" />
<meta name="access_permission:modify_annotations" content="true" />
<meta name="access_permission:can_print_degraded" content="true" />
<meta name="tika_batch_fs:relative_path" content="41746239.pdf" />
<meta name="language" content="pt-BR" />
<meta name="dcterms:created" content="2016-07-22T15:04:56Z" />
<meta name="Last-Modified" content="2016-07-22T15:04:57Z" />
<meta name="dcterms:modified" content="2016-07-22T15:04:57Z" />
<meta name="dc:format" content="application/pdf; version=1.4" />
<meta name="Last-Save-Date" content="2016-07-22T15:04:57Z" />
<meta name="pdf:docinfo:creator_tool" content="Writer" />
<meta name="access_permission:fill_in_form" content="true" />
<meta name="pdf:docinfo:modified" content="2016-07-22T15:04:57Z" />
<meta name="meta:save-date" content="2016-07-22T15:04:57Z" />
<meta name="pdf:encrypted" content="false" />
<meta name="modified" content="2016-07-22T15:04:57Z" />
<meta name="Content-Length" content="181290" />
<meta name="X-TIKA:digest:MD5" content="8dc79b70fafd7233995cb54a3c344e82" />
<meta name="Content-Type" content="application/pdf" />
<meta name="X-Parsed-By" content="org.apache.tika.parser.DefaultParser" />
<meta name="X-Parsed-By" content="org.apache.tika.parser.pdf.PDFParser" />
<meta name="dc:language" content="pt-BR" />
<meta name="meta:creation-date" content="2016-07-22T15:04:56Z" />
<meta name="created" content="Fri Jul 22 12:04:56 BRT 2016" />
<meta name="access_permission:extract_for_accessibility" content="true" />
<meta name="access_permission:assemble_document" content="true" />
<meta name="xmpTPg:NPages" content="2" />
<meta name="Creation-Date" content="2016-07-22T15:04:56Z" />
<meta name="resourceName" content="41746239.pdf" />
<meta name="access_permission:extract_content" content="true" />
<meta name="access_permission:can_print" content="true" />
<meta name="tika:file_ext" content="pdf" />
<meta name="producer" content="LibreOffice 4.1; modified using JSignPdf 1.5.1 based on iText 2.1.7" />
<meta name="access_permission:can_modify" content="true" />
<meta name="pdf:docinfo:producer" content="LibreOffice 4.1; modified using JSignPdf 1.5.1 based on iText 2.1.7" />
<meta name="pdf:docinfo:created" content="2016-07-22T15:04:56Z" />
<title></title>
</head>
<body><div class="page"><p />
<p>MINISTÉRIO PÚBLICO FEDERAL
</p>
<p>Inquérito Civil nº 1.34.016.000045/2013-02
</p>
<p>PROMOÇÃO DE ARQUIVAMENTO
</p>
<p>Trata-se de inquérito civil  instaurado  nesta Procuradoria da
</p>
<p>República no Município de Sorocaba com o fim de verificar a regularidade
</p>
<p>no curso de graduação em Arquitetura ofertado na unidade de Sorocaba da
</p>
<p>Universidade  Paulista  –  UNIP,  mais  precisamente  sobre  a  adequação da
</p>
<p>grade curricular às exigências do MEC. 
</p>
<p>2. O procedimento foi instruído com informações prestadas pelo
</p>
<p>Ministério  da  Educação  que,  no  âmbito  do  Processo  Administrativo  nº
</p>
<p>23000.019613/2016-91, ressaltou a autonomia administrativa e pedagógica
</p>
<p>das  instituições  de  ensino,  conforme  previsto  no  artigo  12  da  Lei  nº
</p>
<p>9.394/96.  Ademais,  asseverou  que  as  instituições  de  Ensino  Superior
</p>
<p>possuem autonomia  para  proceder  à  organização  da  matriz  curricular  de
</p>
<p>seus  cursos,  observadas  as  normas  e  diretrizes  curriculares  estabelecidas
</p>
<p>pelo  MEC,  bem  como  os  demais  regramentos  que  regem  a  Educação
</p>
<p>Superior  no  país,  em  especial  a  Portaria  nº  4.059,  de  10/12/2004,  não
</p>
<p>cabendo ao referido órgão analisar questões contratuais por não se constituir
</p>
<p>instância recursal em matéria acadêmica. (fls. 31/49)
</p>
<p>3. Por fim, com relação especificamente ao curso de Arquitetura
</p>
<p>oferecido pela UNIP em Sorocaba, esclareceu que:
</p>
<p>“Consta,  que  o  curso  passa  por  processo  de  renovação  de
</p>
<p>reconhecimento de curso, sob o nº 201515067, protocolado
</p>
<p>no  dia  23/12/2015  e,  atualmente  encontra-se  na  Fase
</p>
<p>“Portaria de Ato Autorizativo”.</p>
<p />
</div>
<div class="page"><p />
<p>MINISTÉRIO PÚBLICO FEDERAL
</p>
<p>Feitas  essas  considerações  a  respeito  da  regularidade  da
</p>
<p>Instituição de Ensino Superior – IES e curso referenciado na
</p>
<p>demanda em epígrafe cabem os esclarecimentos que o curso
</p>
<p>de arquitetura e urbanismo encontra-se regular, possibilitando
</p>
<p>a oferta do curso, e a emissão de diploma, pela Universidade
</p>
<p>Paulista, conforme estabelecido no artigo 48 da LDB.” g.n.
</p>
<p>(fls. 31)
</p>
<p>4. Diante  dessas  informações,  não  foram  em  princípio
</p>
<p>comprovadas irregularidades nestes autos.
</p>
<p>5. Fica,  portanto,  promovido  o  arquivamento  deste  inquérito
</p>
<p>civil  público.  Comunique-se a representante.  Remeta-se à  1ª Câmara de
</p>
<p>Coordenação  e  Revisão  do  Ministério  Público  Federal para
</p>
<p>homologação.
</p>
<p>Sorocaba, 22 de julho de 2016.
</p>
<p>RUBENS JOSÉ DE CALASANS NETO
</p>
<p>Procurador da República
</p>
<p>Documento eletrônico assinado digitalmente. Data/Hora: 22/07/2016 12:04:56
</p>
<p>Signatário(a): RUBENS JOSE DE CALASANS NETO, MEMBRO DO 
MINISTERIO PUBLICO FEDERAL
Certificado: 29deb9acca651e49</p>
<p />
</div>
<div class="acroform"><ol>	<li><ol type="signaturedata">	<li signdata="date">2016-07-22T12:04:56-0300</li>
	<li signdata="name">RUBENS JOSE DE CALASANS NETO</li>
	<li signdata="reason">Assinatura de documento</li>
</ol>
</li>
</ol>
</div>
</body></html>