<?xml version="1.0" encoding="UTF-8"?>
<html xmlns="http://www.w3.org/1999/xhtml">
<head>
<meta name="date" content="2015-01-27T14:40:29.69" />
<meta name="meta:paragraph-count" content="30" />
<meta name="meta:word-count" content="720" />
<meta name="Table-Count" content="0" />
<meta name="meta:initial-author" content="PR-ES" />
<meta name="initial-creator" content="PR-ES" />
<meta name="tika_batch_fs:relative_path" content="41778735.odt" />
<meta name="generator" content="BrOffice.org/3.2$Win32 OpenOffice.org_project/320m12$Build-9483" />
<meta name="Word-Count" content="720" />
<meta name="dcterms:created" content="2008-04-14T16:12:00" />
<meta name="dcterms:modified" content="2015-01-27T14:40:29.69" />
<meta name="Last-Modified" content="2015-01-27T14:40:29.69" />
<meta name="nbPara" content="30" />
<meta name="Last-Save-Date" content="2015-01-27T14:40:29.69" />
<meta name="meta:object-count" content="0" />
<meta name="meta:character-count" content="4969" />
<meta name="Paragraph-Count" content="30" />
<meta name="nbImg" content="1" />
<meta name="meta:save-date" content="2015-01-27T14:40:29.69" />
<meta name="dc:title" content="Ofício nº" />
<meta name="modified" content="2015-01-27T14:40:29.69" />
<meta name="Edit-Time" content="PT41H02M31S" />
<meta name="meta:image-count" content="1" />
<meta name="Image-Count" content="1" />
<meta name="nbCharacter" content="4969" />
<meta name="nbObject" content="0" />
<meta name="Content-Length" content="33583" />
<meta name="nbPage" content="3" />
<meta name="X-TIKA:digest:MD5" content="746488a4462ca8e7ca94e1ae4a3da685" />
<meta name="Object-Count" content="0" />
<meta name="nbWord" content="720" />
<meta name="Content-Type" content="application/vnd.oasis.opendocument.text" />
<meta name="X-Parsed-By" content="org.apache.tika.parser.DefaultParser" />
<meta name="X-Parsed-By" content="org.apache.tika.parser.odf.OpenDocumentParser" />
<meta name="meta:creation-date" content="2008-04-14T16:12:00" />
<meta name="meta:table-count" content="0" />
<meta name="Creation-Date" content="2008-04-14T16:12:00" />
<meta name="xmpTPg:NPages" content="3" />
<meta name="resourceName" content="41778735.odt" />
<meta name="Character Count" content="4969" />
<meta name="editing-cycles" content="234" />
<meta name="Page-Count" content="3" />
<meta name="tika:file_ext" content="odt" />
<meta name="nbTab" content="0" />
<meta name="meta:page-count" content="3" />
<title>Ofício nº</title>
</head>
<body><p><b>ICP </b></p>
<p><b>1.17.000.000221/2005-48</b></p>
<p><b>1.17.002.000002/2005-49</b></p>
<p><b>1.17.001.000104/2007-36</b></p>
<p />
<p><b><u>ARQUIVAMENTO</u></b></p>
<p />
<p>Trata-se de três ICP´s que tinham como objeto comum o acompanhamento do adequado desempenho das atribuições fiscalizatórias do DNPM/ES, haja vista a falta de correspondência entre suas funções previstas em lei e as então praticadas pelo referido órgão. </p>
<p>Após constatar-se a situação de inadequada prestação de serviços por parte da autarquia minerária no ES, o procurador natural dos feitos formulou representação ao TCU e promoveu o arquivamento dos ICP´s, todos devidamente homologados pela 5ª CCR.</p>
<p>Ao assumir minhas atribuições no ES, no início do ano de 2012, constatei que a despeito da representação formulada ao TCU a situação indesejada do DNPM no estado persistia, razão pela qual determinei o desarquivamento dos autos para buscar uma alternativa de atuação do MPF capaz de incrementar a atuação mais eficiente do DNPM. </p>
<p>Uma primeira medida tomada pelo subscritor foi a composição de um Grupo de Trabalho estadual, formado por procuradores da República, para discutir as possibilidades de atuação e coordenar as iniciativas em relação ao setor de mineração do estado. </p>
<p>Em outra frente, o subscritor passou a integrar o GT MINERAÇÃO, vinculado à 4ª CCR.</p>
<p>No caso específico dos autos, foram expedidos diversos ofícios ao órgãos representativos dos mineradores, solicitando informações sobre a atuação do DNPM no estado e indicações de medidas concretar que poderiam ser adotadas pelo órgão para a melhor prestação dos serviços de análise dos requerimentos minerários e fiscalização de campo. </p>
<p>Também foram juntados aos autos informações atualizadas, fornecidas pelo DNPM, sobre sua força de trabalho, instalações físicas, critérios de priorização de atividades, dentre outros, tudo confirmando em números o que já se sentia na prática, ou seja, a grande dificuldade do DNPM em conseguir levar a cabo de forma eficaz suas atribuições legais. </p>
<p>Em meados do ano de 2013 chegou-se a cogitar o ajuizamento da ACP para que a União equipasse a entidade de mais servidores e oferecesse melhores condições orçamentárias à autarquia. </p>
<p>Contudo, na mesma época as discussões sobre o MARCO REGULATÓRIO DA MINERAÇÃO passaram a evoluir com maior desenvoltura no CONGRESSO NACIONAL. O subscritor, representando o MPF, foi ao CONGRESSO expor os trabalhos desenvolvidos pelo GT MINERAÇÂO e as propostas de emenda ao projeto inicial encaminhado pelo Executivo. </p>
<p>Considerando que o MARCO REGULATÓRIO alteraria todo o arcabouço institucional do setor minerário, extinguindo o DNPM e criando uma espécie de agência reguladora do setor, optou-se por sobrestar a atuação no feito e continuar participando das discussões legislativas e teóricas sobre o assunto. </p>
<p>Durante o ano de 2014, em função das eleições, as discussões sobre o novo MARCO REGULATÓRIO permaneceram emperradas. E, nos últimos meses do ano, entidades da sociedade civil ingressaram com ação perante o STF para destituir o relator do projeto, sob o argumento de que haveria conflito de interesse do mesmo na condução das discussões, haja vista que diversas mineradoras foram doadoras de seu campanha eleitoral.<span class="note">1  http://www.inesc.org.br/noticias/noticias-do-inesc/2014/setembro/sociedade-civil-entra-com-mandado-de-seguranca-inedito-no-stf-para-tirar-do-cargo-relator-do-novo-marco-da-mineracao </note></p>
<p>Diante de todo este conturbado cenário, não vislumbro razão para manter ativo o presente procedimento, que desde meados de 2013 permanece paralisado no aguardo de uma definição mais clara dos rumos do setor minerário. </p>
<p>O acompanhamento das discussões sobre o NOVO MARCO REGULATÓRIO continuará sendo realizado no âmbito do GT MINERAÇÃO. </p>
<p>Já as ineficiências por parte do DNPM/ES, conforme reconhecido pela decisões que homologaram a primeira promoção de arquivamento, integram um cenário nacional, havendo atuação da TCU no controle operacional da autarquia. Por isso há pouco a ser feito no âmbito local por parte do MPF.</p>
<p>Por fim, entendo inconveniente o ajuizamento de qualquer espécie de ação contra a União e o DNPM diante do atual cenário de indefinição do MARCO REGULATÓRIO DA MINERAÇÃO. Qualquer solução para o presente caso ultrapassa os limites e possibilidades da atuação judicializada do MPF junto à JUSTIÇA FEDERAL, dependendo inevitavelmente do sucesso da aprovação de um novo marco regulatório que desburocratize o procedimento administrativo de outorga de títulos minerários.</p>
<p>Isto exposto, promovo o arquivamento dos presentes autos, utilizando como razão de decidir, além do que consta na presente peça, os argumento desenvolvidos no arquivamento anterior, devidamente homologado pela 5ª CCR.</p>
<p />
<p>Colatina-ES, 27 de janeiro de 2015.</p>
<p />
<p />
<p />
<p />
<p />
<p><b>JORGE MUNHÓS DE SOUZA</b></p>
<p>Procurador da República</p>
<p />
<p />
<p />
<p />
<p><b>MINISTÉRIO PÚBLICO FEDERAL</b></p>
<p>PROCURADORIA DA REPÚBLICA NO MUNICÍPIO DE COLATINA/ES</p>
<p>Rua Santa Maria, nº 46 – 4º andar, Centro, Colatina/ES - Cep 29.700-200</p>
<p> Telefone: (27)3044-1600  FAX: (27)3044-1605  E-mail: <a href="mailto:prmcol@pres.mpf.gov.br">pres-prmcol@mpf.mp.br</a>  /SRF/</p>
<p>Página  de </p>
</body></html>