<?xml version="1.0" encoding="UTF-8"?>
<html xmlns="http://www.w3.org/1999/xhtml">
<head>
<meta name="date" content="2015-10-19T16:46:43" />
<meta name="meta:paragraph-count" content="54" />
<meta name="meta:word-count" content="1247" />
<meta name="Table-Count" content="1" />
<meta name="tika_batch_fs:relative_path" content="47735546.odt" />
<meta name="generator" content="LibreOffice/3.6$Windows_x86 LibreOffice_project/e29a214-2bbed72-0621de6-a97528c-8f066d" />
<meta name="Word-Count" content="1247" />
<meta name="dcterms:created" content="2013-05-08T15:43:52.23" />
<meta name="dcterms:modified" content="2015-10-19T16:46:43" />
<meta name="Last-Modified" content="2015-10-19T16:46:43" />
<meta name="nbPara" content="54" />
<meta name="Last-Save-Date" content="2015-10-19T16:46:43" />
<meta name="meta:object-count" content="0" />
<meta name="meta:character-count" content="8437" />
<meta name="Paragraph-Count" content="54" />
<meta name="nbImg" content="1" />
<meta name="meta:save-date" content="2015-10-19T16:46:43" />
<meta name="Edit-Time" content="P2DT6H16M36S" />
<meta name="modified" content="2015-10-19T16:46:43" />
<meta name="meta:image-count" content="1" />
<meta name="Image-Count" content="1" />
<meta name="nbCharacter" content="8437" />
<meta name="nbObject" content="0" />
<meta name="Content-Length" content="91420" />
<meta name="nbPage" content="5" />
<meta name="X-TIKA:digest:MD5" content="7150969f225df4f748a6af340c493324" />
<meta name="Object-Count" content="0" />
<meta name="nbWord" content="1247" />
<meta name="Content-Type" content="application/vnd.oasis.opendocument.text" />
<meta name="X-Parsed-By" content="org.apache.tika.parser.DefaultParser" />
<meta name="X-Parsed-By" content="org.apache.tika.parser.odf.OpenDocumentParser" />
<meta name="meta:creation-date" content="2013-05-08T15:43:52.23" />
<meta name="meta:table-count" content="1" />
<meta name="Creation-Date" content="2013-05-08T15:43:52.23" />
<meta name="xmpTPg:NPages" content="5" />
<meta name="resourceName" content="47735546.odt" />
<meta name="Character Count" content="8437" />
<meta name="editing-cycles" content="552" />
<meta name="Page-Count" content="5" />
<meta name="tika:file_ext" content="odt" />
<meta name="nbTab" content="1" />
<meta name="meta:page-count" content="5" />
<title></title>
</head>
<body><p>Ref.: Inquérito Civil n. 1.19.004.000049/2013-28</p>
<p />
<p />
<p><b>PROMOÇÃO DE ARQUIVAMENTO</b></p>
<p />
<p>Trata-se de inquérito civil que investiga as irregularidades apontadas no Relatório de Auditoria n. 13174, do Departamento Nacional de Auditoria do SUS – DENASUS, referente à fiscalização dos recursos da saúde aplicados pelo município de Olho d´Água das Cunhãs/MA, no período de 2010 a 2013.</p>
<p>Relatório de Auditoria às fls. 2/64, complementado pelos relatórios de fls. 79/88, fls. 102/110, fls. 138/145 e fls. 149/156).</p>
<p>Relatórios Complementares do DENASUS com a análise das justificativas apresentadas pelo ex-prefeito José Alberto Azevedo, referente a constatação nº 252371 (Relatório I -), que trata da ausência de comprovação das despesas referentes ao Programa Atenção Básica, fixa e variável, e Assistência Farmacêutica Básica no ano de 2010 e no período de julho/dezembro de 2012.</p>
<p>Quanto às irregularidades consideradas sanáveis, expediu-se a Recomendação n° 002/2015/PRM-BACABAL/MA, de 26 de fevereiro de 2015, visando a correção de tais pendências, fls. 158/162.</p>
<p>Após, em reunião na sede desta Procuradoria, os representantes do município (Prefeito, Secretário de Saúde e membro do Conselho Municipal de Saúde e  Procuradora de Olho d'Água das Cunhãs) apresentaram as providências adotadas pela gestão com vistas ao cumprimento de todos os itens recomendados pelo MPF (fls. 171/172).</p>
<p />
<p>Eis, em síntese, os fatos.</p>
<p>No que tange às <b>irregularidades sanáveis</b> presentes no Relatório de Auditoria 13174, <b>o Ministério Público Federal expediu Recomendação</b> ao município visando a adoção das seguintes medidas:</p>
<ol>	<li><p>Cumprimento da <b>carga horária de trabalho dos profissionais de saúde</b> integrantes das equipes da Estratégia de Saúde da Família e de Saúde Bucal, bem como a divulgação no sítio eletrônico da Prefeitura Municipal e nos Quadros de Avisos nas salas de recepção das unidades de saúde, das escalas de trabalho dos profissionais;</p>
</li>
	<li><p><b>Atualização dos dados do Cadastro Nacional de Estabelecimentos de Saúde – CNES</b> – quanto às instalações físicas, aos profissionais e equipamentos disponibilizados à população, em especial corrigindo as irregularidades verificadas  quanto às unidades em funcionamento: Posto de Saúde do Bairro Novo, Residencial Primavera, Centro do José Rodrigues, Centro dos Telêmacos, Antonio Café, Bacuri da Linha; bem como, quanto às unidades eventualmente já desativadas: Posto de Saúde do Canela dos Ferreiras, Unidade Básica de Saúde Santa Maria do Mazol, Unidade Mista Dr. José Murad e o Hospital Municipal Antonio Tomaz;</p>
</li>
	<li><p><b>Munir as Unidades Básicas de Saúde com os equipamentos e mobiliários necessários</b> ao bom desempenho das atividades;</p>
</li>
	<li><p><b>Prover as Unidades Básicas de Saúde dos materiais e equipamentos necessários</b> para execução dos serviços odontológicos, no âmbito do Programa da Saúde Bucal, especialmente: a) ampliando o atendimento para as demais Unidades, como a Unidade Básica de Saúde de Santa Maria do Mazol, aos Postos de Saúde do Residencial Primavera, Centro do José Rodrigues, Centro dos Telêmacos, Bacuri da Linha e Antonio Café; b) disponibilizando nos Postos de Saúde cirurgiões dentistas e auxiliares em saúde bucal e o registro dos atendimentos realizados; c) dotar em todas as unidades de amalgamador e de todos os materiais/instrumentos necessários para a realização dos procedimentos; </p>
</li>
	<li><p><b>Executar o término da reforma e/ou conservação dos Postos de Saúde</b>, especialmente dos Postos de Saúde do Bacuri da Linha, Antonio Café, Residencial Primavera, Bairro Novo e Canela dos Ferreiras, quanto a estrutura física, materiais e equipamentos necessários para execução dos serviços e funcionamento das unidades.</p>
</li>
</ol>
<p />
<p>Estabelecida reunião na sede desta Procuradoria da República para o dia 12 de maio de 2015, os representantes do município apresentaram o conjunto de atividades desenvolvidas no período visando comprovar o completo acatamento da recomendação ministerial (fls. 171 e seguintes).</p>
<p>Na oportunidade, quanto ao item 1 da Recomendação, foi comprovada a regularização da carga horária dos profissionais de saúde, bem como apresentado registro fotográfico que comprovam a anexação das escalas de trabalho nos Quadros de Aviso da recepção das UBS's, bem como a divulgação no sítio eletrônico da Prefeitura.</p>
<p>No tocante ao item 2 da Recomendação, foi apresentado relatório do CNES com a atualização das UBS's. Vários dados foram inclusive consultados no mesmo instante da reunião, de modo a aferir a atualidade e correção dos documentos apresentados. </p>
<p>Foi colacionado aos autos ainda amplo registro fotográfico das melhorias feitas nas Unidades de Saúde do município (itens 3, 4 e 5), demonstrando que as unidades passaram por significativo processo de melhora, constando estabelecimentos pintados, organizados e munidos de equipamentos e pessoal.</p>
<p>Concedeu-se, na ocasião, maior prazo à municipalidade para que comprovasse o acatamento dos demais itens da Recomendação, em especial no que tange à regularização dos mandatos do Conselho Municipal de Saúde com a análise da prestação de contas do ano de 2014 e dos dois últimos quadrimestres de 2015. </p>
<p>Atendendo à requisição ministerial, o ente municipal colacionou então aos autos os documentos comprobatórios referentes à análise e aprovação da prestação de contas relativas ao ano 2014 e 2º e 3º quadrimestre de 2015, bem como a regularização dos mandatos do referido conselho.</p>
<p>Da análise dos autos, infere-se que o município de Olho d'Água das Cunhãs/MA, adotou concretas medidas para sanar as irregularidades sanáveis encontradas no Relatório  de Auditoria n° 13174 do DENASUS, cumprindo, assim, os termos da Recomendação expedida.</p>
<p><b>De outro lado</b>, verificou-se que a constatação n. 252371 do relatório, consistente na realização de despesas sem a apresentação dos devidos comprovantes, no período compreendido entre 2010 e 2012, sob a responsabilidade do ex-gestor municipal, JOSÉ ALBERTO AZEVEDO, ainda não foi sanada, <b>restando indícios do cometimento dos crimes de apropriação ou desvio de recursos públicos</b>.</p>
<p>Com efeito, mesmo após a emissão de diversos relatórios complementares (fls. 79/88, fls. 102/110, fls. 138/145 e fls. 149/156), é possível concluir ainda pela não comprovação de despesas no valor de R$ 60.008,45, referente a recursos do FNS para as ações de assistência farmacêutica e atenção básica (fls. 153/155). </p>
<p>Diante disso, determinou-se a constituição de nova investigação, vinculada à 5ª CCR, com a remessa de cópia dos autos ao Departamento de Polícia Federal, com vistas à instauração de inquérito policial para apurar os fatos (fls.).</p>
<p>Sobre os mesmos fatos, anoto ainda que já tramita na justiça federal a ação de improbidade administrativa n. 0003296-23.2014.4.1.3703, proposta pelo município, onde foi deferido o ingresso deste órgão ministerial no polo ativo da demanda.</p>
<p>Assim, entendo não mais subsistir razão para a continuidade do presente Inquérito Civil.</p>
<p><b>Isso posto</b>, promovo seu<b> ARQUIVAMENTO</b>, submetendo este pronunciamento à análise da 1ª Câmara de Coordenação e Revisão  do MPF, nos termos do que prevê o art. 17, §§ 2º e 3º, da Resolução nº 87/06 do Conselho Superior do Ministério Público Federal e do art. 3º, II, da Portaria PGR/MPF nº 653/2012.</p>
<p>Procedam-se às demais comunicações, anotações e expedientes necessários.</p>
<p>Bacabal/MA, 19 / X / 2015.</p>
<p />
<p>HILTON ARAÚJO DE MELO<br />
<b>Procurador da República</b></p>
<p>  </p>
<p>MPF</p>
<p>PROCURADORIA DA REPÚBLICA NO MUNICÍPIO DE BACABAL / MA</p>
<p>  </p>
<p>  </p>
<p>MPF</p>
<p>PROCURADORIA DA REPÚBLICA NO MUNICÍPIO DE BACABAL / MA</p>
<p>  </p>
<p>  </p>
<p>Praça Nossa Senhora da Conceição, nº 135, Centro – Bacabal/MA  - CEP 65.700-000 – Fone: (99) 3621-5337</p>
<p>www.prma.mpf.mp.br Email: PRMA-Bacabal@mpf.mp.br </p>
<p>  </p>
<p>Praça Nossa Senhora da Conceição, nº 135, Centro – Bacabal/MA  - CEP 65.700-000 – Fone: (99) 3621-5337</p>
<p>www.prma.mpf.mp.br Email: PRMA-Bacabal@mpf.mp.br </p>
<p />
<p>    </p>
<p />
<p />
<p />
<p><b>MINISTÉRIO PÚBLICO FEDERAL</b></p>
<p>  PROCURADORIA DA REPÚBLICA NO MUNICÍPIO DE BACABAL / MA</p>
<p>  </p>
<p>Praça Nossa Senhora da Conceição, nº 135, Centro – Bacabal/MA  - CEP 65.700-000 – Fone: (99) 3621-5337</p>
<p>www.prma.mpf.mp.br Email: PRMA-Bacabal@mpf.mp.br </p>
<p />
<p />
<p />
<p><b>MINISTÉRIO PÚBLICO FEDERAL</b></p>
<p>Procuradoria da República no Estado do Maranhão</p>
<p />
<p>Rua das Hortas, 223, Centro. CEP 65020-270 São Luís-MA. Tel.: (98) 3213-7100. Fax: (98) 3213-7135</p>
<p>Site: www.prma.mpf.gov.br</p>
<table><tr>	<td><p />
</td>	<td><p><b>MINISTÉRIO PÚBLICO FEDERAL</b></p>
<p>Procuradoria da República no Estado do Maranhão</p>
</td>	<td><p />
</td></tr>
</table>
<p />
<p>Rua das Hortas, 223, Centro. CEP 65020-270 São Luís-MA. Tel.: (98) 3213-7100. Fax: (98) 3213-7135</p>
<p>Site: www.prma.mpf.gov.br</p>
</body></html>