<?xml version="1.0" encoding="UTF-8"?>
<html xmlns="http://www.w3.org/1999/xhtml">
<head>
<meta name="date" content="2018-03-19T16:04:37Z" />
<meta name="pdf:PDFVersion" content="1.4" />
<meta name="access_permission:modify_annotations" content="true" />
<meta name="access_permission:can_print_degraded" content="true" />
<meta name="tika_batch_fs:relative_path" content="48116894.pdf" />
<meta name="dcterms:created" content="2018-03-19T16:04:36Z" />
<meta name="Last-Modified" content="2018-03-19T16:04:37Z" />
<meta name="dcterms:modified" content="2018-03-19T16:04:37Z" />
<meta name="dc:format" content="application/pdf; version=1.4" />
<meta name="Last-Save-Date" content="2018-03-19T16:04:37Z" />
<meta name="access_permission:fill_in_form" content="true" />
<meta name="pdf:docinfo:modified" content="2018-03-19T16:04:37Z" />
<meta name="meta:save-date" content="2018-03-19T16:04:37Z" />
<meta name="pdf:encrypted" content="false" />
<meta name="modified" content="2018-03-19T16:04:37Z" />
<meta name="Content-Length" content="854869" />
<meta name="X-TIKA:digest:MD5" content="6cd4d235abc9bd52e7f66fff0b9c1c5d" />
<meta name="Content-Type" content="application/pdf" />
<meta name="X-Parsed-By" content="org.apache.tika.parser.DefaultParser" />
<meta name="X-Parsed-By" content="org.apache.tika.parser.pdf.PDFParser" />
<meta name="meta:creation-date" content="2018-03-19T16:04:36Z" />
<meta name="created" content="Mon Mar 19 13:04:36 BRT 2018" />
<meta name="access_permission:extract_for_accessibility" content="true" />
<meta name="access_permission:assemble_document" content="true" />
<meta name="xmpTPg:NPages" content="30" />
<meta name="Creation-Date" content="2018-03-19T16:04:36Z" />
<meta name="resourceName" content="48116894.pdf" />
<meta name="access_permission:extract_content" content="true" />
<meta name="access_permission:can_print" content="true" />
<meta name="tika:file_ext" content="pdf" />
<meta name="producer" content="iTextSharp 5.0.6 (c) 1T3XT BVBA" />
<meta name="access_permission:can_modify" content="true" />
<meta name="pdf:docinfo:producer" content="iTextSharp 5.0.6 (c) 1T3XT BVBA" />
<meta name="pdf:docinfo:created" content="2018-03-19T16:04:36Z" />
<title></title>
</head>
<body><div class="page"><p />
<p>MINISTÉRIO PÚBLICO FEDERAL
PROCURADORIA DA REPÚBLICA POLO SANTA MARIA/SANTIAGO
</p>
<p>Inquérito Civil – IC nº 1.29.008.000290/2013-71
</p>
<p>PROMOÇÃO DE ARQUIVAMENTO
</p>
<p>Cuida-se  de  expediente  engendrado  nesta  Procuradoria  da
</p>
<p>República  em  14/8/2013,  sob  a  vinculação  temática  da  5ª  Câmara  de  Coordenação  e
</p>
<p>Revisão do Ministério Público Federal – 5ª CCR/MPF, colimando verificar as condições de
</p>
<p>moradia,  acessibilidade  e  segurança  dos  prédios  da  União  Universitária  e  da  Casa  de
</p>
<p>Estudante Universitário – CEU II,  da Universidade Federal de Santa Maria – UFSM, de
</p>
<p>modo  a  contribuir  especialmente  para  o  solucionamento  de  demandas  veiculadas  pela
</p>
<p>Diretoria  daquela  moradia  estudantil  no  Memorando  nº  001/2013-CEU  II  (fls.  3/14),  a
</p>
<p>requestar  providências  para: (1) instalação  de  bebedouros  na  União  Universitária;  (2)
</p>
<p>colocação de climatizadores de ar e ventiladores nos alojamentos da União Universitária; (3)
</p>
<p>instalação de extintores na União Universitária e nos prédios da CEU II;  (4) construção de
</p>
<p>rampas de acesso na entrada dos blocos; (5) reforma da fiação elétrica; (6) construção de
</p>
<p>saídas de emergência na União Universitária; (7) garantia do direito de recreação e convívio
</p>
<p>entre os  moradores;  (8)  revogação da Ordem de Serviço nº  001/08,  de 11/3/2008,  que
</p>
<p>proíbe  o  consumo  de  bebidas  alcoólicas  no  Campus;  (9) construção  de  um  espaço
</p>
<p>adequado para as atividades festivas; e (10) agilidade nas reformas dos apartamentos e/ou
</p>
<p>blocos em condições precárias.
</p>
<p>Como primeva providência  instrutória,  foi  a  UFSM chamada a  se
</p>
<p>pronunciar acerca das postulações dos acadêmicos, ao que atendeu, em 30/9/2013 (fls.
</p>
<p>20/33), por intermédio do Ofício nº 0868/2013-GR, e, depois, em 4/12/2013 e 13/1/2014,
</p>
<p>através dos similares nºs 01147/2013-GR (fls. 37/38) e 35/2014-GR (fls. 41/47), aduzindo
</p>
<p>que: (a) os bebedouros já haviam sido adquiridos pela Pró-Reitoria de Assuntos Estudantis
</p>
<p>– PRAE e devidamente  instalados na União Universitária;  (b) havia  sido realizada uma
</p>
<p>Procuradoria 
da República
em Santa Maria
</p>
<p>Alameda Antofagasta nº 67 – N. Sra. das Dores – CEP 97.050-660 – Santa Maria/RS
Fone/Fax: (55) 3220 9700 – e-mail: prrs-prm-sm@mpf.mp.br
</p>
<p>1</p>
<p />
</div>
<div class="page"><p />
<p>MINISTÉRIO PÚBLICO FEDERAL
PROCURADORIA DA REPÚBLICA POLO SANTA MARIA/SANTIAGO
</p>
<p>ampla reforma na União Universitária, estando em andamento o processo de instalação de
</p>
<p>ventiladores no local; (c) o Núcleo de Prevenção de Incêndio – NPI esperava a chegada dos
</p>
<p>extintores de incêndio constantes da Nota de Empenho nº 802214, para sua subsequente
</p>
<p>alocação, já tendo sido instaladas as respectivas mangueiras;  (d)  rampas de acesso para
</p>
<p>cadeirantes  tinham  sido  inseridas  no  Bloco  14,  após  reforma,  devido  à  sua  posição
</p>
<p>estratégica, com espaço para abrigar até 6 (seis) estudantes cadeirantes;  (e)  os projetos
</p>
<p>elétricos para o reforço da rede elétrica abastecedora dos prédios residenciais estudantis do
</p>
<p>Campus universitário seriam iniciados após a conclusão de outros em andamento, relativos
</p>
<p>aos  prédios  do  Curso  de  Arquitetura,  do  Curso  de  Dança,  do  Campus de  Silveira
</p>
<p>Martins/RS, do Colégio Técnico Industrial, do Hospital de Clínicas Veterinárias, etc.;  (f)  a
</p>
<p>União Universitária, assim como o Restaurante Universitário, já contavam com saídas de
</p>
<p>emergência,  dotadas  de  barras  anti  pânico;  (g) em  momento  algum,  a  PRAE  haveria
</p>
<p>impedido a recreação e convívio entre moradores em churrascos e bate-papos; (h) o uso de
</p>
<p>álcool e de drogas ilícitas nas dependências das residências estudantis  eram objeto de
</p>
<p>queixas frequentes dos alunos não usuários e de seus familiares, tendo a Administração
</p>
<p>Central deliberado pela vedação à comercialização e consumo de bebidas alcoolicas para
</p>
<p>prevenir futuros problemas, conforme art. 10, inc. X, da Resolução UFSM nº 006/2008 e
</p>
<p>Ordem de Serviço nº 001/2008;  (i) já havia sido solicitado pela PRAE à Pró-Reitoria de
</p>
<p>Infraestrutura a construção de um espaço recreativo; e (j) as reformas eram executadas na
</p>
<p>medida em que disponibilizados os recursos necessários.
</p>
<p>Convolado  o  então  Procedimento  Preparatório  em  Inquérito  Civil,
</p>
<p>consoante  Portaria  nº  16/2014  (fls.  49/50),  novas  e  sucessivas  perquisições  restaram
</p>
<p>endereçadas ao Educandário em 11/2/2014, 22/4/2014, 14/8/2014 e 9/10/2014, acerca da
</p>
<p>amplitude do enquadramento do consumo de bebidas alcoolicas nas dependências da CEU
</p>
<p>II e da União Universitária como falta grave (fls. 51, 54, 60 e 63), sobrevindo a informação
</p>
<p>de que as Resoluções UFSM nº 006/2008 e 004/2008,  nas quais  inserta  dita  previsão,
</p>
<p>haviam sido revogadas, editando-se em seu lugar, com a derradeira aprovação do Conselho
</p>
<p>Universitário – CONSU, as Resoluções UFSM nº 23/2014, a instituir o Programa de Moradia
</p>
<p>Estudantil aos alunos da pós-graduação, e nº 25/2014, a  tratar do Programa de Moradia
</p>
<p>Estudantil  para  estudantes do ensino médio,  técnico  e tecnológico e de graduação (fls.
</p>
<p>64/78).
</p>
<p>Procuradoria 
da República
em Santa Maria
</p>
<p>Alameda Antofagasta nº 67 – N. Sra. das Dores – CEP 97.050-660 – Santa Maria/RS
Fone/Fax: (55) 3220 9700 – e-mail: prrs-prm-sm@mpf.mp.br
</p>
<p>2</p>
<p />
</div>
<div class="page"><p />
<p>MINISTÉRIO PÚBLICO FEDERAL
PROCURADORIA DA REPÚBLICA POLO SANTA MARIA/SANTIAGO
</p>
<p>Reputando-se atendidos os pleitos vertidos nos itens 1, 7, 8 e 9
</p>
<p>do  Memorando nº  001/2013-CEU II,  focaram-se as  perscrutações nos remanescentes,
</p>
<p>pelo  que se encaminhou,  na sequência,  missiva  requisitória  indagando  à  Instituição de
</p>
<p>Ensino: (a)  se o processo de instalação de ventiladores nos alojamentos estudantis e o
</p>
<p>projeto de adequação de dispositivos de prevenção de incêndio haviam sido ultimados; (b)
</p>
<p>se  teria  havido  a  instalação  de  rampas  de  acesso  em  outros  blocos  das  residências
</p>
<p>estudantis,  além  daquela  existente  no  Bloco  14  e;  (c) se  já  haviam  sido  iniciadas  as
</p>
<p>reformas para melhorias da rede elétrica dos prédios residenciais estudantis do Campus e
</p>
<p>qual era a estimativa de conclusão (fl. 82).
</p>
<p>A  resposta  da  UFSM  aportou  em  28/10/2015  (fls.  83/99),
</p>
<p>acompanhada de registros fotográficos e outros documentos, dando conta de que: (a) foram
</p>
<p>instalados ventiladores em todos os alojamentos (masculinos, femininos e mistos);  (b)  os
</p>
<p>Planos  de  Prevenção  e  Combate  a  Incêndio  –  PPCIs  na  CEU  II  e  no  Restaurante
</p>
<p>Universitário/União  Universitária  haviam  sido  previamente  aprovados  (Certificados  de
</p>
<p>Aprovação nº 526,  de 9/5/2014,  e nº 570,  de 26/5/2014),  inclusive com a instalação de
</p>
<p>extintores  de  incêndio  e  sinalização  de  emergência  nas  edificações,  mas,  devido  a
</p>
<p>alterações na legislação nos anos de 2014 e 2015, acabaram tendo que ser reelaborados
</p>
<p>pela empresa responsável (EQUIPE ARTE FINAL), que ficou de submetê-los à Corporação
</p>
<p>dos Bombeiros para reaprovação; (c) providenciou-se a instalação de rampas de acesso em
</p>
<p>todos os prédios adaptados a receberem pessoas com deficiência (blocos 14, 15, 23 e 25);
</p>
<p>(d) do total de 28 (vinte e oito) blocos que compõem o complexo da CEU II, houve a reforma
</p>
<p>integral de 1 (um) deles, havendo sido licitada a intervenção na parte elétrica de outros 2
</p>
<p>(dois),  estimada  em  R$  425.000,00  (quatrocentos  e  vinte  e  cinco  mil  reais),  sendo
</p>
<p>necessário, no total, para o atendimento de todos os blocos remanescentes, o importe de
</p>
<p>R$ 7.249.427,39 (sete milhões, duzentos e quarenta e nove mil, quatrocentos e vinte e sete
</p>
<p>reais e trinta e nove centavos).
</p>
<p>Novo corte perscrutatório sobejou procedido em despacho saneador
</p>
<p>datado de 16/5/2016, a dar por  superadas, também, as demandas consubstanciadas
</p>
<p>nos itens 2 e 4 do Memorando nº 001/2013-CEU II (fls. 100/103v).
</p>
<p>Procuradoria 
da República
em Santa Maria
</p>
<p>Alameda Antofagasta nº 67 – N. Sra. das Dores – CEP 97.050-660 – Santa Maria/RS
Fone/Fax: (55) 3220 9700 – e-mail: prrs-prm-sm@mpf.mp.br
</p>
<p>3</p>
<p />
</div>
<div class="page"><p />
<p>MINISTÉRIO PÚBLICO FEDERAL
PROCURADORIA DA REPÚBLICA POLO SANTA MARIA/SANTIAGO
</p>
<p>Expediram-se, assim, a bem da plena dilucidação dos fatos tratados
</p>
<p>nos itens 3, 5, 6 e 10 do citado documento, ofícios dirigidos: (a) à Autarquia de Ensino (fls.
</p>
<p>104/104v), perquirindo-se-lhe essencialmente sobre a situação dos PPCIs da CEU II e do
</p>
<p>Restaurante  Universitário/União Universitária,  assim como das reformas da estrutura  da
</p>
<p>CEU II em geral e da sua rede elétrica em particular; e  (b)  ao 4° Comando Regional de
</p>
<p>Bombeiros de Santa Maria/RS (fl. 105), indagando-se-lhe (b.1) se havia encaminhamentos
</p>
<p>de  PPCIs  concernentes  à CEU II  e  ao Restaurante  Universitário/União Universitária  da
</p>
<p>UFSM e qual a sua situação, (b.2) se foram realizadas inspeções nesses locais nos últimos
</p>
<p>3 (três) anos e quais teriam sido as constatações e sugestões dessa Corporação e (b.3) se
</p>
<p>as sugestões foram devidamente acatadas e implementadas pela UFSM.
</p>
<p>O retorno da Corporação Militar adveio em 7/6/2016 (fls. 106/109),
</p>
<p>pontuando, por meio do Ofício nº 62/SPI-4º CRB/2016, que: (a) o PPCI da CEU II havia sido
</p>
<p>encaminhado,  mas  a  última  movimentação  registrada  fora  a  retirada  de  Notificação  de
</p>
<p>Correção de Análise – NCA na data de 26/11/2014; (b) o PPCI do Restaurante Universitário
</p>
<p>tinha sido protocolado em 11/3/2016 e estava pendente de análise;  (c) a  última vistoria
</p>
<p>realizada na CEU II e no DCE ocorrera em 29/8/2013, com a emissão de Notificação de
</p>
<p>Correção de Vistoria – NCA, não havendo sido conferidas as correções sugeridas, pois não
</p>
<p>houve solicitação de revistoria para a verificação in loco.
</p>
<p>A  UFSM,  a  seu  turno,  remeteu  o Ofício  nº  282/2016-GR,  de
</p>
<p>17/6/2016 (fls. 110/115), esclarecendo:  (a)  quanto aos PPCIs da CEU II e do Restaurante
</p>
<p>Universitário/União Universitária: (a.1) os PPCI's nºs 2010/28 e 2010/32, relativos ao CEU II
</p>
<p>e ao Restaurante Universitário/União Universitária encontravam-se em análise no 4º GCI,
</p>
<p>com protocolo  em 11/3/2016,  devido  às  alterações  que  se  fizeram necessárias  após  a
</p>
<p>revogação  da  legislação  anterior  e  o  advento  de  novas  exigências;  (a.2) o  NPI  do
</p>
<p>Educandário havia promovido a manutenção dos extintores de incêndio e a instalação de
</p>
<p>sinalização de emergência, sendo, contudo, corriqueira a necessidade de substituições de
</p>
<p>parte  desses  equipamentos,  por  conta  de  extravios,  quebras,  etc.;  (a.3) estava  sendo
</p>
<p>providenciada  a  formação  de  turmas  para  o  Treinamento  de  Prevenção  e  Combate  a
</p>
<p>Incêndio  –  TPCI  para  os  moradores  da  CEU  II  e  da  União  Universitária,  conforme
</p>
<p>Resolução  Técnica  nº  014/BM-CCB/2009;  (a.4) a  elaboração  de  um  cronograma  de
</p>
<p>Procuradoria 
da República
em Santa Maria
</p>
<p>Alameda Antofagasta nº 67 – N. Sra. das Dores – CEP 97.050-660 – Santa Maria/RS
Fone/Fax: (55) 3220 9700 – e-mail: prrs-prm-sm@mpf.mp.br
</p>
<p>4</p>
<p />
</div>
<div class="page"><p />
<p>MINISTÉRIO PÚBLICO FEDERAL
PROCURADORIA DA REPÚBLICA POLO SANTA MARIA/SANTIAGO
</p>
<p>execução  para  a  implantação  das  demais  obras  e  adaptações  indicadas  nos  PPCIs
</p>
<p>dependia da aprovação definitiva dos projetos pelo Corpo de Bombeiros, além do tipo e
</p>
<p>magnitude das intervenções necessárias, bem como da disponibilização de recursos;  (b)
</p>
<p>quanto às reformas da estrutura da CEU II e da sua rede elétrica: (b.1) a reforma do Bloco
</p>
<p>21 havia sido finalizada e iniciados os trabalhos junto aos corredores do Bloco 22,  com
</p>
<p>previsão  de  obras  nos  alojamentos  durante  as  férias  de  julho/2016;  (b.2) novas
</p>
<p>intervenções  nos  demais  Blocos  consistiriam  na  desativação  completa  das  instalações
</p>
<p>elétricas  atuais  e a  sua substituição por  novas;  (b.3) havia  um mapeamento  quanto  às
</p>
<p>situações mais críticas, já havendo sido contemplados com reformas os Blocos 11, 21 e 22,
</p>
<p>que demandavam medidas mais prementes;  (b.4)  no decorrer  do ano de 2016,  havia a
</p>
<p>pretensão  de  atualizar-se  esse  mapeamento  e  de  se  realizarem  medições  do  uso  de
</p>
<p>equipamentos elétricos nos prédios estudantis, com registradores, além de visitas  in loco
</p>
<p>por  amostragem,  em  conjunto  com  a  PRAE;  (b.5) os  ocupantes  da  CEU  II  já  eram
</p>
<p>informalmente orientados sobre a impossibilidade de instalação de novos equipamentos
</p>
<p>elétricos  para  evitar  a  sobrecarga  da  rede,  mas  seriam  adotadas  novas  formas  de
</p>
<p>comunicação  com  vistas  à  conscientização  destes  moradores,  como  a  distribuição  de
</p>
<p>panfletos e o envio de correspondências via e-mail.
</p>
<p>Transcorrido  tempo  suficiente  à  concretização  das  promessas  de
</p>
<p>avanço na solução pendências ainda existentes, foram a UFSM e o 4° Comando Regional
</p>
<p>de Bombeiros de Santa Maria/RS, em 1º/7/2017, mais uma vez chamados a atualizarem as
</p>
<p>informações  a  respeito:  (a)  da situação  dos  PPCIs  da  CEU  II  e  do  Restaurante
</p>
<p>Universitário/União Universitária, esclarecendo mormente (a.1)  se já tinha havido a devida
</p>
<p>aprovação  dos  Bombeiros,  com  a  expedição  dos  respectivos  Alvarás  de  Prevenção  e
</p>
<p>Proteção Contra Incêndios – APPCIs, e (a.2) se todas as medidas previstas nos respectivos
</p>
<p>PPCIs haviam sido implementadas ou qual a perspectiva de o serem; e (b) das reformas da
</p>
<p>estrutura da CEU II em geral e da sua rede elétrica em particular, elucidando sobretudo
</p>
<p>(b.1) se tinham sido concluídas as reformas previstas para o mês de julho/2016 no Bloco 22
</p>
<p>da CEU,  (b.2)  se outros Blocos vieram a ser contemplados com reparos/reformas desde
</p>
<p>então e em que consistiram essas intervenções, (b.3) se fora atualizado o mapeamento dos
</p>
<p>Blocos da CEU II em situação mais crítica, previsto para realizar-se até o final do ano de
</p>
<p>2016,  com  o  encaminhamento  do  mapeamento  e  o  planejamento  das  ações  a  serem
</p>
<p>Procuradoria 
da República
em Santa Maria
</p>
<p>Alameda Antofagasta nº 67 – N. Sra. das Dores – CEP 97.050-660 – Santa Maria/RS
Fone/Fax: (55) 3220 9700 – e-mail: prrs-prm-sm@mpf.mp.br
</p>
<p>5</p>
<p />
</div>
<div class="page"><p />
<p>MINISTÉRIO PÚBLICO FEDERAL
PROCURADORIA DA REPÚBLICA POLO SANTA MARIA/SANTIAGO
</p>
<p>empreendidas a curto, médio e longo prazo,  (b.4) se haviam sido efetivamente realizadas
</p>
<p>medições e visitas  in loco nos prédios residenciais estudantis ao longo do ano de 2016,
</p>
<p>como  anunciado  no  anexo  Ofício  nº  013/2016  –  COPA, para  verificar  a  existência  de
</p>
<p>instalações não autorizadas de equipamentos elétricos, com sobrecarga da rede;  (b.5)  se
</p>
<p>tinham sido de fato formalizadas orientações aos ocupantes da CEU II acerca dos riscos de
</p>
<p>instalações  não  autorizadas  de  equipamentos  elétricos  e  se  houve  a  realização  do
</p>
<p>Treinamento de Prevenção e Combate a Incêndio – TPCI para os moradores da CEU II e da
</p>
<p>União Universitária, conforme Resolução Técnica nº 014/BM-CCB/2009. À Corporação de
</p>
<p>Bombeiros ainda se solicitou que,  acaso não tivessem sido aprovados os aludidos PPCIs
</p>
<p>nem realizadas novas vistorias para verificação  in loco  desde 29/8/2013, realizasse uma
</p>
<p>vistoria nos prédios da CEU II e do Restaurante Universitário/União Universitária da UFSM,
</p>
<p>com  vistas  a  aferição  da atual  situação  das  saídas  e  iluminação  de  emergência,  dos
</p>
<p>extintores e da fiação elétrica, remetendo relatório circunstanciado das suas constatações e
</p>
<p>sugestões.
</p>
<p>Em 2/2/2017, manifestou-se a UFSM, através do Ofício nº 302/2017-
</p>
<p>GR (fls. 122/150), trazendo esclarecimentos da empresa EQUIPE ARTE FINAL sobre os
</p>
<p>PPCIs em questão e da Coordenadoria de Obras e Manutenção da PROINFRA acerca das
</p>
<p>reformas estruturais e elétricas da CEU II.  Asseverou,  em suma, que:  (a) à exceção da
</p>
<p>instalação de extintores de incêndio e sinalização de emergência, já implementadas, todas
</p>
<p>as demais medidas de segurança, dependiam da prévia aprovação dos PPCIs pelo Corpo
</p>
<p>de Bombeiros; e  (b) as reformas dos Blocos 11, 21 e 22 já estavam concluídas, havendo
</p>
<p>necessidade  de  outras  junto  aos  Blocos  12,  13,  14,  15,  23,  24,  25  e  26,  a  serem
</p>
<p>empreendidas conforme disponibilidade financeira.
</p>
<p>Por fim, pronunciou-se o 1º Batalhão de Bombeiros Militar, por meio
</p>
<p>do Ofício nº 79/SPI-4ºBBM/2017,  remetido em 11/9/2017,  a consignar que os PPCIs da
</p>
<p>CEU II e da União Universitária/Restaurante Universitário estavam tramitando junto àquela
</p>
<p>Corporação, tendo o primeiro recebido Certificado de Aprovação – CA em 1º/9/2017 e, o
</p>
<p>segundo,  Notificação  de  Correção  de  Analise  –  NCA,  em  25/8/2017.  Encaminhou,  na
</p>
<p>mesma ocasião, as impressões havidas após vistoria nos aludidos imóveis, arrematando
</p>
<p>com a conclusão de que “ambos os estabelecimentos não apresentam iminente risco à vida
</p>
<p>ou à integridade física dos usuários” (fls. 151/154).
</p>
<p>Procuradoria 
da República
em Santa Maria
</p>
<p>Alameda Antofagasta nº 67 – N. Sra. das Dores – CEP 97.050-660 – Santa Maria/RS
Fone/Fax: (55) 3220 9700 – e-mail: prrs-prm-sm@mpf.mp.br
</p>
<p>6</p>
<p />
</div>
<div class="page"><p />
<p>MINISTÉRIO PÚBLICO FEDERAL
PROCURADORIA DA REPÚBLICA POLO SANTA MARIA/SANTIAGO
</p>
<p>É O MAIS CONCISO RELATO.
</p>
<p>1.  DA  RELEITURA  CONSTITUCIONAL  DO  INQUÉRITO  CIVIL
</p>
<p>COMO INSTRUMENTO DE ATUAÇÃO MINISTERIAL
</p>
<p>Antes  de  adentrar-se  propriamente  no  enfrentamento  do  objeto
</p>
<p>fulcral  deste apuratório,  impõem-se algumas considerações teóricas proemias acerca da
</p>
<p>natureza e finalidade do Inquérito Civil, lido em sua mais contemporânea concepção, à luz
</p>
<p>dos preceitos constitucionais reitores da atuação ministerial.
</p>
<p>A respeito, é cediço que uma das principais marcas do atual estágio
</p>
<p>do pensamento constitucional – que se convencionou chamar de neoconstitucionalismo ou
</p>
<p>pós-positivismo1 –  reside  na  irradiação  direta  das  normas  e  direitos  fundamentais
</p>
<p>consagrados na Constituição sobre os diversos ramos do Direito.
</p>
<p>Aí  se  compreendem  o  Direito  Administrativo  e  o  próprio  Direito
</p>
<p>Processual, propalando-se, no tocante a este último, que o processo deve estar adequado
</p>
<p>à tutela efetiva dos direitos fundamentais (dimensão subjetiva) e, além disso, ele próprio
</p>
<p>deve ser estruturado de acordo com os direitos fundamentais (dimensão objetiva).2
</p>
<p>Significa  dizer  que  não  apenas  o  legislador  deve  nortear-se,  na
</p>
<p>elaboração das normas, pela pauta normativa constitucional, como também os operadores
</p>
<p>do  Direito  (magistrados  e  membros  do  Ministério  Público)  devem,  orientados  pela
</p>
<p>proporcionalidade/razoabilidade,  interpretar  as  normas  processuais  e  procedimentais
</p>
<p>(dentre elas, naturalmente, as que governam a tramitação do Inquérito Civil) com os olhos
</p>
<p>na máxima eficácia dos direitos fundamentais, afastando as normas que obstaculizarem a
</p>
<p>efetivação desses direitos. 
</p>
<p>Nessa toada,  a Carta  da República,  em seu art.  5º,  inc.  LXXVIII,
</p>
<p>1 Sem  ignorar  as  críticas  endereçadas  a  essa  denominação,  muito  propaladas  por  Lênio  Streck
(http://www.conjur.com.br/2014-abr-26/observatorio-constitucional-porque-ponderacao-subsuncao-sao-inconsistentes) 
</p>
<p>2 DIDIER JR., Fredie, Curso de Direito Processual Civil. V. I, Editora Juspodivm: 2008, p. 29
</p>
<p>Procuradoria 
da República
em Santa Maria
</p>
<p>Alameda Antofagasta nº 67 – N. Sra. das Dores – CEP 97.050-660 – Santa Maria/RS
Fone/Fax: (55) 3220 9700 – e-mail: prrs-prm-sm@mpf.mp.br
</p>
<p>7</p>
<p />
</div>
<div class="page"><p />
<p>MINISTÉRIO PÚBLICO FEDERAL
PROCURADORIA DA REPÚBLICA POLO SANTA MARIA/SANTIAGO
</p>
<p>assegura a todos, no âmbito judicial e administrativo, a duração razoável do processo e
</p>
<p>os meios que garantam a celeridade em sua tramitação. 
</p>
<p>Dela  não  destoa,  no  cenário  internacional,  o  preconizado  pela
</p>
<p>Convenção Americana de Direitos Humanos, conhecida como Pacto de São José da Costa
</p>
<p>Rica3: 
</p>
<p>Art. 8 Garantias judiciais
1. Toda pessoa terá o direito de ser ouvida, com as devidas garantias e
dentro  de  um  prazo  razoável,  por  um  juiz  ou  Tribunal  competente,
independente e imparcial, estabelecido anteriormente por lei, na apuração
de qualquer acusação penal formulada contra ela, ou na determinação de
seus direitos e obrigações de caráter civil, trabalhista, fiscal ou de qualquer
outra natureza.
</p>
<p>A garantia  de  um  processo  (e,  igualmente,  de  um  procedimento
</p>
<p>investigatório) sem dilações indevidas emana do postulado maior da dignidade da pessoa
</p>
<p>humana, a impor que, respeitados os atos obrigatórios componentes do devido processo
</p>
<p>legal,  todos,  na  condição  de  demandantes  ou  demandados  (ou,  aqui,  requerentes  ou
</p>
<p>investigados)  no  âmbito  do  Poder  Judiciário,  na  esfera  administrativa,  ou  perante  os
</p>
<p>responsáveis pela persecução de ilícitos (Polícia ou Ministério Público), têm direito a ver a
</p>
<p>solução dos conflitos em tempo razoável. 
</p>
<p>É essa a lição da doutrina de escol4: 
</p>
<p>O  procedimento  investigatório  preliminar  para  o  ajuizamento  de  ação
coletiva deve obedecer ao direito fundamental à duração razoável (art. 5º,
LXXVIII,  CF/88).  Isso porque o procedimento pode arrastar-se por  longo
tempo,  deixando  em situação  de  incerteza  inúmeras  situações  jurídicas,
impedindo  investimentos  e  imobilizando  o  patrimônio  de  várias  pessoas.
Como foi visto, esta demora poderá até mesmo implicar o dever de o Poder
Público indenizar os prejudicados.
</p>
<p>Como corolário disso, tem-se que, uma vez verificado o transcurso
</p>
<p>de considerável lapso temporal na tramitação de um determinado apuratório e adotadas as
</p>
<p>diligências  instrutórias  razoavelmente  exigíveis  na  tentativa  de  alcançar-se  a  plena
</p>
<p>3 Celebrado em 22/11/1969, promulgado por força do Decreto 678/1992. 
4 DIDIER JR, Fredie. ZANETI JR, Hermes. Curso de Direito Processual Civil. Processo Coletivo 2014, 9ª ed. Rev. Ampl. E
</p>
<p>atual, p. 213. 
</p>
<p>Procuradoria 
da República
em Santa Maria
</p>
<p>Alameda Antofagasta nº 67 – N. Sra. das Dores – CEP 97.050-660 – Santa Maria/RS
Fone/Fax: (55) 3220 9700 – e-mail: prrs-prm-sm@mpf.mp.br
</p>
<p>8</p>
<p />
</div>
<div class="page"><p />
<p>MINISTÉRIO PÚBLICO FEDERAL
PROCURADORIA DA REPÚBLICA POLO SANTA MARIA/SANTIAGO
</p>
<p>elucidação dos fatos e resolução da celeuma, sem que se justifique o ajuizamento de uma
</p>
<p>Ação Civil Pública (quer por não ter se obtido uma alteração digna de nota na conjuntura
</p>
<p>probatória inicial, quer por ter-se verificado uma evolução paulatina no enfrentamento, na
</p>
<p>própria  esfera  extrajudicial,  dos  problemas apontados),  a  continuidade  do  procedimento
</p>
<p>merece ser revista.
</p>
<p>Afinando-se  a  essa  compreensão,  a  Corregedoria  deste  Órgão
</p>
<p>Ministerial enunciou, como Diretriz nº 3, do Provimento CMPF nº 1/2015, publicizado pelo
</p>
<p>Ofício-Circular  nº 13/2015/CMPF:  “Nos feitos extrajudiciais mais antigos,  assim definidos
</p>
<p>pela Corregedoria, recomenda-se o encaminhamento de solução destinada a preservar a
</p>
<p>utilidade da investigação.”
</p>
<p>Em similar  toada,  a  2ª  Câmara  de  Coordenação  e  Revisão  do
</p>
<p>Ministério Público Federal – 2ª CCR/MPF, em sua 109ª Sessão de Coordenação, levada a
</p>
<p>efeito em 4/4/2016, aprovou a Orientação Técnica nº 26, a prelecionar que “A antiguidade
</p>
<p>do fato investigado, o esgotamento das diligências investigatórias razoavelmente exigíveis
</p>
<p>ou a inexistência de linha investigatória potencialmente idônea, adequadamente sopesados
</p>
<p>no caso concreto, justificam o arquivamento da investigação, sem prejuízo do disposto no
</p>
<p>art. 18 do CPP”.
</p>
<p>Também assim se posicionou mais recentemente a  5ª Câmara de
</p>
<p>Coordenação e Revisão do Ministério Público Federal  – 5ª  CCR/MPF,  em sua  945ª
</p>
<p>Reunião  Extraordinária,  realizada  na  data  de  15/3/2017,  consagrando  a  Orientação
</p>
<p>Técnica  nº  4: “A  antiguidade  do  fato  investigado,  o  esgotamento  das  diligências
</p>
<p>investigatórias  razoavelmente  exigíveis  ou  a  inexistência  de  linha  investigatória
</p>
<p>potencialmente  idônea,  adequadamente  sopesados  no  caso  concreto,  justificam  o
</p>
<p>arquivamento da investigação, sem prejuízo de sua reabertura diante de novos elementos.” 
</p>
<p>Rechaça-se, destarte, numa leitura contemporânea do Inquérito
</p>
<p>Civil  sob  a  ótica  da  premissa  constitucional  da  razoável  duração  do
</p>
<p>processo/procedimento, a sua renovação reiterada e por prazo indeterminado,  seja
</p>
<p>mediante o inveterado redimensionamento do objeto do expediente, seja mediante a adoção
</p>
<p>Procuradoria 
da República
em Santa Maria
</p>
<p>Alameda Antofagasta nº 67 – N. Sra. das Dores – CEP 97.050-660 – Santa Maria/RS
Fone/Fax: (55) 3220 9700 – e-mail: prrs-prm-sm@mpf.mp.br
</p>
<p>9</p>
<p />
</div>
<div class="page"><p />
<p>MINISTÉRIO PÚBLICO FEDERAL
PROCURADORIA DA REPÚBLICA POLO SANTA MARIA/SANTIAGO
</p>
<p>de sucessivas providências desprovidas de utilidade. 
</p>
<p>2.  DO  ESGOTAMENTO  DE  DILIGÊNCIAS  RAZOÁVEIS  COMO
</p>
<p>CAUSA DE ARQUIVAMENTO DO INQUÉRITO CIVIL
</p>
<p>O arquivamento do Inquérito Civil vem disciplinado e minudenciado
</p>
<p>na Resolução do Conselho Nacional do Ministério Público – CNMP nº 23, de 23/9/2007,
</p>
<p>que, por força do art. 130-A, §2º, inc. I5, da Constituição Federal, possui aplicabilidade para
</p>
<p>os  Ministérios  Públicos  do  Estado  e  da  União,  enunciando  como  causa  extintiva  do
</p>
<p>procedimento: 
</p>
<p>Art. 10. Esgotadas todas as possibilidades de diligências, o membro do
Ministério Público, caso se convença da inexistência de fundamento para a
propositura  de  ação  civil  pública,  promoverá,  fundamentadamente,  o
arquivamento do inquérito civil ou do procedimento preparatório
</p>
<p>A expressão “todas  as  diligências”  aqui  empregada, entrementes,
</p>
<p>merece ser examinada com cautela. Não quis, com ela, o Órgão Normatizador obrigar os
</p>
<p>Agentes Ministeriais a levarem a efeito diligências infinitas sem antever algum resultado
</p>
<p>significativo, impondo a renovação perpétua do expediente investigatório.
</p>
<p>Ao contrário. Tal qual alhures se disse, é elementar que, baldados os
</p>
<p>esforços  para  subsidiar  o  reconhecimento  de  eventual  direito  de  índole  coletiva  (e,
</p>
<p>consequentemente,  reunirem-se  elementos  para  a  promoção  da  competente  Ação  Civil
</p>
<p>Pública),  autorizado  está  o  membro  do  Ministério  Público  a  findar  a  investigação,
</p>
<p>concentrando  suas  atenções  e  empenho  naquelas  perscrutações  que  prenunciem
</p>
<p>resultados minimamente viáveis.
</p>
<p>Em  tempos  de  efetividade  processual,  de  exame  do  processo
</p>
<p>(administrativo, inclusive) à luz dos direitos fundamentais e de busca de duração razoável,
</p>
<p>mostra-se questionável defender-se uma exegese diversa.
</p>
<p>5 § 2º Compete ao Conselho Nacional do Ministério Público o controle da atuação administrativa e financeira do Ministério
Público e do cumprimento dos deveres funcionais de seus membros, cabendo lhe: I zelar pela autonomia funcional e
administrativa do Ministério Público, podendo expedir atos regulamentares, no âmbito de sua competência, ou recomendar
providências;
</p>
<p>Procuradoria 
da República
em Santa Maria
</p>
<p>Alameda Antofagasta nº 67 – N. Sra. das Dores – CEP 97.050-660 – Santa Maria/RS
Fone/Fax: (55) 3220 9700 – e-mail: prrs-prm-sm@mpf.mp.br
</p>
<p>10</p>
<p />
</div>
<div class="page"><p />
<p>MINISTÉRIO PÚBLICO FEDERAL
PROCURADORIA DA REPÚBLICA POLO SANTA MARIA/SANTIAGO
</p>
<p>Ora, o objetivo jurídico do Inquérito Civil não é outro senão tutelar,
</p>
<p>essencialmente, direitos de natureza transindividual. Se não restaram localizados elementos
</p>
<p>para tanto, não há proveito em manter sua tramitação. 
</p>
<p>Insistir  nesses  expedientes  só  ampliará  o  ônus  para  todos  os
</p>
<p>envolvidos e para toda a coletividade: (a) perde o investigado, que sofrerá o abalo de figurar
</p>
<p>indefinidamente  como  alvo  de  uma  persecução  conduzida  pelo  Ministério  Público,  com
</p>
<p>todos  os  reflexos  morais  e  financeiros  que  daí  podem  brotar;  (b) perde  a  máquina
</p>
<p>ministerial, obrigada a movimentar e analisar, com considerável dispêndio de tempo e de
</p>
<p>recursos públicos, uma investigação sem expectativa de ultimação produtiva;  (c) perde a
</p>
<p>sociedade, reflexamente, pela desatenção despendida a outras demandas que aportam a
</p>
<p>esta Instituição, tão essencial à justiça e cara à defesa dos direitos supraindividuais.
</p>
<p>Já  se  disse,  aliás,  que  os  processos  (e,  acresça-se,  também  os
</p>
<p>procedimentos)  “têm  vida  própria,  nascem,  morrem  ou  até  ressuscitam,  para  depois
</p>
<p>morrerem; o que não se concebe é a sua permanência ad aeternum” (STJ, REsp 582.579-
</p>
<p>DF 2003/0155773-6, DJ 04/05/2010). Noutras palavras, o Inquérito Civil  não é (e jamais
</p>
<p>pode ser) um fim em si mesmo. 
</p>
<p>Muito antes, traçando-se um paralelo com a teoria liebmaniana das
</p>
<p>condições  da  ação  (hoje  catalogadas,  pela  novel  legislação,  como  pressupostos
</p>
<p>processuais), de longa data consagrada na seara do Direito Adjetivo, há de encerrar ele um
</p>
<p>interesse  de  agir,  que,  para  além de  reclamar  a  utilidade  do  processo/procedimento,
</p>
<p>também exige a demonstração da sua  necessidade, como remédio apto à aplicação do
</p>
<p>direito objetivo no caso concreto.
</p>
<p>3. DO CASO CONCRETO: DELIMITAÇÃO E DESFECHO
</p>
<p>É consabido que o art. 37 da Constituição da República Federativa
</p>
<p>do Brasil6 impõe à Administração Pública Direta e Indireta de qualquer  dos Poderes da
</p>
<p>6 Art. 37. A administração pública direta e indireta de qualquer dos Poderes da União, dos Estados, do Distrito Federal e dos
</p>
<p>Procuradoria 
da República
em Santa Maria
</p>
<p>Alameda Antofagasta nº 67 – N. Sra. das Dores – CEP 97.050-660 – Santa Maria/RS
Fone/Fax: (55) 3220 9700 – e-mail: prrs-prm-sm@mpf.mp.br
</p>
<p>11</p>
<p />
</div>
<div class="page"><p />
<p>MINISTÉRIO PÚBLICO FEDERAL
PROCURADORIA DA REPÚBLICA POLO SANTA MARIA/SANTIAGO
</p>
<p>União, dos Estados, do Distrito Federal e dos Municípios o dever de pautar todos os seus
</p>
<p>atos  pelos  princípios  maiores  da  legalidade,  impessoalidade,  moralidade,  publicidade  e
</p>
<p>eficiência.
</p>
<p>Por óbvio, também a prestação de serviços públicos e a gestão dos
</p>
<p>bens públicos – definidos pelo art. 98 do Código Civil7 como todos aqueles pertencentes às
</p>
<p>pessoas jurídicas de direito público interno – não podem se desgarrar da observância de
</p>
<p>ditos  princípios  administrativos,  perfectibilizando-se  de  forma  a  sempre  assegurarem  a
</p>
<p>supremacia do interesse público e o pleno respeito às garantias e direitos fundamentais dos
</p>
<p>cidadãos.
</p>
<p>No espectro da eficiência, em particular, insere-se a obrigação fixada
</p>
<p>no  art.  23,  inc.  I,  da  Carta  Magna8,  de  o  Poder  Público  conservar  o  seu  patrimônio  e
</p>
<p>resguardar  a  integridade  daqueles  que  dele  fazem  uso,  maximizando  resultados  e
</p>
<p>minimizando dispêndios e riscos.
</p>
<p>Dita obrigação assume relevância ímpar quando está em discussão
</p>
<p>o  direito  à  segurança,  insculpido  nos  arts.  5º,  caput,  e  6º,  da  Norma  Fundamental9 e
</p>
<p>compreendido  como  a  expectativa  de  incolumidade  física  necessária  para  o  pleno
</p>
<p>desenvolvimento das pessoas em sociedade, de sorte a garantir-se, ao fim e ao cabo, o
</p>
<p>direito maior à vida.
</p>
<p>Precisamente  in  casu,  tal  qual  adiantado  na  narrativa  alhures
</p>
<p>tecida, a Diretoria da Casa de Estudante Universitário – CEU II, da Universidade Federal de
</p>
<p>Santa  Maria  –  UFSM,  remeteu  a  esta  Procuradoria  da  República,  em  1º/8/2013,  o
</p>
<p>Municípios obedecerá aos princípios de legalidade, impessoalidade, moralidade, publicidade e eficiência e, também, ao
seguinte: (...)
</p>
<p>7 Art. 98. São públicos os bens do domínio nacional pertencentes às pessoas jurídicas de direito público interno; todos os
outros são particulares, seja qual for a pessoa a que pertencerem. 
</p>
<p>8 Art. 23. É competência comum da União, dos Estados, do Distrito Federal e dos Municípios:
I - zelar pela guarda da Constituição, das leis e das instituições democráticas e conservar o patrimônio público;
(…) [g.n.]
</p>
<p>9 Art. 5º Todos são iguais perante a lei, sem distinção de qualquer natureza, garantindo-se aos brasileiros e aos estrangeiros
residentes no País a inviolabilidade do direito à vida, à liberdade, à igualdade, à segurança e à propriedade, nos termos
seguintes: (…)
</p>
<p>Art. 6º São direitos sociais a educação, a saúde, a alimentação, o trabalho, a moradia, o transporte, o lazer, a segurança,
a previdência social, a proteção à maternidade e à infância, a assistência aos desamparados, na forma desta Constituição.
[g.n.]
</p>
<p>Procuradoria 
da República
em Santa Maria
</p>
<p>Alameda Antofagasta nº 67 – N. Sra. das Dores – CEP 97.050-660 – Santa Maria/RS
Fone/Fax: (55) 3220 9700 – e-mail: prrs-prm-sm@mpf.mp.br
</p>
<p>12</p>
<p />
</div>
<div class="page"><p />
<p>MINISTÉRIO PÚBLICO FEDERAL
PROCURADORIA DA REPÚBLICA POLO SANTA MARIA/SANTIAGO
</p>
<p>Memorando nº 001/2013-CEU II (fls. 3/14), clamando por providências para a melhoria das
</p>
<p>condições  de  habitabilidade,  acessibilidade  e  segurança  dos  prédios  daquela  moradia
</p>
<p>estudantil e da União Universitária. Listou, essencialmente, dentre as suas reivindicações: 
</p>
<p>(1) instalação de bebedouros na União Universitária; 
</p>
<p>(2)  colocação  de  climatizadores  de  ar  e  ventiladores  nos
</p>
<p>alojamentos da União Universitária; 
</p>
<p>(3) instalação de extintores na União Universitária e nos prédios
</p>
<p>da CEU II; 
</p>
<p>(4) construção de rampas de acesso na entrada dos blocos; 
</p>
<p>(5) reforma da fiação elétrica; 
</p>
<p>(6) construção de saídas de emergência na União Universitária; 
</p>
<p>(7)  garantia  do  direito  de  recreação  e  convívio  entre  os
</p>
<p>moradores; 
</p>
<p>(8) revogação da Ordem de Serviço nº 001/08, de 11/3/2008, que
</p>
<p>proíbe o consumo de bebidas alcoólicas no Campus; 
</p>
<p>(9)  construção  de  um  espaço  adequado  para  as  atividades
</p>
<p>festivas;
</p>
<p>(10) agilidade nas reformas dos apartamentos e/ou blocos em
</p>
<p>condições precárias.
</p>
<p>Procuradoria 
da República
em Santa Maria
</p>
<p>Alameda Antofagasta nº 67 – N. Sra. das Dores – CEP 97.050-660 – Santa Maria/RS
Fone/Fax: (55) 3220 9700 – e-mail: prrs-prm-sm@mpf.mp.br
</p>
<p>13</p>
<p />
</div>
<div class="page"><p />
<p>MINISTÉRIO PÚBLICO FEDERAL
PROCURADORIA DA REPÚBLICA POLO SANTA MARIA/SANTIAGO
</p>
<p>No fito de bem contextualizarem-se ditas demandas e conferir-se-
</p>
<p>lhes  o  mais  pleno  e  adequado  deslinde,  diversas  foram  as  medidas  apuratórias
</p>
<p>engendradas por este Parquet ao longo de quase 5 (cinco) anos de tramitação e instrução
</p>
<p>do expediente,  com múltiplas e sucessivas provocações do Educandário e do Corpo de
</p>
<p>Bombeiros Militar, logrando  equacionarem-se muitas delas e encaminharem-se outras
</p>
<p>tantas, que, embora ainda pendentes de atendimento definitivo, já não justificam a
</p>
<p>manutenção em curso deste Inquérito Civil.
</p>
<p>Senão, vejamos. 
</p>
<p>3.1  DAS  REINVIDICAÇÕES  ESTUDANTIS  PLENAMENTE
</p>
<p>SATISFEITAS
</p>
<p>A) INSTALAÇÕES DE BEBEDOUROS NA UNIÃO UNIVERSITÁRIA
</p>
<p>(ITEM 1)
</p>
<p>Eis o teor do primeiro ponto do Memorando nº 001/2013: 
</p>
<p>1. Instalação de bebedouros na União Universitária (alojamento provisório
da Casa do Estudante Universitário II – CEU II) – estes bebedouros já estão
na Universidade há alguns meses mas ainda não foram instalados.
</p>
<p>Provocada  por  intermédio  do  Ofício  nº  02465/2013/PRM/CDC  (fl.
</p>
<p>35), a UFSM remeteu o Memorando nº 239/2013-PRAE, de 3/12/2013, a certificar que os
</p>
<p>bebedouros  já  haviam  sido  instalados  na  União  Universitária (fl.  38),  solvendo  a
</p>
<p>problemática e dispensando providências diversas pelo Ministério Público Federal.
</p>
<p>B)  ALOCAÇÃO  DE  CLIMATIZADORES  DE  AR  E/OU
</p>
<p>VENTILADORES  NOS  ALOJAMENTOS  DA  UNIÃO
</p>
<p>UNIVERSITÁRIA (ITEM 2)
</p>
<p>Avançando, a manifestação inaugural relatou:
</p>
<p>Procuradoria 
da República
em Santa Maria
</p>
<p>Alameda Antofagasta nº 67 – N. Sra. das Dores – CEP 97.050-660 – Santa Maria/RS
Fone/Fax: (55) 3220 9700 – e-mail: prrs-prm-sm@mpf.mp.br
</p>
<p>14</p>
<p />
</div>
<div class="page"><p />
<p>MINISTÉRIO PÚBLICO FEDERAL
PROCURADORIA DA REPÚBLICA POLO SANTA MARIA/SANTIAGO
</p>
<p>2. Colocar climatizadores de ar e ventiladores nos alojamentos da União
Universitária – como é um espaço ocupado por muitas pessoas (mais de
250), durante o verão fica muito abafado e quente, e no inverso fica gelado
demais  por  ser  um  cômodo  grande,  causando  grandes  dificuldades  na
manutenção da qualidade de vida neste espaço.
</p>
<p>As primeiras respostas da Autarquia, datadas de 24/9/2013 (fl. 22) e
</p>
<p>3/12/2013 (fl.  38), vieram no sentido de que, a exemplo do que ocorrera no tocante aos
</p>
<p>bebedouros, o processo de instalação dos ventiladores na União Universitária já estaria em
</p>
<p>curso.
</p>
<p>Novamente  instada  a  se  manifestar,  por  intermédio  dos
</p>
<p>questionamentos declinados no despacho de fls. 80/81, a UFSM pontuou e comprovou, em
</p>
<p>26/10/2015 (fl.  84 e mídia ótica de fl.  99),  inclusive mediante registros fotográficos,  que
</p>
<p>também haviam sido instalados ventiladores em todos alojamentos (masculinos, femininos e
</p>
<p>mistos).
</p>
<p>Tem-se,  pois,  assim,  atendida  a  solicitação  dos  estudantes,
</p>
<p>registrando-se não ser razoável demandar da Universidade, para além dos ventiladores já
</p>
<p>instalados, também a alocação de climatizadores de ar naquele espaço, como reivindicado
</p>
<p>originariamente,  porque  qualquer  providência  nesse  sentido  representaria  interferência
</p>
<p>exagerada no juízo de discricionariedade no manuseio da despesa pública.
</p>
<p>C) CONSTRUÇÃO DE RAMPAS DE ACESSO NA ENTRADA DOS
</p>
<p>BLOCOS (ITEM 4)
</p>
<p>Outra  das  reivindicações  da  Diretoria  da  CEU  II  erigiu-se  nos
</p>
<p>seguintes contornos: 
</p>
<p>4. Construir rampas de acesso na entrada dos blocos, só o bloco 14 possui
rampa de acesso, sendo que os demais blocos, 11, 12, 13, 15, 21, 22, 23,
24 , 25, 26, 30, 31, 32, 33, 34, 35, 41, 42, 43, 44, 45 e 46, não possuem as
mesmas, inviabilizando o acesso a cadeirantes moradores do CEU II. 
</p>
<p>Em seu pronunciamento inicial, datado de 26/9/2013 (fl. 32), disse a
</p>
<p>Procuradoria 
da República
em Santa Maria
</p>
<p>Alameda Antofagasta nº 67 – N. Sra. das Dores – CEP 97.050-660 – Santa Maria/RS
Fone/Fax: (55) 3220 9700 – e-mail: prrs-prm-sm@mpf.mp.br
</p>
<p>15</p>
<p />
</div>
<div class="page"><p />
<p>MINISTÉRIO PÚBLICO FEDERAL
PROCURADORIA DA REPÚBLICA POLO SANTA MARIA/SANTIAGO
</p>
<p>UFSM  que,  à  época, haveria  construído  uma  rampa  de  acesso  apenas  no  Bloco  14,
</p>
<p>escolhido  estrategicamente  pela  sua  localização,  com  previsão  de  progressiva
</p>
<p>implementação nos demais blocos.
</p>
<p>A  promessa  concretizou-se  no  deambular  das  verificações
</p>
<p>parquesianas,  tendo  anotado  e  provado  a  Instituição  de  Ensino,  através  do  Ofício  nº
</p>
<p>12/2015  –  COPA,  de 26/10/2015  (fl.  84),  e  da  mídia  ótica  que  o  acompanhou (fl.  99),
</p>
<p>haverem sido  “executadas  as  rampas  em todos  os  blocos  que  possuem apartamentos
</p>
<p>adequados a PPNE (blocos 14, 15, 23 e 25)”.
</p>
<p>Isso,  somado  ao  fato  de  que  a  implantação  destas  e  de  outras
</p>
<p>adequações  necessárias  para  garantir  a  acessibilidade  a  pessoas  com  deficiência  ou
</p>
<p>mobilidade reduzida nas instalações da UFSM vem sendo acompanhada de perto por este
</p>
<p>Parquet no  Procedimento  Administrativo  nº  1.29.008.000510/2016-17,  tornam
</p>
<p>despiciendas, aqui, novas medidas.
</p>
<p>D) GARANTIA DO DIREITO DE RECREAÇÃO E CONVÍVIO ENTRE
</p>
<p>MORADORES (ITEM 7) E DE UM ESPAÇO ADEQUADO PARA AS
</p>
<p>ATIVIDADES FESTIVAS (ITEM 9)
</p>
<p>Solicitaram, também, os estudantes:
</p>
<p>7.  Garantia  do  direito  de  recreação  e  convívio  entre  moradores  –  são
necessárias  áreas  adequadas  à  recreação  dos  moradores,  como
churrasqueiras, bancos, mesas em áreas abertas aos arredores da CEU II.
Além disso,  é  necessário  garantir  que  a  vigilância  da  Universidade  não
proíba (sem poder para isso) a utilização desses espaços, com vem fazendo
de forma coercitiva.
</p>
<p>(…)
</p>
<p>9.  Construção  de  um  espaço  adequado  para  atividades  festivas  –
possuímos essa necessidade por entender que os moradores do CEU II
também possuem o direito de fazerem festas com música e bebidas,  no
entanto, não havendo espaços adequados as festas ocorrerem dentro dos
apartamentos,  ocorrendo  problemas  de  convivência  com  vizinhos  que
precisem dormir e/ou estudar.
</p>
<p>Procuradoria 
da República
em Santa Maria
</p>
<p>Alameda Antofagasta nº 67 – N. Sra. das Dores – CEP 97.050-660 – Santa Maria/RS
Fone/Fax: (55) 3220 9700 – e-mail: prrs-prm-sm@mpf.mp.br
</p>
<p>16</p>
<p />
</div>
<div class="page"><p />
<p>MINISTÉRIO PÚBLICO FEDERAL
PROCURADORIA DA REPÚBLICA POLO SANTA MARIA/SANTIAGO
</p>
<p>Chamada  a  se  manifestar  acerca  do  pleito,  a  PRAE  negou
</p>
<p>veementemente  que  houvesse  impedido  a  recreação  e  convívio  entre  moradores  em
</p>
<p>churrascos  e  bate-papos,  afirmando,  ademais,  que  já  havia  até  mesmo  solicitado  à
</p>
<p>PROINFRA a construção de novos espaços recreativos.
</p>
<p>A esse respeito, embora não conste nos autos do Inquérito Civil em
</p>
<p>voga, é de conhecimento público e notório (prescindindo de prova, à luz do art. 374, inc. II,
</p>
<p>do  novel  Estatuto  Processual  Civil)  que  diversas  churrasqueiras  foram  edificadas  e
</p>
<p>distribuídas pela UFSM ao redor da instalação principal da CEU II, atendendo, de forma
</p>
<p>espontânea, às requisições dos estudantes. 
</p>
<p>Apenas a  título  ilustrativo,  reproduz-se  publicação da Diretoria  da
</p>
<p>CEU II, subscritora da peça vestibular, em sua página virtual10, na data de 22/8/2015:
</p>
<p>Naturalmente, havendo a movimentação da própria Autarquia para a
</p>
<p>edificação desses espaços, não será a mesma Instituição de Ensino que cerceará seu uso,
</p>
<p>desde que os usuários o façam dentro dos lindes da razoabilidade e reverenciando regras
</p>
<p>básicas de convívio. 
</p>
<p>10 Disponível em &lt;http://w3.ufsm.br/ceu2/site/&gt;. Acesso em: 19/3/2018.
</p>
<p>Procuradoria 
da República
em Santa Maria
</p>
<p>Alameda Antofagasta nº 67 – N. Sra. das Dores – CEP 97.050-660 – Santa Maria/RS
Fone/Fax: (55) 3220 9700 – e-mail: prrs-prm-sm@mpf.mp.br
</p>
<p>17</p>
<p />
</div>
<div class="page"><p />
<p>MINISTÉRIO PÚBLICO FEDERAL
PROCURADORIA DA REPÚBLICA POLO SANTA MARIA/SANTIAGO
</p>
<p>Logo,  sanada  administrativamente  a  reivindicação,  nenhuma
</p>
<p>providência remanesce a ser adotada a este Parquet adotar no ponto. 
</p>
<p>E) REVOGAÇÃO DA ORDEM DE SERVIÇO 001/08 DE 11/3/2008:
</p>
<p>INTERDIÇÃO DE CONSUMO DE BEBIDAS ALCÓOLICAS
</p>
<p>No mesmo Memorando nº 001/2013, a Diretoria do CEU II reclamou:
</p>
<p>8. Revogação da Ordem de Serviço 001/08 de 11 de março de 2008, que
proíbe  o  consumo de  bebida  alcoólica  em todas  as  partes  do  Campus,
exceto no Centro  de Eventos  –  consideramos prejudicial  aos  moradores
essa ordem de serviço,  pois  a CEU II  é um espaço de moradia,  e pela
legislação  da  universidade,  não  poderíamos  consumir  bebidas  alcoólicas
nem dentro da própria casa ou nas dependências da mesma, inviabilizando
qualquer tipo de festa entre os moradores
</p>
<p>Diante das provocações levadas a efeito no curso da instrução deste
</p>
<p>caderno, a UFSM editou as Resoluções nº 023/2014 e nº 25/2014, dedicadas a disciplinar
</p>
<p>o Programa  de  Moradia  Estudantil  aos  alunos  da  pós-graduação  e  aos  estudantes  do
</p>
<p>ensino médio, técnico e tecnológico e de graduação, respectivamente (fls. 64/78), elidindo a
</p>
<p>proibição de consumo de bebidas alcoólicas nas dependências das CEUs e contemplando,
</p>
<p>ainda,  regras  de  convívio,  de  maneira  que  o  objeto  das  perquirições,  nesse  aspecto,
</p>
<p>igualmente ficou esvaziado. 
</p>
<p>3.2  DAS  REINVIDICAÇÕES  ESTUDANTIS  COM  ATENDIMENTO
</p>
<p>PARCIAL, MAS EM CURSO
</p>
<p>Na linha do que já adiantado em provimentos antecedentes nestes
</p>
<p>autos,  das  10  (dez)  reivindicações  deduzidas  pela  Diretoria  da  CEU  II,  pendiam  de
</p>
<p>atendimento pleno, ao menos até junho/2017, as pretensões vertidas em 4 (quatro) delas,
</p>
<p>mais precisamente nos itens  3  (extintores de incêndio),  5 (reforma de fiação elétrica),  6
</p>
<p>(edificação de saídas de emergência) e 10 (agilidade nas reformas), assim formatadas na
</p>
<p>exordial: 
</p>
<p>Procuradoria 
da República
em Santa Maria
</p>
<p>Alameda Antofagasta nº 67 – N. Sra. das Dores – CEP 97.050-660 – Santa Maria/RS
Fone/Fax: (55) 3220 9700 – e-mail: prrs-prm-sm@mpf.mp.br
</p>
<p>18</p>
<p />
</div>
<div class="page"><p />
<p>MINISTÉRIO PÚBLICO FEDERAL
PROCURADORIA DA REPÚBLICA POLO SANTA MARIA/SANTIAGO
</p>
<p>3. Instalar extintores na União Universitária e nos prédios do CEU II – foram
colocadas placas sinalizadoras de saídas, as mangueiras para os hidrantes
e as caixas para os extintores, no entanto, já há alguns meses, não foram
colocados os extintores.
</p>
<p>(…)
</p>
<p>5. Reforma fiação elétrica (com troca de postes) – toda fiação elétrica do
CEU II precisa ser substituída, nos últimos meses ocorrem quedas de luz
apenas em partes  das  redes,  ocasionadas por  um curto  circuíto  ou mal
contato,  diariamente,  sendo  que  já  ocorreu  de  um  poste  soltar  muitas
faíscas (um que fica na frente ao bloco 26);
</p>
<p>6. Construção de saídas de emergência na União Universitária, hoje não há
qualquer saída de emergência, sendo que, segundo a Proinfra (Pró-Reitoria
de  Infraestrutura)  o  Corpo  de  Bombeiros  classificou  este  espaço  como
impróprio para utilização, devido à falta de saídas de emergência.
</p>
<p>(…)
</p>
<p>10. Agilidade nas reformas dos apartamentos e/ou blocos que estiverem
necessitando das mesmas – hoje já apartamentos e péssimas condições de
moradia  (conforme  anexo)  há  muito  tempo,  sendo  que  foi  solicitado  à
Universidade que faça as reformas necessárias a mesma não dá atenção a
esta necessidade.
</p>
<p>A propósito, oportunas são as considerações lançadas no despacho
</p>
<p>de  fls.  116/120,  que  bem  ilustra  o  panorama  fático  envolvendo  as  postulações
</p>
<p>remanescentes: 
</p>
<p>(...)
</p>
<p>As mais recentes informações prestadas neste compêndio, especialmente
pela Autarquia de Ensino, trazem promessas de avanços na solução das
pendências  ainda  existentes  quanto  à  falta  de  extintores  na  União
Universitária e nos prédios da CEU II  (item “3”) e à necessidade de
reforma  da  fiação  elétrica  (item  “5”),  de  construção  de  saídas  de
emergência  na  União  Universitária  (item  “6”)  e  de  agilidade  nas
reformas dos  apartamentos  e/ou  blocos  em situação  precária  (item
“10”), todas com previsão de   concretização ao longo do ano de 2016.
Assim, por exemplo, estariam programadas: (a) a realização da manutenção
periódica  dos  extintores  de  incêndio  e  a  instalação  de  sinalização  de
emergência, (b) a promoção de treinamentos para a prevenção e combate a
incêndio junto aos ocupantes dos alojamentos universitários, (c) a conclusão
das reformas prediais nas edificações em situação de risco (Blocos 11, 21 e
22), (d) o mapeamento das situações críticas, (e) a realização de vistorias in
loco  pela  equipe  do  Núcleo  de  Prevenção de  Incêndio  –  NPI,  a  fim de
verificar o uso correto da rede elétrica, e (f) o encaminhamento de um novo
Plano de Prevenção e Proteção contra Incêndios – PPCI para a  CEU II e
para o  Restaurante Universitário/União Universitária,  com as  adaptações
exigidas pela novel legislação, para subsequente aprovação pelo Corpo de
</p>
<p>Procuradoria 
da República
em Santa Maria
</p>
<p>Alameda Antofagasta nº 67 – N. Sra. das Dores – CEP 97.050-660 – Santa Maria/RS
Fone/Fax: (55) 3220 9700 – e-mail: prrs-prm-sm@mpf.mp.br
</p>
<p>19</p>
<p />
</div>
<div class="page"><p />
<p>MINISTÉRIO PÚBLICO FEDERAL
PROCURADORIA DA REPÚBLICA POLO SANTA MARIA/SANTIAGO
</p>
<p>Bombeiros  e expedição do competente Alvará  de Prevenção e Proteção
Contra Incêndios – APPCI.
</p>
<p>Já inaugurado o novo ano, urge, ora, de pronto, buscar-se junto à UFSM um
balanço acerca do efetivo cumprimento das providências anunciadas, com a
comprovação documental e fotográfica do seu resultado.
</p>
<p>Mais do que isso, dada a sensibilidade dos bens jurídicos tutelados, que não
autoriza  a  procrastinação  de  soluções  em  matéria  de  prevenção  de
incêndios e de garantia da incolumidade dos moradores e frequentadores da
CEU  II  e  do  Restaurante  Universitário/União  Universitária,  impõe-se,
igualmente, neste momento, atualizarem-se junto ao 4º Comando Regional
de Bombeiros os dados acerca dos PPCIs e APPCIs dessas edificações
em  específico,  solicitando-se-lhe,  outrossim,  acaso  ainda  não  efetivada
desde junho/2016, seus bons préstimos para a realização de vistoria in loco
nos  aludidos  prédios  para  aferição  da  atual  situação  das  saídas  e
iluminação de emergência, dos extintores e de eventuais riscos advindos da
precariedade da fiação elétrica.
</p>
<p>Dirigidas missivas requisitórias aos dois entes (UFSM e 4º Comando
</p>
<p>Regional de Bombeiros), ambos se manifestaram em agosto/2017, chegando-se ao quadro
</p>
<p>que segue.
</p>
<p>A) INSTALAÇÃO DE EXTINTORES NA UNIÃO UNIVERSITÁRIA E
</p>
<p>NO PRÉDIO DO CEU II (ITEM 3) E CONSTRUÇÃO DE SAÍDAS DE
</p>
<p>EMERGÊNCIA (ITEM 6)
</p>
<p>Embora  com  um  certo  retardo,  o  Ofício  013/2016  –  COPA,  de
</p>
<p>14/6/2016 (fls. 111/112) já dava conta de que os extintores de incêndio, a sinalização e as
</p>
<p>saídas  de  emergência  haviam  sido  instalados  nos  prédios  da  CEU  II  e  da  União
</p>
<p>Universitária/Restaurante  Universitário  pelo  Núcleo  de Prevenção de Incêndio  –  NPI  da
</p>
<p>UFSM.
</p>
<p>A vistoria levada a efeito nesses imóveis pela Seção de Prevenção
</p>
<p>de Incêndio do 4º Batalhão de Bombeiro Militar em 25/8/2017 (fls. 151/152) corroborou tal
</p>
<p>informação,  mas apontou algumas correções a serem providenciadas pelo Educandário.
</p>
<p>Veja-se:
</p>
<p>Procuradoria 
da República
em Santa Maria
</p>
<p>Alameda Antofagasta nº 67 – N. Sra. das Dores – CEP 97.050-660 – Santa Maria/RS
Fone/Fax: (55) 3220 9700 – e-mail: prrs-prm-sm@mpf.mp.br
</p>
<p>20</p>
<p />
</div>
<div class="page"><p />
<p>MINISTÉRIO PÚBLICO FEDERAL
PROCURADORIA DA REPÚBLICA POLO SANTA MARIA/SANTIAGO
</p>
<p>A) Casa do Estudante Universitário – CEU II
</p>
<p>1  –  Saídas  de  emergência:  a  sinalização  de  orientação  e  salvamento
necessita  de  adequação.  Embora  existam  algumas,  há  deficiência  na
indicação  das  rotas  de  fuga,  mudança  de  direção  e  saídas  finais  ao
logradouro.
1.1 Necessidade de adequar altura de guarda-corpo e corrimãos.
1.2 Existência de matérias [sic] e objetos depositados nas rotas de fuga.
</p>
<p>2 –  Iluminação de emergência:  Determinados locais  encontravam-se  em
pleno funcionamento, outros lugares não possuíam ou estavam 'queimadas'.
</p>
<p>3 – Extintores de Incêndio: Estavam no local, instalados e de acordo com a
legislação para o pleno funcionamento.
</p>
<p>(…)
</p>
<p>B)  Restaurante  Universitário/União  Universitária  da  Universidade
Federal de Santa Maria – UFSM
</p>
<p>1  –  Saídas  de  emergência:  Deficiente  sinalização  de  orientação  e
salvamento,  das saídas e rotas  de fuga,  assim como a necessidade de
manutenção em uma ferramenta de abertura tipo barra antipânico em uma
das portas de saídas.
</p>
<p>2  –  Iluminação de emergência:  Determinados locais  encontravam-se  em
pleno funcionamento, outros lugares não possuíam ou estavam 'queimadas'.
</p>
<p>3 – Extintores de Incêndio: foi entregue Notificação de Infração para realizar
a  manutenção  de  algumas  unidades  extintores  que  encontravam-se
vencidas  e  por  haver  deficiências  no  dimensionamento  dos  extintores
quanto ao tipo, distribuição e capacidade extintora.
</p>
<p>(…)
</p>
<p>A UFSM,  por  sua  vez,  justificou  não  terem  sido  completamente
</p>
<p>ultimadas  as  medidas  de  segurança  e  treinamentos  contra  incêndio  anunciados  em
</p>
<p>outubro/2015,  para  execução  ainda  ao  longo  do  ano  de  2016,  por  dependerem  da
</p>
<p>aprovação dos respectivos PPCIs, ainda pendente. Nesse diapasão (fl. 124):
</p>
<p>(a.2)  e  (a.4)  Informamos que somente  as  medidas  de  segurança contra
incêndio  extintores  de  incêndio  e  sinalização  de  emergência  foram
implementadas. As demais medidas de segurança necessitam da aprovação
do  PPCI  no  Corpo  de  Bombeiros  para  serem  instaladas.  Portanto,  o
cronograma  de  execução  das  medidas  de  segurança  pendentes  de
implantação  depende  da  data  de  aprovação  do  PPCI  no  Corpo  de
Bombeiros.
</p>
<p>(b.5) Quanto aos TPCI's: Não foram realizados Treinamentos de Prevenção
e Combate a Incêndio (TPCI's) com os alunos moradores pois optou-se por
</p>
<p>Procuradoria 
da República
em Santa Maria
</p>
<p>Alameda Antofagasta nº 67 – N. Sra. das Dores – CEP 97.050-660 – Santa Maria/RS
Fone/Fax: (55) 3220 9700 – e-mail: prrs-prm-sm@mpf.mp.br
</p>
<p>21</p>
<p />
</div>
<div class="page"><p />
<p>MINISTÉRIO PÚBLICO FEDERAL
PROCURADORIA DA REPÚBLICA POLO SANTA MARIA/SANTIAGO
</p>
<p>aguardar a aprovação do PPCI com a definição de quais as medidas de
segurança  serão  implementadas  na  edificação  para  apresentação  das
mesmas aos alunos, bem como o quantitativo de alunos por bloco.
</p>
<p>Trouxe,  outrossim,  esclarecimentos  técnicos  da  empresa  EQUIPE
</p>
<p>ARTE FINAL acerca do estágio dos aludidos documentos (fl. 125):
</p>
<p>Aludidos esclarecimentos foram complementados pelo Batalhão de
</p>
<p>Bombeiro Militar, no Ofício nº 79/SPI-4ºBBM/2017, a averbar que “os Planos de Prevenção
</p>
<p>e Proteção contra Incêndio – PPCI,  da Casa do Estudante Universitário – CEU II  e do
</p>
<p>Restaurante Universitário/União Universitária  da Universidade Federal  de Santa  Maria  –
</p>
<p>UFSM, estão tramitando nesse Corpo de Bombeiros de Santa Maria. O primeiro recebeu
</p>
<p>Certificado de  Aprovação (CA)  na  data  de 1º/09/2017,  aguardando a  retirada do CA e
</p>
<p>Procuradoria 
da República
em Santa Maria
</p>
<p>Alameda Antofagasta nº 67 – N. Sra. das Dores – CEP 97.050-660 – Santa Maria/RS
Fone/Fax: (55) 3220 9700 – e-mail: prrs-prm-sm@mpf.mp.br
</p>
<p>22</p>
<p />
</div>
<div class="page"><p />
<p>MINISTÉRIO PÚBLICO FEDERAL
PROCURADORIA DA REPÚBLICA POLO SANTA MARIA/SANTIAGO
</p>
<p>posteriormente  solicitação  de  vistoria  por  parte  do  Responsável  Técnico.  O  segundo
</p>
<p>encontra-se com Notificação de Correção de Análise emitida em 25 de Agosto de 2017.” (fl.
</p>
<p>151).
</p>
<p>Pois bem.
</p>
<p>Conquanto a sensibilidade dos bens jurídicos tutelados não autorize
</p>
<p>a procrastinação de soluções em matéria de prevenção de incêndios, não se pode negar o
</p>
<p>avanço do Educandário na resolução das questões afetas aos PPCI e respectivos
</p>
<p>Alvarás da CEU II e da União Universitária/Restaurante Universitário. Nesse sentido,
</p>
<p>sobreleva  destacar  que  o  primeiro  deles,  como  salientado  pelos  Bombeiros,  já  conta
</p>
<p>inclusive com Certificado de Aprovação, e que, nas palavras daquela Corporação Militar,
</p>
<p>“ambos os estabelecimentos não apresentam iminente risco à vida ou à integridade
</p>
<p>física  dos  usuários,  passível  de  interdição,  vez  que  possuem  itens  mínimos  de
</p>
<p>segurança, sendo que somente após a aprovação dos referidos projetos é que poderá ser
feito  uma  melhor  verificação  no  local,  visto  que  existem  prazos  para  adequações  de
</p>
<p>algumas medidas de segurança para edificações existentes”.
</p>
<p>Obviamente,  não  pode  este  Órgão  Ministerial  furtar-se  de
</p>
<p>acompanhar a matéria até a emissão definitiva do Alvará de Prevenção e Proteção Contra
</p>
<p>Incêndio  –  APPCI,  previsto na  Lei  Complementar  Estadual  nº  14.376,  de 26/12/2013,
</p>
<p>recentemente alterada pela similar nº 14.924, de 22/9/2016, com as adequações prediais
</p>
<p>dele decorrentes.
</p>
<p>Sucede que esse acompanhamento não mais se justifica no corrente
</p>
<p>apuratório, nem fundamenta a sua continuidade, pelo simples fato de que, ineludivelmente,
</p>
<p>tem sua mais adequada sede no bojo do Inquérito Civil nº 1.29.008.000078/2013-11, cujo
</p>
<p>objeto não é outro senão a  “Verificação quanto a eventual falta de Plano de Prevenção
Contra  incêndio  -  PPCI  e  alvarás  de  bombeiros  em  grande  parte  dos  prédios  da
</p>
<p>Universidade  Federal  de  Santa  Maria”. Naquele  expediente,  aliás,  já  está  inclusive
</p>
<p>programada  reunião,  conforme  despacho  datado  de  17/1/2018,  com  a  participação  do
</p>
<p>Magnífico  Reitor  da  Universidade  Federal  de  Santa  Maria  –  UFSM,  do  Pró-Reitor  de
</p>
<p>Procuradoria 
da República
em Santa Maria
</p>
<p>Alameda Antofagasta nº 67 – N. Sra. das Dores – CEP 97.050-660 – Santa Maria/RS
Fone/Fax: (55) 3220 9700 – e-mail: prrs-prm-sm@mpf.mp.br
</p>
<p>23</p>
<p />
</div>
<div class="page"><p />
<p>MINISTÉRIO PÚBLICO FEDERAL
PROCURADORIA DA REPÚBLICA POLO SANTA MARIA/SANTIAGO
</p>
<p>Infraestrutura, dos representantes do Núcleo de Prevenção de Incêndios e do Comandante
</p>
<p>do 4o Comando Regional de Bombeiros, para  a formulação conjunta de um cronograma
</p>
<p>viável  e  exequível  em  que  se  preveja  a  expectativa  e  se  estipulem  prazos  para
</p>
<p>desenvolvimento e aprovação de todos os PPCIs, assim como para adequação dos edifícios
</p>
<p>ao plano, seguindo determinadas prioridades, a serem definidas conforme o potencial de
</p>
<p>risco de  cada  prédio  (aferível,  v.g.,  pela  área total  construída,  pela  altura,  pelo  tipo  de
</p>
<p>ocupação e uso, pela capacidade de lotação e pelo grau de risco de incêndio, entre outros
</p>
<p>critérios técnicos), a fim de viabilizar a expedição dos APPCIs. 
</p>
<p>De rigor, assim, o arquivamento deste feito também quanto aos itens
</p>
<p>3 e 6 do Memorando nº 001/2013.
</p>
<p>B)  REFORMA DOS  APARTAMENTOS/PRÉDIOS  EM  SITUAÇÃO
</p>
<p>PRECÁRIA (ITEM 10) E DA FIAÇÃO ELÉTRICA (ITEM 5)
</p>
<p>Sobre as reformas prediais e melhorias da rede elétrica dos prédios
</p>
<p>residenciais do Campus Central da UFSM, assim discorreu o Setor de Engenharia Elétrica
</p>
<p>da PROINFRA, dando como atendidas algumas providências e como pendentes outras, sob
</p>
<p>o  fundamento  de  complexidade  das  reformas  a  serem engendradas  e  da  vinculação  à
</p>
<p>disponibilidade financeira (fls. 127/128):
</p>
<p>Procuradoria 
da República
em Santa Maria
</p>
<p>Alameda Antofagasta nº 67 – N. Sra. das Dores – CEP 97.050-660 – Santa Maria/RS
Fone/Fax: (55) 3220 9700 – e-mail: prrs-prm-sm@mpf.mp.br
</p>
<p>24</p>
<p />
</div>
<div class="page"><p />
<p>MINISTÉRIO PÚBLICO FEDERAL
PROCURADORIA DA REPÚBLICA POLO SANTA MARIA/SANTIAGO
</p>
<p>A Seção de Prevenção  de  Incêndio  do  4º  Comando Regional  de
</p>
<p>Bombeiro Militar, de certo modo, avalizou as melhorias narradas, aduzindo que:
</p>
<p>A) Casa do Estudante Universitário – CEU II
</p>
<p>(…)
</p>
<p>4 – Fiação elétrica:  Aparentemente em boas condições, porém somente
poderá ser atestado de forma técnica por engenheiro eletricista.
</p>
<p>B)  Restaurante  Universitário/União  Universitária  da  Universidade
Federal de Santa Maria – UFSM
</p>
<p>(…)
</p>
<p>4 – Fiação elétrica:  Aparentemente em boas condições, porém somente
poderá  ser  atestado  de  forma  técnica  por  engenheiro  eletricista.  Cabe
destacar que na União Universitária, faz-se o uso de ramificações através
de extensões, adaptadores tipo 'T', benjamins e barras de tomadas, sendo
os responsáveis orientados no local.
</p>
<p>Por  derradeiro,  não obstante,  informo que  ambos os estabelecimentos
não  apresentam  iminente  risco  à  vida  ou  à  integridade  física  dos
usuários, passível de interdição, vez que possuem itens mínimos de
segurança, sendo que somente após a aprovação dos referidos projetos é
que poderá  ser  feito  uma melhor  verificação no local,  visto  que existem
prazos  para  adequações  de  algumas  medidas  de  segurança  para
edificações existentes. [g.n.]
</p>
<p>Procuradoria 
da República
em Santa Maria
</p>
<p>Alameda Antofagasta nº 67 – N. Sra. das Dores – CEP 97.050-660 – Santa Maria/RS
Fone/Fax: (55) 3220 9700 – e-mail: prrs-prm-sm@mpf.mp.br
</p>
<p>25</p>
<p />
</div>
<div class="page"><p />
<p>MINISTÉRIO PÚBLICO FEDERAL
PROCURADORIA DA REPÚBLICA POLO SANTA MARIA/SANTIAGO
</p>
<p>Ora, como defluência das últimas respostas, é de se concluir que a
</p>
<p>UFSM está adotando as medidas necessárias e que estão ao seu alcance gerencial e
</p>
<p>orçamentário, a fim de bem atender as reivindicações de melhorias da estrutura e da rede
</p>
<p>elétrica da Casa de Estudante – CEU II e da União Universitária, já tendo atacado os pontos
</p>
<p>mais críticos, além de prever novas reformas e adequações naqueles outros prédios em
</p>
<p>que identificadas vulnerabilidades maiores (Blocos 12, 13, 14, 15, 23, 24, 25 e 26), sem que
</p>
<p>– gize-se – tenham sido vislumbrado pelo Órgão Fiscalizatório, em vistoria empreendida no
</p>
<p>mês de agosto/2017, situações que acarretem “iminente risco à vida ou à integridade
</p>
<p>física dos usuários, passível de interdição”.
</p>
<p>Com  efeito,  não  há  divergência  quanto  à  conclusão  de  que  as
</p>
<p>instalações  (CEU  II  e  União  Universitária)  reclamam  reformas  em  sua  fiação  e  na
</p>
<p>adequação às exigências de segurança formuladas pelo Corpo de Bombeiros. A Instituição
</p>
<p>de Ensino, porém, como dito, não está recalcitrante em as atender, sempre adotando, nos
</p>
<p>lindes do razoável, as diligências necessárias para a sua concretização. 
</p>
<p>Sob  essa  perspectiva,  imperativo  reconhecer  que,  ao menos até
</p>
<p>aqui,  não  se  verificam  elementos  de  uma omissão  inconstitucional  patente  da
</p>
<p>Administração ou um risco iminente à  segurança e  integridade dos usuários  dos
</p>
<p>prédios  em  questão  (tomando-se  por  base,  para  essa  conclusão,  as  asserções
</p>
<p>recentes da Corporação de Bombeiros local) a autorizar a intervenção do Judiciário
</p>
<p>(e,  por  linha  de  desdobramento,  do  próprio  Ministério  Público).  Há,  in  casu,  que
</p>
<p>efetivamente se considerarem as premissas teóricas que envolvem a reserva do possível e
</p>
<p>a discricionariedade da Administração nesse aspecto, encerrando-se a análise da questão
</p>
<p>sob o viés do Inquérito Civil. 
</p>
<p>Deveras,  a  mídia  local  é  farta  em reportagens  versando  sobre  o
</p>
<p>progressivo corte de recursos repassados à UFSM pelo Ministério da Educação,  com o
</p>
<p>comprometimento  dos  investimentos  em  obras  novas  e  reformas  originariamente
</p>
<p>programadas. De uma das mais recentes, veiculada em 30/10/2017 no periódico Diário de
</p>
<p>Procuradoria 
da República
em Santa Maria
</p>
<p>Alameda Antofagasta nº 67 – N. Sra. das Dores – CEP 97.050-660 – Santa Maria/RS
Fone/Fax: (55) 3220 9700 – e-mail: prrs-prm-sm@mpf.mp.br
</p>
<p>26</p>
<p />
</div>
<div class="page"><p />
<p>MINISTÉRIO PÚBLICO FEDERAL
PROCURADORIA DA REPÚBLICA POLO SANTA MARIA/SANTIAGO
</p>
<p>Santa Maria e reproduzida no Portal da UFSM, colhe-se, por oportuno11:
</p>
<p>Em  audiência  pública  realizada  nesta  segunda-feira  na  Câmara  de
Vereadores,  o  reitor  da Universidade  Federal  de  Santa  Maria
(UFSM), Paulo Burmann, reiterou o apelo para que as lideranças da região
se  unam  para  pressionar  o  governo  federal  a  liberar  recursos  para  a
instituição.
</p>
<p>A UFSM,  segundo ele,  tem R$ 152  milhões  a  receber  do  Ministério  da
Educação de 2014 até este ano. Para fechar as contas de 2017, a UFSM
precisa de R$ 25 milhões.
</p>
<p>– É um número assustador para a universidade.  Esse é o montante de
recursos que deixou de entrar na economia local – avalia o chefe da UFSM,
criticando o corte nos investimentos e nas verbas de custeio (manutenção).
</p>
<p>Uma das preocupações é com as obras do campus de Cachoeira do Sul,
orçadas em R$ 129 milhões em 2014. Até agora, foram liberados somente
R$ 9 milhões.
</p>
<p>A dívida só com o campus de Cachoeira, um dos quatro da instituição, é de
R$ 120 milhões e não há perspectiva de que, mantido o cenário de cortes,
esse dinheiro seja liberado.
</p>
<p>A expectativa é que o governo libere para a UFSM R$ 14 milhões do seu
orçamento  bloqueado  em  Brasília  por  conta  do  contingenciamento
promovido pela União para enfrentar a crise econômica que atinge o país.
</p>
<p>A  Reitoria  conta  com  esse  dinheiro  na  virada  deste  mês,  conforme
promessa  do  ministro  da Educação,  Mendonça  Filho,  feita  ao reitor,  em
audiência na Capital Federal.
</p>
<p>CENÁRIO
</p>
<p>O  orçamento  global  da  UFSM,  de  cerca  de  R$  1,1  bilhão,  deverá  ser
mantido. No entanto, R$ 33 milhões previstos para investimentos deverão
ser contingenciados.
</p>
<p>– Esse dinheiro ficaria na mão do ministro para ser liberado, conforme a
demanda – explicou o reitor.
</p>
<p>(...)
</p>
<p>NÚMEROS DA CRISE
</p>
<p>– Com orçamento de R$ 1,1 bilhão para 2017, a UFSM sofre com o corte de
verbas  e  atrasos  em repasses  para  o  funcionamento  de  seus  4  campi
(Santa  Maria,  Cachoeira  do  Sul,  Frederico  Westphalen  e  Palmeira  das
Missões)
</p>
<p>–  A folha  de  pagamento  anual  da  instituição  gira  em torno  de  R$  900
</p>
<p>11 Disponível em &lt;http://coral.ufsm.br/midia/?p=42065&gt;. Acesso em 19/3/2018.
</p>
<p>Procuradoria 
da República
em Santa Maria
</p>
<p>Alameda Antofagasta nº 67 – N. Sra. das Dores – CEP 97.050-660 – Santa Maria/RS
Fone/Fax: (55) 3220 9700 – e-mail: prrs-prm-sm@mpf.mp.br
</p>
<p>27</p>
<p />
</div>
<div class="page"><p />
<p>MINISTÉRIO PÚBLICO FEDERAL
PROCURADORIA DA REPÚBLICA POLO SANTA MARIA/SANTIAGO
</p>
<p>milhões
</p>
<p>– A redução de repasses começou em 2014, ano em que dos R$ 52 milhões
previstos para custeio (manutenção e funcionamento da instituição), foram
repassados apenas R$ 21 milhões
</p>
<p>– Em 2015, o contingenciamento foi de R$ 58 milhões
</p>
<p>– A dívida acumulada do governo com a UFSM, de 2014 a 2017, só com
cortes e contingenciamentos, é de R$ 152 milhões
</p>
<p>– A UFSM espera receber pelo menos R$ 14 milhões na virada do mês,
recursos estes que estão bloqueados em Brasília
</p>
<p>– Para fechar as contas deste ano, a Reitoria espera receber mais R$ 25
milhões que estão contingenciados
</p>
<p>– Além disso, o Ministério da Educação liberou somente R$ 9 milhões dos
R$ 129 milhões previstos para a construção do campus de Cachoeira do
Sul.
</p>
<p>Ainda  assim,  não  deixou  a  Autarquia  de  promover  várias  das
</p>
<p>melhorias  demandadas  pela  comunidade  universitária  e  cobradas  por  este  Parquet em
</p>
<p>relação à CEU II e à União Universitária desde 2013 até hoje.
</p>
<p>Ora, ao mesmo tempo em que os recursos financeiros do Estado
</p>
<p>são limitados, as necessidades em matéria de educação e da população universitária como
</p>
<p>um todo são infinitas, compelindo o Administrador a alocar os recursos estatais conforme a
</p>
<p>prioridade previamente estabelecida pelo constituinte.  Justamente neste ponto é que se
</p>
<p>insere a chamada reserva do possível, definida pela doutrina nos seguintes contornos:
</p>
<p>A reserva  do  possível,  no  que  se  refere  ao  orçamento  público,  impõe
restrições em dois sentidos: por um lado, trata da escassez dos recursos
financeiros existentes, ou seja, da limitação à efetividade dos direitos sociais
a  prestações  materiais  diante  da  carência  ou  insuficiência  de  verbas
públicas destinadas ao atendimento dessas prestações; de outro ângulo, a
reserva  do  possível  traz  a  lume  a  discussão  acerca  dos  limites  da
intervenção judicial na efetivação dos direitos sociais a prestações materiais,
notadamente dos direitos originários a prestações, uma vez que as decisões
alocativas,  pela incidência do princípio da separação dos poderes,  estão
precipuamente afetas à esfera de competência do Legislativo12
</p>
<p>Ingo Wolfgang Sarlet, especialista na matéria,  discorre sobre sua
</p>
<p>origem  histórica,  enunciando-a  como  uma defesa  do  Estado  contra  determinadas
12 FIGUEIREDO, Mariana Filchtiner. Direito Fundamental à saúde: parâmetros para sua eficácia e efetividade. Porto Alegre:
</p>
<p>Livraria do Advogado, 2007, p. 131-132
</p>
<p>Procuradoria 
da República
em Santa Maria
</p>
<p>Alameda Antofagasta nº 67 – N. Sra. das Dores – CEP 97.050-660 – Santa Maria/RS
Fone/Fax: (55) 3220 9700 – e-mail: prrs-prm-sm@mpf.mp.br
</p>
<p>28</p>
<p />
</div>
<div class="page"><p />
<p>MINISTÉRIO PÚBLICO FEDERAL
PROCURADORIA DA REPÚBLICA POLO SANTA MARIA/SANTIAGO
</p>
<p>demandas não racionais, que ultrapassem o limite aceitável do que se pode esperar da
</p>
<p>Gestão Pública:
</p>
<p>A partir disso, a 'reserva do possível' (Der Vorbehalt des Möglichen) passou
a traduzir  (tanto para a doutrina majoritária, quanto para a jurisprudência
constitucional na Alemanha) a idéia de que os direitos sociais a prestações
materiais  dependem  da  real  disponibilidade  de  recursos  financeiros  por
parte  do  Estado,  disponibilidade  esta  que  estaria  localizada  no  campo
discricionário das decisões governamentais e parlamentares, sintetizadas no
orçamento  público.  Tais  noções  foram  acolhidas  e  desenvolvidas  na
jurisprudência do Tribunal Constitucional Federal da Alemanha, que, desde o
paradigmático caso numerus clausus, versando sobre o direito de acesso ao
ensino  superior,  firmou  entendimento  no  sentido  de  que  a  prestação
reclamada deve corresponder àquilo que o indivíduo pode razoavelmente
exigir da sociedade13
</p>
<p>Dito doutro modo: somente se pode exigir do Estado a execução de
</p>
<p>uma prestação em benefício do interessado,  nomeadamente fora das políticas públicas
</p>
<p>estabelecidas, se observado o limite da razoabilidade – o que, em princípio, não se verifica
</p>
<p>aqui.
</p>
<p>Por isso, e também em prestígio aos preceitos reitores da duração
</p>
<p>razoável  e  do  interesse-necessidade  deste  Inquérito  Civil,  seu  arquivamento  desponta
</p>
<p>mandatório.
</p>
<p>Nada  impede,  por  certo,  que,  em  surgindo,  no  futuro,  novos
</p>
<p>elementos  aptos  a  modificarem  a  contextura  fática  ora  sopesada  neste  feito  (v.g.,
</p>
<p>paralisação por omissão indevida das melhorias constantemente reclamadas pelos imóveis
</p>
<p>em questão), sejam retomadas ou reabertas as perscrutações, nos moldes preconizados
</p>
<p>pelo art. 19 da Resolução do Conselho Superior do Ministério Público Federal – CSMPF nº
</p>
<p>87/2010:
</p>
<p>Art. 19 - O desarquivamento do inquérito civil, diante de novas provas ou
para  investigar fato novo relevante, poderá ocorrer no prazo máximo de 6
(seis) meses após o arquivamento. Transcorrido esse lapso, será instaurado
novo inquérito civil,  sem prejuízo das provas já colhidas.  (Redação dada
pela Resolução CSMPF nº 106, de 6.4.2010)
</p>
<p>Parágrafo único - O desarquivamento de inquérito civil para a investigação
</p>
<p>13 FIGUEIREDO, Mariana Filchtiner; SARLET, Ingo Wolfgang. Reserva do possível, mínimo existencial e direito à saúde:
algumas aproximações.  In:  SARLET,  Ingo Wolfgang.  Direitos  Fundamentais,  orçamento e 'reserva do possível'.  Porto
Alegre: Livraria do Advogado. 2008, p. 29
</p>
<p>Procuradoria 
da República
em Santa Maria
</p>
<p>Alameda Antofagasta nº 67 – N. Sra. das Dores – CEP 97.050-660 – Santa Maria/RS
Fone/Fax: (55) 3220 9700 – e-mail: prrs-prm-sm@mpf.mp.br
</p>
<p>29</p>
<p />
</div>
<div class="page"><p />
<p>MINISTÉRIO PÚBLICO FEDERAL
PROCURADORIA DA REPÚBLICA POLO SANTA MARIA/SANTIAGO
</p>
<p>de fato novo, não sendo caso de ajuizamento de ação civil pública, implicará
novo arquivamento e remessa ao órgão revisional competente, observado o
disposto nos artigos 17, 18 e 18-A. (Incluído pela Resolução CSMPF nº 106,
de 6.4.2010)
</p>
<p>ANTE  O  EXPOSTO,  promovo  o  ARQUIVAMENTO  do  presente
</p>
<p>Procedimento Preparatório, nos termos dos arts. 4º, § 4º, e 17 da Resolução do Conselho
</p>
<p>Superior do Ministério Público Federal – CSMPF nº 87/2010 e dos arts. 2º, § 6º, e 10 da
</p>
<p>Resolução do Conselho Nacional do Ministério Público – CNMP nº 23/2007.
</p>
<p>Altere-se a supervisão temática deste Inquérito, transferindo-a à
</p>
<p>1ª Câmara de Coordenação e Revisão – 1ª CCR/MPF (porque inexiste qualquer ato
</p>
<p>indicativo de corrupção que autorize sua tramitação sob o viés da 5ª CCR) , e, após,
</p>
<p>remetam-se  os  autos  àquele  Egrégio  Órgão,  para  que  tome  ciência  e  exerça  suas
</p>
<p>finalidades revisoras a respeito do presente provimento de arquivamento, na forma do § 2º
</p>
<p>do já  citado art.  17  da Resolução CSMPF nº  87/2006 e  dos §§ 1º  e  2º  do art.  10  da
</p>
<p>Resolução CNMP nº 23/2007,  comunicando-se a Diretoria da CEU II e à Universidade
</p>
<p>Federal de Santa Maria – UFSM, para conhecimento, inclusive do disposto no § 3º do art.
</p>
<p>17 da Resolução CSMPF nº 87/2010, do CSMPF14.
</p>
<p>Santa Maria/RS, 19 de março de 2018.
</p>
<p>BRUNA PFAFFENZELLER
</p>
<p>Procuradora da República
</p>
<p>~~~~~~~~~~~~~~~~~~~~~~~~~
</p>
<p>14 § 3° - Até que seja homologada ou rejeitada a promoção de arquivamento pela Câmara de Coordenação e Revisão ou
pela Procuradoria Federal dos Direitos do Cidadão, poderão as associações civis legitimadas ou quaisquer interessados
apresentar razões escritas ou documentos, que serão juntadas aos autos para apreciação, nos termos do art. 9º, § 2°, da
Lei n° 7347/85.
</p>
<p>Procuradoria 
da República
em Santa Maria
</p>
<p>Alameda Antofagasta nº 67 – N. Sra. das Dores – CEP 97.050-660 – Santa Maria/RS
Fone/Fax: (55) 3220 9700 – e-mail: prrs-prm-sm@mpf.mp.br
</p>
<p>30
</p>
<p>Documento eletrônico assinado digitalmente por BRUNA PFAFFENZELLER, Procurador(a) da República, em
</p>
<p>19/03/2018 às 13h04min.
</p>
<p>Este documento é certificado conforme a MP 2200-2/2001, que instituiu a Infra-estrutura de Chaves Públicas
</p>
<p>Brasileira - ICP-Brasil.</p>
<p />
</div>
<div class="acroform"><ol>	<li><ol type="signaturedata">	<li signdata="date">2018-03-19T13:04:37-0300</li>
	<li signdata="location">Procuradoria da República no Rio Grande do Sul - PRRS</li>
	<li signdata="name">BRUNA PFAFFENZELLER:1411</li>
	<li signdata="reason">Publicação de documento</li>
</ol>
</li>
</ol>
</div>
</body></html>