<?xml version="1.0" encoding="UTF-8"?>
<html xmlns="http://www.w3.org/1999/xhtml">
<head>
<meta name="pdf:PDFVersion" content="1.4" />
<meta name="xmp:CreatorTool" content="Writer" />
<meta name="access_permission:modify_annotations" content="true" />
<meta name="access_permission:can_print_degraded" content="true" />
<meta name="dc:creator" content="PRPE PRPE" />
<meta name="tika_batch_fs:relative_path" content="48541047.pdf" />
<meta name="language" content="pt-BR" />
<meta name="dcterms:created" content="2018-04-26T18:42:00Z" />
<meta name="dc:format" content="application/pdf; version=1.4" />
<meta name="pdf:docinfo:creator_tool" content="Writer" />
<meta name="access_permission:fill_in_form" content="true" />
<meta name="pdf:encrypted" content="false" />
<meta name="Content-Length" content="96571" />
<meta name="X-TIKA:digest:MD5" content="12a7178af1befac3f3e8e3389c9c473a" />
<meta name="Content-Type" content="application/pdf" />
<meta name="pdf:docinfo:creator" content="PRPE PRPE" />
<meta name="X-Parsed-By" content="org.apache.tika.parser.DefaultParser" />
<meta name="X-Parsed-By" content="org.apache.tika.parser.pdf.PDFParser" />
<meta name="creator" content="PRPE PRPE" />
<meta name="dc:language" content="pt-BR" />
<meta name="meta:author" content="PRPE PRPE" />
<meta name="meta:creation-date" content="2018-04-26T18:42:00Z" />
<meta name="created" content="Thu Apr 26 15:42:00 BRT 2018" />
<meta name="access_permission:extract_for_accessibility" content="true" />
<meta name="access_permission:assemble_document" content="true" />
<meta name="xmpTPg:NPages" content="4" />
<meta name="Creation-Date" content="2018-04-26T18:42:00Z" />
<meta name="resourceName" content="48541047.pdf" />
<meta name="access_permission:extract_content" content="true" />
<meta name="access_permission:can_print" content="true" />
<meta name="tika:file_ext" content="pdf" />
<meta name="Author" content="PRPE PRPE" />
<meta name="producer" content="LibreOffice 5.1" />
<meta name="access_permission:can_modify" content="true" />
<meta name="pdf:docinfo:producer" content="LibreOffice 5.1" />
<meta name="pdf:docinfo:created" content="2018-04-26T18:42:00Z" />
<title></title>
</head>
<body><div class="page"><p />
<p>MINISTÉRIO PÚBLICO FEDERAL
PROCURADORIA DA REPÚBLICA EM PERNAMBUCO
</p>
<p>Inquérito Civil MPF/PRPE n. 1.26.000.002678/2013-98
</p>
<p>DESPACHO
</p>
<p>O objeto e instrução do presente feito se encontram bem relatados
no despacho de fls. 128/129, razão pela qual se pede vênia para transcrever
aquela manifestação:
</p>
<p>“Cuida-se de inquérito civil  instaurado nesta Procuradoria da
República  a  partir  de  representação formulada pelo  Presidente  do
Assentamento  Engenho  Sítio  I,  localizado  no  município  de
Paudalho/PE, noticiando que o Sr. Lúcio Castro Maia, que não ostenta
a  condição  de  assentado,  vem  ocupando  de  forma  irregular  4
(quatro)  lotes  daquele  assentamento,  e,  por  tal  razão  a  Caixa
Econômica  Federal  –  CAIXA  ainda  não  teria  liberado  os  recursos
destinados à implantação do projeto de reforma das casas de todos
os assentados (fl. 3).
</p>
<p>Com  vistas  à  instrução  dos  autos,  foram  requisitadas
informações à Caixa Econômica Federal – CAIXA (fl. 10) e ao Instituto
Nacional de Colonização e Reforma Agrária – INCRA (fl. 11).
</p>
<p>Em  resposta,  a  CAIXA  informou  não  haver  registro  de
recebimento ou tramite naquela instituição de proposta ou projeto de
reforma de casas (Programa Nacional de Habitação Rural) (fl. 18).
</p>
<p>De sua vez, o INCRA noticiou que foi aberto naquela autarquia
o Processo Administrativo 54140.001575/2013-05 para apuração dos
fatos (fl. 27).
</p>
<p>Instado a prestar informações atualizadas sobre o andamento
do aludido processo administrativo (fl. 30), informou o INCRA que por
questões  orçamentárias  os  trabalhos  de  campo  não  puderam  ser
concluídos, tendo solicitado a descentralização de recursos no intuito
de realizar as diligências necessárias (fl. 33).
</p>
<p>Mais uma vez provocado a atualizar as informações sobre o
caso  (fls.  37,  40,  e  43),  o  INCRA  esclareceu  que:  i)  a  ocupação
irregular de lotes no Projeto de Assentamento Sítio I não é a causa da
não liberação de verbas  pela  Caixa para  reforma das  casas;  ii)  o
Programa Minha Casa Minha Vida Rural (PMCMVR) é operado pelas
instituições financeiras (Banco do Brasil ou Caixa) em parceria com
Entidades Organizadoras (ONGs, Cooperativas de Habitação etc.)  e
aquele Instituto, cabendo a capa participante um papel específico; iii)
as instituições financeiras reconhecem como habilitados ao Programa
</p>
<p>rc</p>
<p />
</div>
<div class="page"><p />
<p>os assentados integrantes da Relação de Beneficiários (RB) fornecida
pelo  INCRA,  sendo  a  partir  dessa  relação  que  se  selecionam  os
beneficiários  dos  contratos  de  financiamento  para  construção  de
moradia  ou  recuperação;  iv)  cabe  às  Entidades  Organizadoras  a
elaboração dos projetos básicos e execução física das obras;  v)  a
situação ocupacional  dos lotes é  matéria  afeta exclusivamente ao
INCRA,  sendo  a  Portaria  Interministerial  MC/MP/MDA  n.  78,  de
8/2/2103, o fundamento legal que disciplina o programa; vi) mesmo
com a indisponibilidade de recursos de custeio para o deslocamento
de  equipe  técnica,  vem  realizando  os  esforços  necessários  para
elucidar  os  fatos  em questão  e  que  tão  logo  os  trabalhos  sejam
concluídos este órgão ministerial será comunicado (fls. 44/45 e 54).
</p>
<p>Em  seguida,  o  INCRA  encaminhou  relatório  circunstanciado
onde  aponta  que  o  problema  de  ocupação  irregular  de  lotes  no
Projeto de Assentamento Sítio I não está restrito ao caso do Sr. Lúcio
Castro Maia, sendo necessária uma supervisão ocupacional em todas
as parcelas para a identificação dos demais lotes abandonados e/ou
ocupados  irregularmente,  conclusão  que  foi  reforçada  diante  da
notícia de novas ocorrências no local, nos termos de ofício recebido
naquele Instituto desta Procuradoria da República, referente à Notícia
de Fato Criminal n. 1.26.000.003735/2015-18  (fls. 66/72 e 79/82).
</p>
<p>Por  fim,  em  suas  últimas  informações,  reiterou  o  INCRA  os
esclarecimentos  anteriormente  prestados,  acrescentando  que  em
setembro de 2016 uma equipe da Divisão de Desenvolvimento de
Projetos de Assentamento realizou uma supervisão ocupacional  no
local  para identificar  as ocupações irregulares em curso,  emitindo
relatório circunstanciado, e que seriam adotadas as medidas cabíveis
por parte daquele Instituto (fls. 104/111).
</p>
<p>Instado a prestar informações atuais sobre a questão (fls. 115,
118,  121 e  124),  até  o presente momento o INCRA ainda não se
pronunciou (fl. 125).
</p>
<p>Neste  cenário,  como  última  tentativa  de  obter  referidas
informações  por  parte  do  INCRA,  encaminhem-se  os  autos  ao
servidor  Lourielson  Pereira  dos  Santos,  a  fim  de  que  realize
diligências com vistas a obter resposta daquele Instituto.
</p>
<p>Junte-se aos autos o extrato anexo do Sistema Único referente
à Notícia de Fato Criminal n. 1.26.000.003735/2015-18, bem como
apense-se, por meio de mídia digital, cópia do Inquérito Policial n.
0807208-59.2017.4.05.8300, instaurado a partir daquela notícia de
fato.
</p>
<p>Em 16.04.2018, o INCRA informou que a Lei 13.465/2017, ao alterar a
redação  do  artigo  26-B  da  Lei  8.629/93,  possibilitou  a  regularização  de
ocupações  irregulares  em  assentamentos,  desde  que  atendidos  os
requisitos previstos no dispositivo mencionado, tendo sido editada a Nota
Técnica nº 432/2018/DD/SEDE/INCRA, que dispõe sobre os procedimentos a
serem  adotados  no  processo  de  regularização  dos  projetos  de
assentamento. 
</p>
<p>Desse modo, aquela autarquia federal elaborou um cronograma de
ações  a  serem  realizadas  no  curso  do  corrente  ano  para  sanar  as</p>
<p />
</div>
<div class="page"><p />
<p>irregularidades verificadas nos presentes autos (fls. 137/139).
</p>
<p>Eis o breve relato. 
</p>
<p>Em primeiro lugar, no que diz respeito a conduta dos particulares de
ocupar  irregularmente  os  lotes  do  assentamento  em questão,  esta  vem
sendo devidamente apurado no âmbito do Inquérito  Policial  n.  0807208-
59.2017.4.05.8300 (apensado em mídia digital à fl. 131).
</p>
<p>Por outro lado, quanto à atuação do INCRA no caso, observa-se da
documentação acostada aos autos que aquele instituto vem adotando as
medidas  necessárias  para  apurar  os  fatos  e  garantir  a  regularidade
ocupacional da área objeto dos autos. 
</p>
<p>Nesse  contexto,  não  se  vislumbra  qualquer  utilidade  no
prosseguimento do presente inquérito civil tão somente para acompanhar o
rotineiro  trabalho  de  fiscalização  realizado  pelos  órgãos  e  entidades
competentes,  sem que haja  qualquer  indício  de sua omissão ou  desvio,
como já defendido pelo Excelentíssimo Sr. Procurador da República Antonio
Carlos  de  Vasconcellos  Coelho  Barreto  Campello,  por  ocasião  do
arquivamento  dos  autos  1.26.000.001329/2008-91,  cujas  lúcidas  razões,
mutatis  mutandis,  se  aplicam  na  íntegra  ao  presente  caso,  sendo
desnecessário  tecer  argumentos  adicionais  aos  já  expendidos  no  trecho
abaixo transcrito. Confira-se:
</p>
<p>“De  fato,  constatando-se  a  regularidade  do  serviço  público,
não se justifica a manutenção do presente PA apenas para acompa-
nhar diuturnamente a tramitação de procedimento da esfera do Exe-
cutivo. A Administração vem agindo em conformidade com a lei, tor-
nando desnecessária a atuação do Ministério Público Federal. 
</p>
<p>Diante de suas inúmeras atribuições e do reduzido quadro de
procuradores,  não  se  mostra  adequado  que  o  Ministério  Público
Federal exerça fiscalização contínua e cerrada, própria de auditoria,
em  relação  a  todo  e  qualquer  procedimento  instaurado  pelos
diversos órgãos estatais, sem que se tenha notícia ou indício de seu
mau  funcionamento.  Além  de  se  mostrar  impossível  esse
acompanhamento  do  ponto  de  vista  fático  diante  de  carências
conhecidas de pessoal da instituição, tal conduta consubstancia-se
em  nefasta  cumulação  de  atribuições  fiscalizadoras,  visto  que  o
"parquet" estaria apenas acompanhando o trabalho da autoridade
administrativa.”
</p>
<p>Ademais, oportuno destacar que a Corregedoria do Ministério Público
Federal  vem  reiteradamente  afirmando  que  a  manutenção  de  um
procedimento deve balizar-se pela utilidade da investigação (neste sentido,
dentre outras, a Recomendação CMPF n. 3, de 5 de OUTUBRO de 20161)1. 
 
</p>
<p>Por essas razões, determino o arquivamento do feito, sem prejuízo da
reabertura  da  instrução  ou  instauração  de  novos  autos,  acaso  isso  se
mostre necessário.
</p>
<p>1 “(…)
RECOMENDA aos  membros  do  Ministério  Público  Federal  o  encaminhamento  de  solução
destinada a preservar a utilidade da investigação nos procedimentos em fase de investigação
instaurados em 2012 (4 anos ou mais) e anos anteriores."</p>
<p />
</div>
<div class="page"><p />
<p>Comunique-se ao representante da presente decisão, cientificando-o
da previsão constante do art. 17, § 3º da Resolução CSMPF n. 87, de 2006.
</p>
<p>Em seguida, encaminhem-se os autos à 1ª Câmara de Coordenação e
Revisão,  para  fins  de revisão,  no prazo estipulado no §2º  do art.  17  da
Resolução CSMPF n. 87, de 2006.
</p>
<p>Recife, 26 de abril de 2018.
</p>
<p>MABEL SEIXAS MENGE
Procuradora da República</p>
<p />
</div>
<ul>	<li>Inquérito Civil MPF/PRPE n. 1.26.000.002678/2013-98</li>
	<li>DESPACHO</li>
	<li>MABEL SEIXAS MENGE</li>
</ul>
</body></html>