<?xml version="1.0" encoding="UTF-8"?>
<html xmlns="http://www.w3.org/1999/xhtml">
<head>
<meta name="pdf:PDFVersion" content="1.4" />
<meta name="pdf:docinfo:title" content="contra apelação" />
<meta name="xmp:CreatorTool" content="Writer" />
<meta name="access_permission:modify_annotations" content="true" />
<meta name="access_permission:can_print_degraded" content="true" />
<meta name="dc:creator" content="Proc. da República no Est. de S" />
<meta name="tika_batch_fs:relative_path" content="49306777.pdf" />
<meta name="language" content="pt-BR" />
<meta name="dcterms:created" content="2018-08-02T21:48:17Z" />
<meta name="dc:format" content="application/pdf; version=1.4" />
<meta name="pdf:docinfo:creator_tool" content="Writer" />
<meta name="access_permission:fill_in_form" content="true" />
<meta name="pdf:encrypted" content="false" />
<meta name="dc:title" content="contra apelação" />
<meta name="Content-Length" content="88609" />
<meta name="X-TIKA:digest:MD5" content="78ca765301e2e0b07044e702becb663c" />
<meta name="Content-Type" content="application/pdf" />
<meta name="pdf:docinfo:creator" content="Proc. da República no Est. de S" />
<meta name="X-Parsed-By" content="org.apache.tika.parser.DefaultParser" />
<meta name="X-Parsed-By" content="org.apache.tika.parser.pdf.PDFParser" />
<meta name="creator" content="Proc. da República no Est. de S" />
<meta name="dc:language" content="pt-BR" />
<meta name="meta:author" content="Proc. da República no Est. de S" />
<meta name="meta:creation-date" content="2018-08-02T21:48:17Z" />
<meta name="created" content="Thu Aug 02 18:48:17 BRT 2018" />
<meta name="access_permission:extract_for_accessibility" content="true" />
<meta name="access_permission:assemble_document" content="true" />
<meta name="xmpTPg:NPages" content="5" />
<meta name="Creation-Date" content="2018-08-02T21:48:17Z" />
<meta name="resourceName" content="49306777.pdf" />
<meta name="access_permission:extract_content" content="true" />
<meta name="access_permission:can_print" content="true" />
<meta name="tika:file_ext" content="pdf" />
<meta name="Author" content="Proc. da República no Est. de S" />
<meta name="producer" content="LibreOffice 5.0" />
<meta name="access_permission:can_modify" content="true" />
<meta name="pdf:docinfo:producer" content="LibreOffice 5.0" />
<meta name="pdf:docinfo:created" content="2018-08-02T21:48:17Z" />
<title>contra apelação</title>
</head>
<body><div class="page"><p />
<p>1
</p>
<p>Ministério Público Federal
Procuradoria da República em São Paulo - SP
</p>
<p>_________________________________________________________________________
</p>
<p>Inquérito Civil n.º 1.34.001.006882/2013-04
</p>
<p>Promoção de Arquivamento
</p>
<p>Trata-se de inquérito civil instaurado a partir  de representação
</p>
<p>formulada por Adriana de Paula noticiando a falta de prestação de contas, por parte da Sra.
</p>
<p>Leonor Galdino da Silva, dos recursos liberados pela Caixa Econômica Federal – CEF no
</p>
<p>âmbito do Programa Crédito Solidário à Comissão de Representantes – CRE da Associação
</p>
<p>dos Trabalhadores do Conjunto Residencial Vale das Flores.
</p>
<p>Em 13 de julho de 2015, o Ministério Público Federal expediu a
</p>
<p>Recomendação n.º 36/2015, solicitando (fls. 211/214):
</p>
<p>i)  à CRE, na pessoa de sua Coordenadora Geral Sra.  Leonor
</p>
<p>Galdino da Silva, que apresentasse à Coordenadora Tesoureira, Sra. Adriana de Paula, os
</p>
<p>documentos  e  informações  necessárias  à  prestação  de  contas  dos  recursos  financeiros
</p>
<p>liberados à Associação dos Trabalhadores do Conjunto Residencial Vale das Flores no âmbito
</p>
<p>do Programa Crédito Solidário, salvo se fossem classificadas como sigilosas;
</p>
<p>ii)  à  CEF,  na  pessoa  de  sua  Superintendente  Nacional  de
</p>
<p>Habitação Rural e Entidades Urbanas, Sra. Noemi Aparecida Lemes, que encaminhasse à
</p>
<p>Coordenadora Tesoureira,  Sra.  Adriana de Paula:  a) os relatórios de acompanhamento do
</p>
<p>empreendimento  relativos  ao  Conjunto  Residencial  Vale  das  Flores;  b)  os  documentos  e
</p>
<p>informações fornecidas pela CRE com o objetivo de comprovar a regularidade da aplicação
</p>
<p>dos recursos dos financiamentos na produção das unidades habitacionais, salvo se fossem
</p>
<p>classificadas como sigilosas.
</p>
<p>Em  resposta  à  Recomendação  n.º  36/2015,  a  Sra.  Leonor
</p>
<p>Galdino da Silva informou que os documentos exigidos pela Sra. Adriana de Paula estavam
</p>
<p>na posse da mesma, impossibilitando a sua disponibilização (fls. 220/221).
</p>
<p>Apesar  disso,  ressaltou  que  esta  poderia  obter  as  pastas  de
</p>
<p>prestação de contas junto ao contador da entidade, o qual acompanhou o fechamento das
</p>
<p>medições para entrega na CEF.
</p>
<p>Rua Frei Caneca, 1360 – Consolação – São Paulo (SP) – CEP 01307-002      
Fone: 11 3269-5000 Fax: 11 3269-5378- Site: www.prsp.mpf.mp.br</p>
<p />
</div>
<div class="page"><p />
<p>2
</p>
<p>Ministério Público Federal
Procuradoria da República em São Paulo - SP
</p>
<p>_________________________________________________________________________
</p>
<p>Além disso, insistiu que nunca houve retenção de documentos
</p>
<p>por parte da Associação, apontando que, recentemente, foi concluída a fase de legalização
</p>
<p>do empreendimento com a instituição de condomínio, tudo nos termos exigidos pelo órgão
</p>
<p>operador.
</p>
<p>Em seguida,  o Ministério Público Federal expediu ofício à Sra.
</p>
<p>Adriana de Paula para que se manifestasse acerca das alegações acima, em especial se já
</p>
<p>obteve os documentos e informações necessárias à prestação de contas (fl. 225/226).
</p>
<p>Em resposta, a Sra. Adriana de Paula informou que, até aquela
</p>
<p>data, não houve nenhuma convocação ou prestação de contas (fl. 239).
</p>
<p>Acrescentou,  ainda,  que  no  dia  21.10.2015,  enviou  e-mail  ao
</p>
<p>contador  da  Associação  questionando  se  já  estavam  em  sua  posse  os  documentos  em
</p>
<p>questão, contudo, a resposta foi negativa.
</p>
<p>No mais, informou que, no dia 14.12.2015, às 22h05min, a Sra.
</p>
<p>Leonor Galdino da Silva compareceu à sua porta solicitando que assinasse um documento, já
</p>
<p>subscrito  por  alguns condôminos,  no qual  constava a informação de que a prestação de
</p>
<p>contas foi realizada. Contudo, recusou-se a assiná-lo pois estava sem data.
</p>
<p>Em 11.01.2016,  a  Associação  juntou  declaração  assinada  por
</p>
<p>alguns associados no sentido de que: i) não houve qualquer irregularidade ou obscuridade na
</p>
<p>gestão no decorrer na execução do projeto; ii) as assembleias de prestação de contas foram
</p>
<p>realizadas, contudo, os registros forame extraviados; iii) nunca houve impugnação por parte
</p>
<p>dos associados – que acompanharam e participaram ativamente da viabilização e construção
</p>
<p>das  unidades  habitacionais  –  sobre  qualquer  ato  de  prestação  de  contas;  iv)  qualquer
</p>
<p>denúncia  levantada  sobre  a  idoneidade  da  associação  deve  ser  desconsiderada  (fls.
</p>
<p>253/256).
</p>
<p>Ato contínuo, o Ministério Público Federal expediu ofício à Sra.
</p>
<p>Leonor Galdino da Silva, informando-a que o fato de alguns associados terem declarado que
</p>
<p>tiveram  acesso  à  prestação  de  contas  da  entidade  não  exclui  a  possibilidade  de  outras
</p>
<p>pessoas requererem tais documentos, como é o caso da Sra. Adriana de Paula, reiterando,
</p>
<p>ainda, os termos da Recomendação n.º 36/2015 (fls. 260/262).
</p>
<p>Rua Frei Caneca, 1360 – Consolação – São Paulo (SP) – CEP 01307-002      
Fone: 11 3269-5000 Fax: 11 3269-5378- Site: www.prsp.mpf.mp.br</p>
<p />
</div>
<div class="page"><p />
<p>3
</p>
<p>Ministério Público Federal
Procuradoria da República em São Paulo - SP
</p>
<p>_________________________________________________________________________
</p>
<p>Em resposta,  a Associação  encaminhou cópia  de convocação
</p>
<p>endereçada à Sra. Adriana de Paula solicitando seu comparecimento, no dia 07.03.2016, às
</p>
<p>15h, no escritório de contabilidade do Sr. José Cláudio dos Santos para reapresentação das
</p>
<p>planilhas de prestação de contas (fls. 304/305).
</p>
<p>Para assegurar a transparência do ato, a Associação informou
</p>
<p>que todos os associados, além dos integrantes das comissões CAO e CRE, serão convidados
</p>
<p>a comparecer no local, facultando, inclusive, a participação deste subscritor.
</p>
<p>Instada a se manifestar  sobre tal ato, a representante afirmou
</p>
<p>que,  na data agendada,  houve simples reunião,  sem a apresentação de documentos (fls.
</p>
<p>313/315).
</p>
<p>Porém, após a CEF cumprir  satisfatoriamente o recomendado,
</p>
<p>declinei da atribuição para analisar o presente feito em favor do Ministério Público do Estado
</p>
<p>de São Paulo por não vislumbrar  interesse federal  na apuração de eventual  ausência  de
</p>
<p>prestação de contas pela CRE aos demais beneficiários do empreendimento, em especial a
</p>
<p>Sra. Adriana de Paula (fls. 308/312).
</p>
<p>Em sessão realizada no dia 06.04.2017,  o colegiado da C. 1ª
</p>
<p>CCR, à unanimidade, deliberou pela não homologação do declínio, devolvendo os autos a
</p>
<p>este 34º Ofício para apuração do não cumprimento da Recomendação n.º 36/2015 pela CRE
</p>
<p>(fls. 319/322).
</p>
<p>Em atendimento a determinação da C. 1ª CCR e passado mais
</p>
<p>de 1 (um) ano desde as últimas informações prestadas,  expediu-se ofício à representante
</p>
<p>solicitando que esclarecesse se, nesse ínterim, a Sra. Leonor Galdino da Silva apresentou os
</p>
<p>documentos  e  informações  necessárias  à  prestação  de  contas  dos  recursos  financeiros
</p>
<p>liberados à Associação dos Trabalhadores do Conjunto Residencial Vale das Flores no âmbito
</p>
<p>do Programa Crédito Solidário (fls. 331/332). 
</p>
<p>Porém,  mesmo após 2 (duas) reiterações, o Ministério Público
</p>
<p>Federal não obteve resposta (fls. 334 e 337).
</p>
<p>Rua Frei Caneca, 1360 – Consolação – São Paulo (SP) – CEP 01307-002      
Fone: 11 3269-5000 Fax: 11 3269-5378- Site: www.prsp.mpf.mp.br</p>
<p />
</div>
<div class="page"><p />
<p>4
</p>
<p>Ministério Público Federal
Procuradoria da República em São Paulo - SP
</p>
<p>_________________________________________________________________________
</p>
<p>É o relatório.
</p>
<p>Diante da inércia da representante, pode-se concluir  que ou já
</p>
<p>obteve os documentos e informações em questão ou não tem mais interesse em obtê-los,
</p>
<p>esvaziando-se o objeto deste feito. 
</p>
<p>Ressalta-se que a Sra.  Leonor  Galdino da Silva,  por  diversas
</p>
<p>vezes, afirmou que a prestação de contas foi realizada, tendo este órgão ministerial tentado
</p>
<p>confirmar a veracidade dessa informação junto à Sra. Adriana de Paula. Contudo, a mesma
</p>
<p>manteve-se silente, não havendo motivos, portanto, para se duvidar daquilo que foi dito pela
</p>
<p>Coordenadora Geral da CRE.
</p>
<p>Ademais, no caso em apreço, qualquer outro desfecho que não
</p>
<p>o arquivamento dos autos significaria tutelar direito individual disponível, já que a própria CEF
</p>
<p>reconheceu a regular  aplicação dos recursos destinados ao empreendimento no Ofício n.º
</p>
<p>001/2016/SUHAR/GEHUR. Neste mesmo ofício, também esclareceu que não está  previsto
</p>
<p>nas normas do Programa o acompanhamento, pela Caixa, de eventual prestação de contas
</p>
<p>pelas  comissões  aos  demais  beneficiários  vinculados  ao  empreendimento,  afastando-se
</p>
<p>eventual interesse público na sua obtenção (fls. 268/270).
</p>
<p>Caracterizado o direito como individual, está vedada legalmente
</p>
<p>a atuação do Ministério Público Federal, nos termos do artigo 15 da LC n.º 75/93: “É vedado
</p>
<p>aos órgãos de defesa dos direitos constitucionais do cidadão promover em juízo a defesa de
</p>
<p>direitos individuais lesados.”
</p>
<p>A vedação destina-se, evidentemente, a permitir que o Ministério
</p>
<p>Público Federal, com os recursos humanos e materiais de que dispõe, exerça com máxima
</p>
<p>eficiência possível as duas principais funções que o constituinte lhe atribuiu na esfera cível:
</p>
<p>zelar pelo efetivo respeito aos Poderes Públicos e dos serviços de relevância pública aos
</p>
<p>direitos assegurados na Constituição (artigo 129, inciso II) e promover a proteção dos direitos
</p>
<p>difusos e coletivos (artigo 129, inciso III).
</p>
<p>No mesmo sentido, é a Recomendação n.º 34/2016 do Conselho
</p>
<p>Nacional do Ministério Público, para que, diante da plêiade de atribuições e da necessidade
</p>
<p>dela decorrente de priorização, os membros do Ministério Público da área cível direcionem
</p>
<p>Rua Frei Caneca, 1360 – Consolação – São Paulo (SP) – CEP 01307-002      
Fone: 11 3269-5000 Fax: 11 3269-5378- Site: www.prsp.mpf.mp.br</p>
<p />
</div>
<div class="page"><p />
<p>5
</p>
<p>Ministério Público Federal
Procuradoria da República em São Paulo - SP
</p>
<p>_________________________________________________________________________
</p>
<p>suas ações para as questões que tenham maior repercussão social. De fato, se direcionada a
</p>
<p>atuação  da  instituição  para  a  proteção  dos  direitos  individuais,  estes  esforços  serão
</p>
<p>subtraídos do combate à lesões ou ameaças de interesse coletivo ou repercussão social.
</p>
<p>Ante todo o exposto e  não havendo outras diligências a serem
</p>
<p>adotadas por este órgão, promovo o arquivamento do presente inquérito civil, nos termos
</p>
<p>do art. 17, caput, da Resolução CSMPF n.º 87/06, c/c art. 10, caput, da Resolução CNMP n.º
</p>
<p>23/07.
</p>
<p>No mais, em atenção ao disposto no art. 4º, § 1º, da Resolução
</p>
<p>CNMP n.º 174/17, cientifique-se o representante acerca desta decisão de arquivamento e da
</p>
<p>possibilidade de apresentação de recurso no prazo de 10 (dez) dias.
</p>
<p>Não havendo recurso dentro deste prazo, remetam-se os autos à
</p>
<p>C. 1ª Câmara de Coordenação e Revisão do Ministério Público Federal – Direitos Sociais e
</p>
<p>Fiscalização de Atos Administrativos em Geral para exercício de sua atribuição revisional, em
</p>
<p>consonância com o art. 62, inciso IV, da LC n.º 75/93.
</p>
<p>São Paulo, 02 de agosto de 2018.
</p>
<p>Roberto Antonio Dassié Diana
</p>
<p>      Procurador da República
</p>
<p>Rua Frei Caneca, 1360 – Consolação – São Paulo (SP) – CEP 01307-002      
Fone: 11 3269-5000 Fax: 11 3269-5378- Site: www.prsp.mpf.mp.br</p>
<p />
</div>
<ul>	<li>Ministério Público Federal</li>
</ul>
</body></html>