<?xml version="1.0" encoding="UTF-8"?>
<html xmlns="http://www.w3.org/1999/xhtml">
<head>
<meta name="cp:revision" content="2" />
<meta name="date" content="2015-09-11T14:38:00Z" />
<meta name="Company" content="" />
<meta name="meta:word-count" content="252" />
<meta name="dc:creator" content="Hebert Reis Mesquita" />
<meta name="extended-properties:Company" content="" />
<meta name="tika_batch_fs:relative_path" content="52701616.doc" />
<meta name="meta:print-date" content="2015-09-11T14:37:00Z" />
<meta name="Word-Count" content="252" />
<meta name="dcterms:created" content="2015-09-11T14:38:00Z" />
<meta name="dcterms:modified" content="2015-09-11T14:38:00Z" />
<meta name="Last-Modified" content="2015-09-11T14:38:00Z" />
<meta name="Last-Save-Date" content="2015-09-11T14:38:00Z" />
<meta name="meta:character-count" content="1367" />
<meta name="Template" content="5%20-%20619-37.2012%20Citação%20novo%20endereço" />
<meta name="meta:save-date" content="2015-09-11T14:38:00Z" />
<meta name="Application-Name" content="Microsoft Office Word" />
<meta name="modified" content="2015-09-11T14:38:00Z" />
<meta name="Content-Length" content="93184" />
<meta name="X-TIKA:digest:MD5" content="803d32cd769559e2e61e9d5a360c120e" />
<meta name="Content-Type" content="application/msword" />
<meta name="X-Parsed-By" content="org.apache.tika.parser.DefaultParser" />
<meta name="X-Parsed-By" content="org.apache.tika.parser.microsoft.OfficeParser" />
<meta name="creator" content="Hebert Reis Mesquita" />
<meta name="meta:author" content="Hebert Reis Mesquita" />
<meta name="extended-properties:Application" content="Microsoft Office Word" />
<meta name="meta:creation-date" content="2015-09-11T14:38:00Z" />
<meta name="Last-Printed" content="2015-09-11T14:37:00Z" />
<meta name="meta:last-author" content="Hebert Reis Mesquita" />
<meta name="Creation-Date" content="2015-09-11T14:38:00Z" />
<meta name="xmpTPg:NPages" content="1" />
<meta name="resourceName" content="52701616.doc" />
<meta name="Last-Author" content="Hebert Reis Mesquita" />
<meta name="Character Count" content="1367" />
<meta name="Page-Count" content="1" />
<meta name="Revision-Number" content="2" />
<meta name="extended-properties:Template" content="5%20-%20619-37.2012%20Citação%20novo%20endereço" />
<meta name="tika:file_ext" content="doc" />
<meta name="Author" content="Hebert Reis Mesquita" />
<meta name="meta:page-count" content="1" />
<title></title>
</head>
<body><div class="header"><p class="cabeçalho"><img src="embedded:image1.jpg" alt="image1.jpg" /><img src="embedded:image2.png" alt="image2.png" /></p>
</div>
<p class="standard_(user)_(user)"><b>ICP n° 1.22.021.000022/2013-31 </b></p>
<p class="standard"><b> 

PROMOÇÃO DE ARQUIVAMENTO DE INQUÉRITO CIVIL PÚBLICO </b></p>
<p class="standard"> 

Trata-se de Inquérito Civil Público instaurado a partir de provocação de Juízo Federal (fl. 10) para determinar o afastamento de <b>ADÃO ALVES DOS SANTOS</b> de programa de reforma agrária porque participou de invasão de imóvel, nos termos da exclusão determinada pelo art. 2, § 7 da Lei n° 8.629/1993. </p>
<p class="standard">

À fl. 30, o MPF oficiou ao INCRA para que informasse se Adão Alves dos Santos está incluído em Programa de Reforma Agrária federal ou se é pretendente. Em caso positivo, que seja excluído por força do art. 2, § 7, da Lei n° 8.629/93, como foi reconhecido na sentença do Processo n° 0047743-04.2011.4.01.3800 da Justiça Federal de Minas Gerais. 
</p>
<p class="standard">

Em diligência certificada à fl. 38, apurou-se com servidora do Setor de SIPRA do INCRA que <b>ADÃO ALVES DOS SANTOS, </b>CPF 006.308.988-20, não possui nenhum registro de cadastramento ou inclusão em programa de reforma agrária. </p>
<p class="standard">

É o relatório. 
</p>
<p class="standard">

Este ICP merece arquivamento depois de oficiada a Coordenação do INCRA Distrito Federal e Entorno – SR 28, no endereço Setor de Garagens Oficiais Norte (SGON), Quadra 05, Lote 01, Via 60 A – Brasília/DF, CEP 71.200-010, para que, em relação a <b>ADÃO ALVES DOS SANTOS, </b>CPF 006.308.988-20, seja adotada pelo INCRA a medida do art. 2, § 7, da Lei n° 8.629/93, como foi reconhecido na sentença do Processo n° 0047743-04.2011.4.01.3800 da Justiça Federal de Minas Gerais.
</p>
<p class="standard">

Após, encaminhem-se os autos à E. 5ª CCR para exercício de sua competência revisional. 
</p>
<p class="standard_(user)_(user)">Paracatu/MG, 09 de setembro de 2015.</p>
<p class="standard_(user)_(user)"><b>HEBERT REIS MESQUITA</b></p>
<p class="standard_(user)_(user)">Procurador da República</p>
<div class="footer"><p class="standard">MVR/FBG
</p>
<p class="standard"><b>Procuradoria da República no Município de Paracatu
</b></p>
<p class="standard">Rua Dr. José Osório de Almeida e Silva, 165. Jóquei Clube. CEP 38.600-000 - Paracatu/MG
</p>
<p class="rodapé">Telefone: (38) 3679-8350  -  e-mail: <a href="mailto:prmptu@prmg.mpf.gov.br"><u>prmg-ptu@mpf.mp.br</u></a></p>
</div>
</body></html>