<?xml version="1.0" encoding="UTF-8"?>
<html xmlns="http://www.w3.org/1999/xhtml">
<head>
<meta name="date" content="2016-07-21T11:01:38.318000000" />
<meta name="meta:paragraph-count" content="15" />
<meta name="meta:word-count" content="440" />
<meta name="Table-Count" content="0" />
<meta name="meta:initial-author" content="PROCURADORIA DA REPUBLICA" />
<meta name="initial-creator" content="PROCURADORIA DA REPUBLICA" />
<meta name="tika_batch_fs:relative_path" content="53022584.odt" />
<meta name="generator" content="LibreOffice/5.0.1.2$Windows_x86 LibreOffice_project/81898c9f5c0d43f3473ba111d7b351050be20261" />
<meta name="Word-Count" content="440" />
<meta name="dcterms:created" content="2006-06-26T08:31:00" />
<meta name="dcterms:modified" content="2016-07-21T11:01:38.318000000" />
<meta name="Last-Modified" content="2016-07-21T11:01:38.318000000" />
<meta name="nbPara" content="15" />
<meta name="Last-Save-Date" content="2016-07-21T11:01:38.318000000" />
<meta name="meta:object-count" content="0" />
<meta name="meta:character-count" content="3069" />
<meta name="Paragraph-Count" content="15" />
<meta name="nbImg" content="2" />
<meta name="meta:save-date" content="2016-07-21T11:01:38.318000000" />
<meta name="dc:title" content="PARECER Nº             01/DLF" />
<meta name="modified" content="2016-07-21T11:01:38.318000000" />
<meta name="Edit-Time" content="P25DT13H27M57S" />
<meta name="meta:image-count" content="2" />
<meta name="Image-Count" content="2" />
<meta name="nbCharacter" content="3069" />
<meta name="nbObject" content="0" />
<meta name="Content-Length" content="48267" />
<meta name="nbPage" content="2" />
<meta name="X-TIKA:digest:MD5" content="18eb1cdbf1e9321f5f73dcd16ed1eb41" />
<meta name="Object-Count" content="0" />
<meta name="nbWord" content="440" />
<meta name="Content-Type" content="application/vnd.oasis.opendocument.text" />
<meta name="X-Parsed-By" content="org.apache.tika.parser.DefaultParser" />
<meta name="X-Parsed-By" content="org.apache.tika.parser.odf.OpenDocumentParser" />
<meta name="meta:creation-date" content="2006-06-26T08:31:00" />
<meta name="meta:table-count" content="0" />
<meta name="Creation-Date" content="2006-06-26T08:31:00" />
<meta name="xmpTPg:NPages" content="2" />
<meta name="resourceName" content="53022584.odt" />
<meta name="Character Count" content="3069" />
<meta name="editing-cycles" content="241" />
<meta name="Page-Count" content="2" />
<meta name="tika:file_ext" content="odt" />
<meta name="nbTab" content="0" />
<meta name="meta:page-count" content="2" />
<title>PARECER Nº             01/DLF</title>
</head>
<body><p />
<p />
<p />
<p />
<p />
<p />
<p>Av. Juca Sampaio, n.º 1800, Barro Duro, Maceió-AL, CEP 57.045-365. Telefone: (0xx82) 2121-1400. </p>
<p> </p>
<p />
<p />
<p><b>Referência:	</b><i>Inquérito Civil nº 1.28.200.000104/2013-54</i></p>
<p />
<p><i>				</i><b><u>PROMOÇÃO DE ARQUIVAMENTO </u></b></p>
<p />
<p>Trata-se de Inquérito Civil instaurado para apurar a ocorrência de infração praticada pelo condutor EVERALDO FERNANDES, ao conduzir veículo automotor com excesso de peso na altura do KM 40 da BR 427, no Município de Acari, na data de 29 de maio de 2009, o qual transportava carga proveniente da COOPERATIVA REGIONAL DE PRODUTORES DE AÇÚCAR E ÁLCOOL DE ALAGOAS.</p>
<p>A despeito da representação ter sido originalmente formulada perante a Procuradoria da República no Rio Grande do Norte e não obstante as autuações da aludida empresa terem ocorrido em trechos da rodovia federal BR 427, abrangidos pelo Município de Acari, os autos foram remetidos a esta Procuradoria da República. Isto se na medida em que, segundo entendimento da 5ª Câmara de Coordenação e Revisão, em caso análogo<span class="note">1 Decisão em Conflito de Atribuição suscitado no procedimento administrativo n] 1.22.013.000096/2011-13, oriundo da Procuradoria da República no Município de Piracicaba/SP. </note>, a Procuradoria com atribuição para investigar e acompanhar as eventuais medidas judiciais é a da Jurisdição da sede da empresa.</p>
<p>Explique-se que o procedimento em epígrafe fora instaurado em razão de ter sido verificado que a Cooperativa Regional de Produtores de Açúcar e Álcool de Alagoas era reincidente na referida infração, de sorte que algumas destas infrações foram praticadas em perímetro de atuação da PRM/Mossoró e outra na PRM/Caicó. Para as praticadas no raio de atribuição da PRM/Mossoró prosseguiu o Inquérito Civil n° 1.28.000.000643/2013-40, enquanto para a da PRM/Caicó fora instaurado novo procedimento, qual seja o em epígrafe. Ocorre, todavia, que com o entendimento da 5° Câmara de Coordenação e Revisão quanto à atribuição para apurar a infração foram ambos redistribuídos a esta Procuradoria da República.  </p>
<p>Em sendo assim, há identidade de objeto dos procedimentos, mostrando-se desnecessária  a tramitação de ambos, impondo-se o arquivamento deste, uma vez que mais antigo. No entanto, considerando que a única diferença entre os procedimentos fora a oferta de resposta pela COOPERATIVA, desentranhe-se a referida resposta de fls. 142/179 e acoste-se ao Inquérito Civil n° 1.28.000.000643/2013-40. </p>
<p />
<p>Isto posto, não há outra medida a se adotar que não arquivamento do presente feito, nos termos do art. 17 da Resolução 08/2006 do Conselho Superior do Ministério Público Federal, mostrando-se desnecessário a cientificação dos representantes. </p>
<p><b>		</b>Ato contínuo, remetam-se os autos à 1° CCR, na forma do artigo 17, §2°, da Resolução n° 87/2010, do Conselho Superior do Ministério Público Federal e do artigo 3°, I, da Portaria PGR/MPF n° 653, de 30 de outubro de 2012.</p>
<p />
<p>Maceió/AL, 18 de julho de 2016.</p>
<p />
<p><b>Roberta Lima Barbosa Bomfim</b></p>
<p>Procuradora da República</p>
</body></html>