<?xml version="1.0" encoding="UTF-8"?>
<html xmlns="http://www.w3.org/1999/xhtml">
<head>
<meta name="date" content="2016-06-02T20:23:57Z" />
<meta name="pdf:PDFVersion" content="1.4" />
<meta name="pdf:docinfo:title" content="collares" />
<meta name="xmp:CreatorTool" content="Writer" />
<meta name="access_permission:modify_annotations" content="true" />
<meta name="access_permission:can_print_degraded" content="true" />
<meta name="dc:creator" content="PRPR " />
<meta name="tika_batch_fs:relative_path" content="53179769.pdf" />
<meta name="language" content="pt-BR" />
<meta name="dcterms:created" content="2016-06-02T20:23:55Z" />
<meta name="Last-Modified" content="2016-06-02T20:23:57Z" />
<meta name="dcterms:modified" content="2016-06-02T20:23:57Z" />
<meta name="dc:format" content="application/pdf; version=1.4" />
<meta name="Last-Save-Date" content="2016-06-02T20:23:57Z" />
<meta name="pdf:docinfo:creator_tool" content="Writer" />
<meta name="access_permission:fill_in_form" content="true" />
<meta name="pdf:docinfo:modified" content="2016-06-02T20:23:57Z" />
<meta name="meta:save-date" content="2016-06-02T20:23:57Z" />
<meta name="pdf:encrypted" content="false" />
<meta name="dc:title" content="collares" />
<meta name="modified" content="2016-06-02T20:23:57Z" />
<meta name="Content-Length" content="211351" />
<meta name="X-TIKA:digest:MD5" content="c662897a2ea4cb58f60cc7331248b05e" />
<meta name="Content-Type" content="application/pdf" />
<meta name="pdf:docinfo:creator" content="PRPR " />
<meta name="X-Parsed-By" content="org.apache.tika.parser.DefaultParser" />
<meta name="X-Parsed-By" content="org.apache.tika.parser.pdf.PDFParser" />
<meta name="creator" content="PRPR " />
<meta name="dc:language" content="pt-BR" />
<meta name="meta:author" content="PRPR " />
<meta name="meta:creation-date" content="2016-06-02T20:23:55Z" />
<meta name="created" content="Thu Jun 02 17:23:55 BRT 2016" />
<meta name="access_permission:extract_for_accessibility" content="true" />
<meta name="access_permission:assemble_document" content="true" />
<meta name="xmpTPg:NPages" content="5" />
<meta name="Creation-Date" content="2016-06-02T20:23:55Z" />
<meta name="resourceName" content="53179769.pdf" />
<meta name="access_permission:extract_content" content="true" />
<meta name="access_permission:can_print" content="true" />
<meta name="tika:file_ext" content="pdf" />
<meta name="Author" content="PRPR " />
<meta name="producer" content="BrOffice.org 3.2; modified using JSignPdf 1.4.4 based on iText 2.1.7" />
<meta name="access_permission:can_modify" content="true" />
<meta name="pdf:docinfo:producer" content="BrOffice.org 3.2; modified using JSignPdf 1.4.4 based on iText 2.1.7" />
<meta name="pdf:docinfo:created" content="2016-06-02T20:23:55Z" />
<title>collares</title>
</head>
<body><div class="page"><p />
<p>PROCURADORIA DA REPÚBLICA NO MUNICÍPIO DE FOZ DO IGUAÇU
</p>
<p>Inquérito Civil n. 1.25.003.006448/2013-13
Assunto: notícia de ilegalidade na imposição de sanções, pela 
administração do Parque Nacional do Iguaçu PNI/ICMBIO, a guias de 
turismo
Área temática: 1ª CCR
</p>
<p>DESPACHO
</p>
<p>Trata-se de Inquérito Civil instaurado com a finalidade 
</p>
<p>de averiguar a legalidade das penalidades impostas aos guias de turismo pelo 
</p>
<p>administrador  do  Parque Nacional  do  Iguaçu PNI/ICMBIO,  iniciado a  partir  de 
</p>
<p>declarações do guia de turismo Demetrios Santos Priester (fl. 1-B), datadas de 
</p>
<p>05/12/2013,  na  qual  narrou  que  o  ICMBIO  lhe  aplicou  duas  suspensões  de 
</p>
<p>ingresso como motorista no PNI, pelos prazos de 30 e 60 dias. Inicialmente, esta  
</p>
<p>notícia de fato foi encartada como anexo aos autos  autos do inquérito civil n.º 
</p>
<p>1.25.003.000608/2005-01.
</p>
<p>Em  saneamento  aos  autos  do  inquérito  civil  n.º 
</p>
<p>1.25.003.000608/2005-01 (fls. 09/17), a notícia acima referida foi desmembrada 
</p>
<p>(fl.  11)  para  formar  os  presentes  autos,  acrescidos  do  anexo,  onde  constam 
</p>
<p>também as declarações de outros guias de turismo, relatando a mesma situação 
</p>
<p>(Marcos Bruno da Paz Andrade - fls. 31, 34 e 37; Thais Daiany Cristo Umetsu – 
</p>
<p>fl.103, todos do anexo).
</p>
<p>Percebe-se que o anexo foi criado pela então oficiante 
</p>
<p>PR com o objetivo de acompanhar o cumprimento de obrigação assumida pelo 
</p>
<p>Chefe do PNI/ICMBIO, em cláusula de acordo firmado na 2ª Vara Federal de Foz 
</p>
<p>do  Iguaçu,  na  ACP de  autos  n.º   5000872-38.2011.404.7002,  de  encaminhar, 
</p>
<p>periodicamente ao MPF, informações sobre as sanções aplicadas a motoristas e 
</p>
<p>guias  de  turismo  que  descumprissem as  regras  para  trânsito  na  unidade  de </p>
<p />
</div>
<div class="page"><p />
<p>conservação. Deste modo, no anexo, há informações completas sobre todos os guias que 
</p>
<p>tiveram sanções aplicadas pelo PNI/ICMBIO após o acordo na referida ACP. Para cada 
</p>
<p>guia, há histórico descrevendo de forma clara e objetiva os motivos da punição, indicação 
</p>
<p>do auto de infração e prova de publicidade ao interessado, através de ofícios. 
</p>
<p>Por exemplo, a pena de suspensão de ingresso como motorista 
</p>
<p>a Demetrios Santos Priester está registrada às fls. 109/110 e 142 do anexo. Para  Thais 
</p>
<p>Daiany Cristo  Umetsu,  vide  fls.  08/11  118/120,  154/155  do  anexo.  Para  o  noticiante, 
</p>
<p>Marcos Bruno da Paz Andrade, fls. 38/40 do anexo.
</p>
<p>À fls. 46 dos autos principais, o Chefe do Parque Nacional do 
</p>
<p>Iguaçu presta informações quanto a base legal para a imposição de sanções a guias de 
</p>
<p>turismo no PNI,  explicando como são realizados os procedimentos administrativos de 
</p>
<p>imposição  das  sanções,  bem  como  discorre  sobre  a  necessidade  de  imposição  de 
</p>
<p>sanções aos guias de turismo que descumprem as normas internas do PNI.
</p>
<p>Às  folhas 55/56 consta cópia de ofício,  enviado à empresa 
</p>
<p>Guayi  Travel  –  GTS  Travel  Agência  de  Viagens  LTDA,  noticiando  irregularidades 
</p>
<p>cometidas pelo  senhor  Demetrio  Santos  Priester  (guia  de  turismo),  por  abandono de 
</p>
<p>turistas quando em visitação no PNI, motivo pelo qual lhe foi aplicada uma suspensão de 
</p>
<p>acesso pelo prazo de 30 (trinta) dias. 
</p>
<p>À  fls.  67  –  73,  foi  juntada  cópia  de  sentença,  nos  autos 
</p>
<p>5002472-55.2015.404.7002 proferida  pelo  Juiz  da 2a Vara  Federal  de  Foz do Iguaçu, 
</p>
<p>julgando improcedente pedido realizado em caso extremamente similar, em que Angélica 
</p>
<p>Duarte Britez, guia de turismo, pleiteava a anulação de ato administrativo de sanção, 
</p>
<p>lavrado pelo PNI/ICMBIO. 
</p>
<p>Nos termos da sentença, não há que se falar em ilegalidade do 
</p>
<p>ato, uma vez que encontra amparo na legislação pertinente e respeita as normas do 
</p>
<p>processo administrativo, com destaque para os seguintes trechos:
</p>
<p>2</p>
<p />
</div>
<div class="page"><p />
<p>“De outro lado, observou-se a existência de acordo celebrado     em Juízo nos Autos da   
Ação  Civil  Pública  nº     5000872-38.2011.404.7002-PR  entre:  MPF,  ICMBio/PNI,   
Prefeitura  de  Foz  do  Iguaçu/Secretaria  de  Turismo,  Sindicato  das  Empresas  de 
Turismo  (SINDETUR),  Sindicato  dos  Guias  de  Turismo  (SINGTUR),  Conselho 
Municipal  de  Turismo  (COMTUR)  e  demais  entidades  pertinentes  ao  assunto, 
concedendo   à direção do parque a possibilidade de aplicar penalidades   àqueles que 
violarem quaisquer normas internas da instituição, pelo prazo de até 06 (seis) meses.
</p>
<p>A propósito:
</p>
<p>Cláusula  IV,  item 6.  Sem prejuízo  das sanções penais,  cíveis  e administrativas,  o  
motorista e guia de turismo de empresa/cooperativa ou qualquer entidade de turismo 
que violar quaisquer das normas internas do Parque Nacional do Iguaçu (...),  
será penalizado pela Direção do Parque com a proibição de ingressar no PNI dirigindo  
veículo  (aplicável  ao motorista)  ou acompanhando grupo (aplicável  ao guia)  pelo 
prazo de seis meses.(...) Grifou-se.
Posto isso, é possível concluir que o acesso  gratuito dos Guias de Turismo ao PNI 
está previsto no regulamento interno do aludido instituto. Contudo, o livre acesso fica 
condicionado  à  observância,  pelos  guias,  das  normas  internas  do  parque,  sendo 
possível  que  o  Diretor  do  PNI  aplique  sanções  aos  profissionais  de  turismo 
— incluindo os Guias —, suspendendo-os, por até 06 (seis) meses, relativamente à 
entrada gratuita no parque, caso infrinjam quaisquer das normas internas do PNI.
</p>
<p>Partindo  desta  premissa,  não  resta  dúvida,  portanto,  de  que  o  Diretor  do  Parque 
Nacional do Iguaçu poderá aplicar sanções aos Guias de Turismo — suspendendo-os, 
por até 06 (seis) meses —, caso infrinjam quaisquer das normas internas do PNI.
</p>
<p>…
</p>
<p>c) Da Legalidade do Ato Administrativo
</p>
<p>Conforme  se  verifica  nos  documentos  juntados  pela  parte  Ré  (evento  24- 
PROCADM3, Tela 06), no dia 09/10/2014 foi expedido ofício ao Sr. Sidnei dos Reis 
(Presidente do Sindicato dos Guias de Turismo de Foz do Iguaçu), a fim de notificar a 
parte Autora para apresentação de defesa no prazo de 05 (cinco) dias, relativamente 
às denuncias imputadas em seu desfavor,  sob pena de penalização administrativa, 
conforme acordo Judicial celebrado junto ao Ministério Público Federal.
</p>
<p>Neste contexto, analisando a   Lei 9.784/99  , que regula o processo administrativo 
no  âmbito  da  Administração  Pública  Federal  direta  e  indireta,  é  inconteste  que  a 
administração  encontra-se  vinculada  aos  princípios  da  legalidade,  ampla  defesa, 
contraditório, entre outros, conforme o teor do art. 2°:
</p>
<p>Art.  2o  A Administração  Pública  obedecerá,  dentre  outros,  aos  princípios  da 
legalidade, finalidade, motivação, razoabilidade, proporcionalidade, moralidade, ampla 
defesa, contraditório, segurança jurídica, interesse público e eficiência.
</p>
<p>Já em relação à notificação válida, o § 3º do art. 26 da Lei 9.784/99, determina 
que a notificação poderá ser realizada por qualquer meio que assegure a certeza da 
ciência do interessado.
</p>
<p>Art. 26. O órgão competente perante o qual tramita o processo administrativo 
determinará a intimação do interessado para ciência de decisão ou a efetivação de 
</p>
<p>3</p>
<p />
</div>
<div class="page"><p />
<p>diligências.
</p>
<p>§ 1o A intimação deverá conter: I - identificação do intimado e nome do órgão ou 
entidade administrativa; II - finalidade da intimação; III - data, hora e local em que deve 
comparecer;  IV  -  se  o  intimado  deve  comparecer  pessoalmente,  ou  fazer-se 
representar; V - informação da continuidade do processo independentemente do seu 
comparecimento; VI - indicação dos fatos e fundamentos legais pertinentes.
</p>
<p>§ 2o A intimação observará a antecedência mínima de três dias úteis quanto à 
data de comparecimento.
</p>
<p>§ 3o A intimação pode ser efetuada por ciência no processo, por via postal com 
aviso de recebimento, por telegrama ou outro meio que assegure a certeza da ciência 
do interessado.
</p>
<p>Art.  27.  O  desatendimento  da  intimação  não  importa  o  reconhecimento  da 
verdade dos fatos, nem a renúncia a direito pelo administrado.
</p>
<p>Parágrafo  único.  No  prosseguimento  do  processo,  será  garantido  direito  de 
ampla defesa ao interessado.
</p>
<p> Art. 28. Devem ser objeto de intimação os atos do processo que resultem para o 
interessado em imposição de deveres,  ônus,  sanções ou restrição ao exercício de 
direitos e atividades e os atos de outra natureza, de seu interesse.
</p>
<p>…
</p>
<p>c.1 - Quanto ao motivo e a motivação do ato administrativo
</p>
<p>Conforme leciona Marçal Justen Filho: "o motivo envolve uma situação externa 
ao agente, a qual se traduz numa representação mental que desencadeia uma decisão 
(...)  'motivo'  não  se  confunde  com 'motivação'.  O  motivo  é  esse  processo  mental 
interno ao agente que pratica o ato. A motivação consiste na exteriorização formal do 
motivo, visando propiciar o controle quanto à regularidade do ato." (JUSTEN FILHO, 
Marçal. Curso de Direito Administrativo. 2ª ed. São Paulo: Saraiva, 2006. p. 204, 205).
</p>
<p>…
</p>
<p>A  suspensão  da  parte  autora,  portanto, está  devidamente  fundamentada, 
encontrando-se em consonância com os objetivos do parque, os quais visam oferecer 
mais segurança e qualidade no atendimento aos visitantes.
</p>
<p>Assim,  entende-se  que  a  motivação  do  ato  praticado  pelo  Diretor  do  PNI, 
relativamente à suspensão da parte autora, não possui qualquer vício, haja vista a 
exposição clara e formal dos motivos ensejadores do referido ato.
</p>
<p>Verifico que foram observados os princípios constitucionais do contraditório e da 
ampla  defesa  no processo  administrativo  que  culminou  com  a  suspensão,  por  30 
(trinta) dias, relativamente ao acesso gratuito da parte autora ao PNI, não havendo 
qualquer vício de existência do ato, razão pela qual deverá ser considerado válido.”
</p>
<p>Face ao exposto,  frente à legalidade das sanções aplicadas 
</p>
<p>4</p>
<p />
</div>
<div class="page"><p />
<p>aos guias de turismo no Parque Nacional do Iguaçu, o Ministério Público Federal promove 
</p>
<p>o arquivamento do feito.
</p>
<p>Notifiquem-se os declarantes desta promoção de arquivamento 
</p>
<p>(nos endereços de fls. 1-B, e fls. 37 e 103 do anexo), informando que até homologação ou 
</p>
<p>rejeição da promoção de arquivamento pela Câmara de Coordenação e Revisão, poderão 
</p>
<p>apresentar razões escritas ou documentos, que serão juntadas ao autos para apreciação, 
</p>
<p>nos termos do art. 9º, § 2°, da Lei n° 7347/85 e art. 17, §§ 1º, 2º e 3º da Resolução 8/2006 
</p>
<p>do CSMPF.
</p>
<p>Ciência também ao Chefe do PNI. 
</p>
<p>Em seguida, no prazo de três dias, encaminhe-se o presente 
</p>
<p>procedimento à 1ª CCR, para cumprimento do disposto no Artigo 62, inciso IV, da LC 
</p>
<p>75/93 c/c artigo 9º, § 1º, da Lei n.º 7.347/85 e art. 17, § 2º, da Resolução 87/2006 do  
</p>
<p>CSMPF.
</p>
<p>Documento eletrônico assinado digitalmente. Data/Hora: 02/06/2016 17:23:55
Signatário(a): ALEXANDRE COLLARES BARBOSA:1028
Certificado: 2edc382e8cbf8388
</p>
<p>5</p>
<p />
</div>
<ul>	<li>Inquérito Civil n. 1.25.003.006448/2013-13</li>
	<li>Assunto: notícia de ilegalidade na imposição de sanções, pela administração do Parque Nacional do Iguaçu PNI/ICMBIO, a guias de turismo</li>
	<li>DESPACHO</li>
</ul>
<div class="acroform"><ol>	<li><ol type="signaturedata">	<li signdata="date">2016-06-02T17:23:55-0300</li>
	<li signdata="name">ALEXANDRE COLLARES BARBOSA:1028</li>
	<li signdata="reason">Assinatura de documento</li>
</ol>
</li>
</ol>
</div>
</body></html>