<?xml version="1.0" encoding="UTF-8"?>
<html xmlns="http://www.w3.org/1999/xhtml">
<head>
<meta name="date" content="2018-04-11T19:50:18Z" />
<meta name="pdf:PDFVersion" content="1.4" />
<meta name="access_permission:modify_annotations" content="true" />
<meta name="access_permission:can_print_degraded" content="true" />
<meta name="tika_batch_fs:relative_path" content="53673336.pdf" />
<meta name="dcterms:created" content="2018-04-11T19:50:18Z" />
<meta name="Last-Modified" content="2018-04-11T19:50:18Z" />
<meta name="dcterms:modified" content="2018-04-11T19:50:18Z" />
<meta name="dc:format" content="application/pdf; version=1.4" />
<meta name="Last-Save-Date" content="2018-04-11T19:50:18Z" />
<meta name="access_permission:fill_in_form" content="true" />
<meta name="pdf:docinfo:modified" content="2018-04-11T19:50:18Z" />
<meta name="meta:save-date" content="2018-04-11T19:50:18Z" />
<meta name="pdf:encrypted" content="false" />
<meta name="modified" content="2018-04-11T19:50:18Z" />
<meta name="Content-Length" content="56077" />
<meta name="X-TIKA:digest:MD5" content="b68d304fe9822c9c49b5a5f81509234b" />
<meta name="Content-Type" content="application/pdf" />
<meta name="X-Parsed-By" content="org.apache.tika.parser.DefaultParser" />
<meta name="X-Parsed-By" content="org.apache.tika.parser.pdf.PDFParser" />
<meta name="meta:creation-date" content="2018-04-11T19:50:18Z" />
<meta name="created" content="Wed Apr 11 16:50:18 BRT 2018" />
<meta name="access_permission:extract_for_accessibility" content="true" />
<meta name="access_permission:assemble_document" content="true" />
<meta name="xmpTPg:NPages" content="5" />
<meta name="Creation-Date" content="2018-04-11T19:50:18Z" />
<meta name="resourceName" content="53673336.pdf" />
<meta name="access_permission:extract_content" content="true" />
<meta name="access_permission:can_print" content="true" />
<meta name="tika:file_ext" content="pdf" />
<meta name="producer" content="iText® 5.5.9 ©2000-2015 iText Group NV (AGPL-version); modified using iText® 5.5.9 ©2000-2015 iText Group NV (AGPL-version)" />
<meta name="access_permission:can_modify" content="true" />
<meta name="pdf:docinfo:producer" content="iText® 5.5.9 ©2000-2015 iText Group NV (AGPL-version); modified using iText® 5.5.9 ©2000-2015 iText Group NV (AGPL-version)" />
<meta name="pdf:docinfo:created" content="2018-04-11T19:50:18Z" />
<title></title>
</head>
<body><div class="page"><p />
<p> 
</p>
<p>Referência: Inquérito Civil n.º 1.11.000.000056/2014-39
 
 
</p>
<p> 
</p>
<p>PROMOÇÃO DE ARQUIVAMENTO
 
</p>
<p>Trata-se de Inquérito Civil instaurado a partir de representação, na qual são
</p>
<p>noticiadas supostas irregularidades no processo seletivo para o mestrado em Sociologia da
</p>
<p>Universidade Federal de Alagoas - UFAL, ocorrido no primeiro semestre de 2014. Relata-se
</p>
<p>falta de critério na análise dos pré-projetos e das provas discursivas, além de não ter havido
</p>
<p>acesso à prova para apresentação de recursos das avaliações.
</p>
<p>Colacionam os representantes relatórios contendo narrativa pormenorizada das
</p>
<p>etapas da seleção, de modo a identificar as irregularidades ocorridas ao longo do processo, bem
</p>
<p>como os documentos de fls. 21-39, concernentes a Recomendação nº.: 13/GNK/PRAL/2010
</p>
<p>expedida por esta PR/AL em caso análogo, por meio da qual se recomenda a adoção de
</p>
<p>providências por parte da UFAL para correção dos vícios então apontados e que se relacionam a
</p>
<p>adoção de critérios objetivos e transparentes nas avaliações.
</p>
<p>Às fls. 91-100, a UFAL sustenta a legalidade do certame. Afirma, ainda, que o
</p>
<p>Programa de Pós-Graduação em Sociologia tem perseguido a melhora dos procedimentos e
</p>
<p>realização das seleções, ampliando, inclusive, o rigor técnico do processo seletivo, no intuito de
</p>
<p>privilegiar os princípios constitucionais da legalidade, impessoalidade, moralidade, publicidade
</p>
<p>e eficiência.
</p>
<p>Expediu-se a Recomendação n.º 06/2015, fls. 103-108, no intuito de aperfeiçoar
</p>
<p>os processos seletivos dos Programas de Pós-Graduação da UFAL, recomendando a
</p>
<p>Universidade que: a) constitua Comissão para realizar o trabalho de compilação dos
</p>
<p>regramentos e práticas administrativas de cada área e subárea, referentes aos Programas de
</p>
<p>Pós-Graduação oferecidos pela UFAL, com o objetivo de homogeneizar procedimentos que
</p>
<p>sejam equivalentes dentro de cada programa de pós-graduação, observando-se peculiaridades
</p>
<p>que se mostrem devidamente justificadas dentro de cada procedimento de seleção adotado; e b)
</p>
<p>observe, em todos os processos seletivos dos Programas de Pós-Graduação ora em andamento
</p>
<p>e que se iniciarem posteriormente à expedição desta Recomendação, as providências indicadas
</p>
<p>na oportunidade, de modo que caso fosse necessário caberia o aditamento do respectivo edital
</p>
<p>e daqueles aditivos que regem os programas de pós-graduação usados em cada Departamento.
</p>
<p>A UFAL, fls. 113-148, informou que iniciou os procedimentos para o
</p>
<p>PR-AL-00007917/2018
</p>
<p>MINISTÉRIO PÚBLICO FEDERAL
PROCURADORIA DA REPÚBLICA - ALAGOAS/UNIÃO DOS PALMARES
</p>
<p>GABINETE DE PROCURADOR DA REPÚBLICA
GABINETE DE PROCURADOR DA REPÚBLICA
</p>
<p>Pág. 1 de 5</p>
<p />
</div>
<div class="page"><p />
<p>atendimento de todos os pontos recomendados, tendo colacionado as providências já adotadas
</p>
<p>para cada item da Recomendação.
</p>
<p>Desta feita, a UFAL informou que, alguns pontos, atendeu integralmente,
</p>
<p>enquanto que outros o fez parcialmente, com exceção ao Item II, inciso "e" da Recomendação
</p>
<p>n.º 06/2015, o qual não havia sido adotada providência.
</p>
<p>Tendo em vista a informação levada a efeito pela Universidade procedeu-se uma
</p>
<p>verificação junto aos editais na época lançados, com o fito de comprovar se, efetivamente, as
</p>
<p>medidas recomendadas vinham sendo observadas, bem como a justificativa da Universidade
</p>
<p>para o não acatamento do Item II, inciso "e".
</p>
<p>Verificou-se que persistia a insuficiência de registros documentais sobre algumas
</p>
<p>etapas dos processos seletivos, bem como a subjetividade em alguns procedimentos avaliatórios
</p>
<p>dos Programas de Pós-graduação da Universidade; mas, considerando a postura da UFAL
</p>
<p>mediante a adoção de providências para várias situações, designou-se reunião a fim de tratar das
</p>
<p>fragilidades encontradas nos editais, bem como discutir o ponto concernente ao item II, alínea
</p>
<p>"e", que não fora acatado pela Pró-Reitoria de Pesquisa e Pós-Graduação (PROPEP).
</p>
<p>Conforme a ata de fls. 160-161, a UFAL por meio da PROPEP reafirmou o
</p>
<p>compromisso de ajustar os editais aos termos das Recomendações, de modo que faz uma
</p>
<p>ressalva a alguns editais que não são elaborados por eles, como o caso dos programas de rede, a
</p>
<p>exemplo do PROFMAT. Ademais, trouxe as considerações acerca das dificuldades quanto ao
</p>
<p>cumprimento do Item II, alínea "e", tendo em vista a quantidade de mestres e doutores formados
</p>
<p>na UFAL, bem como o tamanho do Estado, mas, ainda assim, explicitou que dificilmente
</p>
<p>ocorreria interferências visando beneficiar e/ou prejudicar os alunos.
</p>
<p>Por esta signatária foi sugerida a formulação e assinatura de termo de
</p>
<p>inexistência de suspeição, consoante os artigos 18 a 21 da Lei nº.: 9784/99. Pela PROPEP foi
</p>
<p>dito que se sugeriu o aumento do número de professores na banca para o caso de haver algum
</p>
<p>ex-orientando, o professor possa se afastar sem prejuízo dos trabalhos.
</p>
<p>Desta feita, chegou-se ao encaminhamento de que seria elaborado um termo de
</p>
<p>compromisso voltado aos professores para os casos de impedimento e suspeição nos termos da
</p>
<p>Lei nº.: 9784/99, a ser encaminhado em 90 dias a este Parquet.
</p>
<p>A PROPEP, por meio do Ofício nº.: 003/2017-PROPEP, informou sobre as
</p>
<p>providências voltadas a formalização do documento nos moldes encaminhados na reunião do
</p>
<p>dia 1º de agosto de 2016. Dessa forma, asseverou que fora encaminhado o Memorando Circular
</p>
<p>nº.: 001/2017 - PROPEP/UFAL com orientações sobre a formação da banca e a escrita da ata de
</p>
<p>impedimentos e suspeições dos membros das bancas examinadoras.
</p>
<p>Com isso, o documento em questão seria assinado pelos coordenadores dando
</p>
<p>ciência da orientação do Parquet e concordando em cumpri-la.
</p>
<p>Transcorrido lapso temporal considerável, a UFAL fora instada a se pronunciar
</p>
<p>acerca da elaboração e assinatura do termo de suspeição e/ou impedimento.
</p>
<p>Consoante o Ofício nº.: 004/2017 - PROPEP/UFAL, fora descrito o histórico de
</p>
<p>ações visando a concretização do aludido termos de compromisso, sendo que informou na
</p>
<p>oportunidade sobre a não formalização do documento nos moldes discutidos na reunião do dia
</p>
<p>Pág. 2 de 5</p>
<p />
</div>
<div class="page"><p />
<p>1º de agosto, passando a indicar os motivos.
</p>
<p>Dessa forma, aduz o Pró-Reitor da PROPEP apresentou o termo aos
</p>
<p>coordenadores, mas eles mostraram-se constrangidos em assinar explicitando que: a) o cargo de
</p>
<p>coordenador de programa é transitório; b) que já estavam cumprindo as instruções concernentes
</p>
<p>ao impedimento/suspeição em observância aos termos do Memorando Circular nº.: 001/2017
</p>
<p>encaminhado pela PROPEP; c) entendiam que o termo deveria ser assinado pelos componentes
</p>
<p>da banca examinadora composta a  cada processo selet ivo,  de forma que o
</p>
<p>impedimento/suspeição deve ser avaliado a cada seleção; e, d) alfim, solicitaram reunião com o
</p>
<p>Parquet visando explicitar esses argumentos.
</p>
<p>É o relatório.
</p>
<p>In casu, o objeto deste inquérito civil, inicialmente, consistiu na apuração de
</p>
<p>supostas irregularidades no processo seletivo para o mestrado em Sociologia da Universidade
</p>
<p>Federal de Alagoas - UFAL, ocorrido no primeiro semestre de 2014, consubstanciado na falta
</p>
<p>de critério na análise dos pré-projetos e das provas discursivas, além de não ter havido acesso à
</p>
<p>prova para apresentação de recursos das avaliações. 
</p>
<p>                            Considerando a complexidade de intervir em certames concluídos, uma vez que,
</p>
<p>conforme os termos da representação, o resultado teria sido publicado em 17/12/2013 e aquela
</p>
<p>data de 13 de janeiro de 2014, direcionou-se a atuação para a prevenção de repetição dos fatos
</p>
<p>narrados, motivo pelo qual fora expedida Recomendação n° 06/2015.
</p>
<p>                         De toda sorte, antes de expedida a Recomendação, fora oficiada à UFAL,
</p>
<p>solicitando informações sobre aquele certame, ao que esta sustentou a inexistência de
</p>
<p>irregularidade e tampouco relação de pessoalidade que pudesse gerar benefícios ou prejuízo aos
</p>
<p>candidatos. (fl. 92)
</p>
<p>Assim, em seguida, constatou-se por meio de informações colhidas no site da
</p>
<p>UFAL que existiam vários programas de pós-graduação (especialização, mestrado e doutorado)
</p>
<p>oferecidos pela sobredita Universidade, em que cada um desses estava sujeito a regramento
</p>
<p>específico definido pelo Departamento, nos termos do Estatuto e Regimento Interno da
</p>
<p>Instituição de Ensino, sem que houvesse notícia de uma regulamentação uniforme.
</p>
<p>Com efeito, observou-se a necessidade de formação pela UFAL de uma
</p>
<p>Comissão que realizasse o trabalho de compilação dos regramentos dos programas de pós-
</p>
<p>graduação, bem como a prática administrativa de cada área e subárea, com o objetivo de
</p>
<p>homogeneizar os procedimentos que fossem equivalentes dentro de cada programa, observando
</p>
<p>as peculiaridades que se mostrem devidamente justificadas a cada seleção.
</p>
<p>Expediu-se, nesta pisada, a Recomendação nº.: 6/2015 no intuito de aperfeiçoar
</p>
<p>os processos seletivos dos Programas de Pós-Graduação da UFAL, a fim de que a Universidade:
</p>
<p>a) constituísse a Comissão retromencionada para compilar os regramentos e práticas
</p>
<p>administrativas de cada área e subárea, referentes aos Programas de Pós-Graduação oferecidos
</p>
<p>pela UFAL; e b) observasse, em todos os processos seletivos dos Programas de Pós-Graduação,
</p>
<p>em andamento e posteriores, as providências ali indicadas, de modo a assegurar a lisura da
</p>
<p>seleção, assegurada a legalidade e a igualdade de concorrência entre os candidatos.
</p>
<p>A UFAL informou sobre o acatamento da Recomendação, de modo que vinha
</p>
<p>Pág. 3 de 5</p>
<p />
</div>
<div class="page"><p />
<p>adotando as providências cabíveis, e com isso já havia atendido alguns pontos integralmente,
</p>
<p>enquanto outros, ainda de forma parcial; com exceção ao Item II, inciso "e", o qual não tinha
</p>
<p>sido atendido, até então, vejamos:
e) que seja firmada por cada componente de banca examinadora, após o encerramento
</p>
<p>das inscrições, declaração, sob pena de responsabilidade funcional (administrativa,
</p>
<p>criminal e civil), de inexistência de situação de suspeição ou de impedimento com
</p>
<p>relação aos candidatos participantes do processo seletivo em o examinador funcionará,
</p>
<p>devendo submeter de pronto as situações de dúvida à Proreitoria respectiva, para
</p>
<p>deliberação fundamentada, devendo tais documentos ser anexados e mantidos nos
</p>
<p>autos dos processos administrativos relacionados às respectivas seleções;
</p>
<p> 
</p>
<p>Com efeito, observou-se a implementação, por parte da PROPEP, das demais
</p>
<p>medidas recomendadas, salientando, como explicitado pelo Pró-Reitor da PROPEP, fls. 160-
</p>
<p>161, que alguns editais não são elaborados por eles, como os referentes aos denominados
</p>
<p>programas em rede, que visam formar os docentes, razão pela qual podem subsistir algumas
</p>
<p>diferenças de regramentos.
</p>
<p>Sobre o ponto divergente, qual seja, o ITEM II, inciso "e", como dito, linhas
</p>
<p>acima, fora ajustada a formulação e assinatura de termo de inexistência de impedimento e/ou
</p>
<p>suspeição, consoante os artigos 18 a 21 da Lei nº.: 9784/99, voltado aos professores. (fls.
</p>
<p>160/161)
</p>
<p>A PROPEP informou que encaminhou o Memorando Circular nº.: 001/2017 -
</p>
<p>PROPEP/UFAL, fl. 169v., com orientações sobre a formação da banca e a escrita da ata de
</p>
<p>impedimentos e suspeições por parte dos membros das bancas examinadoras. Esclareceu que os
</p>
<p>coordenadores entenderam que já vinham cumprindo as instruções do citado memorando
</p>
<p>circular, e uma vez que ocupam função transitória, o termo em referência deveria ser assinado
</p>
<p>pelos componentes da banca examinadora a ser composta em cada processo seletivo. 
</p>
<p>Pois bem, ante aos elementos colhidos na instrução, verifica-se que a
</p>
<p>Recomendação nº.: 6/2015 restou cumprida por parte da UFAL/PROPEP. No tocante aos pontos
</p>
<p>ditos como parcialmente observados, cabe a ressalva do Pró Reitor no sentido de que alguns
</p>
<p>editais não são elaborados pela PROPEP, de maneira que em uma menor proporção podem
</p>
<p>subsistir diferenças de regramentos.
</p>
<p>Outrossim, no que pertine ao compromisso de isenção dos examinadores
</p>
<p>pertencentes a banca, verifica-se que nos moldes explicitados pelo Memorando Circular nº.:
</p>
<p>001/2017 atendem ao objetivo do ITEM II, alínea "e", sendo plausíveis e suficientes as
</p>
<p>justificativas apresentadas à fl. 175, no sentido de que deve ser firmado o termo a cada formação
</p>
<p>de banca, ante a deflagração dos processos seletivos. Em verdade, fora exatamente este o
</p>
<p>sentido vislumbrado por esta signatária quando da sugestão da confecção do referido termo.
</p>
<p>Com isso, revela-se despiciendo a designação de reunião apenas para que sejam
</p>
<p>feitas essas colocações sugeridas no bojo da manifestação de fls. 173-175, que, por sua vez, vem
</p>
<p>sendo observadas pelos professores da UFAL.
</p>
<p>Nesta toada, considera-se acolhida a Recomendação e certificado o seu
</p>
<p>cumprimento, de modo que não mais subsistem motivos para o prosseguimento do feito, nem
</p>
<p>Pág. 4 de 5</p>
<p />
</div>
<div class="page"><p />
<p>para a intervenção/atuação do Parquet Federal, razão pela qual, promovo o seu
</p>
<p>ARQUIVAMENTO, nos termos do artigo 4º, inciso V, da Resolução nº 87, do Conselho
</p>
<p>Superior do Ministério Público Federal - CSMPF.
</p>
<p>Oficiem-se os representantes indicados às fls. 3, 11, 16 e 42 a fim de cientificá-
</p>
<p>los da presente decisão, para, querendo, manifestarem eventual inconformidade contra o
</p>
<p>presente arquivamento, com a apresentação de razões escritas e documentos diretamente à 1ª
</p>
<p>CCR, consoante prescreve o art. 17, §3º da Resolução nº 87/2010 do Conselho Superior do
</p>
<p>Ministério Público Federal.
</p>
<p>Ato contínuo, remetam-se os autos à 1ª CCR para que delibere a respeito da
</p>
<p>presente decisão, em decorrência das disposições contidas no artigo 17, §2º, da Resolução nº
</p>
<p>87/2010, do CSMPF.
</p>
<p>Por fim, registre-se no Sistema Único, no campo apropriado, o acolhimento da
</p>
<p>Recomendação expedida nos presentes autos.
 
</p>
<p>Maceió/AL, 11 de abril de 2018.
 
 
</p>
<p>Roberta Lima Barbosa Bomfim
Procuradora da República
</p>
<p> 
acqbe
</p>
<p>Pág. 5 de 5</p>
<p />
</div>
</body></html>