<?xml version="1.0" encoding="UTF-8"?>
<html xmlns="http://www.w3.org/1999/xhtml">
<head>
<meta name="date" content="2018-06-05T00:12:12Z" />
<meta name="pdf:PDFVersion" content="1.4" />
<meta name="access_permission:modify_annotations" content="true" />
<meta name="access_permission:can_print_degraded" content="true" />
<meta name="tika_batch_fs:relative_path" content="54244573.pdf" />
<meta name="dcterms:created" content="2018-06-05T00:12:12Z" />
<meta name="Last-Modified" content="2018-06-05T00:12:12Z" />
<meta name="dcterms:modified" content="2018-06-05T00:12:12Z" />
<meta name="dc:format" content="application/pdf; version=1.4" />
<meta name="Last-Save-Date" content="2018-06-05T00:12:12Z" />
<meta name="access_permission:fill_in_form" content="true" />
<meta name="pdf:docinfo:modified" content="2018-06-05T00:12:12Z" />
<meta name="meta:save-date" content="2018-06-05T00:12:12Z" />
<meta name="pdf:encrypted" content="false" />
<meta name="modified" content="2018-06-05T00:12:12Z" />
<meta name="Content-Length" content="49522" />
<meta name="X-TIKA:digest:MD5" content="b504a42c5ee0cc6e442c681a6bcc6b46" />
<meta name="Content-Type" content="application/pdf" />
<meta name="X-Parsed-By" content="org.apache.tika.parser.DefaultParser" />
<meta name="X-Parsed-By" content="org.apache.tika.parser.pdf.PDFParser" />
<meta name="meta:creation-date" content="2018-06-05T00:12:12Z" />
<meta name="created" content="Mon Jun 04 21:12:12 BRT 2018" />
<meta name="access_permission:extract_for_accessibility" content="true" />
<meta name="access_permission:assemble_document" content="true" />
<meta name="xmpTPg:NPages" content="3" />
<meta name="Creation-Date" content="2018-06-05T00:12:12Z" />
<meta name="resourceName" content="54244573.pdf" />
<meta name="access_permission:extract_content" content="true" />
<meta name="access_permission:can_print" content="true" />
<meta name="tika:file_ext" content="pdf" />
<meta name="producer" content="iText® 5.5.9 ©2000-2015 iText Group NV (AGPL-version); modified using iText® 5.5.9 ©2000-2015 iText Group NV (AGPL-version)" />
<meta name="access_permission:can_modify" content="true" />
<meta name="pdf:docinfo:producer" content="iText® 5.5.9 ©2000-2015 iText Group NV (AGPL-version); modified using iText® 5.5.9 ©2000-2015 iText Group NV (AGPL-version)" />
<meta name="pdf:docinfo:created" content="2018-06-05T00:12:12Z" />
<title></title>
</head>
<body><div class="page"><p />
<p> 
</p>
<p>INQUÉRITO CIVIL Nº 1.34.011.000124/2014-36
 
 
 
 
 
 
 
 
 
 
</p>
<p>PROMOÇÃO DE ARQUIVAMENTO
 
 
</p>
<p>Trata-se de inquérito civil público instaurado com o objetivo de analisar o
</p>
<p>cumprimento da Lei 12.732, de 22 de novembro de 2012 pelos Estados e Municípios, a fim de
</p>
<p>garantir ao paciente diagnosticado com neoplasia maligna a possibilidade de submeter-se ao
</p>
<p>tratamento disponibilizado no Sistema Único de Saúde - SUS, no prazo de até 60 (sessenta)
</p>
<p>dias, conforme a necessidade terapêutica do caso.
 
</p>
<p>O Ministério Público Federal oficiou a Central de Regulação de Diadema com o
</p>
<p>objetivo de que informasse respectivamente:
 
</p>
<p>a) se a municipalidade oferece tratamento ao câncer, caso positivo, se o acesso ao
</p>
<p>SISCAN - Sistema de Informação do Câncer está liberado e totalmente implementado;
 
</p>
<p>b) o gerenciamento do início do tempo para tratamento oncológico com vista a
</p>
<p>cumprir o prazo de 60 dias estabelecido pela Lei nº 12.732/12
 
</p>
<p>c) a adoção de medidas para assegurar a implementação da Lei nº 12.732/12 e do
</p>
<p>SISCAN, a fim de prover a população o adequado tratamento da neoplastia em consonância
</p>
<p>com os dispositivos legais e infralegais que tratam do assunto.
 
</p>
<p>Em resposta, o Município de Diadema esclareceu que o SISCAN não está
</p>
<p>implantado no momento, bem como não dispõe de recursos próprios para o tratamento cirúrgico
</p>
<p>de alta complexidade e/ou eletivo, sendo que os casos diagnosticados são encaminhados para
</p>
<p>atendimento na rede estadual de saúde, conforme pactuação regional entre as Secretarias de
</p>
<p>Saúde.
 
</p>
<p>Ademais, considerando que o Município de Diadema não oferece tratamento, a
</p>
<p>Secretaria de Saúde implantou a Central de Regulação Municipal de Oncologia com o objetivo
</p>
<p>PRM-SBC-SP-00004144/2018     
</p>
<p>MINISTÉRIO PÚBLICO FEDERAL
PROCURADORIA DA REPÚBLICA NO MUNICÍPIO DE
</p>
<p>SÃO BERNARDO DO CAMPO
</p>
<p>Pág. 1 de 3</p>
<p />
</div>
<div class="page"><p />
<p>de garantir o encaminhamento da solicitação para Secretaria Estadual em 24 (vinte e quatro)
</p>
<p>horas ou realizar o agendamento junto aos estabelecimento estaduais nas vagas disponibilizadas
</p>
<p>pelas mesmas, entre 24 (vinte e quatro) horas e no máximo em 15 (quinze) dias.
 
</p>
<p>Desta forma, a portaria 3.394/13, a qual institui o Sistema de Informação de
</p>
<p>Câncer no âmbito do Sistema Único de Saúde - SISCAN, dispõe em seu artigo 3º:
 
</p>
<p>Art. 3º O SISCAN será obrigatoriamente implantado pelos seguintes
</p>
<p>estabelecimentos de saúde, públicos ou privados que atuam de forma
</p>
<p>complementar ao SUS:
</p>
<p>I - laboratórios de citopatologia e anatomia patológica;
</p>
<p>II - unidades fixas e móveis de radiologia com serviço de mamografia;
</p>
<p>III - nos serviços que realizam tratamento para câncer nas modalidades
</p>
<p>de cirurgia, quimioterapia e radioterapia; e
</p>
<p>IV - nas coordenações Estaduais, do Distrito Federal e Municipais que
</p>
<p>acompanham as ações de controle do câncer.
 
</p>
<p>Nesse sentido, resta claro no presente caso que a implementação do SISCAN não
</p>
<p>é obrigatória, considerando que o Município de Diadema além de não oferecer tratamento ao
</p>
<p>câncer, encaminha os casos dos munícipes diagnosticados para atendimento na rede estadual de
</p>
<p>saúde.
 
</p>
<p>Ademais, informamos que apesar do Município de Diadema não oferecer
</p>
<p>tratamento ao câncer, bem como não adotar o SISCAN, a Secretaria do Estado da Saúde de São
</p>
<p>Paulo, a fim de apurar este e os demais casos em outros municípios, informou ter transmitido as
</p>
<p>solicitações à FOSP - Fundação Oncocentro de São Paulo e ao ICESP - Instituto de Câncer do
</p>
<p>Estado de São Paulo para que se reportassem acerca da implementação da lei nº 12.732/2012 e
</p>
<p>do Sistema de Informação ao Câncer - SISCAN pelos Estados e Municípios para que possam
</p>
<p>prover a população o adequado tratamento de neoplasia.
 
</p>
<p>Sendo assim, o Instituto do Câncer em São Paulo e a Fundação Oncocentro
</p>
<p>localizada no mesmo Estado, manifestaram-se acerca das informações que dizem respeito aos
</p>
<p>hospitais sob responsabilidade da Secretaria do Estado de São Paulo na região do Grande ABC,
</p>
<p>informando primeiramente que em relação ao monitoramento, o Ministério da Saúde não
</p>
<p>disponibilizou até o presente momento relatórios que permitam acompanhar o cumprimento do
</p>
<p>lapso temporal de 60 (sessenta) dias, os quais condizem ao registro e diagnóstico no prontuário
</p>
<p>PRM-SBC-SP-00004144/2018     
</p>
<p>MINISTÉRIO PÚBLICO FEDERAL
PROCURADORIA DA REPÚBLICA NO MUNICÍPIO DE
</p>
<p>SÃO BERNARDO DO CAMPO
</p>
<p>Pág. 2 de 3</p>
<p />
</div>
<div class="page"><p />
<p>e início do primeiro tratamento.
 
</p>
<p>Outrossim, segundo o artigo 8º da portaria nº 876/2013, os membros do
</p>
<p>Ministério da Saúde e Anvisa são responsáveis por acompanhar o processo de implantação do
</p>
<p>SISCAN em território nacional e realizar outras medidas que se fizerem necessárias para o
</p>
<p>cumprimento do disposto nesta portaria, o que inclui o lapso temporal de 60 (sessenta) dias que
</p>
<p>deve ser respeitado.
 
</p>
<p>Quanto as medidas para assegurar a implementação do SISCAN, fora realizado
</p>
<p>na FOSP - Fundação Oncocentro nos dias 11 e 12 de dezembro de 2013 capacitação e
</p>
<p>treinamento dos profissionais que atuam no CACON - Centros de Alta Complexidade em
</p>
<p>Oncologia e UNACON - Unidade de Alta Complexidade em Oncologia do Estado de São Paulo
</p>
<p>para uso do SISCAN - módulo tempo diagnóstico/tratamento, realizado por um técnico da SAS
</p>
<p>- Sistema de Assistência a Saúde.
 
 
</p>
<p>Por fim, o Instituto do Câncer em São Paulo, bem como a Fundação Oncocentro
</p>
<p>localizada no mesmo estado, informaram que as instituições que atenderam à convocação do
</p>
<p>comitê estadual de oncologia foram: Centro hospitalar do município de Santo André, Fundação
</p>
<p>ABC/Hospital Anchieta e Complexo hospitalar de São Bernardo, totalizando 8 (oito)
</p>
<p>funcionários.
 
</p>
<p>Por todo o exposto, determino o arquivamento do presente inquérito civil
</p>
<p>público, haja vista que o Município de Diadema, no momento, não oferece tratamento ao câncer
</p>
<p>e desta forma, não há obrigatoriedade de implementação do SISCAN, sendo que os munícipes
</p>
<p>eventualmente diagnosticados são tratados nos lugares que estão sob averiguação.
 
</p>
<p>Após, providencie-se a remessa dos autos à 1ª Câmara de Coordenação e Revisão
</p>
<p>do Ministério Público Federal, dentro do prazo improrrogável de 3 (três) dias, para
</p>
<p>homologação ou determinação de outras providências cabíveis.
 
 
</p>
<p>(assinado eletronicamente)
STEVEN SHUNITI ZWICKER
</p>
<p>PROCURADOR DA REPÚBLICA
</p>
<p>PRM-SBC-SP-00004144/2018     
</p>
<p>MINISTÉRIO PÚBLICO FEDERAL
PROCURADORIA DA REPÚBLICA NO MUNICÍPIO DE
</p>
<p>SÃO BERNARDO DO CAMPO
</p>
<p>Pág. 3 de 3</p>
<p />
</div>
</body></html>