<?xml version="1.0" encoding="UTF-8"?>
<html xmlns="http://www.w3.org/1999/xhtml">
<head>
<meta name="pdf:PDFVersion" content="1.4" />
<meta name="xmp:CreatorTool" content="Writer" />
<meta name="access_permission:modify_annotations" content="true" />
<meta name="access_permission:can_print_degraded" content="true" />
<meta name="tika_batch_fs:relative_path" content="54914067.pdf" />
<meta name="language" content="pt-BR" />
<meta name="dcterms:created" content="2018-09-11T20:24:16Z" />
<meta name="dc:format" content="application/pdf; version=1.4" />
<meta name="pdf:docinfo:creator_tool" content="Writer" />
<meta name="access_permission:fill_in_form" content="true" />
<meta name="pdf:encrypted" content="false" />
<meta name="Content-Length" content="123313" />
<meta name="X-TIKA:digest:MD5" content="7ede0684c8ac997c005e4b864b78ce86" />
<meta name="Content-Type" content="application/pdf" />
<meta name="X-Parsed-By" content="org.apache.tika.parser.DefaultParser" />
<meta name="X-Parsed-By" content="org.apache.tika.parser.pdf.PDFParser" />
<meta name="dc:language" content="pt-BR" />
<meta name="meta:creation-date" content="2018-09-11T20:24:16Z" />
<meta name="created" content="Tue Sep 11 17:24:16 BRT 2018" />
<meta name="access_permission:extract_for_accessibility" content="true" />
<meta name="access_permission:assemble_document" content="true" />
<meta name="xmpTPg:NPages" content="2" />
<meta name="Creation-Date" content="2018-09-11T20:24:16Z" />
<meta name="resourceName" content="54914067.pdf" />
<meta name="access_permission:extract_content" content="true" />
<meta name="access_permission:can_print" content="true" />
<meta name="tika:file_ext" content="pdf" />
<meta name="producer" content="LibreOffice 5.4" />
<meta name="access_permission:can_modify" content="true" />
<meta name="pdf:docinfo:producer" content="LibreOffice 5.4" />
<meta name="pdf:docinfo:created" content="2018-09-11T20:24:16Z" />
<title></title>
</head>
<body><div class="page"><p />
<p>MINISTÉRIO PÚBLICO FEDERAL
Procuradoria da República na Paraíba
</p>
<p>Inquérito Civil nº 1.24.000.000592/2014-86
</p>
<p>Despacho n.º /2018/MPF/PR/PB-YMD
</p>
<p>PROMOÇÃO DE ARQUIVAMENTO
</p>
<p>Trata-se de Inquérito Civil instaurado a partir de representação oferecida
pela Superintendência de Obras do Plano de Desenvolvimento da Paraíba – SUPLAN, dando
conta de possível  ocupação irregular em área de domínio da União,  situada na região do
“Canal do Bessa”, que estaria causando a paralisação de obras pela SUPLAN, executadas com
vistas à melhoria da drenagem na região.
</p>
<p>A ocupação em questão se referia, especialmente, à construção de um muro
de alvenaria  que fechava  completamente  o  acesso  à  área  na  qual  nas  obras  deveriam ser
executadas.
</p>
<p>De início, foram adotadas providências no sentido de verifcar (i)  se a
área  indicada  pela  SUPLAN  pertenceria,  de  fato,  à  União;  (ii)  se  estaria  sendo  ocupada
irregularmente por terceiros; e (iii) quais as providências adotadas pela Superintendência do
Patrimônio da União – SPU/PB para sanar as irregularidades apontadas.
</p>
<p>Expedido ofício à SPU/PB, a Superintendência informou que não foi
possível  confrmar  se  a  área  pertence  à  União,  ante  a  ausência  de  elementos  técnicos
conclusivos para o traçado da LPM-1831, razão pela qual deixou de adotar medidas para
atender ao pleito da SUPLAN (f. 52/53).
</p>
<p>Encaminhados ofícios ao Cartório de Registro de Imóveis de Cabedelo e
ao Sr. Juraci Pedro Gomes, possível proprietário do imóvel, verifcou-se, por meio da resposta
prestada pelo Serviço Notarial e Registral Figueiredo Dornelas, que o imóvel registrado, nesse
cartório, em nome de Juraci Pedro Gomes, não corresponde à área mencionada pela SUPLAN
(f. 60/61).
</p>
<p>Ofciado em várias oportunidades, o Sr. Juraci Pedro Gomes deixou de
prestar informações a respeito dos fatos (f. 58/59, 62/64, 71, 75/80, 122/122v, 134/134v).  </p>
<p />
</div>
<div class="page"><p />
<p>Por intermédio do Ofício  GS nº  015/2016,  de 04.01.2016,  a  Diretora  da
SUPLAN, ao tempo em que enviou a planta baixa cartográfca atualizada, com a localização
das  coordenadas  exatas  das  ocupações  irregulares,  destacou  o  seguinte:  “desconhecemos  a
titularidade da referida área, e que a Procuradoria Geral do Estado está adotando as medidas legais
cabíveis para dirimir as questões atinentes à obstrução da referida área” (f. 84/85).
</p>
<p>No curso da instrução, apesar de ofciada para esclarecer se a área seria, ou
não,  patrimônio  da  União,  sem  o  que  não  haveria  atribuição  do    Parquet   Federal,  a  
Superintendência de Patrimônio da União não forneceu as informações necessárias (f. 123,
135, 144 e 147). 
</p>
<p>Em 15/05/2018 foi realizada reunião com representantes da SUPLAN, para a
qual também foram convidados representantes da SPU, embora não tenham comparecido (f.
154).
</p>
<p>Durante a citada reunião, a SUPLAN informou que, apesar da construção do
muro, atribuída ao Sr. Juraci Pedro Gomes, não houve prejuízo para a fuição do canal, haja
vista tratar-se de canal natural.
</p>
<p>A  SPU  foi,  novamente,  ofciada  para  informar  se  era,  ou  não,  possível
identifcar  a  área  como de  interesse  da  União,  não  havendo resposta  às  requisições  até  a
presente data (f. 157 e 159).
</p>
<p>Como visto, trata-se de procedimento instaurado no ano de 2014 (bastante
antigo) no âmbito do qual não há sequer certeza a respeito do interesse da União, haja vista a
ausência de posicionamento da Superintendência de Patrimônio da União sobre a questão,
embora tenha sido instada a se manifestar acerca da propriedade da área por inúmeras vezes
no decorrer da instrução.
</p>
<p>Nesse  contexto,  considerando  (i)  a  ausência  de  posicionamento  da  SPU
quanto à propriedade da área e (ii) a informação de que a Procuradoria-Geral do Estado da
Paraíba já  está  adotando medidas com vistas  a  solucionar o problema de acesso ao local,
entende-se que o arquivamento dos autos é único caminho a ser adotado.
</p>
<p>Destarte,  à  míngua  de  interesse  que  justifque  a  intervenção  do  Parquet
Federal,  promovo o arquivamento dos presentes autos, os quais devem ser remetidos à 1.ª
Câmara de Coordenação e Revisão para fns de exame da presente promoção e, se for o caso,
da sua homologação.
</p>
<p>Ciência à SUPLAN (representante). 
</p>
<p>João Pessoa/PB, 9 de junho de 2017.
</p>
<p>YORDAN MOREIRA DELGADO
Procurador da República
</p>
<p>P:\PR-PB\2 - PAs, ICPs, PIs e PICs\PROMOÇÕES DE ARQUIVAMENTO E DECLÍNIO DE ATRIBUIÇÃO_COMPETÊNCIA\1.24.000.000592-2014-86_Promoção_de_Arquivamento_Canal_do_Bessa.odt</p>
<p />
</div>
<ul>	<li>Procuradoria da República na Paraíba</li>
</ul>
</body></html>