<?xml version="1.0" encoding="UTF-8"?>
<html xmlns="http://www.w3.org/1999/xhtml">
<head>
<meta name="date" content="2016-08-03T16:35:08.94" />
<meta name="meta:paragraph-count" content="19" />
<meta name="meta:word-count" content="376" />
<meta name="Table-Count" content="0" />
<meta name="tika_batch_fs:relative_path" content="55789973.odt" />
<meta name="generator" content="LibreOffice/3.6$Windows_x86 LibreOffice_project/e29a214-2bbed72-0621de6-a97528c-8f066d" />
<meta name="Word-Count" content="376" />
<meta name="dcterms:created" content="2008-04-05T14:49:53" />
<meta name="dcterms:modified" content="2016-08-03T16:35:08.94" />
<meta name="Last-Modified" content="2016-08-03T16:35:08.94" />
<meta name="nbPara" content="19" />
<meta name="Last-Save-Date" content="2016-08-03T16:35:08.94" />
<meta name="meta:object-count" content="0" />
<meta name="meta:character-count" content="2461" />
<meta name="Paragraph-Count" content="19" />
<meta name="nbImg" content="0" />
<meta name="meta:save-date" content="2016-08-03T16:35:08.94" />
<meta name="modified" content="2016-08-03T16:35:08.94" />
<meta name="Edit-Time" content="P1DT8H12M16S" />
<meta name="meta:image-count" content="0" />
<meta name="Image-Count" content="0" />
<meta name="nbCharacter" content="2461" />
<meta name="nbObject" content="0" />
<meta name="Content-Length" content="170160" />
<meta name="nbPage" content="2" />
<meta name="X-TIKA:digest:MD5" content="d98b80b5ea45fb2334136b91e7de577c" />
<meta name="Object-Count" content="0" />
<meta name="nbWord" content="376" />
<meta name="Content-Type" content="application/vnd.oasis.opendocument.text" />
<meta name="X-Parsed-By" content="org.apache.tika.parser.DefaultParser" />
<meta name="X-Parsed-By" content="org.apache.tika.parser.odf.OpenDocumentParser" />
<meta name="meta:creation-date" content="2008-04-05T14:49:53" />
<meta name="meta:table-count" content="0" />
<meta name="Creation-Date" content="2008-04-05T14:49:53" />
<meta name="xmpTPg:NPages" content="2" />
<meta name="resourceName" content="55789973.odt" />
<meta name="Character Count" content="2461" />
<meta name="editing-cycles" content="416" />
<meta name="Page-Count" content="2" />
<meta name="tika:file_ext" content="odt" />
<meta name="nbTab" content="0" />
<meta name="meta:page-count" content="2" />
<title></title>
</head>
<body><p />
<p>NF  nº 1.19.000.000830/2014-13</p>
<p />
<p />
<p />
<p />
<h3 />
<p><b><u>PROMOÇÃO DE ARQUIVAMENTO</u></b></p>
<p />
<p />
<p />
<p>Trata-se de Inquérito Civil instaurado para dar cumprimento à cláusula quinta do Termo de Compromisso e Ajustamento de Conduta firmado entre o MPF e o Banco do Brasil, no interesse da Ação Civil Pública n° 47876-21.2012.4.01.3700, em trâmite na 6ª Vara Federal da Seção Judiciária do Maranhão.</p>
<p />
<p>O MPF, nos autos da Ação Civil Pública citada, firmou Termo de Ajuste de Conduta com o Banco do Brasil S/A, através do qual se comprometeu a cobrar dos outros bancos que custodiam valores que tratam os Decretos n° 6.170/07 e 7.507/2011 o cumprimento de tais previsões normativas. </p>
<p />
<p>Nesse cenário, instaurou-se o presente procedimento em face da Caixa Econômica Federal, no intuito de que a referida instituição financeira cumprisse com as narradas obrigações. </p>
<p />
<p>Iniciada as diligências, expediu-se ofícios e foram marcadas reuniões com os representantes da Caixa Econômica Federal e com a CGU, buscando a efetivação da medida em questão.</p>
<p />
<p>É o breve relato.</p>
<p />
<p>Analisando detidamente os autos, deparamo-nos com um contexto de inviabilidade na continuidade das investigações no presente ICP, devendo o feito, portanto, ser arquivado.</p>
<p />
<p>A Procuradoria da Repúblicas no Estado do Tocantins firmou Termo de Ajuste de Conduta com a Caixa Econômica Federal, publicado no Diário oficial da União de 29 de julho de 2016, com abrangência nacional, conforme cláusula terceira. Através do mencionado TAC, a CEF comprometeu-se a dar efetivo comprimento às previsões normativas dos Decretos n° 6.170/07 e 7.507/2011.</p>
<p />
<p>Desse modo, observa-se que o referido TAC engloba o objeto atinente ao presente caso e, em caso de descumprimento, deverá ser executado pela representação ministerial do Tocantins, responsável pela celebração do discutido acordo. Nesse cenário, observa-se a perda do objeto deste procedimento, que, de certa forma, encontra-se solucionado pelo TAC do Tocantins.</p>
<p />
<p>Ante o exposto, o Ministério Público Federal promove o <b>arquivamento,</b> deste procedimento, devendo os autos serem <b>remetidos à 5ª Câmara de Coordenação e Revisão</b>, para fins de homologação ou outras providências reputadas cabíveis, nos termos do disposto no art. 62, IV, da Lei Complementar nº 75/1993. </p>
<p />
<p>São Luís/MA, 04 de agosto de 2016.</p>
<p />
<p />
<p />
<p>GALTIÊNIO DA CRUZ PAULINO</p>
<p><b>Procurador da República</b></p>
<p />
<p />
<p />
<p />
<p />
<p />
<p />
<p />
<p><b>MINISTÉRIO PÚBLICO FEDERAL</b></p>
<p>Procuradoria da República no Maranhão</p>
<p />
<p>Av. Senador Vitorino Freire, 52 – Areinha – São Luís/MA  - CEP 65.030-015 – Fone/Fax: (98) 3213-7133</p>
<p>www.prma.mpf.gov.br</p>
</body></html>