<?xml version="1.0" encoding="UTF-8"?>
<html xmlns="http://www.w3.org/1999/xhtml">
<head>
<meta name="date" content="2017-01-23T20:16:22Z" />
<meta name="pdf:PDFVersion" content="1.4" />
<meta name="access_permission:modify_annotations" content="true" />
<meta name="access_permission:can_print_degraded" content="true" />
<meta name="tika_batch_fs:relative_path" content="55907240.pdf" />
<meta name="dcterms:created" content="2017-01-23T20:16:21Z" />
<meta name="Last-Modified" content="2017-01-23T20:16:22Z" />
<meta name="dcterms:modified" content="2017-01-23T20:16:22Z" />
<meta name="dc:format" content="application/pdf; version=1.4" />
<meta name="Last-Save-Date" content="2017-01-23T20:16:22Z" />
<meta name="access_permission:fill_in_form" content="true" />
<meta name="pdf:docinfo:modified" content="2017-01-23T20:16:22Z" />
<meta name="meta:save-date" content="2017-01-23T20:16:22Z" />
<meta name="pdf:encrypted" content="false" />
<meta name="modified" content="2017-01-23T20:16:22Z" />
<meta name="Content-Length" content="344664" />
<meta name="X-TIKA:digest:MD5" content="fde4b15173ccea1a2073b6aeee0e19f5" />
<meta name="Content-Type" content="application/pdf" />
<meta name="X-Parsed-By" content="org.apache.tika.parser.DefaultParser" />
<meta name="X-Parsed-By" content="org.apache.tika.parser.pdf.PDFParser" />
<meta name="meta:creation-date" content="2017-01-23T20:16:21Z" />
<meta name="created" content="Mon Jan 23 18:16:21 BRST 2017" />
<meta name="access_permission:extract_for_accessibility" content="true" />
<meta name="access_permission:assemble_document" content="true" />
<meta name="xmpTPg:NPages" content="8" />
<meta name="Creation-Date" content="2017-01-23T20:16:21Z" />
<meta name="resourceName" content="55907240.pdf" />
<meta name="access_permission:extract_content" content="true" />
<meta name="access_permission:can_print" content="true" />
<meta name="tika:file_ext" content="pdf" />
<meta name="producer" content="iTextSharp 5.0.6 (c) 1T3XT BVBA" />
<meta name="access_permission:can_modify" content="true" />
<meta name="pdf:docinfo:producer" content="iTextSharp 5.0.6 (c) 1T3XT BVBA" />
<meta name="pdf:docinfo:created" content="2017-01-23T20:16:21Z" />
<title></title>
</head>
<body><div class="page"><p />
<p>MINISTÉRIO PÚBLICO FEDERAL
PROCURADORIA DA REPÚBLICA NO RIO GRANDE DO SUL
</p>
<p>NÚCLEO DE CONTROLE DA ADMINISTRAÇÃO
</p>
<p>Inquérito Civil (IC) n.º 1.29.000.001678/2014-40
</p>
<p>PROMOÇÃO DE ARQUIVAMENTO
</p>
<p>O presente inquérito civil foi instaurado no dia 8 de janeiro de 2015, no
</p>
<p>âmbito do 18.º Ofício da Procuradoria da República no Rio Grande do Sul – PR/RS (fls. 1-
</p>
<p>A/1-B), para “averiguar suposta irregularidade praticada pelo Instituto Nacional do Seguro
Social  – INSS ao suspender o pagamento de adicional  de insalubridade aos servidores
removidos de suas agências de origem, seja por solicitação própria ou em atendimento aos
interesses  da  administração,  independentemente  da  manutenção  das  atividades
desempenhadas”, visto que foi recebida representação [autuada na forma de notícia de
fato] por meio da qual Paulo da Silva Goulart, Chefe do Serviço da Saúde do Trabalhador
</p>
<p>da  Gerência  do  INSS  em  Porto  Alegre/RS,  noticiou  que  “o  INSS  sempre  pagou
insalubridade aos servidores que atuam em suas agências de origem”; que “esse valor é
pago com base em laudo técnico elaborado por solicitação da Superintendência Regional 3,
por profissional designado por esta Superintendência”; que “a partir de 2014, atendendo
orientação da Direção de Recursos Humanos do INSS,  aqueles  servidores,  médicos  ou
administrativos, que trocam de agência, seja por solicitação própria ou em atendimento ao
interesse da administração, deixaram de receber esse adicional de insalubridade, mesmo
exercendo a mesma atividade desempenhada na agência anterior”. Julgando não possuir
base  legal  a  medida  adotada,  solicitou  o  representante  atuação  do  Ministério  Público
</p>
<p>Federal (fl. 2).
</p>
<p>Com vistas ao esclarecimento inicial dos fatos reportados, oficiou-se ao
</p>
<p>Gerente Executivo  do INSS em Porto  Alegre/RS Haidson Pedro  Brizola  da Silva  [Ofício
</p>
<p>NCA/PR/RS n.º 4457/2014 (fl. 20)], o qual, por meio do Ofício n.º 736/INSS/GEXPOA/RS
</p>
<p>(fls. 66/67), informou que os critérios para a concessão do adicional de insalubridade aos</p>
<p />
</div>
<div class="page"><p />
<p>MINISTÉRIO PÚBLICO FEDERAL
PROCURADORIA DA REPÚBLICA NO RIO GRANDE DO SUL
NÚCLEO DE CONTROLE DA ADMINISTRAÇÃO
</p>
<p>____________________________________________________________________________________________________
</p>
<p>servidores do INSS seguiam norma orientadora publicada pelo Ministério do Planejamento,
</p>
<p>Orçamento  e  Gestão  –  MPOG;  que,  nessa  linha,  na  condição  de  autarquia  federal
</p>
<p>integrante da Administração Pública Federal, o INSS concedia parcela relativa ao adicional
</p>
<p>de  insalubridade  a  servidores  e  unidades  que  atendiam  aos  requisitos  previstos  na
</p>
<p>Orientação Normativa – ON SRH/MPOG n.º 2, de 19 de fevereiro de 2010; que, em razão
</p>
<p>da revogação do referido ato normativo, passou a autarquia a cumprir uma nova série de
</p>
<p>exigências  e  condições  previstas  pelo  ato  subsequente,  a  Orientação  Normativa  –  ON
</p>
<p>SEGEP/MPOG n.º 6, de 18 de março de 2013.
</p>
<p>Outrossim, destacou o gestor público que, embora tenha constituído a
</p>
<p>autarquia  Grupo  de  Trabalho  para  verificar  a  aplicabilidade do  novo  ato  normativo  no
</p>
<p>âmbito das Agências da Previdência Social – APS, o primeiro pedido de revisão formulado
</p>
<p>já  havia  sido  rejeitado  pelo  MPOG.  Nos  termos  da  Nota  Técnica  n.º
</p>
<p>148/2013/DESAP/SEGEP/MP,  afirmou  a  Secretaria  de  Gestão  Pública  –  SEGEP/MP
</p>
<p>encontrarem-se  os  preceitos  estipulados  na  ON  SEGEP/MPOG  n.º  6/2013  “em
conformidade com o disposto na Lei n.º 8.1121, de 1990, com a Lei n.º 8.2702, de 1991,
com a Lei n.º 1.2343, de 1950, com o Decreto n.º 81.3844, de 1978, com o Decreto n.º
97.4585,  de 1989 e com o Decreto n.º 8776,  de 1993, que tratam dos adicionais e da
qualificação em questão, e, portanto,  não apresentam irregularidades que possam
justificar alterações”.
</p>
<p>Assim, concluiu o Gerente Executivo do INSS em Porto Alegre/RS que,
</p>
<p>após análise dos fundamentos da decisão proferida pelo MPOG, embora houvesse sido
</p>
<p>formulada nova manifestação pela necessidade de revisão da ON SEGEP/MPOG n.º 6/2013,
</p>
<p>por meio da Nota Informativa n.º 01/CADC/CGGP/DGP/INN, de 28 de fevereiro de 2014, o
</p>
<p>INSS não teve outra alternativa senão determinar a revisão da concessão do benefício para
</p>
<p>adequá-lo  aos  termos  da  nova  orientação:  “Por  conta  da  indefinição  estabelecida,  a
Gerência  Executiva  está  implementando  a  revisão  de  maneira  gradual:  aqueles
servidores nomeados ou removidos para unidades que ainda não satisfazem as
condições estabelecidas na Orientação Normativa ON SEGEP/MPOG n.º 6/2013
</p>
<p>1 Dispõe sobre o regime jurídico dos servidores públicos civis  da União,  das autarquias e das fundações
públicas federais. 
</p>
<p>2 Dispõe sobre reajuste da remuneração dos servidores públicos, corrige e reestrutura tabelas de vencimentos,
e dá outras providências.
</p>
<p>3 Confere direitos e vantagens a servidores que operam com raios-X e substâncias radioativas.
4 Dispõe sobre a Concessão de gratificação por atividades com raios-X ou substância radioativas e outras
</p>
<p>vantagens, previstas na Lei nº 1.234 de 14 de novembro de 1950, e dá outras providências. 
5 Regulamenta a concessão dos Adicionais de Periculosidade e de Insalubridade.
6 Regulamenta a concessão do adicional de irradiação ionizante de que trata o § 1° do art. 12 da Lei n° 8.270,
</p>
<p>de 17 de dezembro de 1991. 
</p>
<p>2</p>
<p />
</div>
<div class="page"><p />
<p>MINISTÉRIO PÚBLICO FEDERAL
PROCURADORIA DA REPÚBLICA NO RIO GRANDE DO SUL
NÚCLEO DE CONTROLE DA ADMINISTRAÇÃO
</p>
<p>____________________________________________________________________________________________________
</p>
<p>não estão recebendo o pagamento do adicional de insalubridade”. Para instruir as
manifestações prestadas carreou ao feito a Gerência Executiva do INSS cópia do Parecer
</p>
<p>n.º  119/2014/CONJUR-MPS/CGU/AGU,  pelo  qual  os  pedidos  de  revisão  da  orientação
</p>
<p>normativa foram apreciados pela Consultoria Jurídica da Advocacia-Geral da União junto ao
</p>
<p>Ministério da Previdência Social, bem assim cópia da referida ON/SEGEP/MPOG n.º 6/2013
</p>
<p>(fls. 68/78; 79/85).
</p>
<p>Em 15 de julho de 2014, determinou-se a juntada aos autos do Ofício n.º
</p>
<p>50/2014/DHTC/DPURS/FH,  pelo  qual  a  Defensora  Pública  Federal  Fernanda  Hahn
</p>
<p>comunicou ao MPF a instauração do Procedimento de Assistência Jurídica n.º 2014/026-
</p>
<p>2485, também autuado face solicitação do Chefe do Serviço da Saúde do Trabalhador da
</p>
<p>Gerência  do  INSS  em Porto  Alegre/RS.  Informou  a  Defensora  Pública  ter  comunicado
</p>
<p>pessoalmente  o  representante  sobre  a  impossibilidade  de  atuação  da  DPU,  já  que  se
</p>
<p>tratava de direito envolvendo servidores públicos de Autarquia Federal, cuja renda fugia
</p>
<p>aos limites insculpidos pela Resolução n.º 85, de 11 de fevereiro de 2014, do Conselho
</p>
<p>Superior  da Defensoria  Pública  da União (fls.  21/34).  Consoante Ofício  NCA/PR/RS n.º
</p>
<p>4580/2014 (fl. 35), fora notificado o representante pelo MPF acerca da conversão de sua
</p>
<p>representação em procedimento preparatório.
</p>
<p>Ato seguinte, juntou-se aos autos mensagens eletrônicas encaminhadas
</p>
<p>por Simoni Tarter da Silva, Perita Médica Previdenciária, a qual relatou a suspensão do
</p>
<p>recebimento  de  seu  adicional  de  insalubridade  após  ter  sido  transferida  de  Agência
</p>
<p>Previdenciária no interesse da Administração (fls. 40/65).
</p>
<p>Seguindo-se o curso regular da instrução, em 15 de setembro de 2014,
</p>
<p>por meio do Ofício NCA/PR/RS n.º 6136/2014 (fl. 89), solicitou-se à Secretária de Gestão
</p>
<p>Pública  do  MPOG esclarecimentos  acerca  de  eventual  análise  da  Nota  Informativa  n.º
</p>
<p>01/CADC/CGGP/DGP/INN, bem como que discorresse acerca da eventual possibilidade de
</p>
<p>revisão  da  ON  SEGEP/MPOG n.º  6/2013,  de  acordo  com o  solicitado  pelo  INSS;  em
</p>
<p>reposta,  por  meio  do  Ofício  n.º  778/2014/SEGEP/MP  (fl.  93),  a  Secretária  Ana  Lúcia
</p>
<p>Amorim  de  Brito  encaminhou  cópia  dos  seguintes  documentos,  destacando  a
</p>
<p>improcedência  pela  reforma  do  regramento:  Nota  Técnica  n.º  135/2014/
</p>
<p>CGSET/DESAP/SEGEP/MP (fls. 96/106), Nota Técnica n.º 148/2013/DESAP/SEGEP/MP (fls.
</p>
<p>99/106) e Nota Técnica n.º 126/2014/DESAP/SEGEP/MP (fls. 108/110).
</p>
<p>Compulsando-se os informativos carreados, verificou-se que a celeuma
</p>
<p>em questão devia-se, em suma, à controvérsia estabelecida entre o INSS e a Secretaria de
</p>
<p>3</p>
<p />
</div>
<div class="page"><p />
<p>MINISTÉRIO PÚBLICO FEDERAL
PROCURADORIA DA REPÚBLICA NO RIO GRANDE DO SUL
NÚCLEO DE CONTROLE DA ADMINISTRAÇÃO
</p>
<p>____________________________________________________________________________________________________
</p>
<p>Gestão Pública do MPOG quanto às seguintes questões: a) exigência de contato físico para
concessão de adicional de insalubridade; b) exigência de exposição permanente a agentes
nocivos para caracterizar  a insalubridade;  c) negativa de equiparação das Agências  da
Previdência Social – APS a ambulatórios; d) negativa da caracterização da perícia médica
como serviço de assistência médica; e,  e) exigência de elaboração de laudo técnico por
médico com especialização em medicina do trabalho, ou de engenheiro ou de arquiteto
</p>
<p>com especialização em segurança do trabalho.
</p>
<p>Nessa toada, instada a Autarquia Previdenciária a se manifestar acerca do
</p>
<p>posicionamento conclusivo da SEGEP/MP, após a regular prestação de informações quanto
</p>
<p>à consulta das instâncias superiores [Ofício n.º 1345/INSS/GEXPOA/RS (fl. 115) e Ofício n.º
</p>
<p>382/GEXPOA/RS (fl. 127)], informou o Gerente Executivo do INSS em Porto Alegre/RS que
</p>
<p>“diante da  alteração das orientações superiores, noticiadas por meio do Ofício n.º
382/GEXPOA/RS,  a  Gerência  Executiva  do INSS em Porto  Alegre editou  a Portaria  n.º
73/GEXPOA/INSS, de 03/08/2015, (…), por meio da qual foram designados dois peritos-
médicos previdenciários para inspecionar os ambientes de trabalho e emitir laudo pericial
que identificasse os setores nos quais os servidores, lotados em órgãos vinculados a essa
Gerência Executiva, estão efetivamente expostos a agentes nocivos e que dão ensejo ao
pagamento  do  adicional  de  insalubridade”.  Contudo,  afirmou  que  o  andamento  dos
trabalhos fora interrompido pela maciça adesão dos servidores à greve geral das Carreiras
</p>
<p>da Previdência, Saúde e Trabalho (CPST) e Seguro Social. Salientou, ainda, que o Termo de
</p>
<p>Acordo  n.º  2/2015,  resultante  das  negociações  entre  Governo  Federal  e  as  entidades
</p>
<p>representativas  dos servidores  previra que o INSS e a SEGEP/MP deveriam discutir  as
</p>
<p>condições para concessão dos adicionais de insalubridade para os servidores de APS  no
</p>
<p>prazo máximo de 180 (cento e oitenta) dias (Ofício n.º 1204/INSS/GEXPOA/RS, fl. 130).
</p>
<p>Instruiu a resposta cópia da Portaria n.º 73/GEXPOA/INSS (fl. 131), do Memorando-Circular
</p>
<p>Conjunto n.º 4/DGP/DIRSAT/INSS (fl. 132), do Memorando-Circular n.º 19 PRES/INSS (fl.
</p>
<p>133) e do Termo de Acordo de Reposição MPOG n.º 01/2015 (fls. 134/138).
</p>
<p>Entrementes, no mês de abril de 2015, a Perita Médica Simoni Tarter da
</p>
<p>Silveira encaminhou nova mensagem eletrônica, na qual consta a informação de que houve
</p>
<p>o reinício do pagamento do adicional de insalubridade aos servidores do INSS, a
partir de março de 2015 (fls. 122/125).
</p>
<p>Por  fim,  de  acordo  com o  Ofício  n.º  1101/2016/INSS/GEXPOA/RS  (fl.
</p>
<p>142), de 12 de agosto de 2016, informou o Gerente Executivo do INSS Haidson Pedro
</p>
<p>Brizola da Silva a alteração de entendimento do MPOG, que culminou com a emissão
4</p>
<p />
</div>
<div class="page"><p />
<p>MINISTÉRIO PÚBLICO FEDERAL
PROCURADORIA DA REPÚBLICA NO RIO GRANDE DO SUL
NÚCLEO DE CONTROLE DA ADMINISTRAÇÃO
</p>
<p>____________________________________________________________________________________________________
</p>
<p>da Nota Técnica n.º 737/2016-MP, dando ensejo a possível emissão de laudo técnico por
</p>
<p>Analista do Seguro Social com formação em Engenharia e especialização em segurança do
</p>
<p>trabalho. Assim, considerando que os laudos técnicos elaborados por servidores do quadro
</p>
<p>foram considerados  válidos  e  vigentes  pela  Diretoria  de  Gestão  de  Pessoas  do  INSS,
</p>
<p>“houve a inclusão em folha de pagamento do valor correspondente ao adicional
de  insalubridade  aos  servidores  lotados  em  agências  em  que  tenha  sido
atestada  a  existência  de  condições  prejudiciais  à  saúde  e  que  conferem  o
direito ao recebimento do benefício”. Outrossim, “(…) os servidores que tiveram
suspenso  o  pagamento  do  adicional  de  insalubridade,  em  virtude  do
entendimento  até  então  vigente  do  Ministério  do  Planejamento,  tiveram  o
benefício  restabelecido”. Anexo  a  referida  missiva  carreou-se cópia  do Memorando-
Circular Conjunto n.º 6 DGP/DIRSAT/INSS (fl. 143), de 23 de junho de 2016, e da Nota
</p>
<p>Técnica n.º 7237/2016-MP (fls. 144/145), de 9 de junho de 2016. 
</p>
<p>É o relatório. Passo à análise.
</p>
<p>Pois  bem.  Como  visto,  o  presente  inquérito  civil  foi  instaurado  para
</p>
<p>verificar eventual irregularidade praticada pelo INSS, no âmbito da Gerência Executiva em
</p>
<p>Porto Alegre/RS, quando da suspensão do pagamento do adicional de insalubridade aos
</p>
<p>servidores  removidos  de  suas  agências  de  origem,  seja  por  solicitação  própria  ou  em
</p>
<p>atendimento aos interesses da administração.
</p>
<p>Durante  o  regular  curso  da  instrução,  por  mais  de  2  (dois)  anos,  as
</p>
<p>inúmeras medidas adotadas pelos gestores da Autarquia Previdenciária em Porto Alegre/RS
</p>
<p>foram  acompanhadas  e  avaliadas.  O  que  se  constatou  foi  a  devida  adequação  dos
</p>
<p>procedimentos operacionais da referida Gerência Executiva aos novos ditames imputados
</p>
<p>pelo  MPOG,  a  partir  da  edição da ON SEGEP/MPOG n.º  6/2013 –  ato  normativo  que
</p>
<p>estabeleceu orientação sobre a concessão dos adicionais de insalubridade, periculosidade,
</p>
<p>irradiação ionizante e gratificação por trabalhos com raios-X ou substâncias radioativas.
</p>
<p>A competência normativa e orientadora em matéria de pessoal civil  no
</p>
<p>âmbito da Administração Pública Federal Direta, das Fundações Públicas e das Autarquias é
</p>
<p>do  MPOG.  Portanto,  agiu  de  maneira  pertinente  o  gestor  público  ao  suspender
</p>
<p>temporariamente o pagamento de adicionais a servidores do INSS que não se encontravam
</p>
<p>revestidos  dos critérios  estabelecidos pelo novo regramento.  Ademais,  mesmo tendo a
</p>
<p>Autarquia,  amparada  por  parecer  da  Advocacia-Geral  da  União,  discordado  dos  novos
</p>
<p>ditames orientadores num primeiro momento, o Gerente Executivo em Porto Alegre/RS
</p>
<p>5</p>
<p />
</div>
<div class="page"><p />
<p>MINISTÉRIO PÚBLICO FEDERAL
PROCURADORIA DA REPÚBLICA NO RIO GRANDE DO SUL
NÚCLEO DE CONTROLE DA ADMINISTRAÇÃO
</p>
<p>____________________________________________________________________________________________________
</p>
<p>logrou  êxito  em  atestar  o  pleno  acatamento  da  novel  orientação  após  a  pertinente
</p>
<p>discussão dos pontos que acarretavam dúvida quanto a sua escorreita aplicabilidade no
</p>
<p>ambiente vivenciado por uma APS. 
</p>
<p>Nesse ínterim, em duas oportunidades requereu o INSS a revisão da ON
</p>
<p>SEGEP/MPOG n.º 6/2013. Entendia o órgão que a forma como redigido o ato pelo MPOG,
</p>
<p>principalmente em razão da exigência de “contato físico” e da “exposição permanente a
</p>
<p>agentes nocivos” para o pagamento de adicional  de insalubridade, talhava direitos dos
</p>
<p>servidores  atuantes  nas  mais  diversas  áreas  das  Agências  da  Previdência  Social.  No
</p>
<p>entanto,  em que  pesem os  argumentos  apresentados,  a  SEGEP/MP  rebateu  todos  os
</p>
<p>questionamentos comprovando estar a ON SEGEP/MPOG n.º 6/2013 redigida em completo
</p>
<p>respeito à legislação7 que trata dos adicionais e da qualificação dos servidores públicos
</p>
<p>federais.  Conforme  exposto  pela  Secretaria  de  Gestão  Pública,  a  revisão  das  normas
</p>
<p>relativas  à  concessão  de  adicionais  ocupacionais  visou  ao  melhor  entendimento  dos
</p>
<p>profissionais vigilantes do ambiente de trabalho, bem assim dos servidores que atuam na
</p>
<p>área  de  gestão  de  pessoas.  Acima  de  tudo,  buscou-se  uniformizar  entendimentos  no
</p>
<p>âmbito da matéria de pessoal civil da Administração Pública Federal.
</p>
<p>Esclarecida  a  conceituação  dos  termos  “contato  físico”  e  “exposição
</p>
<p>permanente”,  a  SEGEP/MP  rechaçou  a  equiparação  de  Agências  Previdenciárias  a
</p>
<p>ambulatórios. De acordo com o exposto na Nota Técnica n.º 148/2013/DESAP/SEGEP/MP
</p>
<p>(fls. 99/106), “a classificação de adicional de insalubridade de grau médio, por exposição a
agentes biológicos, extensiva a todos os servidores da APS  (não fazendo distinção quanto
à categoria funcional) não encontra amparo nos normativos vigentes”. As instalações físicas
de uma APS, tendo em vista a realização de diversas atividades no local, inclusive inúmeras
</p>
<p>de cunho estritamente administrativo, fundamentou tal posicionamento. 
</p>
<p>Com  relação  à  perícia  médica,  defendeu  o  MPOG  ser  esta  um  ato
</p>
<p>administrativo, o qual consiste basicamente na análise técnica de questões relacionadas à
</p>
<p>avaliação da capacidade laboral,  não possuindo,  portanto,  qualquer natureza de cunho
</p>
<p>assistencial. Já com relação à questionada possibilidade de elaboração de laudos técnicos
</p>
<p>por profissional Analista Previdenciário, por meio da recente publicação da Nota Técnica
</p>
<p>n.º  7237/2016-MP,  entendeu  a  SEGEP/MP  preencher  os  requisitos  necessários  para  a
</p>
<p>elaboração  de  laudos  técnicos  para  a  concessão  de  adicionais  ocupacionais  conforme
</p>
<p>7 Lei n.º 8.1121/1990; Lei n.º 8.2702/1991; Lei n.º 1.2343/1950; Decreto n.º 81.3844/1978; Decreto n.º
97.4585/1989; e, Decreto n.º 8776/1993. 
</p>
<p>6</p>
<p />
</div>
<div class="page"><p />
<p>MINISTÉRIO PÚBLICO FEDERAL
PROCURADORIA DA REPÚBLICA NO RIO GRANDE DO SUL
NÚCLEO DE CONTROLE DA ADMINISTRAÇÃO
</p>
<p>____________________________________________________________________________________________________
</p>
<p>previsto  no  artigo  108,  §  2º,  inciso  I,  da  ON SEGEP/MPOG n.º  6/2013,  o  profissional
</p>
<p>Analista de Seguro Social com formação em Engenharia Civil, Mecânica ou Elétrica com
</p>
<p>especialização em segurança do trabalho.
</p>
<p>Assim, diante da alteração das orientações superiores e, principalmente, a
</p>
<p>partir da mudança de entendimento da SEGEP/MP quanto à inclusão do servidor Analista
</p>
<p>Previdenciário  como  profissional  habilitado  para  a  elaboração  de  laudos  técnicos,  no
</p>
<p>segundo semestre do ano recém-findado, os servidores do INSS que tiveram suspenso o
</p>
<p>pagamento  do  adicional  de  insalubridade  passaram a  ter  os  benefícios  restabelecidos,
</p>
<p>desde que lotados em Agências cujas condições prejudiciais  à saúde,  conforme laudos
</p>
<p>técnicos elaborados pelos Analistas de Seguro Social, nos termos da ON SEGEP/MPOG n.º
</p>
<p>6/2013, tenham sido atestadas.
</p>
<p> 
</p>
<p>Diante de todo o exposto, constatada a ausência de ato administrativo
</p>
<p>irregular  emanado  pelo  INSS,  bem  assim  em  razão  da  atestada  lisura  da  conduta
</p>
<p>profissional  do Gerente Executivo da Autarquia Previdenciária em Porto Alegre/RS, com
</p>
<p>fulcro no artigo 9.º, caput, da Lei n.º 7.347/1985, no artigo 17, caput, da Resolução CSMPF
n.º  87/2010  e  no  artigo  10,  caput,  da  Resolução  CNMP  n.º  23/2007,  promovo  o
arquivamento do presente inquérito civil.
</p>
<p>Considerando que a instauração do inquérito civil  se deu em razão do
</p>
<p>recebimento  de  representação,  determino  à  assessoria  do  18.º  Ofício  da  PR/RS  que
</p>
<p>contate o(s) representante(s) para informá-lo(s) acerca do arquivamento do expediente, e
</p>
<p>para cientificá-lo(s) acerca da faculdade prevista no artigo 17, § 3.º, da Resolução CSMPF
</p>
<p>n.º 87/2010.
</p>
<p>Por fim, determino, ainda, que seja elaborada minuta de ofício, dirigido
</p>
<p>ao(à)  Coordenador(a)  da  1.ª  Câmara  de  Coordenação  e  Revisão  do  Ministério  Público
</p>
<p>Federal, para o fim de encaminhar-lhe os autos do expediente, no prazo de até 3 (três)
</p>
<p>dias após a promoção de arquivamento, em cumprimento ao disposto no artigo 9.º, § 1.º,
</p>
<p>8 Art. 10. A caracterização e a justificativa para concessão de adicionais de insalubridade e periculosidade aos
servidores  da Administração Pública  Federal  direta,  autárquica  e  fundacional,  quando  houver  exposição
permanente ou habitual  a agentes físicos,  químicos ou biológicos,  dar-se-ão por meio de laudo técnico
elaborado com base nos limites de tolerância mensurados nos termos das Normas Regulamentadoras n.º 15
e nº 16, aprovadas pela Portaria do Ministério do Trabalho e Emprego nº 3.214, de 08 de junho de 1978.
(…) § 2º O laudo técnico deverá: I – ser elaborado por servidor da esfera federal, estadual, distrital ou
municipal  ocupante  do  cargo  público  de  médico  com  especialização  em  medicina  do  trabalho,  ou  de
engenheiro ou de arquiteto com especialização em segurança do trabalho; (…).
</p>
<p>7</p>
<p />
</div>
<div class="page"><p />
<p>MINISTÉRIO PÚBLICO FEDERAL
PROCURADORIA DA REPÚBLICA NO RIO GRANDE DO SUL
NÚCLEO DE CONTROLE DA ADMINISTRAÇÃO
</p>
<p>____________________________________________________________________________________________________
</p>
<p>da Lei n.º 7.347/1985, no artigo 17, § 2.º, da Resolução CSMPF n.º 87/2010 e no artigo
</p>
<p>10, § 1.º, da Resolução CNMP n.º 23/2007.
</p>
<p>Porto Alegre/RS, 23 de janeiro de 2017.
~~~~~~~~~~~~~~~~~~~~~~~~~
</p>
<p>ES
</p>
<p>8
</p>
<p>Documento eletrônico assinado digitalmente por MAURO CICHOWSKI DOS SANTOS, Procurador(a) da
</p>
<p>República, em 23/01/2017 às 18h16min.
</p>
<p>Este documento é certificado conforme a MP 2200-2/2001, que instituiu a Infra-estrutura de Chaves Públicas
</p>
<p>Brasileira - ICP-Brasil.</p>
<p />
</div>
<div class="acroform"><ol>	<li><ol type="signaturedata">	<li signdata="date">2017-01-23T18:16:22-0200</li>
	<li signdata="location">Procuradoria da República no Rio Grande do Sul - PRRS</li>
	<li signdata="name">MAURO CICHOWSKI DOS SANTOS:899</li>
	<li signdata="reason">Publicação de documento</li>
</ol>
</li>
</ol>
</div>
</body></html>