<?xml version="1.0" encoding="UTF-8"?>
<html xmlns="http://www.w3.org/1999/xhtml">
<head>
<meta name="date" content="2016-04-08T18:00:17.95" />
<meta name="meta:paragraph-count" content="15" />
<meta name="meta:word-count" content="201" />
<meta name="Table-Count" content="0" />
<meta name="tika_batch_fs:relative_path" content="55970059.odt" />
<meta name="generator" content="LibreOffice/4.0-11$Windows_x86 LibreOffice_project/ad525efd0451d5cd8e0e9cf03f8234f9b7f1f99" />
<meta name="Word-Count" content="201" />
<meta name="dcterms:created" content="2016-02-18T11:31:58.30" />
<meta name="dcterms:modified" content="2016-04-08T18:00:17.95" />
<meta name="Last-Modified" content="2016-04-08T18:00:17.95" />
<meta name="nbPara" content="15" />
<meta name="Last-Save-Date" content="2016-04-08T18:00:17.95" />
<meta name="meta:object-count" content="0" />
<meta name="meta:character-count" content="1328" />
<meta name="Paragraph-Count" content="15" />
<meta name="nbImg" content="1" />
<meta name="meta:save-date" content="2016-04-08T18:00:17.95" />
<meta name="modified" content="2016-04-08T18:00:17.95" />
<meta name="Edit-Time" content="PT40M32S" />
<meta name="meta:image-count" content="1" />
<meta name="Image-Count" content="1" />
<meta name="nbCharacter" content="1328" />
<meta name="nbObject" content="0" />
<meta name="Content-Length" content="46905" />
<meta name="nbPage" content="2" />
<meta name="X-TIKA:digest:MD5" content="a084a0e72cc254637dbd3ed2f015cbc8" />
<meta name="Object-Count" content="0" />
<meta name="nbWord" content="201" />
<meta name="Content-Type" content="application/vnd.oasis.opendocument.text" />
<meta name="X-Parsed-By" content="org.apache.tika.parser.DefaultParser" />
<meta name="X-Parsed-By" content="org.apache.tika.parser.odf.OpenDocumentParser" />
<meta name="meta:creation-date" content="2016-02-18T11:31:58.30" />
<meta name="meta:table-count" content="0" />
<meta name="Creation-Date" content="2016-02-18T11:31:58.30" />
<meta name="xmpTPg:NPages" content="2" />
<meta name="resourceName" content="55970059.odt" />
<meta name="Character Count" content="1328" />
<meta name="editing-cycles" content="9" />
<meta name="Page-Count" content="2" />
<meta name="tika:file_ext" content="odt" />
<meta name="nbTab" content="0" />
<meta name="meta:page-count" content="2" />
<title></title>
</head>
<body><p><b>Inquérito Civil nº 1.23.005.000059/2014-10</b></p>
<p />
<p />
<p />
<p><b><u>ARQUIVAMENTO</u></b></p>
<p>			</p>
<p>	</p>
<p>		O MINISTÉRIO PÚBLICO FEDERAL, pela Procuradora da República infrassignatária, no uso de suas atribuições legais, promove o ARQUIVAMENTO do Procedimento Investigatório Criminal acima, pelos fatos e fundamentos abaixo expostos: </p>
<p>Trata-se de Inquérito Civil destinado ao acompanhamento dos Inquéritos Relativos à operação Ocará (IPL 072/2011) e à Operação Floresta Livre (IPL 068/2012) </p>
<p>Verifico que não havia irregularidade que justificasse a instauração do presente Inquérito Civil. O acompanhamento de Inquéritos em andamento ocorre, por óbvio, no bojo do próprio Inquérito. A instauração de Inquérito Civil pressupõe haja notícia de alguma irregularidade na atuação da Polícia Federal, o que não é o caso presente.</p>
<p>Dessa forma, determino o arquivamento do presente procedimento, com os registros de praxe, e com fundamento no art. 14 da Resolução 77/CSMPF, de 14 de setembro de 2004, e art. 15 da Resolução 13/CNMP, de 02 de outubro de 2006. </p>
<p>Encaminhem-se os autos à 1ª Câmara de Coordenação e Revisão.</p>
<p>Intime-se o representante para os fins do art. 14 §1º da Res. 77 CSMPF/2004.</p>
<p>Redenção /PA, 08 de abril de 2016.</p>
<p />
<p><b>Luisa Astarita Sangoi</b></p>
<p>Procuradora da República</p>
<p />
<p />
<p />
<p />
<p />
<p />
<p />
<p>  </p>
<p>  </p>
<p />
<p>94 3424 3644 - www.prpa.mpf.gov.br</p>
<p>Pedro Coelho de Camargo, 280, Park dos Buritis I - CEP 68.551-240 – Redenção/PA</p>
</body></html>