<?xml version="1.0" encoding="UTF-8"?>
<html xmlns="http://www.w3.org/1999/xhtml">
<head>
<meta name="pdf:PDFVersion" content="1.4" />
<meta name="xmp:CreatorTool" content="Writer" />
<meta name="access_permission:modify_annotations" content="true" />
<meta name="access_permission:can_print_degraded" content="true" />
<meta name="tika_batch_fs:relative_path" content="56484403.pdf" />
<meta name="language" content="pt-BR" />
<meta name="dcterms:created" content="2018-06-28T18:23:48Z" />
<meta name="dc:format" content="application/pdf; version=1.4" />
<meta name="pdf:docinfo:creator_tool" content="Writer" />
<meta name="access_permission:fill_in_form" content="true" />
<meta name="pdf:encrypted" content="false" />
<meta name="Content-Length" content="120332" />
<meta name="X-TIKA:digest:MD5" content="4445f7658c35802b180106f1b3b592da" />
<meta name="Content-Type" content="application/pdf" />
<meta name="X-Parsed-By" content="org.apache.tika.parser.DefaultParser" />
<meta name="X-Parsed-By" content="org.apache.tika.parser.pdf.PDFParser" />
<meta name="dc:language" content="pt-BR" />
<meta name="meta:creation-date" content="2018-06-28T18:23:48Z" />
<meta name="created" content="Thu Jun 28 15:23:48 BRT 2018" />
<meta name="access_permission:extract_for_accessibility" content="true" />
<meta name="access_permission:assemble_document" content="true" />
<meta name="xmpTPg:NPages" content="4" />
<meta name="Creation-Date" content="2018-06-28T18:23:48Z" />
<meta name="resourceName" content="56484403.pdf" />
<meta name="access_permission:extract_content" content="true" />
<meta name="access_permission:can_print" content="true" />
<meta name="tika:file_ext" content="pdf" />
<meta name="producer" content="LibreOffice 6.0" />
<meta name="access_permission:can_modify" content="true" />
<meta name="pdf:docinfo:producer" content="LibreOffice 6.0" />
<meta name="pdf:docinfo:created" content="2018-06-28T18:23:48Z" />
<title></title>
</head>
<body><div class="page"><p />
<p>MINISTÉRIO PÚBLICO FEDERAL
PROCURADORIA DA REPÚBLICA NO MUNICÍPIO DE MANHUAÇU/MG
</p>
<p>Rua Professor Manoel do Carmo, nº 104, Centro, CEP: 36.900-000 – Manhuaçu/MG – Fone: (33) 3339-2150 – prmg-mnc-jur@mpf.mp.br
</p>
<p>Inquérito Civil nº 1.22.020.000104/2014-77
</p>
<p>PROMOÇÃO DE ARQUIVAMENTO
</p>
<p>Trata-se  de  Inquérito  Civil  instaurado  a  partir  de  representação  noticiando  a
</p>
<p>ausência de prestação de contas ao Conselho Municipal de Saúde (CMS), nos anos de 2013 e
</p>
<p>2014, pelo Secretário Municipal de Saúde, das despesas e receitas da saúde pública no município
</p>
<p>de Manhuaçu/MG, em desconformidade com o art. 36 da Lei Complementar nº 141/2012 (fls.
</p>
<p>03-04).
</p>
<p>O noticiante, posteriormente, aditou a representação para informar que os agentes
</p>
<p>comunitários de saúde que atuam no âmbito da Estratégia de Saúde da Família no município não
</p>
<p>estariam recebendo o piso salarial de R$ 1.014,00 (mil e quatorze reais), conforme estabelecido
</p>
<p>pela Lei federal nº 12.994/14 (fls. 7-12). 
</p>
<p>Instado a se manifestar, o Presidente do Conselho Municipal de Saúde afirmou,
</p>
<p>em 17.07.2014,  que  as  prestações  de  contas  do  ano  de  2013 foram cobradas  do  Secretário
</p>
<p>Municipal de Saúde – Gulivert Hudson de Mello Oliveira, sem êxito. Afirmou, também, que em
</p>
<p>2014,  a  gestão  da secretaria  foi  trocada  e  o  novo secretário,  José  Rafael  de  Oliveira  Filho,
</p>
<p>também  não  prestou  contas  (fls.  13-14).  Para  corroborar  suas  declarações,  o  Conselho
</p>
<p>encaminhou cópia das comunicações realizadas com os secretários municipais de saúde e com a
</p>
<p>gestão municipal, cobrando as prestações de contas em questão (fls. 15-35). 
</p>
<p>Em  agosto  de  2014,  o  Conselho  Municipal  de  Saúde  encaminhou  nova
</p>
<p>documentação,  alegando,  em síntese,  que após a  mudança física da Secretaria  Municipal  de
</p>
<p>Saúde para o prédio da Prefeitura, sem a comunicação ao Conselho, o poder executivo estaria
</p>
<p>dificultando  seu  papel  fiscalizador  da  saúde  pública,  devido  à  demora  para  atendimento  de
</p>
<p>solicitações e repasse de informações (fls. 40-44). Anexou à sua comunicação cópia de ofícios
</p>
<p>encaminhados  ao  Prefeito,  à  secretária  municipal  de  saúde  e  à  Promotoria  de  Justiça  do
</p>
<p>município, demonstrando a ausência de resposta por parte dos gestores municipal (fls. 44-148).
</p>
<p>1</p>
<p />
</div>
<div class="page"><p />
<p>Procuradoria
da República no
Município de Manhuaçu/MG
</p>
<p>Da documentação, depreende-se que foi realizada reunião com o Ministério Público Estadual
</p>
<p>(fls. 115-116) para tratar da questão. 
</p>
<p>Instado  a  se  manifestam o  Ministério  da  Saúde  informou  que,  no  âmbito  do
</p>
<p>Sistema Único de Saúde,  a  aprovação das  prestações  de contas  dos  recursos  transferidos  na
</p>
<p>modalidade fundo a fundo é de competência do Conselho de Saúde, anexando planilha descritiva
</p>
<p>dos repasses realizados ao município de Manhuaçu nos exercícios de 2013 e 2014 (fls. 317-321).
</p>
<p>Informou, ainda, que a prestação de contas da aplicação dos recursos federais repassados pelo
</p>
<p>Fundo Nacional de Saúde para os Fundos de Saúde dos Estados, DF e municípios é formalizada
</p>
<p>por meio do Relatório Anual de Gestão (fls. 326-329). 
</p>
<p>Em fevereiro de 2016, o Conselho Municipal de Saúde informou (fl. 361) que os
</p>
<p>Relatórios de Gestão referentes aos anos de 2013 e 2014 foram aprovados pelo Conselho e que o
</p>
<p>município de Manhuaçu encontrava-se com o Plano Municipal de Saúde 2014 a 2017 (fls. 362-
</p>
<p>389)  também  aprovado.  Entretanto,  afirmou  que  só  estaria  tendo  acesso  aos  relatórios
</p>
<p>quadrimestrais após questionamento à Secretaria Municipal de Saúde, encaminhando cópia dos
</p>
<p>relatórios quadrimestrais analisados e dos Relatórios de Gestão 2013 e 2014 (fls. 390-454). 
</p>
<p>Posteriormente, já em abril de 2017, o Conselho informou (fls. 468-469) que os
</p>
<p>intrumentos de gestão,  como Relatórios  de Gestão,  Plano Municipal  de Saúde, Programação
</p>
<p>Anual  de  Saúde  e  Relatórios  Quadrimestrais,  haviam  sido  apresentados  pela  Secretaria
</p>
<p>Municipal de Saúde de Manhuaçu. Entretanto, informou que a prestação de contas detalhada para
</p>
<p>acompanhamento  dos  gastos  não  com  saúde  não  foram  apresentadas,  tendo  a  prefeitura
</p>
<p>justificado  a  dificuldade  em fazê-la”.  O  presidente  do  Conselho  afirmou  que  “essas  contas
</p>
<p>detalhadas eram apresentadas mensalmente com todos os gastos quando o Fundo Municipal de
</p>
<p>Saúde  funcionava  acoplado  à  Secretaria  Municipal  de  Saúde  com CNPJ  em separado”.  No
</p>
<p>entanto, os relatórios quadrimestrais estavam sendo divulgados. 
</p>
<p>De outro lado, em relação às supostas irregularidades na aplicação dos recursos
</p>
<p>recebidos da União referente à implantação do piso salarial aos Agentes Comunitários de Saúde,
</p>
<p>o município informou que, em atendimento à norma federal, determinou o pagamento do piso
</p>
<p>nacional aos Agentes Comunitários de Saúde e Agentes de Combates às Endemias, na forma do
</p>
<p>Decreto Municipal nº 665 de outubro de 2014 (fls. 332-343). Posteriormente, para comprovar o
</p>
<p>alegado, o município encaminhou cópia das folhas de pagamento dos Agentes Comunitários de
</p>
<p>Saúde (Anexo I – Volumes 1 e 2) e dos Agentes de Combates a Endemias (Anexo II – Volumes 1
</p>
<p>e  2),  dos  exercícios  de  2013  e  2014,  demonstrando  que  em  novembro  de  2014  houve  a
</p>
<p>implantação do piso salarial no valor de R$ 1.014,00 (mil e quatorze reais) aos agentes. 
</p>
<p>2</p>
<p />
</div>
<div class="page"><p />
<p>Procuradoria
da República no
Município de Manhuaçu/MG
</p>
<p>É a síntese do necessário. 
</p>
<p>Vê-se  que,  com relação  ao piso  salaria  dos  Agentes  Comunitários  de  Saúde e
</p>
<p>Agentes  de  Combates  a  Endemias,  não  há  irregularidades  que  demandem  a  atuação  do
</p>
<p>MINISTÉRIO PÚBLICO FEDERAL, porquanto  o pagamento do piso nacional aos Agentes foi
</p>
<p>implantado desde novembro de 2014. 
</p>
<p>Com relação à prestação de contas ao Conselho Municipal de Saúde (CMS) nos
</p>
<p>anos de 2013 e 2014, pelo Secretário Municipal de Saúde, das despesas e receitas da saúde
</p>
<p>pública no município de Manhuaçu/MG, verifica-se que, de acordo com o citado art. 36 da Lei
</p>
<p>Complementar nº 141/2012, o gestor do SUS no município elaborará e apresentará, até o final
</p>
<p>dos meses de maio, setembro e fevereiro, em audiência pública na Casa Legislativa, relatório
</p>
<p>detalhado referente ao quadrimestre anterior, o qual conterá, no mínimo, as seguintes informaçõe.
</p>
<p>Segundo se depreende dos autos, essa obrigação legal tem sido cumprida pelo Poder Executivo.
</p>
<p>No que diz respeito especificamente à comunicação aos Conselhos Municipais de
</p>
<p>Saúde, o §1° do art. 36 da Lei Complementar n° 141 dispõe que os municípios deverão enviar o
</p>
<p>Relatório de Gestão ao respectivo Conselho de Saúde, até o dia 30 de março do ano seguinte ao da
</p>
<p>execução financeira, cabendo ao Conselho emitir parecer conclusivo sobre o cumprimento ou não
</p>
<p>das normas estatuídas na Lei Complementar, o que também tem sido realizado. Com efeito, de
</p>
<p>acordo com o próprio Conselho Municipal de Saúde, constata-se que as prestações de contas foram
</p>
<p>apresentadas e os Relatórios anuais de Gestão foram aprovados. 
</p>
<p>Ante o exposto, promovo o ARQUIVAMENTO do presente Inquérito Civil, com
</p>
<p>fundamento  no  art.  10,  caput,  da  Resolução  n.º  23/07  do  Conselho  Nacional  do  Ministério
</p>
<p>Público (CNMP)1, e determino, por consequência, a adoção das seguintes providências: 
</p>
<p>(i) Encaminhe-se cópia desta decisão ao noticiante (Resolução CNMP n° 23/07,
</p>
<p>art. 10, §3°)2.
</p>
<p>(ii) Após comprovada a intimação do noticiante, remeta-se os autos, no prazo de 3
</p>
<p>(três)  dias,  à  1ª  Câmara  de  Coordenação  e  Revisão  do  Ministério  Público  Federal  para
</p>
<p>homologação desta decisão (Lei n.º 7.347/85, art. 9, § 1º3; Resolução CNMP n.º 23/07, art. 10, §§
</p>
<p>1 Art. 10. Esgotadas todas as possibilidades de diligências, o membro do Ministério Público, caso se convença da
inexistência  de  fundamento  para  a  propositura  de  ação  civil  pública,  promoverá,  fundamentadamente,  o
arquivamento do inquérito civil ou do procedimento preparatório. 
</p>
<p>2 Art. 10 (…) 
§3º  Até  a  sessão  do  Conselho  Superior  do  Ministério  Público  ou  da  Câmara  de  Coordenação  e  Revisão
respectiva,  para  que  seja  homologada  ou  rejeitada  a  promoção  de  arquivamento,  poderão  as  pessoas  co-
legitimadas  apresentar  razões  escritas  ou  documentos,  que  serão  juntados  aos  autos  do  inquérito  ou  do
procedimento preparatório. 
</p>
<p>3 Art.  § 1º Os autos do inquérito civil ou das peças de informação arquivadas serão remetidos, sob pena de se
</p>
<p>3</p>
<p />
</div>
<div class="page"><p />
<p>Procuradoria
da República no
Município de Manhuaçu/MG
</p>
<p>1º e 2°4; Resolução n.º 87/10 do Conselho Superior do Ministério Público Federal-CSMPF, art. 17,
</p>
<p>§ 2º5).
</p>
<p>Manhuaçu/MG, 28 de junho de 2018.
</p>
<p>FRANCISCO DE ASSIS FLORIANO E CALDERANO
Procurador da República
</p>
<p>incorrer em falta grave, no prazo de 3 (três) dias, ao Conselho Superior do Ministério Público. 
4 Art. 10 (…)
</p>
<p>§1º Os autos do inquérito civil ou do procedimento preparatório, juntamente com a promoção de arquivamento,
deverão ser remetidos ao órgão de revisão competente, no prazo de três dias, contado da comprovação da efetiva
cientificação pessoal dos interessados, através de publicação na imprensa oficial ou da lavratura de termo de
afixação de aviso no órgão do Ministério Público, quando não localizados os que devem ser cientificados. 
§2º A promoção de arquivamento será submetida a exame e deliberação do órgão de revisão competente, na
forma do seu Regimento Interno.
</p>
<p>5 Art. 17, § 2º - Os autos do inquérito civil ou do procedimento administrativo arquivados serão remetidos, no
prazo de 3 (três) dias,  na forma do artigo 9º,  § 1º,  da Lei 7.347/85, à Câmara de Coordenação e Revisão
respectiva ou à Procuradoria Federal dos Direitos do Cidadão. 
</p>
<p>4</p>
<p />
</div>
</body></html>