<?xml version="1.0" encoding="UTF-8"?>
<html xmlns="http://www.w3.org/1999/xhtml">
<head>
<meta name="date" content="2015-07-03T15:50:58.24" />
<meta name="meta:paragraph-count" content="19" />
<meta name="meta:word-count" content="477" />
<meta name="Table-Count" content="0" />
<meta name="dc:creator" content="PGR PGR" />
<meta name="tika_batch_fs:relative_path" content="57262458.odt" />
<meta name="generator" content="BrOffice.org/3.2$Win32 OpenOffice.org_project/320m18$Build-9502" />
<meta name="Word-Count" content="477" />
<meta name="dcterms:created" content="2014-11-19T14:27:20" />
<meta name="dcterms:modified" content="2015-07-03T15:50:58.24" />
<meta name="Last-Modified" content="2015-07-03T15:50:58.24" />
<meta name="nbPara" content="19" />
<meta name="Last-Save-Date" content="2015-07-03T15:50:58.24" />
<meta name="meta:object-count" content="0" />
<meta name="meta:character-count" content="3014" />
<meta name="Paragraph-Count" content="19" />
<meta name="nbImg" content="1" />
<meta name="meta:save-date" content="2015-07-03T15:50:58.24" />
<meta name="dc:title" content="KKL" />
<meta name="Edit-Time" content="PT584H14M51S" />
<meta name="modified" content="2015-07-03T15:50:58.24" />
<meta name="meta:image-count" content="1" />
<meta name="Image-Count" content="1" />
<meta name="nbCharacter" content="3014" />
<meta name="nbObject" content="0" />
<meta name="Content-Length" content="36483" />
<meta name="nbPage" content="2" />
<meta name="X-TIKA:digest:MD5" content="33ec5ae20c2b750a95342edef56c9dea" />
<meta name="Object-Count" content="0" />
<meta name="nbWord" content="477" />
<meta name="Content-Type" content="application/vnd.oasis.opendocument.text" />
<meta name="X-Parsed-By" content="org.apache.tika.parser.DefaultParser" />
<meta name="X-Parsed-By" content="org.apache.tika.parser.odf.OpenDocumentParser" />
<meta name="creator" content="PGR PGR" />
<meta name="meta:author" content="PGR PGR" />
<meta name="meta:creation-date" content="2014-11-19T14:27:20" />
<meta name="meta:table-count" content="0" />
<meta name="Creation-Date" content="2014-11-19T14:27:20" />
<meta name="xmpTPg:NPages" content="2" />
<meta name="resourceName" content="57262458.odt" />
<meta name="Character Count" content="3014" />
<meta name="editing-cycles" content="23" />
<meta name="Page-Count" content="2" />
<meta name="tika:file_ext" content="odt" />
<meta name="Author" content="PGR PGR" />
<meta name="nbTab" content="0" />
<meta name="meta:page-count" content="2" />
<title>KKL</title>
</head>
<body><p><b>INQUÉRITO CIVIL</b></p>
<p><b>AUTOS Nº 1.22.001.000191/2014-91</b></p>
<p />
<p />
<p />
<p><b><u>PROMOÇÃO DE ARQUIVAMENTO</u></b></p>
<p />
<p />
<p />
<p><b>		</b>	Trata-se de Inquérito Civil Público instaurado em 27/04/2015, com o fito de apurar possíveis irregularidades praticadas por servidores públicos federais, ao determinar o “LACRE” do Ponto Eletrônico Biométrico localizado no Hospital Universitário da Universidade Federal de Juiz de Fora, Unidades Santa Catarina e Dom Bosco, decorrente de greve deflagrada por servidores daquele órgão, vez que tal ato, em tese, impossibilitou a averiguação, por meio eletrônico, do cumprimento das jornadas de trabalho por parte dos servidores do Município de Juiz de Fora cedidos àquela unidade hospitalar, e que não aderiram ao movimento paredista.</p>
<p />
<p>			Oficiado o HU, este informou que em audiência com o Promotor de Justiça Rodrigo Ferreira de Barros foi esclarecido pela Direção Geral do Hospital Universitário da UFJF que o lacre de biometria do HU/UFJF configurou uma das ações que confirmaram o estado de greve iniciada em 17 de março de 2014, atendendo acordo entre o SINTUFUF e a UFJF. Na mesma oportunidade, o HU esclareceu que “<u>o equipamento utilizado pelos servidores da UFJF é também utilizado pelos </u><b><u>servidores cedidos pela Prefeitura de Juiz de Fora</u></b><u>, não havendo, portanto, condições para que os mesmos registrassem seus horários de entrada e saída, </u><b><u>mantendo essas informações através de folha de ponto</u></b>” (f. 08). A mencionada greve perdurou até o dia 26 de junho de 2014 (f. 11).</p>
<p />
<p>			No que tange aos <b><u>servidores federais</u></b> que não aderiram ao movimento grevista, foi informado que os mesmos “<b><u>tinham o seu acesso ao local de trabalho e o desempenho de suas funções totalmente franqueado</u></b>” (f. 17).</p>
<p />
<p>			À f. 24, consta cópia do Ofício 0004/2014-CLG, exarado pelo Comando Local de Greve dos TAEs-UFJF, dando ciência ao Diretor Clínico do HU/UFJF dos termos da greve deflagrada na ocasião.</p>
<p />
<p>			Conforme f. 30, oficiou-se novamente ao HU para que encaminhasse cópia da documentação comprobatória do cumprimento da jornada por parte tanto dos servidores federais, quanto dos municipais cedidos ao HU-UFJF, que tenham aderido ou não à greve, especificando se a lotação de cada um era HU – Santa Catarina ou Dom Bosco.</p>
<p />
<p>			Em resposta, foram enviados os documentos de f. 30/92, que demonstram que os servidores que não aderiram à greve não foram, de fato, impedidos de trabalhar, tendo registrado a carga horária cumprida manualmente, através de folha de ponto.</p>
<p />
<p>			Desta feita, inexistem razões que justifiquem o trâmite do presente feito, motivo pelo qual <b>determino seu arquivamento</b>.</p>
<p />
<p>			Oficie-se ao Representante (f. 03), remetendo-lhe cópia da presente decisão.</p>
<p />
<p>			Após, findo o prazo de 10 (dez) dias, n/f do Enunciado nº 03 da 5ª CCR, remetam-se os autos à 1ª Câmara de Coordenação e Revisão, com as baixas devidas, para apreciação desta promoção de arquivamento.</p>
<p />
<p>			Juiz de Fora/MG, 03 de julho de 2015.</p>
<p />
<p><b>ONOFRE DE FARIA MARTINS</b></p>
<p> <b>Procurador Regional da República</b></p>
<p />
<p><b>MINISTÉRIO PÚBLICO FEDERAL</b></p>
<h1>PROCURADORIA DA REPÚBLICA NO MUNICÍPIO DE JUIZ DE FORA – MINAS GERAIS</h1>
<p />
<p><b>MRV-NJH</b></p>
<p />
<p />
</body></html>