<?xml version="1.0" encoding="UTF-8"?>
<html xmlns="http://www.w3.org/1999/xhtml">
<head>
<meta name="pdf:PDFVersion" content="1.4" />
<meta name="pdf:docinfo:title" content=" " />
<meta name="xmp:CreatorTool" content="Writer" />
<meta name="access_permission:modify_annotations" content="true" />
<meta name="access_permission:can_print_degraded" content="true" />
<meta name="tika_batch_fs:relative_path" content="57381403.pdf" />
<meta name="language" content="pt-BR" />
<meta name="dcterms:created" content="2017-03-21T13:47:20Z" />
<meta name="dc:format" content="application/pdf; version=1.4" />
<meta name="pdf:docinfo:creator_tool" content="Writer" />
<meta name="access_permission:fill_in_form" content="true" />
<meta name="pdf:encrypted" content="false" />
<meta name="dc:title" content=" " />
<meta name="Content-Length" content="87880" />
<meta name="X-TIKA:digest:MD5" content="fda0097c150e0ff68f11bb65e9b469e9" />
<meta name="Content-Type" content="application/pdf" />
<meta name="X-Parsed-By" content="org.apache.tika.parser.DefaultParser" />
<meta name="X-Parsed-By" content="org.apache.tika.parser.pdf.PDFParser" />
<meta name="dc:language" content="pt-BR" />
<meta name="meta:creation-date" content="2017-03-21T13:47:20Z" />
<meta name="created" content="Tue Mar 21 10:47:20 BRT 2017" />
<meta name="access_permission:extract_for_accessibility" content="true" />
<meta name="access_permission:assemble_document" content="true" />
<meta name="xmpTPg:NPages" content="3" />
<meta name="Creation-Date" content="2017-03-21T13:47:20Z" />
<meta name="resourceName" content="57381403.pdf" />
<meta name="access_permission:extract_content" content="true" />
<meta name="access_permission:can_print" content="true" />
<meta name="tika:file_ext" content="pdf" />
<meta name="producer" content="OpenOffice 4.1.1" />
<meta name="access_permission:can_modify" content="true" />
<meta name="pdf:docinfo:producer" content="OpenOffice 4.1.1" />
<meta name="pdf:docinfo:created" content="2017-03-21T13:47:20Z" />
<title> </title>
</head>
<body><div class="page"><p />
<p>MINISTÉRIO PÚBLICO FEDERAL
PROCURADORIA DA REPÚBLICA NO MUNICÍPIO DE DIVINÓPOLIS
</p>
<p>PROCEDIMENTO PREPARATÓRIO Nº 1.22.012.000169/2014-11
</p>
<p>PROMOÇÃO DE ARQUIVAMENTO
</p>
<p>Trata-se  de  procedimento  preparatório  instaurado para  apurar
</p>
<p>notícia  de  irregularidades  no  cadastramento  de  pescadores  profissionais  pela  Colônia  de
</p>
<p>Pescadores e Aquicultores Z-6, localizada em Formiga/MG (fl. 02).
</p>
<p>Consta  dos  autos  que  a  dita  Colônia  de  Pescadores  e
</p>
<p>Aquicultores estaria cadastrando pessoas como pescadores profissionais na pesca artesanal,
</p>
<p>para  recebimento  de  benefício  de  seguro-desemprego,  durante  o  período  de  defeso  de
</p>
<p>atividade pesqueira, sem a comprovação da efetiva condição de pescador profissional, que
</p>
<p>não pode ter fonte de renda diversa da atividade pesqueira (fl. 06). 
</p>
<p>Oficiada,  a  Colônia  de Pescadores  e  Aquicultores  Z-6 aduziu
</p>
<p>que  o  atestado  a  que  se  refere  o  art.  2º,  IV,  da  Lei  10.779/03  não  mais  é  exigido  do
</p>
<p>interessado, consoante se infere do art. 2º da Resolução CODEFAT nº 657 e que adotam a
</p>
<p>orientação contida na Instrução Normativa MPA nº 6, de 29/06/2012, para fins de inscrição
</p>
<p>do pescador profissional (fl. 146).
</p>
<p>Promovido o arquivamento do feito (fls. 209/213), a 1ª Câmara
</p>
<p>de  Coordenação  e  Revisão  do  MPF  manifestou-se  pela  expedição  de  recomendação  ao
</p>
<p>Ministério da Agricultura, para que reformule sua orientação, de forma a diminuir o risco de
</p>
<p>fraude na inscrição do registro geral da atividade pesqueira (fls. 215/216).
</p>
<p>É o relatório.
</p>
<p>1</p>
<p />
</div>
<div class="page"><p />
<p>MINISTÉRIO PÚBLICO FEDERAL
PROCURADORIA DA REPÚBLICA NO MUNICÍPIO DE DIVINÓPOLIS
</p>
<p>Embora a egrégia 1ª Câmara de Coordenação e Revisão do MPF
</p>
<p>tenha se manifestado pela expedição de recomendação ao Ministério da Agricultura, Pecuária
</p>
<p>e Abastecimento (fls. 215/216), forçoso é reconhecer que a Lei 10.779, de 25/11/2003, foi
</p>
<p>reformulada  pela  Lei  13.134,  de  16/06/2015,  que  já  contempla  procedimentos  de  maior
</p>
<p>controle para a concessão de seguro-defeso.
</p>
<p>A  citada  alteração  legislativa  foi  realizada  no  intuito  de
</p>
<p>aprimorar  a  concessão  e  a  fiscalização  do recebimento  do  seguro-desemprego,  durante  o
</p>
<p>período  de  defeso  ao  pescador  profissional  que  exerce  a  atividade  pesqueira  de  forma
</p>
<p>artesanal.  A  nova  lei  fez  várias  alterações  na  Lei  10.779/2003  que  passou  a  prever  os
</p>
<p>requisitos para se fazer  jus ao benefício de seguro-desemprego durante o período de defeso
</p>
<p>(art. 1º); prescreveu o que se deve entender por profissão habitual ou principal meio de vida
</p>
<p>(art.  1º,  § 1º)  e o que se deve entender  por atividade ininterrupta (art.  1º, § 3º);  vedou o
</p>
<p>recebimento do benefício de seguro-desemprego  ao pescador profissional que tenha outra
</p>
<p>fonte de renda (art. 1º, § 4º); vedou o pagamento de mais de um seguro-desemprego, a um
</p>
<p>mesmo pescador artesanal, decorrentes de defesos relativos a espécies distintas (art. 1º, § 5º);
</p>
<p>previu seu caráter pessoal e intransferível (art. 1º, § 7º); estabeleceu os documentos que o
</p>
<p>pescador deve apresentar ao INSS para se habilitar ao benefício (art. 2º, I a III), bem como o
</p>
<p>intercâmbio de informações entre o Ministério da Previdência Social, o Ministério da Pesca e
</p>
<p>Aquicultura, atual Ministério da Agricultura, Pecuária e Abastecimento, e o INSS, que deverá
</p>
<p>ter acesso ao registro geral da atividade pesqueira, a fim de evitar fraudes (art. 2º, § 4º).
</p>
<p>Cumpre consignar que o fato ocorrido com o pescador Reimar
</p>
<p>Rosa de Oliveira  e noticiado neste  procedimento  apuratório foi  anterior  a  16/06/2015,  de
</p>
<p>modo  que  o  quanto  sugerido  pela  1ªCCR,  salvo  melhor  juízo,  já  foi  feito  pelo  Governo
</p>
<p>Federal por meio da Lei 13.134/2015.
</p>
<p>2</p>
<p />
</div>
<div class="page"><p />
<p>MINISTÉRIO PÚBLICO FEDERAL
PROCURADORIA DA REPÚBLICA NO MUNICÍPIO DE DIVINÓPOLIS
</p>
<p>Ante  o  exposto  e  considerando  que  a  legislação  acerca  do
</p>
<p>pagamento de seguro-desemprego ao pescador profissional que exerce a atividade pesqueira
</p>
<p>de forma artesanal já foi aprimorada, com vistas a evitar fraudes, promovo o arquivamento do
</p>
<p>feito e determino a remessa destes autos à 1ª Câmara de Coordenação e Revisão do MPF, para
</p>
<p>homologação  da  presente  promoção  de  arquivamento,  nos  termos  do  art.  17,  §  2º,  da
</p>
<p>Resolução nº 87, de 06/04/2010, do Conselho Superior do Ministério Público Federal. 
</p>
<p>Divinópolis, 20 de março de 2017.
</p>
<p>LAURO COELHO JUNIOR
 Procurador da República
</p>
<p>3</p>
<p />
</div>
</body></html>