<?xml version="1.0" encoding="UTF-8"?>
<html xmlns="http://www.w3.org/1999/xhtml">
<head>
<meta name="date" content="2018-03-20T18:58:53Z" />
<meta name="pdf:PDFVersion" content="1.4" />
<meta name="access_permission:modify_annotations" content="true" />
<meta name="access_permission:can_print_degraded" content="true" />
<meta name="tika_batch_fs:relative_path" content="57488537.pdf" />
<meta name="dcterms:created" content="2018-03-20T18:58:53Z" />
<meta name="Last-Modified" content="2018-03-20T18:58:53Z" />
<meta name="dcterms:modified" content="2018-03-20T18:58:53Z" />
<meta name="dc:format" content="application/pdf; version=1.4" />
<meta name="Last-Save-Date" content="2018-03-20T18:58:53Z" />
<meta name="access_permission:fill_in_form" content="true" />
<meta name="pdf:docinfo:modified" content="2018-03-20T18:58:53Z" />
<meta name="meta:save-date" content="2018-03-20T18:58:53Z" />
<meta name="pdf:encrypted" content="false" />
<meta name="modified" content="2018-03-20T18:58:53Z" />
<meta name="Content-Length" content="52768" />
<meta name="X-TIKA:digest:MD5" content="d7adb8cc445b47bb12a213dc32eb70b7" />
<meta name="Content-Type" content="application/pdf" />
<meta name="X-Parsed-By" content="org.apache.tika.parser.DefaultParser" />
<meta name="X-Parsed-By" content="org.apache.tika.parser.pdf.PDFParser" />
<meta name="meta:creation-date" content="2018-03-20T18:58:53Z" />
<meta name="created" content="Tue Mar 20 15:58:53 BRT 2018" />
<meta name="access_permission:extract_for_accessibility" content="true" />
<meta name="access_permission:assemble_document" content="true" />
<meta name="xmpTPg:NPages" content="3" />
<meta name="Creation-Date" content="2018-03-20T18:58:53Z" />
<meta name="resourceName" content="57488537.pdf" />
<meta name="access_permission:extract_content" content="true" />
<meta name="access_permission:can_print" content="true" />
<meta name="tika:file_ext" content="pdf" />
<meta name="producer" content="iText® 5.5.9 ©2000-2015 iText Group NV (AGPL-version); modified using iText® 5.5.9 ©2000-2015 iText Group NV (AGPL-version)" />
<meta name="access_permission:can_modify" content="true" />
<meta name="pdf:docinfo:producer" content="iText® 5.5.9 ©2000-2015 iText Group NV (AGPL-version); modified using iText® 5.5.9 ©2000-2015 iText Group NV (AGPL-version)" />
<meta name="pdf:docinfo:created" content="2018-03-20T18:58:53Z" />
<title></title>
</head>
<body><div class="page"><p />
<p> 
</p>
<p>Inquérito Civil Público nº 1.17.004.000079/2014-90
 
 
</p>
<p>PROMOÇÃO DE ARQUIVAMENTO
 
</p>
<p> 
</p>
<p>Trata-se de Inquérito Civil Público instaurado para acompanhar e fiscalizar a
</p>
<p>prática de transporte de cargas por empresas transportadoras situadas nos municípios sob a
</p>
<p>atribuição desta Procuradoria.
</p>
<p>No curso da instrução dos autos, constatou-se que 32 (trita e duas) empresas
</p>
<p>haviam sido autuadas mais de três vezes nos últimos 5 anos por excesso de peso, especificadas
</p>
<p>às fls. 160/161.
</p>
<p>Nesse sentido, encaminhou-se o CNPJ das referidas empresas ao DNIT, para que
</p>
<p>informasse se entre o período de 01/07/2014 e 02/06/2017 houve lavratura de nova infração em
</p>
<p>face delas.
</p>
<p>O DNIT, por sua vez, remeteu a seguinte resposta:
</p>
<p>"Primeiramente cumpre destacar que os CNPJs das empresas
</p>
<p>relacionadas com numerações 2, 3, 4, 5, 7, 9, 12, 13, 14, 15, 18, 19, 20,
</p>
<p>21, 22, 24, 25, 27, 28 e 32 encontram-se inválidos, ou seja, são
</p>
<p>inexistentes. Pode ter ocorrido um equívoco ao redigi-los, o que
</p>
<p>impossibilitou nossa pesquisa.
</p>
<p>Em continuidade, para as empresas enumeradas em 1, 8, 10, 16, 23, 26,
</p>
<p>29 e 31, consultando nossos bancos de dados, compreendendo todos os
</p>
<p>postos de pesagem e o período determinado, não foram encontradas
</p>
<p>infrações por excesso de peso.
</p>
<p>Destarte, foram encontradas infrações para as seguintes empresas
</p>
<p>(numeração do ofício): 6, 11, 17 e 30, que serão apresentadas em
</p>
<p>relatório apensado ao presente."
</p>
<p>A princípio, os CNPJ"s das empresas de números 2, 3, 4, 5, 7, 9, 12, 13,
</p>
<p>14, 15, 18, 19, 20, 21, 22, 24, 25, 27, 28 e 32 foram encaminhados com
</p>
<p>erros materiais na escrita, razão pela qual se fez uma conferência nos
</p>
<p>referidos numerais para que fossem novamente remetidos ao DNIT.
</p>
<p>PRM-LIN-ES-00000710/2018     
</p>
<p>MINISTÉRIO PÚBLICO FEDERAL
PROCURADORIA DA REPUBLICA NO MUNICIPIO DE LINHARES-ES
</p>
<p>GABINETE DE PROCURADOR DE PRM/LINHARES
</p>
<p>Procuradoria da República
em Linhares
</p>
<p>Av. Governador Florentino Avidos nº 80 - Center Norte Conceição,
Bairro N. Sra. Conceição - Linhares/ES
</p>
<p>CEP 29.900-490 Telefone: (27) 3048-1455 E-mail: pres-
prmlin@mpf.mp.br
</p>
<p>Pág. 1 de 3</p>
<p />
</div>
<div class="page"><p />
<p>Nesse diapasão, percebeu-se que as empresas 1 (Três Irmãos Granitos Exp.
</p>
<p>Importação Ltda.), 8 (Areia Transriachense Ltda. ME), 10 (Custodio Forzza Com e Exportação
</p>
<p>Ltda.), 16 (Pedreira Aracruz Ltda.), 23 (Areal São José Ltda. Me), 26 (Lasa Linhares
</p>
<p>Agroindustrial S/A), 29 (CBF Industria de Gusa S/A) e 31 (Perfilados Rio Doce S/A.) não mais
</p>
<p>foram autuadas por excesso de peso desde 2014, o que nos levou a concluir que passaram a
</p>
<p>obedecer a legislação vigente (fls. 195/198).
</p>
<p>Por outro lado, constatou-se que as empresas 6 (Brita Norte Ltda.), 11 (Fíbria
</p>
<p>Celulose S/A), 17 (Monte Negro Mármores e Granitos Ltda.) e 30 (Companhia Ultragaz S/A)
</p>
<p>foram novamente autuadas, conforme fls. 188/194: A empresa 6 - Brita Norte Ltda. (CNPJ:
</p>
<p>27.166.032/0001-18) recebeu 2 autuações, ambas no dia 18/06/2014; A empresa 11 - Fíbria
</p>
<p>Celulose S/A (CNPJ: 60.643.228/0471-95) recebeu 381 autuações no período; A empresa 17 -
</p>
<p>Monte Negro Mármores e Granitos Ltda. (CNPJ: 35.977.594/004-12) recebeu 1 autuação, no
</p>
<p>dia 10/02/2016; e a empresa 30 - Companhia Ultragaz S/A (CNPJ: 61.602.199/0067-49),
</p>
<p>recebeu também 1 autuação, no dia 16/10/2015.
</p>
<p>As demais, de números 2, 3, 4, 5, 7, 9, 12, 13, 14, 15, 18, 19, 20, 21, 22, 24, 25,
</p>
<p>27, 28 e 32, registrou o DNIT, às fls. 222/225, que apenas as seguintes receberam uma nova
</p>
<p>autuação desde 2014: 25 - Cerâmica Argil Ltda. ME (CNPJ: 00.803.084/0001-00), 19 -
</p>
<p>Cerâmica Acioli Ltda. (CNPJ: 09.252.236/0001-90) e 31 - Perfilados Rio Doce S/A.
</p>
<p>Sobre estas, conclui-se que o fato delas empresas terem recebido uma
</p>
<p>autuação por excesso de peso, entre 2014 e a presente data, não contempla irregularidade
</p>
<p>a ser perquirida por este MPF.
</p>
<p>Assim sendo, verifica-se que dentre todos os casos tratados neste feito, o único
</p>
<p>que consubstancia irregularidade a ser averiguada por este órgão ministerial, refere-se à
</p>
<p>empresa Fíbria, a qual foi notificada 381 vezes no últimos 4 (quatro) anos, demonstrando,
</p>
<p>assim, que esta é uma conduta frequente e habitual da empresa.
</p>
<p>Ocorre que, em relação a este caso, verificou-se que a Ação Civil Pública de nº
</p>
<p>0032095-83.2012.4.01.3400, citada pela empresa para a não formalização do TAC proposto, de
</p>
<p>fato abarca o objeto desde feito, demonstrando a judicialização da demanda.
</p>
<p>Em sentença prolatada, no dia 15 de março deste ano, julgou o douto magistrado
</p>
<p>parcialmente procedente o pedido, para determinar que a ré - FÍBRIA abstenha-se de transitar
</p>
<p>em rodovias federais, com excesso de peso, em desacordo com a legislação de trânsito e
</p>
<p>PRM-LIN-ES-00000710/2018     
</p>
<p>MINISTÉRIO PÚBLICO FEDERAL
PROCURADORIA DA REPUBLICA NO MUNICIPIO DE LINHARES-ES
</p>
<p>GABINETE DE PROCURADOR DE PRM/LINHARES
</p>
<p>Procuradoria da República
em Linhares
</p>
<p>Av. Governador Florentino Avidos nº 80 - Center Norte Conceição,
Bairro N. Sra. Conceição - Linhares/ES
</p>
<p>CEP 29.900-490 Telefone: (27) 3048-1455 E-mail: pres-
prmlin@mpf.mp.br
</p>
<p>Pág. 2 de 3</p>
<p />
</div>
<div class="page"><p />
<p>especificação do veículo (cópia às fls. 226/229).
</p>
<p>Portanto, tendo em vista que dentre todos os casos citados nos autos, o único
</p>
<p>que postula atuação deste parquet federal, pelas razões acima expostas, encontra-se
</p>
<p>judicializado e, inclusive, já com sentença prolatada, determino o arquivamento deste
</p>
<p>Inquérito Civil Público.
</p>
<p>Por fim, considerando a localidade geográfica da empresa Fíbria no Município de
</p>
<p>Aracruz, sabe-se que, além de circular na BR-101 (rodovia federal), seus caminhões necessitam
</p>
<p>passar por rodovias estaduais naquela municipalidade, naturalmente com o referido excesso de
</p>
<p>carga ora demonstrado. Por isso, determino à SJUR que envie cópia da presente Promoção de
</p>
<p>Arquivamento, bem como da Sentença de fls. 222/229, à Promotoria de Justiça de Aracruz, para
</p>
<p>que adote as providências judiciais cabíveis no intuito de impedir o transporte de cargas com
</p>
<p>excesso de peso também nas rodovias estaduais.
 
</p>
<p> 
 
 
</p>
<p>Linhares/ES,  20 de março de 2018.
 
 
</p>
<p> 
assinado digitalmente
</p>
<p>PAULO HENRIQUE CAMARGOS TRAZZI
Procurador da República
</p>
<p>PRM-LIN-ES-00000710/2018     
</p>
<p>MINISTÉRIO PÚBLICO FEDERAL
PROCURADORIA DA REPUBLICA NO MUNICIPIO DE LINHARES-ES
</p>
<p>GABINETE DE PROCURADOR DE PRM/LINHARES
</p>
<p>Procuradoria da República
em Linhares
</p>
<p>Av. Governador Florentino Avidos nº 80 - Center Norte Conceição,
Bairro N. Sra. Conceição - Linhares/ES
</p>
<p>CEP 29.900-490 Telefone: (27) 3048-1455 E-mail: pres-
prmlin@mpf.mp.br
</p>
<p>Pág. 3 de 3</p>
<p />
</div>
</body></html>