<?xml version="1.0" encoding="UTF-8"?>
<html xmlns="http://www.w3.org/1999/xhtml">
<head>
<meta name="date" content="2015-10-05T15:49:08.51" />
<meta name="meta:paragraph-count" content="24" />
<meta name="meta:word-count" content="367" />
<meta name="Table-Count" content="1" />
<meta name="dc:creator" content="PGR PGR" />
<meta name="tika_batch_fs:relative_path" content="58818896.odt" />
<meta name="generator" content="BrOffice.org/3.2$Win32 OpenOffice.org_project/320m18$Build-9502" />
<meta name="Word-Count" content="367" />
<meta name="dcterms:created" content="2008-04-01T15:51:17" />
<meta name="language" content="pt-BR" />
<meta name="dcterms:modified" content="2015-10-05T15:49:08.51" />
<meta name="Last-Modified" content="2015-10-05T15:49:08.51" />
<meta name="nbPara" content="24" />
<meta name="Last-Save-Date" content="2015-10-05T15:49:08.51" />
<meta name="meta:object-count" content="1" />
<meta name="meta:character-count" content="2581" />
<meta name="Paragraph-Count" content="24" />
<meta name="nbImg" content="0" />
<meta name="meta:save-date" content="2015-10-05T15:49:08.51" />
<meta name="modified" content="2015-10-05T15:49:08.51" />
<meta name="Edit-Time" content="PT02H13M04S" />
<meta name="meta:image-count" content="0" />
<meta name="Image-Count" content="0" />
<meta name="nbCharacter" content="2581" />
<meta name="nbObject" content="1" />
<meta name="Content-Length" content="57826" />
<meta name="nbPage" content="3" />
<meta name="X-TIKA:digest:MD5" content="9423811f593ec78fd97c209699345dac" />
<meta name="Object-Count" content="1" />
<meta name="nbWord" content="367" />
<meta name="Content-Type" content="application/vnd.oasis.opendocument.text" />
<meta name="X-Parsed-By" content="org.apache.tika.parser.DefaultParser" />
<meta name="X-Parsed-By" content="org.apache.tika.parser.odf.OpenDocumentParser" />
<meta name="creator" content="PGR PGR" />
<meta name="dc:language" content="pt-BR" />
<meta name="meta:author" content="PGR PGR" />
<meta name="meta:creation-date" content="2008-04-01T15:51:17" />
<meta name="meta:table-count" content="1" />
<meta name="Creation-Date" content="2008-04-01T15:51:17" />
<meta name="xmpTPg:NPages" content="3" />
<meta name="resourceName" content="58818896.odt" />
<meta name="Character Count" content="2581" />
<meta name="editing-cycles" content="7" />
<meta name="Page-Count" content="3" />
<meta name="tika:file_ext" content="odt" />
<meta name="Author" content="PGR PGR" />
<meta name="nbTab" content="1" />
<meta name="meta:page-count" content="3" />
<title></title>
</head>
<body><p />
<p><b>MINISTÉRIO PÚBLICO FEDERAL</b></p>
<ul>	<li><h1>Procuradoria da República na Paraíba</h1>
</li>
</ul>
<p />
<p />
<ul>	<li><ul>	<li><p><u>ref.</u>: Inquérito civil 1.24.000.002418/2014-78</p>
<ul>	<li><ul>	<li><p><b><i>jgbs  Nº  /2014/MPF/PR/PB</i></b></p>
</li>
</ul>
</li>
</ul>
</li>
</ul>
</li>
</ul>
<p />
<p />
<p />
<table><tr>	<td><p><b>DESPACHO DE ARQUIVAMENTO</b></p>
</td></tr>
</table>
<p />
<p><b><i>			</i></b>Trata-se de Inquérito Civil, instaurado nesta Procuradoria da República, mediante a representação anônima de f. 05, com o objetivo de apurar  denúncia oferecida contra a Universidade Federal da Paraíba, em virtude da falta de isonomia e paridade no cumprimento da carga horária dos docentes.</p>
<p>			Em síntese, relata o manifestante que, enquanto alguns docentes têm excesso de carga horária, outros têm mínimas atribuições, o que seria uma situação de desequilíbrio e injustiça, ferindo a Portaria nº 475/87 do Ministério da Educação e prejudicando a comunidade atendida.</p>
<p>			Nesse diapasão, solicitou ao Ministério Público Federal uma intervenção na questão denunciada.</p>
<p>			Como é cediço, o Ministério Público consubstancia-se em instituição permanente, essencial à função jurisdicional do Estado. A este órgão fundamental, que deveras atua como <i>custos legis</i>, cabe, precipuamente, a defesa da ordem jurídica, do regime democrático e dos interesses sociais e individuais indisponíveis..</p>
<p>			Ocorre que, compulsando a denúncia feita pelo cidadão, percebe-se a inexistência de indício claro de irregularidade, visto que ele se preocupou apenas em acusar a Instituição, mas não elencou algum fato que pudesse justificar uma linha investigatória razoável. </p>
<p>			No caso em tela, não se vislumbra irregularidade concreta, apta a ensejar a intervenção do Ministério Público Federal, devido à ausência de arcabouço documental que instrua os autos, bem como de lastro probatório mínimo.</p>
<p>			Convém ressaltar que, em nenhum momento a representação foi clara, no sentido de comprovar aquilo que foi denunciado, ao contrário, apenas noticiou  vagamente a existência de uma suposta disparidade na carga horária do corpo docente da UFPB. </p>
<p>			Assim, por se tratar de denúncia genérica, sem qualquer lastro probatório mínimo, não há alternativa a não ser proceder ao arquivamento do feito.</p>
<p>			Ademais, o fato de se tratar de representação anônima impossibilita a colheita de novos subsídios com o requerente.</p>
<p>			Dessa forma, ausentes elementos suficientes para deflagrar qualquer investigação, determino o arquivamento do presente expediente.</p>
<p>	Comunique-se ao interessado.</p>
<p>	Remetam-se os autos à 1ª Câmara de Coordenação e Revisão do Ministério Público Federal, para fins de homologação</p>
<p>	Cumpra-se.</p>
<p />
<p />
<p>João Pessoa, 05 de outubro de 2015. </p>
<p />
<h1>JOSÉ GODOY BEZERRA DE SOUZA</h1>
<p>Procurador da República</p>
<p>(Em substituição ao 3º Ofício)</p>
<p />
<p />
<p />
<p />
<p />
<p />
<p />
<p />
<p />
<p />
<p />
<p />
<p />
<p>Arquivamento 2418.2014.78.odt</p>
</body></html>