<?xml version="1.0" encoding="UTF-8"?>
<html xmlns="http://www.w3.org/1999/xhtml">
<head>
<meta name="pdf:PDFVersion" content="1.4" />
<meta name="pdf:docinfo:title" content="OFÍCIO Nº 001/00-PRA/PR/MA    " />
<meta name="xmp:CreatorTool" content="Writer" />
<meta name="access_permission:modify_annotations" content="true" />
<meta name="access_permission:can_print_degraded" content="true" />
<meta name="dc:creator" content="PROCURADORIA DA REPUBLICA" />
<meta name="tika_batch_fs:relative_path" content="59384811.pdf" />
<meta name="language" content="pt-BR" />
<meta name="dcterms:created" content="2018-05-24T15:47:59Z" />
<meta name="dc:format" content="application/pdf; version=1.4" />
<meta name="pdf:docinfo:creator_tool" content="Writer" />
<meta name="access_permission:fill_in_form" content="true" />
<meta name="pdf:encrypted" content="false" />
<meta name="dc:title" content="OFÍCIO Nº 001/00-PRA/PR/MA    " />
<meta name="Content-Length" content="141676" />
<meta name="X-TIKA:digest:MD5" content="366737506d58e0b9de2fb58b05f6caa8" />
<meta name="Content-Type" content="application/pdf" />
<meta name="pdf:docinfo:creator" content="PROCURADORIA DA REPUBLICA" />
<meta name="X-Parsed-By" content="org.apache.tika.parser.DefaultParser" />
<meta name="X-Parsed-By" content="org.apache.tika.parser.pdf.PDFParser" />
<meta name="creator" content="PROCURADORIA DA REPUBLICA" />
<meta name="dc:language" content="pt-BR" />
<meta name="meta:author" content="PROCURADORIA DA REPUBLICA" />
<meta name="meta:creation-date" content="2018-05-24T15:47:59Z" />
<meta name="created" content="Thu May 24 12:47:59 BRT 2018" />
<meta name="access_permission:extract_for_accessibility" content="true" />
<meta name="access_permission:assemble_document" content="true" />
<meta name="xmpTPg:NPages" content="5" />
<meta name="Creation-Date" content="2018-05-24T15:47:59Z" />
<meta name="resourceName" content="59384811.pdf" />
<meta name="access_permission:extract_content" content="true" />
<meta name="access_permission:can_print" content="true" />
<meta name="tika:file_ext" content="pdf" />
<meta name="Author" content="PROCURADORIA DA REPUBLICA" />
<meta name="producer" content="LibreOffice 5.1" />
<meta name="access_permission:can_modify" content="true" />
<meta name="pdf:docinfo:producer" content="LibreOffice 5.1" />
<meta name="pdf:docinfo:created" content="2018-05-24T15:47:59Z" />
<title>OFÍCIO Nº 001/00-PRA/PR/MA    </title>
</head>
<body><div class="page"><p />
<p>MINISTÉRIO PÚBLICO FEDERAL
Procuradoria da República no Estado do Piauí
</p>
<p>Ref. Inquérito Civil MPF/PR/PI n° 1.27.000.002074/2014-95
</p>
<p>Promoção de arquivamento
</p>
<p>Trata-se  de  inquérito  civil  instaurado  nesta  Procuradoria  da
</p>
<p>República  para  providências  em  relação  a  suposta  omissão  do  DNIT  em  promover
</p>
<p>medidas contra invasões da faixa de domínio público nas margens de rodovias federais
</p>
<p>no Estado do Piauí. A representação inicial era genérica e fazia indicação exemplificativa
</p>
<p>de invasões nas margens das BRs 343, 135 e 316 (fl. 02).
</p>
<p>Para instruir  o feito,  foram requisitadas informações do DNIT/PI
</p>
<p>quanto aos fatos noticiados (fls. 03/04). Em resposta, aquela autarquia informou sobre as
</p>
<p>medidas adotadas acerca de invasões na faixa de domínio das BR-343 e BR-316 no
</p>
<p>Piauí, aduzindo que todos os processos instruídos eram encaminhados à Procuradoria
</p>
<p>Federal Especializada para a propositura de ações judiciais; bem como que não existia
</p>
<p>procedimento relativo à BR-135/PI (fls. 05/07). Tal expediente foi acompanhado da lista
</p>
<p>de processos administrativos relacionados às BR-316 e BR 343 (fls. 09/10).
</p>
<p>Esta  Procuradoria  da  República,  então,  determinou  o
</p>
<p>arquivamento do feito (fls. 11/12). Porém, a decisão não foi homologada pela e. 1ª CCR,
</p>
<p>a qual considerou que “a falta de processos administrativos em andamento no âmbito do
</p>
<p>DNIT-PI, relativos à usurpação de faixa de domínio da BR-135, não revela, por si só, a
</p>
<p>improcedência  dos  fatos  apontados  nos  autos,  sendo  necessária  a  promoção  de
</p>
<p>inspeção técnica com vistas a averiguar as invasões informadas”. Determinou a e. 1ª
</p>
<p>CCR, assim, a  “conversão do julgamento em diligência,  para requisitar  ao DNIT-PI  a</p>
<p />
</div>
<div class="page"><p />
<p>2
</p>
<p>MINISTÉRIO PÚBLICO FEDERAL
Procuradoria da República no Estado do Piauí
</p>
<p>realização de inspeção técnica na BR-135, especificamente quanto aos trechos próximos
</p>
<p>aos Municípios de Piracuruca, Angical e Teresina, a fim de averiguar a procedência ou
</p>
<p>não da notícia sobre a suposta invasão de faixa de domínio na referida rodovia federal”
</p>
<p>(fls. 15/18).
</p>
<p>Restituído  o  feito  a  esta  PR/PI,  foram  requisitadas  novas
</p>
<p>informações  ao  DNIT/PI  acerca  da  BR-135,  especialmente  se  o  trecho  que  toca  o
</p>
<p>território do Estado do Piauí passa pela circunscrição dos municípios de Piracurura/PI,
</p>
<p>Angical/PI e Teresina/PI (mencionados na representação inicial), aduzindo que, em caso
</p>
<p>positivo, aquela autarquia deveria promover fiscalização acerca de invasões na faixa de
</p>
<p>domínio da rodovia (fl. 22). 
</p>
<p>O DNIT-PI respondeu,  porém, que a BR-135/PI não passa pela
</p>
<p>circunscrição dos municípios elencados acima (fl. 23).
</p>
<p>Dessa forma, considerando que a BR-135,  no Estado do Piauí,
</p>
<p>tem início em Guadalupe/PI e finda em Cristalândia do Piauí/PI, declinou-se da atribuição
</p>
<p>em favor da Procuradoria da República no Município de Floriano/PI (PRM Floriano/PI) - a
</p>
<p>despeito da existência de trechos circunscritos à competência da Subseção Judiciária de
</p>
<p>Corrente/PI (atribuição da PRM Corrente/PI), tendo em conta a conexão probatória e a
</p>
<p>inconveniência da cisão do feito (fls. 24/30).
</p>
<p>Por  sua  vez,  a  PRM de  Floriano/PI  promoveu  o  arquivamento
</p>
<p>deste procedimento com fulcro na realização da diligência indicada pela 1ª CCR - qual
</p>
<p>seja, apurar suposta invasão na BR-135 nos municípios de Piracurura/PI, Angical/PI e
</p>
<p>Teresina/PI, referidos na representação inicial (fls. 02 e 33/35). 
</p>
<p>Notificado  o  noticiante  acerca  da  última  promoção  de
</p>
<p>arquivamento (fl. 36), este se manifestou precisando local onde haveria invasão da faixa
</p>
<p>de domínio da BR-135 (Município de Bom Jesus/PI) – fl. 37. 
</p>
<p>Assim,  a  PRM  de  Floriano/PI,  revogando  a  sua  promoção  de
</p>
<p>arquivamento, e considerando o caráter local/regional do dano, promoveu novo declínio
</p>
<p>de atribuição para atuar neste feito, determinando a restituição a esta Procuradoria da
</p>
<p>República (fls. 38/42).
</p>
<p>Distribuído o procedimento nesta PR/PI, foram requisitadas novas
</p>
<p>informações ao DNIT/PI sobre as supostas invasões da faixa de domínio da BR-135 no</p>
<p />
</div>
<div class="page"><p />
<p>3
</p>
<p>MINISTÉRIO PÚBLICO FEDERAL
Procuradoria da República no Estado do Piauí
</p>
<p>local indicado pelo noticiante (Município de Bom Jesus/PI, no sentido Cristino Castro/Bom
</p>
<p>Jesus), requisitando-se que se realizasse de vistoria in loco (fls. 43/44).
</p>
<p>O DNIT/PI,  então,  atestou a  procedência da irregularidade por
último apontada pelo noticiante (fl. 45). Salientou que, na BR 135-PI, existe ponto com
</p>
<p>cercas colocadas dentro do limite da faixa de domínio público nas margens da rodovia
</p>
<p>(cf. fotos de fls. 52/54). Asseverou que se determinou aos chefes das unidades locais da
</p>
<p>autarquia,  nos termos da ordem serviço  de fl.  50,  que redobrassem a vigilância  e a
</p>
<p>diligência no que concerne à manutenção das faixas de domínio das rodovias, com vista
</p>
<p>a tornar as últimas desimpedidas e livres de quaisquer particulares não regularmente
</p>
<p>autorizados. 
</p>
<p>Nesse contexto,  oficiou-se novamente ao DNIT/PI,  por  diversas
</p>
<p>vezes (fls. 58, 64 e 75), requisitando informar, desta feita, se, de fato, foram sanadas as
</p>
<p>irregularidades  concernentes  às  invasões  da  faixa  de  domínio  da  BR-135  no  local
</p>
<p>indicado  pelo  noticiante  (Município  de  Bom Jesus/PI,  no  sentido  Cristino  Castro/Bom
</p>
<p>Jesus). 
</p>
<p>Em respostas (fls. 59/62, 65/70 e 76/78), o DNIT/PI informou que
</p>
<p>as irregularidades ainda não haviam sido sanadas,  mas que aquela autarquia estava
</p>
<p>adotando  providências  para  tanto  –  foram  propostos  ajustes  em  projetos  de  obras
</p>
<p>previstas  para  a  BR-135/PI,  projetos  esses  que  ainda  estavam  em  análise  na
</p>
<p>Coordenação de Engenharia da SR/DNIT-PI. Informou-se, ainda, que “o Sr. Jilson Nélio
</p>
<p>de Lima Arantes Costa, que se configura como um dos proprietários/herdeiros da referida
</p>
<p>propriedade, já foi informado das intervenções que estão previstas de serem realizadas
</p>
<p>na Rodovia, como também quanto à necessidade de se recuar a cerca, para o limite da
</p>
<p>faixa (…)” (fl. 76). 
</p>
<p>Nas últimas informações do DNIT/PI, de 29 de janeiro de 2018,
</p>
<p>solicitou-se ao Ministério Público Federal prazo de 120 dias, contados de 1º de fevereiro
</p>
<p>de 2018, para que aquela autarquia comprovasse a resolução do problema de invasão de
</p>
<p>trecho da faixa de domínio da BR-135 no Município de Bom Jesus/PI (fl. 76/76-verso).
</p>
<p>Recentemente  vencido  tal  prazo,  cumpre  oficiar  novamente  ao  DNIT/PI  para
solicitar a referida comprovação.
</p>
<p>Contudo, cabe considerar que, identificado o específico problema
</p>
<p>de  invasão  da  faixa  de  domínio  das  margens  da  BR-135  no  Piauí,  o  DNIT/PI  está
</p>
<p>adotando  as  providências  necessárias  para  a  solução  da  questão;  e,  ademais,</p>
<p />
</div>
<div class="page"><p />
<p>4
</p>
<p>MINISTÉRIO PÚBLICO FEDERAL
Procuradoria da República no Estado do Piauí
</p>
<p>aparentemente não há resistência (e nem houve, aparentemente, intenção de descumprir
</p>
<p>a  legislação)  por  parte  do cidadão envolvido (proprietário)  – fls.  76/76-verso.  Tudo a
</p>
<p>denotar não mais se tratar, portanto, de matéria própria de inquérito civil.
</p>
<p>Com efeito,  resta ao Ministério  Público Federal  acompanhar  as
</p>
<p>obras previstas para a BR-135/PI e a supressão da cerca indevidamente colocada na
</p>
<p>faixa  de domínio da rodovia,  acompanhamento esse que cabe ser  feito  por  meio de
</p>
<p>procedimento  administrativo.  Não  se  trata,  portanto,  de  coletar  informações  para
</p>
<p>subsidiar o ajuizamento de eventual ação civil  pública. Embora a perspectiva de uma
</p>
<p>ação civil pública não possa ser inteiramente descartada na hipótese de grave omissão
</p>
<p>do DNIT e/ou de resistência do cidadão envolvido (hipótese em que se poderá instaurar
</p>
<p>procedimento específico para esse fim), não é esse o objetivo que ora se divisa como
</p>
<p>pendência  (acompanhar  as  medidas  administrativas  ora  em  curso  no  DNIT)  para  o
</p>
<p>deslinde do feito. 
</p>
<p>O  acompanhamento  de  políticas  públicas  e  de  medidas
</p>
<p>administrativas é matéria própria de procedimento administrativo1,  conforme, inclusive,
</p>
<p>orientações da d. Corregedoria do Ministério Público Federal - apresentadas por ocasião
</p>
<p>de correição ordinária realizada nesta Procuradoria da República. Portanto, é caso de
</p>
<p>arquivamento deste inquérito civil, sem prejuízo, porém, da instauração de procedimento
administrativo com cópia  integral  dos  autos  para o  fim de acompanhar  as  medidas
adotadas pelo DNIT para retirar a cerca que invadiu a faixa de domínio da BR-135 no
</p>
<p>Município de Bom Jesus/PI (fls. 76/76-verso). 
</p>
<p>III 
</p>
<p>Diante do exposto,  determino  o  arquivamento  deste  inquérito
civil.
</p>
<p>Antes,  porém, determino a digitalização integral  dos autos e o
</p>
<p>posterior envio ao Procurador-Chefe desta Procuradoria da República para providências
</p>
<p>visando  a  autuação  e  a  distribuição  de  notícia  de  fato  (para  fins  de  instauração  de
</p>
<p>procedimento administrativo de acompanhamento), por prevenção, ao 8º Ofício da PR/PI.
</p>
<p>1 Conforme art. 8º, incisos II e IV, da Resolução nº 174, de 4 de julho de 2017, do Conselho Nacional do
Ministério Público, o procedimento administrativo é o instrumento próprio da atividade-fim destinado a
acompanhar e fiscalizar, de forma continuada, políticas públicas ou instituições, bem como embasar
outras atividades não sujeitas a inquérito civil.</p>
<p />
</div>
<div class="page"><p />
<p>5
</p>
<p>MINISTÉRIO PÚBLICO FEDERAL
Procuradoria da República no Estado do Piauí
</p>
<p>Notificar o autor da representação (fls. 02, 36 e 37) acerca deste
</p>
<p>arquivamento, na forma e para os fins regulamentares.
</p>
<p>Oportunamente,  remetam-se estes  autos  à  douta  1ª  CCR para
</p>
<p>revisão da decisão de arquivamento.
</p>
<p>Teresina, 24 de maio de 2018
</p>
<p>Marco Aurélio Adão
Procurador da República</p>
<p />
</div>
<ul>	<li>Procuradoria da República no Estado do Piauí</li>
</ul>
</body></html>