<?xml version="1.0" encoding="UTF-8"?>
<html xmlns="http://www.w3.org/1999/xhtml">
<head>
<meta name="date" content="2015-03-23T01:54:51Z" />
<meta name="pdf:PDFVersion" content="1.4" />
<meta name="xmp:CreatorTool" content="Writer" />
<meta name="access_permission:modify_annotations" content="true" />
<meta name="access_permission:can_print_degraded" content="true" />
<meta name="dc:creator" content="Kessily" />
<meta name="tika_batch_fs:relative_path" content="62184554.pdf" />
<meta name="language" content="pt-BR" />
<meta name="dcterms:created" content="2015-03-23T01:54:50Z" />
<meta name="Last-Modified" content="2015-03-23T01:54:51Z" />
<meta name="dcterms:modified" content="2015-03-23T01:54:51Z" />
<meta name="dc:format" content="application/pdf; version=1.4" />
<meta name="Last-Save-Date" content="2015-03-23T01:54:51Z" />
<meta name="pdf:docinfo:creator_tool" content="Writer" />
<meta name="access_permission:fill_in_form" content="true" />
<meta name="pdf:docinfo:modified" content="2015-03-23T01:54:51Z" />
<meta name="meta:save-date" content="2015-03-23T01:54:51Z" />
<meta name="pdf:encrypted" content="false" />
<meta name="modified" content="2015-03-23T01:54:51Z" />
<meta name="Content-Length" content="188844" />
<meta name="X-TIKA:digest:MD5" content="3cfefb89b4eb9bfb2c9966c15910e1ee" />
<meta name="Content-Type" content="application/pdf" />
<meta name="pdf:docinfo:creator" content="Kessily" />
<meta name="X-Parsed-By" content="org.apache.tika.parser.DefaultParser" />
<meta name="X-Parsed-By" content="org.apache.tika.parser.pdf.PDFParser" />
<meta name="creator" content="Kessily" />
<meta name="dc:language" content="pt-BR" />
<meta name="meta:author" content="Kessily" />
<meta name="meta:creation-date" content="2015-03-23T01:54:50Z" />
<meta name="created" content="Sun Mar 22 22:54:50 BRT 2015" />
<meta name="access_permission:extract_for_accessibility" content="true" />
<meta name="access_permission:assemble_document" content="true" />
<meta name="xmpTPg:NPages" content="5" />
<meta name="Creation-Date" content="2015-03-23T01:54:50Z" />
<meta name="resourceName" content="62184554.pdf" />
<meta name="access_permission:extract_content" content="true" />
<meta name="access_permission:can_print" content="true" />
<meta name="tika:file_ext" content="pdf" />
<meta name="Author" content="Kessily" />
<meta name="producer" content="LibreOffice 4.2; modified using JSignPdf 1.4.4 based on iText 2.1.7" />
<meta name="access_permission:can_modify" content="true" />
<meta name="pdf:docinfo:producer" content="LibreOffice 4.2; modified using JSignPdf 1.4.4 based on iText 2.1.7" />
<meta name="pdf:docinfo:created" content="2015-03-23T01:54:50Z" />
<title></title>
</head>
<body><div class="page"><p />
<p>MINISTÉRIO PÚBLICO FEDERAL
Procuradoria da República no Estado do Paraná
Procuradoria da República no Município de Foz do Iguaçu
</p>
<p>Avenida das Cataratas, nº 42, M'Boicy – Foz do Iguaçu/PR – Fone/Fax (45) 3521-4500 – CEP 85853-000
</p>
<p>Procedimento Preparatório - PP
Autos n.º 1.25.003.016976/2014-53
Assunto: Possíveis Irregularidades no concurso para cargo de professor da 
UNILA.
</p>
<p>PROMOÇÃO DE ARQUIVAMENTO
</p>
<p>Trata-se de Procedimento Preparatório instaurado
</p>
<p>a partir de reclamação feita por Antônio Márcio da Silva, participante do
</p>
<p>Concurso Público para Carreira do Magistério Superior da UNILA (edital
</p>
<p>nº  488  de  13.12.2014),  o  qual  afirma  ter  verificado  possíveis
</p>
<p>irregularidades no concurso e por esse motivo requer sua anulação. 
</p>
<p>Em acordo com o reclamante,  houve problemas
</p>
<p>com a apresentação de documentos previstos no edital,  com a forma de
</p>
<p>avaliação  da  prova  didática,  com a  clareza  sobre  o  peso  de  cada  item
</p>
<p>analisado na defesa da proposta de atuação acadêmica e com o calendário</p>
<p />
</div>
<div class="page"><p />
<p>MINISTÉRIO PÚBLICO FEDERAL
Procuradoria da República no Estado do Paraná
Procuradoria da República no Município de Foz do Iguaçu
</p>
<p>Avenida das Cataratas, nº 42, M'Boicy – Foz do Iguaçu/PR – Fone/Fax (45) 3521-4500 – CEP 85853-000
</p>
<p>do  concurso,  pois  não  era  compatível  com  o  número  de  candidatos
</p>
<p>participantes
</p>
<p>A  UNILA  foi  oficiada  para  prestar
</p>
<p>esclarecimentos,  no  prazo de  40 dias,  sobre  as  dúvidas  levantadas  pelo
</p>
<p>reclamante, tendo enviado ofício de resposta juntado às fls. 35/70 com a
</p>
<p>cópia  da  Ata  de  Comissão  Recursal  da  UNILA,  em  anexo,  contendo,
</p>
<p>inclusive, a resposta ao recurso enviado pela Unila a Antônio Márcio da
</p>
<p>Silva.
</p>
<p>Com as informações prestadas, bem como com os
</p>
<p>documentos juntados,  não se vislumbra legitimidade ativa do Ministério
</p>
<p>Público  Federal  no  caso  em questão,  por  se  tratar  de  eventual  lesão  a
</p>
<p>pessoa individualmente considerada, e não toda a coletividade.
</p>
<p> Destarte, não há, no presente caso, motivo para a
</p>
<p>intervenção  ministerial,  de  modo  que  o  caminho  a  ser  percorrido  pelo
</p>
<p>reclamante, se assim entender conveniente, seria o de ajuizar ação própria
</p>
<p>mediante a contratação de advogado ou assistência da Defensoria Pública
</p>
<p>da União, eis que se trata de direito eminentemente individual. </p>
<p />
</div>
<div class="page"><p />
<p>MINISTÉRIO PÚBLICO FEDERAL
Procuradoria da República no Estado do Paraná
Procuradoria da República no Município de Foz do Iguaçu
</p>
<p>Avenida das Cataratas, nº 42, M'Boicy – Foz do Iguaçu/PR – Fone/Fax (45) 3521-4500 – CEP 85853-000
</p>
<p>ANTE  O  EXPOSTO,  o  MINISTÉRIO
</p>
<p>PÚBLICO  FEDERAL, por  seu  agente  firmatário,  no  uso  de  suas
</p>
<p>atribuições  legais,  DETERMINA  o  ARQUIVAMENTO do  presente
</p>
<p>Procedimento Preparatório, por não vislumbrar possíveis irregularidades no
</p>
<p>ato debatido. 
</p>
<p>Oficie-se ao declarante, Sr. ANTÔNIO MÁRCIO
</p>
<p>DA SILVA, no endereço em anexo, acerca do arquivamento, para efeitos do
</p>
<p>artigo 10, §3º da Resolução nº 23/2007/CNMP.
</p>
<p>Após,  remeta-se  à  1a CCR  para  fins  de
</p>
<p>homologação.
</p>
<p>Foz do Iguaçu-PR, 22 de Março de 2015
</p>
<p>ROBSON MARTINS
</p>
<p>Procurador da República
CTG
</p>
<p>Documento eletrônico assinado digitalmente. Data/Hora: 22/03/2015 22:54:49
</p>
<p>Signatário(a): ROBSON MARTINS:771
</p>
<p>Certificado: 1b6de0ae8bff5f92</p>
<p />
</div>
<div class="page"><p />
<p>MINISTÉRIO PÚBLICO FEDERAL
Procuradoria da República no Estado do Paraná
Procuradoria da República no Município de Foz do Iguaçu
</p>
<p>Avenida das Cataratas, nº 42, M'Boicy – Foz do Iguaçu/PR – Fone/Fax (45) 3521-4500 – CEP 85853-000
</p>
<p>Ofício nº 527/2015- MPF/IGU
</p>
<p>Foz do Iguaçu/PR, 22 de Março de 2015
</p>
<p> 
</p>
<p>A Sua Senhoria o Senhor
ANTÔNIO MÁRCIO DA SILVA
Ramos, s/nº, Zona Rural, 
CEP 39728-000 - Sardoá/MG
</p>
<p>REF.: Procedimento Preparatório n.º 1.25.003.016976/2014-53
</p>
<p>Prezado Senhor,
</p>
<p>Encaminho  em  anexo,  cópia  do  despacho  de
</p>
<p>arquivamento do Procedimento Preparatório n.º1.25.003.016976/2014-53,
</p>
<p>instaurado a partir de representação, referente a possíveis irregularidades
</p>
<p>no Concurso Público para Carreira do Magistério Superior da UNILA.
</p>
<p>Informo  ainda  que,  no  prazo  de  10  (dez)  dias,
</p>
<p>Vossa  Senhoria  poderá  interpor  recurso  contra  o  indeferimento,
</p>
<p>apresentando fatos novos e documentos para reavaliação pela Câmara de
</p>
<p>Coordenação e Revisão. 
</p>
<p>Atenciosamente,
</p>
<p>ROBSON MARTINS
Procurador da República
</p>
<p>CTG
Documento eletrônico assinado digitalmente. Data/Hora: 22/03/2015 22:54:49
</p>
<p>Signatário(a): ROBSON MARTINS:771
</p>
<p>Certificado: 1b6de0ae8bff5f92</p>
<p />
</div>
<div class="page"><p />
<p>MINISTÉRIO PÚBLICO FEDERAL
Procuradoria da República no Estado do Paraná
Procuradoria da República no Município de Foz do Iguaçu
</p>
<p>Avenida das Cataratas, nº 42, M'Boicy – Foz do Iguaçu/PR – Fone/Fax (45) 3521-4500 – CEP 85853-000
</p>
<p>Ofício n° 528/2015-MPF/IGU
</p>
<p>Foz do Iguaçu, 22 de Março de 2015
</p>
<p>A Sua Excelência a Senhora Doutora
Ela Wiecko Volkmer de Castilho 
Coordenador da 1ª Câmara de Coordenação e Revisão
SAF SUL, Quadra 4, Conjunto "C" Bloco B Sala 304 - Tel.: (0xx61) 3105-
6001 CEP: 70050-900 - Brasília - DF 
</p>
<p>Excelentíssima Coordenadora,
</p>
<p>Cumprimentando-a cordialmente, encaminho-lhe  o
Inquérito  Civil  nº  1.25.003.016976/2014-53, com  promoção  de
arquivamento para homologação, se assim for de vosso entendimento.
</p>
<p>Atenciosamente,
</p>
<p>ROBSON MARTINS
</p>
<p>Procurador da República
</p>
<p>CTG
Documento eletrônico assinado digitalmente. Data/Hora: 22/03/2015 22:54:49
</p>
<p>Signatário(a): ROBSON MARTINS:771
</p>
<p>Certificado: 1b6de0ae8bff5f92</p>
<p />
</div>
<ul>	<li>Ofício nº 527/2015- MPF/IGU</li>
	<li>Foz do Iguaçu/PR, 22 de Março de 2015</li>
<ul>	<li>Ofício n° 528/2015-MPF/IGU</li>
	<li>Foz do Iguaçu, 22 de Março de 2015</li>
</ul>
</ul>
<div class="acroform"><ol>	<li><ol type="signaturedata">	<li signdata="date">2015-03-22T22:54:49-0300</li>
	<li signdata="name">ROBSON MARTINS:771</li>
	<li signdata="reason">Assinatura de documento</li>
</ol>
</li>
</ol>
</div>
</body></html>