<?xml version="1.0" encoding="UTF-8"?>
<html xmlns="http://www.w3.org/1999/xhtml">
<head>
<meta name="date" content="2015-07-30T16:04:49Z" />
<meta name="pdf:PDFVersion" content="1.4" />
<meta name="pdf:docinfo:title" content="Manual" />
<meta name="xmp:CreatorTool" content="Writer" />
<meta name="access_permission:modify_annotations" content="true" />
<meta name="access_permission:can_print_degraded" content="true" />
<meta name="tika_batch_fs:relative_path" content="62203804.pdf" />
<meta name="language" content="pt-BR" />
<meta name="dcterms:created" content="2015-07-30T16:04:48Z" />
<meta name="Last-Modified" content="2015-07-30T16:04:49Z" />
<meta name="dcterms:modified" content="2015-07-30T16:04:49Z" />
<meta name="dc:format" content="application/pdf; version=1.4" />
<meta name="Last-Save-Date" content="2015-07-30T16:04:49Z" />
<meta name="pdf:docinfo:creator_tool" content="Writer" />
<meta name="access_permission:fill_in_form" content="true" />
<meta name="pdf:docinfo:modified" content="2015-07-30T16:04:49Z" />
<meta name="meta:save-date" content="2015-07-30T16:04:49Z" />
<meta name="pdf:encrypted" content="false" />
<meta name="dc:title" content="Manual" />
<meta name="modified" content="2015-07-30T16:04:49Z" />
<meta name="Content-Length" content="184576" />
<meta name="X-TIKA:digest:MD5" content="37e2fabf364758573b2a577b98638e47" />
<meta name="Content-Type" content="application/pdf" />
<meta name="X-Parsed-By" content="org.apache.tika.parser.DefaultParser" />
<meta name="X-Parsed-By" content="org.apache.tika.parser.pdf.PDFParser" />
<meta name="dc:language" content="pt-BR" />
<meta name="meta:creation-date" content="2015-07-30T16:04:48Z" />
<meta name="created" content="Thu Jul 30 13:04:48 BRT 2015" />
<meta name="access_permission:extract_for_accessibility" content="true" />
<meta name="access_permission:assemble_document" content="true" />
<meta name="xmpTPg:NPages" content="2" />
<meta name="Creation-Date" content="2015-07-30T16:04:48Z" />
<meta name="resourceName" content="62203804.pdf" />
<meta name="access_permission:extract_content" content="true" />
<meta name="access_permission:can_print" content="true" />
<meta name="tika:file_ext" content="pdf" />
<meta name="producer" content="LibreOffice 4.4; modified using JSignPdf 1.4.4 based on iText 2.1.7" />
<meta name="access_permission:can_modify" content="true" />
<meta name="pdf:docinfo:producer" content="LibreOffice 4.4; modified using JSignPdf 1.4.4 based on iText 2.1.7" />
<meta name="pdf:docinfo:created" content="2015-07-30T16:04:48Z" />
<title>Manual</title>
</head>
<body><div class="page"><p />
<p>Ministério Público Federal
Procuradoria da República no Município de Umuarama
</p>
<p>LWG 2.1.1 - 052
Procedimento Preparatório - PP 1.25.009.000264/2014-62
</p>
<p>O  MINISTÉRIO PÚBLICO FEDERAL,  no  exercício  de  suas  atribuições
constitucionais, com base nos fatos e fundamentos jurídicos abaixo expostos, vem
promover o
</p>
<p>Arquivamento
</p>
<p>do presente Procedimento Preparatório, nos seguintes termos:
</p>
<p>1 Síntese do fato noticiado
</p>
<p>Trata-se de Procedimento Preparatório que tem por objeto apurar
irregularidades na execução do Programa Minha Casa Minha Vida – PMCMV, nos
Municípios que integram a subseção Judiciária de Umuarama.
</p>
<p>Basicamente,  constata-se  a  inobservância,  pelos  Municípios  em
geral, da necessária publicidade no cadastramento e selecionamento das famílias
beneficiárias do programa, conforme  normatizado pelos itens 2.4 e seguintes da
Portaria 595/2013, do Ministério das Cidades.
</p>
<p>Rua Dr. Rui Ferraz de Carvalho, 4322, Zona I, Umuarama/PR
PRPR  -  gab-gazoto  @mpf.  mp  .br </p>
<p />
<div class="annotation"><a href="mailto:PRPR-umuarama@prpr.mpf.gov.br">mailto:PRPR-umuarama@prpr.mpf.gov.br</a></div>
<div class="annotation"><a href="mailto:PRPR-umuarama@prpr.mpf.gov.br">mailto:PRPR-umuarama@prpr.mpf.gov.br</a></div>
<div class="annotation"><a href="mailto:PRPR-umuarama@prpr.mpf.gov.br">mailto:PRPR-umuarama@prpr.mpf.gov.br</a></div>
<div class="annotation"><a href="mailto:PRPR-umuarama@prpr.mpf.gov.br">mailto:PRPR-umuarama@prpr.mpf.gov.br</a></div>
<div class="annotation"><a href="mailto:PRPR-umuarama@prpr.mpf.gov.br">mailto:PRPR-umuarama@prpr.mpf.gov.br</a></div>
<div class="annotation"><a href="mailto:PRPR-umuarama@prpr.mpf.gov.br">mailto:PRPR-umuarama@prpr.mpf.gov.br</a></div>
</div>
<div class="page"><p />
<p>Ministério Público Federal
Procuradoria da República no Município de Umuarama 
</p>
<p>2 diligências
</p>
<p>Assim,  enviou-se  Circular  (fls.  24,  25  e  26)  para  todos  os
Municípios da Subseção Judiciária de Umuarama, recomendando observância da
obrigatoriedade  da  divulgação  permanente  do  cadastro  e  da  identificação  dos
inscritos.
</p>
<p>Em resposta ao Ofício 500/2015-LW, a  Prefeitura Municipal de
Nova Olímpia informou que a seleção para a participação do Programa Minha
Casa Minha Vida já está sendo realizada pelo Município nos termos da lei.
</p>
<p>3 Do arquivamento
</p>
<p>Assim, uma vez que, não há notícias de irregularidades a apurar, não
havendo outras providências a serem adotadas pelo Ministério Público Federal,
decido, nos termos do art.  9º da Lei 7.347/85, pelo  arquivamento  do presente
Procedimento Preparatório.
</p>
<p>Remetam-se os autos, para reexame, à 1ª Câmara de Coordenação e
Revisão do Ministério Público Federal  (Direitos Sociais e Fiscalização de Atos
Administrativos em geral), nos termos do art. 9º, § 1º, da Lei 7.347/1985. 
</p>
<p>Umuarama, 30 de julho de 2015
</p>
<p>Luís Wanderley Gazoto1
Procurador da República 
</p>
<p>1 Documento assinado digitalmente. Sua conferência pode ser feita no Gabinete do signatário, na
Procuradoria  da  República  no  Município  de  Umuarama/PR  ou  pelo  email  PRPR  -  gab-
gazoto  @mpf.  mp  .br .</p>
<p />
<div class="annotation"><a href="mailto:PRPR-gab-gazoto@prpr.mpf.gov.br">mailto:PRPR-gab-gazoto@prpr.mpf.gov.br</a></div>
<div class="annotation"><a href="mailto:PRPR-gab-gazoto@prpr.mpf.gov.br">mailto:PRPR-gab-gazoto@prpr.mpf.gov.br</a></div>
<div class="annotation"><a href="mailto:PRPR-gab-gazoto@prpr.mpf.gov.br">mailto:PRPR-gab-gazoto@prpr.mpf.gov.br</a></div>
<div class="annotation"><a href="mailto:PRPR-gab-gazoto@prpr.mpf.gov.br">mailto:PRPR-gab-gazoto@prpr.mpf.gov.br</a></div>
<div class="annotation"><a href="mailto:PRPR-gab-gazoto@prpr.mpf.gov.br">mailto:PRPR-gab-gazoto@prpr.mpf.gov.br</a></div>
<div class="annotation"><a href="mailto:PRPR-gab-gazoto@prpr.mpf.gov.br">mailto:PRPR-gab-gazoto@prpr.mpf.gov.br</a></div>
<div class="annotation"><a href="mailto:PRPR-gab-gazoto@prpr.mpf.gov.br">mailto:PRPR-gab-gazoto@prpr.mpf.gov.br</a></div>
</div>
<ul>	<li>1 Síntese do fato noticiado</li>
	<li>2 diligências</li>
	<li>3 Do arquivamento</li>
</ul>
<div class="acroform"><ol>	<li><ol type="signaturedata">	<li signdata="date">2015-07-30T13:04:48-0300</li>
	<li signdata="location">Ministério Público Federal</li>
	<li signdata="name">LUIS WANDERLEY GAZOTO:489-8</li>
	<li signdata="reason">Assinatura de documento</li>
</ol>
</li>
</ol>
</div>
</body></html>