<?xml version="1.0" encoding="UTF-8"?>
<html xmlns="http://www.w3.org/1999/xhtml">
<head>
<meta name="date" content="2016-04-20T16:24:19.369000000" />
<meta name="meta:paragraph-count" content="42" />
<meta name="meta:word-count" content="1565" />
<meta name="Table-Count" content="1" />
<meta name="meta:initial-author" content="Procuradoria da República-MG" />
<meta name="initial-creator" content="Procuradoria da República-MG" />
<meta name="tika_batch_fs:relative_path" content="62439526.odt" />
<meta name="generator" content="LibreOffice/5.1.1.3$Windows_x86 LibreOffice_project/89f508ef3ecebd2cfb8e1def0f0ba9a803b88a6d" />
<meta name="Word-Count" content="1565" />
<meta name="dcterms:created" content="2005-07-26T11:21:00" />
<meta name="dcterms:modified" content="2016-04-20T16:24:19.369000000" />
<meta name="Last-Modified" content="2016-04-20T16:24:19.369000000" />
<meta name="nbPara" content="42" />
<meta name="Last-Save-Date" content="2016-04-20T16:24:19.369000000" />
<meta name="meta:object-count" content="0" />
<meta name="meta:character-count" content="10428" />
<meta name="Paragraph-Count" content="42" />
<meta name="nbImg" content="2" />
<meta name="meta:save-date" content="2016-04-20T16:24:19.369000000" />
<meta name="modified" content="2016-04-20T16:24:19.369000000" />
<meta name="Edit-Time" content="P28DT9H9M6S" />
<meta name="meta:image-count" content="2" />
<meta name="Image-Count" content="2" />
<meta name="nbCharacter" content="10428" />
<meta name="nbObject" content="0" />
<meta name="Content-Length" content="127376" />
<meta name="nbPage" content="5" />
<meta name="X-TIKA:digest:MD5" content="9fe1ac8bae45b3c516cbe29ab75a37d2" />
<meta name="Object-Count" content="0" />
<meta name="nbWord" content="1565" />
<meta name="Content-Type" content="application/vnd.oasis.opendocument.text" />
<meta name="X-Parsed-By" content="org.apache.tika.parser.DefaultParser" />
<meta name="X-Parsed-By" content="org.apache.tika.parser.odf.OpenDocumentParser" />
<meta name="meta:creation-date" content="2005-07-26T11:21:00" />
<meta name="meta:table-count" content="1" />
<meta name="Creation-Date" content="2005-07-26T11:21:00" />
<meta name="xmpTPg:NPages" content="5" />
<meta name="resourceName" content="62439526.odt" />
<meta name="Character Count" content="10428" />
<meta name="editing-cycles" content="270" />
<meta name="Page-Count" content="5" />
<meta name="tika:file_ext" content="odt" />
<meta name="nbTab" content="1" />
<meta name="meta:page-count" content="5" />
<title></title>
</head>
<body><p><b>______________________________</b></p>
<p />
<p><b>Autos n. 1.22.002.000533/2014-62</b></p>
<p><b>______________________________</b></p>
<p />
<p />
<p />
<p />
<p>PROMOÇÃO DE ARQUIVAMENTO</p>
<p>EMENTA: ADMINISTRATIVO. DESCUMPRIMENTO DE RESOLUÇÕES DA CÂMARA DE REGULAÇÃO DO MERCADO DE MEDICAMENTOS – CMED. INFRAÇÕES SUJEITAS ÀS SANÇÕES ADMINISTRATIVAS PREVISTAS NO ART. 56 DA LEI N. 8.078/90. FATOS JÁ COMUNICADOS À CMED PARA A ADOÇÃO DAS PROVIDÊNCIAS CABÍVEIS. AUSÊNCIA DE INTERESSE A SER TUTELADO PELO MPF. DIREITO À LIBERDADE CONSTITUCIONALMENTE INSERIDO NA ORDEM ECONÔMICA.</p>
<p />
<p />
<p>Trata-se de Procedimento Preparatório autuado a partir de notícia do Hospital de Clínicas da Universidade Federal do Triângulo Mineiro - HC/UFTM de prática de preços de medicamentos acima da tabela da Câmara de Regulação do Mercado de Medicamentos (CMED) pela empresa <i>CONCORD DISTRIBUIDORA DE MEDICAMENTOS LTDA – CNPJ 07.031.976/0001-70 – DOC. PRM-URA-MG-00006526/2015.</i></p>
<p />
<p>A hipótese trata de aquisições de medicamentos via Pregão Eletrônico conforme especificado à f. 04.</p>
<p />
<p>O HC/UFTM, ante a demanda hospitalar e risco de desabastecimento e/ou interrupção/ausência de tratamento de pacientes, adquiriu os medicamentos pelos valores propostos e, em seguida, formalizou denúncia à CMED.</p>
<p />
<p><b>É o que cumpre relatar.</b></p>
<p />
<p>Sobre a regulação do setor de medicamentos no país, oportuno transcrever a conclusão da área técnica do Tribunal de Contas da União no processo TC-017.168/2007-5, referido no Acórdão 1437/2007- Plenário:</p>
<p><i>27. Conforme relatado nos parágrafos anteriores, a CMED foi criada em 2003 com o objetivo de regular o setor de medicamentos no país. Desde então foram editadas duas importantes resoluções: a nº 2, de 5 de março de 2004, que aprovou os critérios para definição de preços de produtos novos e novas apresentações e previu o Coeficiente de Adequação de Preços – CAP; e a nº 4, de 18 de dezembro de 2006, que dispõe sobre a efetiva aplicação do CAP, criando um novo teto de preços, o Preço Máximo de Venda ao Governo.</i></p>
<p />
<p><i>28. Desde a edição da Resolução n. 2/2004 até a Resolução n. 4/2006, foram dois anos de estudos que culminaram no estabelecimento dos Preços Fábrica de cerca de 17.000 medicamentos de um universo de 24.000 apresentações à venda no mercado interno, conforme lista publicada no sítio da Anvisa. O metodologia adotada na Resolução n. 4/2006-CMED apoiou-se no modelo utilizado pelos Estados Unidos da América. País este que também estabeleceu um desconto mínimo obrigatório a ser concedido pela indústria farmacêutica para as compras governamentais.</i></p>
<p />
<p><i>29. Os estudos realizados pela CMED levaram em consideração a complexidade da indústria de fármacos num país de dimensões continentais, como o Brasil, assim como os fatores de desigualdade entre as regiões e o complexo sistema de saúde do país. O PIB do Brasil e de mais nove países constantes na resolução, bem como o Índice de Desenvolvimentos Humano – IDH, também foram considerados nos estudos realizados. Acerca do mercado farmacêutico brasileiro, foram consideradas características como as falhas de mercado, a essencialidade do produto, a significativa concentração de oferta em cada classe terapêutica, a presença do consumidor substituto, que é o médico, e a forte assimetria de informação. Tudo isso demonstra um pouco da dificuldade que é o estabelecimento de critérios de aceitabilidade de preços unitários de medicamentos, capazes de servir como um parâmetro estável e confiável o suficiente para subsidiar a tomada de decisão do gestor público.</i></p>
<p />
<p><i>30. Nesse sentido, entende-se que as Resoluções n. 2/2003-CMED e n. 4/2006 – CMED atendem à determinação do item 9.3 do Acórdão TCU nº 217/2007 – 2ª Câmara, uma vez que já foi construída uma metodologia de cálculo para estabelecer preços máximos a serem praticados pela indústria farmacêutica, conforme lista de medicamentos, com Preços Fábrica e Máximos ao Consumidor, disponível no site da Agência Nacional de Vigilância Sanitária - Anvisa. Foram concebidos, também, critérios de aceitabilidade de preços unitários a serem adotados nas aquisições futuras de medicamentos no âmbito do SUS. O Coeficiente de Adequação de Preços – CAP é desses critérios, pois constitui-se num desconto obrigatório a ser concedido pela indústria de fármacos às aquisições públicas, justamente por estas compras serem efetivadas em grande escala. Nesse caso, a demanda governamental por produtos dessa natureza tem o poder de pressionar a redução nos preços, gerando a chamada economia de escala. A aplicabilidade desses normativos alcança todos os entes federados (municipal, distrital, estadual e federal) e, inicialmente, será direcionado a alguns medicamentos de dispensação excepcional.</i></p>
<p />
<p>31. Cumpre relembrar, aqui, que a lista de apresentações farmacêuticas será composta de cerca de 150 medicamentos, e que, inicialmente, somente estes, assim como as compras decorrentes de demandas judiciais, estarão sujeitos à Resolução CMED nº 4/2006. Quanto aos demais medicamentos, ressalte-se que Câmara de Regulação fez levantamento do Preço Fábrica, bem como do Preço Máximo ao Consumidor de cerca de 17.000 apresentações farmacêuticas. Essa base de dados deverá servir de parâmetro para as aquisições públicas, uma vez que a CMED expediu a Orientação Interpretativa nº 02, de 13 de novembro de 2006, estabelecendo que nos fornecimentos para órgãos públicos por meio de licitações ou não, o distribuidor é obrigado a vender os produtos, tendo como referencial máximo o preço fábrica. Isso significa que o preço fábrica é o teto de preços pelo qual um laboratório ou distribuidor pode vender um medicamento no atacado no mercado brasileiro e que o preço máximo ao consumidor só poderá ser praticado pelo setor varejista, ou seja, pelas farmácias e drogarias. Assim, considerando que a Lei n. 10.742/2003 instituiu competências para a CMED fixar preços de medicamentos, torna-se razoável reconhecer que a Câmara já estabeleceu os critérios de aceitabilidade para preços máximos de medicamentos a serem adquiridos pelo setor público.</p>
<p />
<p><i><u>32. Ressalte-se, ainda, que não existe legislação obrigando o gestor público a comprar somente pelo preço fábrica, todavia a Orientação Interpretativa nº 02, de 13 de novembro de 2006, estabelece que o preço máximo que deve ser praticado pelas empresas produtoras e distribuidoras de medicamentos, nas vendas ao setor público, é o preço fábrica, no qual já estão contabilizados todos os custos de comercialização, conforme disposto no próprio normativo. No caso de descumprimento dos regulamentos da CMED por parte das empresas e distribuidoras de produtos famacêuticos, cabe ao gestor público comunicar à CMED para que esta adote as providências cabíveis. Diante disso, acredita-se que a CMED instituiu um parâmetro no mínimo estável, com o qual os órgãos de controle poderão contar para estabelecer a existência ou não de malversação dos recursos públicos em futuras fiscalizações.</u></i></p>
<p />
<p><i>33. Embora a lista de medicamentos prevista para ser publicada, no âmbito da Resolução CMED nº 4/2006, seja composta de poucos produtos, segundo informações do Ministério da Saúde, existe um projeto que visa a ampliar o CAP aos demais medicamentos, inclusive da assistência básica farmacêutica. Isso significa que, num futuro próximo, muitas outras apresentações poderão estar obrigatoriamente submetidas ao Coeficiente de Adequação de Preços – CAP, além de já estarem submetidas ao preço fábrica estabelecido pela CMED. Nesse contexto, conclui-se pela não necessidade de ação desta Corte, uma vez que os critérios de fixação de tetos máximos de preços aplicados às aquisições públicas de medicamentos já foram definidos, cabendo ao controle externo exercer a fiscalização, com vistas a garantir </i>que os responsáveis pela gestão pública adotarão as providências necessárias ao fiel cumprimento do que foi estabelecido no normativo.</p>
<p><i>34. Adicionalmente, entende-se que os critérios estabelecidos nas Resoluções n. 2/2004 e n. 4/2006-CMED serão capazes de servir como um parâmetro estável e confiável o suficiente para subsidiar a apuração e quantificação de débitos no âmbito das fiscalizações do Tribunal de Contas da União, até porque a lista publicada pela CMED, no site da Anvisa, representa o preço máximo a ser praticado pela indústria farmacêutica, já incluídos nela os ajustes anuais dos preços de medicamentos previstos na Lei nº 10.743/2003. (g. n.)</i></p>
<p />
<p>Os fatos aqui relatados são puníveis nos termos do art. 56 da Lei n. 8.078/90. No caso, o HC/UFTM fez denúncia à CMED, a quem cabe adotar as medidas cabíveis no âmbito de sua competência, conforme ao norte apontado.</p>
<p />
<p>Nesse cenário, ao menos na hipótese em exame, não se vislumbra irregularidade na atuação da empresa CONCORD DISTRIBUIDORA DE MEDICAMENTOS LTDA., porquanto, na esfera da livre iniciativa e a livre concorrência, apenas fez, em certame, proposta de preço em contexto em que há grande número de fornecedores, a qual acabou por ser acolhida pela Administração Pública.</p>
<p />
<p>Nesse sentido, sob a perspectiva da defesa do patrimônio público, a 5ª Câmara de Coordenação e Revisão do MPF homologou Promoção de Arquivamento nos autos do Inquérito Civil nº 1.24.005.000158/2011-67, da qual se extrai:</p>
<p><i>Não se pode impor às empresas fornecedoras de medicamentos, as quais exploram suas atividades comerciais dentro da legalidade, determinada venda/negociação – com quem quer que seja (ainda que com o Poder Público) – sem seu interesse e aquiescência.</i></p>
<p><i>Trata-se do direito à liberdade constitucionalmente inserido na ordem econômica</i>.</p>
<p />
<p>Portanto, não há na hipótese interesse a ser tutelado pelo  <i>Parquet</i>, razão pela qual promovo o<b> ARQUIVAMENTO </b>do presente Procedimento Preparatório, com fulcro no art. 9º, <i>caput</i>, da Lei 7.347/85 e no art. 17, <i>caput</i>, da Resolução CSMPF 87/2010. Encaminhem-se os autos à 5ª CCR para fins de reexame, nos termos do art. 9º, § 1º, da Lei n. 7.347/85 e do art. 17, § 2º, da Resolução n. 87/2010 do CSMPF.</p>
<p />
<p>Uberaba, 20 de abril de 2016. </p>
<p />
<p />
<p><b>FELIPE AUGUSTO DE BARROS CARVALHO PINTO</b></p>
<p><b>Procurador da República</b></p>
<p><b>MINISTÉRIO PÚBLICO FEDERAL</b></p>
<p><b>PROCURADORIA DA REPÚBLICA NO MUNICÍPIO DE UBERABA</b></p>
<p><b>GABINETE DO 1º OFÍCIO		</b></p>
<p />
<p />
<p />
<p />
<p><i>PRM-URA-MG-0000__________/2016</i></p>
<p />
<p><b>MINISTÉRIO PÚBLICO FEDERAL</b></p>
<p><b>PROCURADORIA DA REPÚBLICA NO MUNICÍPIO DE UBERABA</b></p>
<p><b>GABINETE DO 1º OFÍCIO</b></p>
<p />
<p />
<table><tr>	<td><p>PROCURADORIA DA REPÚBLICA EM UBERABA</p>
<p>Av. Gabriela Castro Cunha, 340 – Vila Olímpica – Uberaba/MG – CEP 38066-000</p>
<p>PABX: (34) 3319-7900  |  Fax: (34) 3319-7940  |  E-mail: PRMG-URA@mpf.mp.br</p>
<p>http://www.prmg.mpf.mp.br/uberaba</p>
</td>	<td><p />
</td></tr>
</table>
<p><i>O:\URA\Gabinete\DR. FELIPE\2016\EXPEDIENTE\DESPACHO\5ª CCR (Combate à Corrupção)\0420_533-2014-62_arqvto_cmed.odt</i></p>
</body></html>