<?xml version="1.0" encoding="UTF-8"?>
<html xmlns="http://www.w3.org/1999/xhtml">
<head>
<meta name="date" content="2016-01-29T08:41:36.60" />
<meta name="meta:paragraph-count" content="14" />
<meta name="Table-Count" content="0" />
<meta name="Word-Count" content="180" />
<meta name="nbPara" content="14" />
<meta name="meta:object-count" content="0" />
<meta name="Paragraph-Count" content="14" />
<meta name="dc:title" content="EXMO" />
<meta name="modified" content="2016-01-29T08:41:36.60" />
<meta name="nbWord" content="180" />
<meta name="meta:author" content="PGR PGR" />
<meta name="meta:creation-date" content="2007-09-17T15:24:00" />
<meta name="meta:table-count" content="0" />
<meta name="Creation-Date" content="2007-09-17T15:24:00" />
<meta name="resourceName" content="62431848.odt" />
<meta name="Character Count" content="1158" />
<meta name="editing-cycles" content="32" />
<meta name="Page-Count" content="1" />
<meta name="tika:file_ext" content="odt" />
<meta name="Author" content="PGR PGR" />
<meta name="meta:page-count" content="1" />
<meta name="meta:word-count" content="180" />
<meta name="meta:initial-author" content="PROCURADORIA GERAL DE JUSTIÇA" />
<meta name="initial-creator" content="PROCURADORIA GERAL DE JUSTIÇA" />
<meta name="dc:creator" content="PGR PGR" />
<meta name="tika_batch_fs:relative_path" content="62431848.odt" />
<meta name="generator" content="BrOffice.org/3.2$Win32 OpenOffice.org_project/320m18$Build-9502" />
<meta name="dcterms:created" content="2007-09-17T15:24:00" />
<meta name="dcterms:modified" content="2016-01-29T08:41:36.60" />
<meta name="Last-Modified" content="2016-01-29T08:41:36.60" />
<meta name="Last-Save-Date" content="2016-01-29T08:41:36.60" />
<meta name="meta:character-count" content="1158" />
<meta name="nbImg" content="2" />
<meta name="meta:save-date" content="2016-01-29T08:41:36.60" />
<meta name="Edit-Time" content="PT33H43M54S" />
<meta name="meta:image-count" content="2" />
<meta name="Image-Count" content="2" />
<meta name="nbCharacter" content="1158" />
<meta name="nbObject" content="0" />
<meta name="Content-Length" content="58553" />
<meta name="nbPage" content="1" />
<meta name="X-TIKA:digest:MD5" content="e81496c8d15494cceff84519d52691b2" />
<meta name="Object-Count" content="0" />
<meta name="Content-Type" content="application/vnd.oasis.opendocument.text" />
<meta name="X-Parsed-By" content="org.apache.tika.parser.DefaultParser" />
<meta name="X-Parsed-By" content="org.apache.tika.parser.odf.OpenDocumentParser" />
<meta name="creator" content="PGR PGR" />
<meta name="xmpTPg:NPages" content="1" />
<meta name="nbTab" content="0" />
<title>EXMO</title>
</head>
<body><p><b>IC 1.14.000.000229/2014-57</b></p>
<p />
<p><b>Arquivamento 007/2016</b></p>
<p />
<p />
<p><b><u>PROMOÇÃO DE ARQUIVAMENTO</u></b></p>
<p />
<p />
<p>Trata-se de IC instaurado para apurar suposta omissão do Município de Tucano/BA na transmissão de informações ao SIOPE/FNDE, relativo ao exercício de 2013 (fl. 04).</p>
<p>O Município, oficiado, respondeu alegando que já havia transmitido as informações e juntou comprovação à fl. 12 – o que foi confirmado nos extratos retirados do site do FNDE (em anexo), no qual consta que as informações relativas ao ano de 2014 também já foram transmitidas, sendo que, quanto a 2015, ainda está em transcurso o prazo para tal.</p>
<p>Isto posto, tendo em vista a regularização da situação e a não reincidência da omissão no ano subsequente, não resta configurado ato ímprobo, mas mera irregularidade já sanada – razão pela qual se promove o arquivamento destes autos, devendo, antes, encaminhar à 5ª CCR para homologação.</p>
<p />
<p><b><u>Comunique-se ao representante.</u></b></p>
<p />
<p>Paulo Afonso/BA, 28 de janeiro de 2016.</p>
<p />
<p />
<p><b>ANALU PAIM CIRNE</b></p>
<p>Procuradora da República</p>
<p />
<p />
<p />
<p />
<p />
<p />
<p />
<p />
<p />
<p><div>   <i>MCLl</i>                                                                                                                                                                                                                                                                                                                                                                                                                                                                                                                                                                                                                                                                                                                                                                                                                                                                                                                                                                                                                                                                                                                                                                                                                                                                                                                                                                                                                                                                                                                                                                                                                                                                                                                                                                                                                                                                                                                                                                                                                                                                                                                                                                                                                                                                                                                                                                                                                                                                                                                                                                                                                                                                                                                                                                                                                                                                                                                                                                                                                                                                                                                                                                                                                                                                                                                                                                                                                                                                                                                                                                                                                                                                                                                                                                                                                                                                                                                                                                                                                                                                                                                                                                                                                                                                                                                                                                                                                                                                                                                                                                                                                                                                                                                                                                                                                                                                                                                                                                                                                                                                                                                                                                                                                                                                                                                                                                                                                                                                                                                                                                                                                                                                                                                                                                                                                                                                                                                                                                                                                                                                                                                                                                                                                                                                                                                                                                                                                                                                                                                                                                                                                                                                                                                                                                                                                                                                                                                                                                                                                                                                                                                                                                                                                                                                                                                                                                                                                                                                                                                                                                                                                                                                                                                                                                                                                                                                                                                                                                                                                                                                                                                                                                                                                                                                                       </div>
</p>
<p>Rua Tancredo Neves, nº 148-A, Quadra 12, Lote 148, Loteamento Alves de Souza, Centro, Paulo Afonso/BA.</p>
<p>CEP  48602-240  -  Telefone: (75) 3282-3800  -  E-mail: prmpa@prba.mpf.gov.br</p>
<p />
<p />
</body></html>