<?xml version="1.0" encoding="UTF-8"?>
<html xmlns="http://www.w3.org/1999/xhtml">
<head>
<meta name="date" content="2017-12-19T16:44:51Z" />
<meta name="pdf:PDFVersion" content="1.4" />
<meta name="access_permission:modify_annotations" content="true" />
<meta name="access_permission:can_print_degraded" content="true" />
<meta name="tika_batch_fs:relative_path" content="62609086.pdf" />
<meta name="dcterms:created" content="2017-12-19T16:44:51Z" />
<meta name="Last-Modified" content="2017-12-19T16:44:51Z" />
<meta name="dcterms:modified" content="2017-12-19T16:44:51Z" />
<meta name="dc:format" content="application/pdf; version=1.4" />
<meta name="Last-Save-Date" content="2017-12-19T16:44:51Z" />
<meta name="access_permission:fill_in_form" content="true" />
<meta name="pdf:docinfo:modified" content="2017-12-19T16:44:51Z" />
<meta name="meta:save-date" content="2017-12-19T16:44:51Z" />
<meta name="pdf:encrypted" content="false" />
<meta name="modified" content="2017-12-19T16:44:51Z" />
<meta name="Content-Length" content="63117" />
<meta name="X-TIKA:digest:MD5" content="00eacaf41dbd34746fd1f94aabccc727" />
<meta name="Content-Type" content="application/pdf" />
<meta name="X-Parsed-By" content="org.apache.tika.parser.DefaultParser" />
<meta name="X-Parsed-By" content="org.apache.tika.parser.pdf.PDFParser" />
<meta name="meta:creation-date" content="2017-12-19T16:44:51Z" />
<meta name="created" content="Tue Dec 19 14:44:51 BRST 2017" />
<meta name="access_permission:extract_for_accessibility" content="true" />
<meta name="access_permission:assemble_document" content="true" />
<meta name="xmpTPg:NPages" content="6" />
<meta name="Creation-Date" content="2017-12-19T16:44:51Z" />
<meta name="resourceName" content="62609086.pdf" />
<meta name="access_permission:extract_content" content="true" />
<meta name="access_permission:can_print" content="true" />
<meta name="tika:file_ext" content="pdf" />
<meta name="producer" content="iText® 5.5.9 ©2000-2015 iText Group NV (AGPL-version); modified using iText® 5.5.9 ©2000-2015 iText Group NV (AGPL-version)" />
<meta name="access_permission:can_modify" content="true" />
<meta name="pdf:docinfo:producer" content="iText® 5.5.9 ©2000-2015 iText Group NV (AGPL-version); modified using iText® 5.5.9 ©2000-2015 iText Group NV (AGPL-version)" />
<meta name="pdf:docinfo:created" content="2017-12-19T16:44:51Z" />
<title></title>
</head>
<body><div class="page"><p />
<p> 
</p>
<p>À EGRÉGIA 4ª CÂMARA DE COORDENAÇÃO E REVISÃO DO MINISTÉRIO PÚBLICO
</p>
<p>FEDERAL
 
</p>
<p>IC Nº 1.29.003.000011/2015-81
 
</p>
<p>PROMOÇÃO DE ARQUIVAMENTO
 
</p>
<p>Trata-se de Inquérito Civil instaurado com o objetivo de verificar o atendimento,
</p>
<p>por parte do Hospital Centenário de São Leopoldo, dos apontamentos expedidos pelo TCU no
</p>
<p>acórdão TCU 693/2014 e tomada de contas 021.049/2013-0, os quais tratam do Relatório
</p>
<p>Sistêmico de Fiscalização da saúde 2013 (fl.04-05).
</p>
<p>Em síntese o TCU vez os seguintes apontamentos:
</p>
<p>150. quadro de enfermeiros insuficiente;
</p>
<p>150. quadro de médicos insuficiente;
</p>
<p>154. Serviço de Diagnóstico por Imagens e Raio-x terceirizado;
</p>
<p>158. falta de um sistema de custos;
</p>
<p>164. estrutura física apresentando necessidade de reformas;
</p>
<p>139. precariedade da regulação e da falta de consultas eletivas;
 
</p>
<p>Inicialmente oficiou-se ao Ministério Público Estadual, a fim de verificar os
</p>
<p>expedientes que tramitam naquela Promotoria de Justiça, cujo objeto seja semelhante ao dos
</p>
<p>presentes autos (fl. 08), assim como ao Hospital Centenário para que se manifestasse acerca do
</p>
<p>relatório apresentado pelo TCU (fl. 09);
</p>
<p>Em resposta, o MPE encaminhou Portaria de instauração dos procedimentos que
</p>
<p>tramitam no âmbito daquela Promotoria e que tratam de adequações no Hospital Centenário de
</p>
<p>São Leopoldo (fl. 12 - 22).
</p>
<p>O Hospital Centenário, por sua vez apresentou medidas que vem adotando a fim
</p>
<p>de sanar irregularidades, tais como: a contratação com terceiros e horas extras, a fim de suprir
</p>
<p>déficit de enfermeiros e médicos, assim como contratação emergencial e previsão de concurso
</p>
<p>público. Apontou o recebimento de recursos, os quais foram utilizados para adequação das
</p>
<p>PRM-NHM-RS-00007451/2017     
</p>
<p>MINISTÉRIO PÚBLICO FEDERAL
</p>
<p>PROCURADORIA DA REPÚBLICA NO MUNICÍPIO DE NOVO HAMBURGO
</p>
<p>2º OFÍCIO
</p>
<p>PROCURADORIA DA
REPUBLICA NO
MUNICIPIO DE NOVO
HAMBURGO-RS
</p>
<p>Rua Guia Lopes 4050, Rondônia - Cep 93415260 - Novo Hamburgo-
RS
</p>
<p>Tel. (51)35844300
Email:prrs-prm-nh@mpf.mp.br
</p>
<p>Pág. 1 de 6</p>
<p />
</div>
<div class="page"><p />
<p>Unidades de Tratamento Intensivos e Emergência, entretanto quanto ao item 154, informou que
</p>
<p>o serviço permanece terceirizado. Informou ainda que segue procedendo com reformas
</p>
<p>pontuais. (fl. 25-41). Além do mais, apresentou documentos referentes ao pregão eletrônico para
</p>
<p>aquisição de equipamentos hospitalares (fl. 44).
</p>
<p>Novamente oficiou-se ao Hospital Centenário, a fim de verificar a implantação
</p>
<p>das medidas tendentes a sanar os apontamentos do TCU (fl. 52). Em resposta, aquela Fundação
</p>
<p>informou: as vagas preenchidas por meio de processo seletivo, as que restam preencher;
</p>
<p>informou a aquisição de equipamentos diversos; quanto ao sistema de custos informou que este
</p>
<p>está em fase de implantação (fl. 54/55 e anexos à resposta fls. 56/98).
</p>
<p>Posteriormente, o Hospital Centenário encaminhou o ofício 594/2015/FHC, por
</p>
<p>meio do qual informou que estava realizando levantamento das necessidades e definindo
</p>
<p>parcerias para realização do concurso público, o qual está previsto para o primeiro semestre de
</p>
<p>2016, assim como informou que estava em andamento processo licitatório de 7 (sete) alas de
</p>
<p>internação do prédio atual, entre outras informações (fl. 107/108).
</p>
<p>Na sequência, oficiou-se novamente ao Hospital Centenário, requisitando que
</p>
<p>informasse se fora concluído o novo Plano de Cargos, Carreiras e vencimentos dos servidores,
</p>
<p>se foram iniciadas as obras anteriormente previstas, assim como se houve a capacitação dos
</p>
<p>usuários para a adequada utilização do sistema de custos (fl. 120). Em resposta, informou que só
</p>
<p>seria possível realizar o concurso em 2017, que as obras iniciaram em 01/06/2016 (tendo
</p>
<p>encaminhado ordem de serviço), informou, por fim, que médicos e enfermeiros já estavam
</p>
<p>capacitados para o sistema, restando apenas os servidores do quadro administrativo (fl.
</p>
<p>121/122).
</p>
<p>Desta forma, oficiou-se ao COREN-RS e ao CREMERS, a fim de verificar as
</p>
<p>medidas que aqueles Conselhos vem adotando com relação ao quadro insuficiente de
</p>
<p>enfermeiros e médicos do Hospital Centenário (fl. 125 e 126). Ao mesmo tempo oficiou-se ao
</p>
<p>oficiou-se ao MPT e ao Ministério Público Estadual de São Leopoldo (fl. 129), a fim de
</p>
<p>verificar se tramitava procedimento referente ao quadro insuficiente de pessoal no Centenário
</p>
<p>(fl. 128 e 129).
</p>
<p>O Ministério Público do Trabalho informou que tramita naquela Procuradoria o
</p>
<p>IC 000765.2003.04.000/0, em face da Fundação Hospital Centenário de São Leopoldo, em
</p>
<p>cujos autos há dois Termos de Ajustamento de Conduta firmados, com cláusulas obrigacionais
</p>
<p>tendentes a tutelar o regime de contratação de pessoal (fl. 131), assim como encaminhou cópias
</p>
<p>complementares às folhas 148 à 153.
</p>
<p>O Ministério Público Estadual informou que: quanto à insuficiência do quadro
</p>
<p>de pessoal do Hospital Centenário em 02/05/2012 foi firmado um TAC entre MP, a Secretaria
</p>
<p>Municipal de Saúde, o Município de São Leopoldo, o Hospital Centenário e o CREMERS, o
</p>
<p>qual deu origem às ações judiciais nº 033/1.12.0018171-9 e 033/1.12.0008333-4. Existe
</p>
<p>também ACP nº 033.1.13.0015372-5 que trata da falta de enfermeiros no Hospital Centenário;
</p>
<p>PROCURADORIA DA
REPUBLICA NO
MUNICIPIO DE NOVO
HAMBURGO-RS
</p>
<p>Rua Guia Lopes 4050, Rondônia - Cep 93415260 - Novo Hamburgo-
RS
</p>
<p>Tel. (51)35844300
Email:prrs-prm-nh@mpf.mp.br
</p>
<p>Pág. 2 de 6</p>
<p />
</div>
<div class="page"><p />
<p>ademais informou que no que diz respeito à terceirização do serviço de imagem, foi instaurado,
</p>
<p>junto à 3ª Promotoria de Justiça Cível de São Leopoldo, o Inquérito Civil nº 00891.00030/2014
</p>
<p>e ajuizada a Ação Civil Pública nº 033/1.12.0020763-7 (fl. 132/139). Em complemento o MPE
</p>
<p>encaminhou cópias das petições de ações judiciais e ACP (fl. 192/224), assim como cópia do
</p>
<p>Termo de Ajustamento de Conduta anteriormente firmado (fl. 229/246).
</p>
<p>O Coren-RS, por sua vez, informou que fora instaurado Procedimento
</p>
<p>Administrativo Fiscalizatório nº 413/14 e que, em visita fiscalizatória realizada em 13/07/2017,
</p>
<p>foi constatado, em síntese, que a Instituição possui déficit de 71 enfermeiros e de 63 técnicos de
</p>
<p>enfermagem (fl. 140/141).
</p>
<p>O CREMERS informou que  não se constata deficiência de profissionais
</p>
<p>médicos naquela instituição com exceção de circunstâncias pontuais, tendo encaminhado
</p>
<p>Relatório da Fiscalização realizada em 01/07/2015 (fl. 154/189).
</p>
<p>Assim verificou-se que, dos itens apurados no presente IC, referente aos
</p>
<p>apontamentos do Relatório de Levantamento do TCU nº 021.0492013-0: os itens 154 - que trata
</p>
<p>da necessidade de adequação de equipamentos e serviços, bem como da terceirização de serviço
</p>
<p>de diagnóstico por imagens e 150 - que se refere à quantidade de médicos abaixo das
</p>
<p>necessidades, já estão sendo tratados pelo Ministério Público Estadual. O item 139 que trata
</p>
<p>da falta de consultas eletivas, o Hospital prestou esclarecimentos e informações dando conta de
</p>
<p>que está realizando consultas eletivas, conforme exposto no despacho de folha 247. Em relação
</p>
<p>à falta de enfermeiros e às informações apresentadas pelo COREN (fl. 140) foi instaurado
</p>
<p>Inquérito Civil 1.29.003.000047/2017-26, cujo objeto é verificar se o quadro de enfermeiros
</p>
<p>está adequado às necessidades do Hospital Centenário de São Leopoldo.
</p>
<p>No que tange o item 158, referente ao sistema informatizado de custos do
</p>
<p>hospital, oficiou-se novamente a esta Instituição, a fim de verificar se houve a implantação e
</p>
<p>capacitação dos funcionários (fl. 248). Em resposta, inicialmente, informou que o sistema de
</p>
<p>custos está em fase de implantação e que não teria ocorrido ainda a capacitação dos
</p>
<p>funcionários. Posteriormente, informou a criação de um grupo de trabalho vinculado ao Núcleo
</p>
<p>de Contabilidade, assim como fora identificada a necessidade da redefinição dos centros de
</p>
<p>custos da Fundação, o que é imprescindível para posterior ajuste dos sistemas informatizados
</p>
<p>(fl. 256/258). Por fim aquela Fundação informou que o sistema de custos está sendo alimentado
</p>
<p>e acompanhado por servidor designado para tal função, restando apenas alterar alguns centros
</p>
<p>de custos,  assim encaminhou cronograma das atividades (fl. 275/276).
</p>
<p>Ainda quanto ao item 139, que trata das consultas eletivas, oficiou-se à
</p>
<p>Secretaria Municipal de Saúde, a fim de verificar como é feita a regulação das consultas eletivas
</p>
<p>no Município, esclarecendo os critérios para a ordem de atendimento, assim como informações
</p>
<p>sobre se há um sistema eletrônico com essa regulação (fl. 263). Em resposta, a Secretaria
</p>
<p>informou que utiliza o sistema SISREG -  sistema nacional de informações do SUS - vinculado
</p>
<p>ao Ministério da Saúde, assim como que há uma central telefônica para atendimento aos
</p>
<p>PROCURADORIA DA
REPUBLICA NO
MUNICIPIO DE NOVO
HAMBURGO-RS
</p>
<p>Rua Guia Lopes 4050, Rondônia - Cep 93415260 - Novo Hamburgo-
RS
</p>
<p>Tel. (51)35844300
Email:prrs-prm-nh@mpf.mp.br
</p>
<p>Pág. 3 de 6</p>
<p />
</div>
<div class="page"><p />
<p>pacientes. Informou ainda que o sistema formata a agenda e encaminha com antecedência de 30
</p>
<p>dias para o setor de atendimento responsável (fl. 268).
</p>
<p>Por fim, verificou-se que os seguintes itens ainda não estão plenamente
</p>
<p>atendidos, quais sejam: 158 - que se refere ao sistema de custos, embora em funcionamento
</p>
<p>ainda restariam correções a serem realizadas; 164 - que se refere a estrutura física do Hospital,
</p>
<p>embora já possua TAC com o MPE, restam ser acompanhadas as medidas que estão em
</p>
<p>andamento; 139 - que trata das consultas eletivas, o hospital informou que há sistema
</p>
<p>informatizado, qual seja o SISREG, entretanto, restaram maiores esclarecimentos acerca dos
</p>
<p>critérios para ordem de atendimento e o controle aplicado para evitar eventuais alterações
</p>
<p>irregulares.
 
</p>
<p>É o relatório.
</p>
<p>Assim vieram os autos conclusos.
</p>
<p>CONSIDERANDO, portanto, que o item 150, no que tange ao quadro
</p>
<p>insuficiente de enfermeiros, já está sendo tratado por meio do IC 1.29.003.000047/2017-26; no
</p>
<p>que tange à insuficiência de médicos, assim como quanto ao item 154, que trata da adequação
</p>
<p>dos serviços de diagnósticos por imagens e Raio-x, já estão sendo tratados pelo MPE por meio
</p>
<p>das ações 1.12.0013370-6 e 1.12.000833-4 (fls. 132/139 194, 221 e 230);
</p>
<p>CONSIDERANDO ainda que restou atendido o item 154, no que diz respeito à
</p>
<p>insuficiência de equipamentos, conforme folha 54;
</p>
<p>CONSIDERANDO que restam ser acompanhados o efetivo atendimento aos
</p>
<p>itens 158 - que se refere ao sistema de custos; 164 - que se refere a estrutura física do Hospital e
</p>
<p>139 - que trata das consultas eletivas;
 
</p>
<p>Do exposto, entende este Parquet Federal que é caso de acompanhar o efetivo
</p>
<p>atendimento ao item 158, 164 e 139 do relatório de levantamentos do TCU, a fim de
</p>
<p>acompanhar a regularidade e implantação do sistema de custos, a adequação da estrutura física
</p>
<p>do Hospital Centenário, assim como a regularidade do agendamento e atendimento das
</p>
<p>consultas eletivas;
</p>
<p>Ocorre que, incidentalmente ao andamento deste feito, foi publicada a Resolução
</p>
<p>nº 174/2017 do Conselho Nacional do Ministério Público, disciplinando a tramitação de Notícia
</p>
<p>de Fato e de Procedimento Administrativo.
</p>
<p>A mencionada Resolução, em seu Art. 8°, dita que o procedimento
</p>
<p>administrativo é o instrumento próprio da atividade-fim destinado a, entre outras coisas,
</p>
<p>acompanhar e fiscalizar, de forma continuada, políticas públicas ou instituições.
</p>
<p>Já a Resolução nº 87/2010 do CSMPF, em seu art. 1°, refere expressamente que o
</p>
<p>inquérito civil é procedimento investigatório, instaurado e presidido pelo Ministério Público,
</p>
<p>destinado a apurar a ocorrência de fatos que digam respeito ou acarretem danos  efetivos ou
</p>
<p>PROCURADORIA DA
REPUBLICA NO
MUNICIPIO DE NOVO
HAMBURGO-RS
</p>
<p>Rua Guia Lopes 4050, Rondônia - Cep 93415260 - Novo Hamburgo-
RS
</p>
<p>Tel. (51)35844300
Email:prrs-prm-nh@mpf.mp.br
</p>
<p>Pág. 4 de 6</p>
<p />
</div>
<div class="page"><p />
<p>potenciais a interesses que lhe incumba defender, servindo como preparação para  o exercício
</p>
<p>das atribuições inerentes às suas funções institucionais.
</p>
<p>Desses dispositivos, conclui-se que a continuação da atuação deste Parquet
</p>
<p>Federal nos presentes autos, ou seja, em sede de Inquérito Civil, não seria a mais adequada,
</p>
<p>tendo em vista que a atuação não diz respeito à apuração de fatos que tenham gerado ou estejam
</p>
<p>na iminência de gerar danos efetivos ou potenciais a interesses que lhe incumbe defender, mas
</p>
<p>sim acompanhar o atendimento aos itens 158, 164 e 139 do relatório de levantamentos proposto
</p>
<p>pelo TCU, a fim de acompanhar a regularidade e implantação do sistema de custos, a adequação
</p>
<p>da estrutura física do Hospital Centenário, assim como a regularidade do agendamento e
</p>
<p>atendimento das consultas eletivas.
 
</p>
<p>Assim, faz-se necessário a conversão deste procedimento em Procedimento
</p>
<p>Administrativo, nos termos do art. 8°da Resolução nº 174/2017 do CNMP, com o objetivo de
</p>
<p>acompanhar a regularidade e implantação do sistema de custos, a adequação da estrutura física
</p>
<p>do Hospital Centenário, assim como a regularidade do agendamento e atendimento das
</p>
<p>consultas eletivas.
</p>
<p>No entanto, como não há previsão operacional de conversão de Inquérito Civil
</p>
<p>em Procedimento Administrativo, será determinado o arquivamento do presente feito, com o
</p>
<p>consequente envio à Câmara Revisional, a fim de apreciar a respectiva homologação de
</p>
<p>arquivamento, bem como será determinada a instauração do Procedimento Administrativo,
</p>
<p>respectivo.
 
</p>
<p>Por todo exposto, não vislumbrando, por ora, motivos para o prosseguimento
</p>
<p>deste Inquérito Civil, já que esgotadas todas as diligências e inexistindo fundamento para a
</p>
<p>adoção das medidas previstas no artigo 4º, I, III e IV, da Resolução nº 87/2010, do Conselho
</p>
<p>Superior do Ministério Público Federal, promovo o arquivamento destes autos.
</p>
<p>Deste modo, determino o arquivamento destes autos, e, por conseguinte, sua
</p>
<p>remessa, no prazo de 3 (três) dias, à Egrégia 4ª Câmara de Coordenação e Revisão do Ministério
</p>
<p>Público Federal, a quem respeitosamente solicito a apreciação da homologação desta promoção
</p>
<p>de arquivamento, em observância ao artigo 17, § 2º, da Resolução n. 87/2010, do Conselho
</p>
<p>Superior do Ministério Público Federal.
 
</p>
<p>Como a apuração não teve origem em representação, não se faz necessário
</p>
<p>aplicar o disposto no Art. 10, §1ª da Resolução 23 do CNMP.
 
</p>
<p>Outrossim, determino a instauração de Procedimento Administrativo, com o
</p>
<p>objetivo de acompanhar o atendimento aos itens 158, 164 e 139 do Relatório do Acórdão do
</p>
<p>TCU, quais sejam a regularidade e implantação do sistema de custos, a adequação da estrutura
</p>
<p>física do Hospital Centenário, assim como a regularidade do agendamento e atendimento das
</p>
<p>PROCURADORIA DA
REPUBLICA NO
MUNICIPIO DE NOVO
HAMBURGO-RS
</p>
<p>Rua Guia Lopes 4050, Rondônia - Cep 93415260 - Novo Hamburgo-
RS
</p>
<p>Tel. (51)35844300
Email:prrs-prm-nh@mpf.mp.br
</p>
<p>Pág. 5 de 6</p>
<p />
</div>
<div class="page"><p />
<p>consultas eletivas ao mesmo tempo, determino, desde já, que sejam juntados aos presentes autos
</p>
<p>cópia dos acórdão proferidos nas ações 70075367896 e 70075368142, que tramitam na Justiça
</p>
<p>Estadual e possuem relação com o objeto destes autos, assim como que seja digitalizado este IC
</p>
<p>para formar o Procedimento Administrativo de Acompanhamento eletrônico acima
</p>
<p>referenciado.   
 
</p>
<p> 
</p>
<p>Novo Hamburgo, RS, 15 de dezembro de 2017
 
 
</p>
<p>ANDRÉIA RIGONI AGOSTINI
</p>
<p>Procuradora da República
jrb
</p>
<p>PROCURADORIA DA
REPUBLICA NO
MUNICIPIO DE NOVO
HAMBURGO-RS
</p>
<p>Rua Guia Lopes 4050, Rondônia - Cep 93415260 - Novo Hamburgo-
RS
</p>
<p>Tel. (51)35844300
Email:prrs-prm-nh@mpf.mp.br
</p>
<p>Pág. 6 de 6</p>
<p />
</div>
</body></html>