<?xml version="1.0" encoding="UTF-8"?>
<html xmlns="http://www.w3.org/1999/xhtml">
<head>
<meta name="pdf:PDFVersion" content="1.4" />
<meta name="pdf:docinfo:title" content="CARTÓRIO DE PROCEDIMENTOS ADMINISTRATIVOS" />
<meta name="xmp:CreatorTool" content="Writer" />
<meta name="access_permission:modify_annotations" content="true" />
<meta name="access_permission:can_print_degraded" content="true" />
<meta name="dc:creator" content="Benilson Souza" />
<meta name="tika_batch_fs:relative_path" content="62628983.pdf" />
<meta name="language" content="pt-BR" />
<meta name="dcterms:created" content="2016-12-02T19:34:40Z" />
<meta name="dc:format" content="application/pdf; version=1.4" />
<meta name="pdf:docinfo:creator_tool" content="Writer" />
<meta name="access_permission:fill_in_form" content="true" />
<meta name="pdf:encrypted" content="false" />
<meta name="dc:title" content="CARTÓRIO DE PROCEDIMENTOS ADMINISTRATIVOS" />
<meta name="Content-Length" content="61229" />
<meta name="X-TIKA:digest:MD5" content="25cff1fb627987fc93495aa88360263b" />
<meta name="Content-Type" content="application/pdf" />
<meta name="pdf:docinfo:creator" content="Benilson Souza" />
<meta name="X-Parsed-By" content="org.apache.tika.parser.DefaultParser" />
<meta name="X-Parsed-By" content="org.apache.tika.parser.pdf.PDFParser" />
<meta name="creator" content="Benilson Souza" />
<meta name="dc:language" content="pt-BR" />
<meta name="meta:author" content="Benilson Souza" />
<meta name="meta:creation-date" content="2016-12-02T19:34:40Z" />
<meta name="created" content="Fri Dec 02 17:34:40 BRST 2016" />
<meta name="access_permission:extract_for_accessibility" content="true" />
<meta name="access_permission:assemble_document" content="true" />
<meta name="xmpTPg:NPages" content="2" />
<meta name="Creation-Date" content="2016-12-02T19:34:40Z" />
<meta name="resourceName" content="62628983.pdf" />
<meta name="access_permission:extract_content" content="true" />
<meta name="access_permission:can_print" content="true" />
<meta name="tika:file_ext" content="pdf" />
<meta name="Author" content="Benilson Souza" />
<meta name="producer" content="OpenOffice 4.1.1" />
<meta name="access_permission:can_modify" content="true" />
<meta name="pdf:docinfo:producer" content="OpenOffice 4.1.1" />
<meta name="pdf:docinfo:created" content="2016-12-02T19:34:40Z" />
<title>CARTÓRIO DE PROCEDIMENTOS ADMINISTRATIVOS</title>
</head>
<body><div class="page"><p />
<p>Ministério Público Federal
Procuradoria da República no Estado do Espírito Santo
</p>
<p>Av. Jerônimo Monteiro, nº 625 – Centro – 29.010.003 – Vitória – ES
Telefone (27) 3211-6400 – www.pres.mpf.mp.br
</p>
<p>Inquérito Civil nº: 1.17.000.000081/2015-80
</p>
<p>PROMOÇÃO DE ARQUIVAMENTO
</p>
<p>Trata-se  de  Inquérito  Civil  instaurado  para  apurar  o
</p>
<p>fluxo de usuários da Praia dos Adventistas, da Praia da Aldeia e das Três
</p>
<p>Praias, ambas localizadas em Guarapari/ES, uma vez que, durante consulta
</p>
<p>pública realizada no Procedimento Administrativo nº 1.17.000.001473/2013-
</p>
<p>02, verificou-se que todo o fluxo de usuários de tais praias ocorre através do
</p>
<p>acesso público à Praia dos Adventistas, eis que as vias locais não dispõem
</p>
<p>de espaço adequado para estacionamento, não havendo estacionamentos
</p>
<p>públicos ou privados na região.
</p>
<p>Considerando que a situação em apreço prejudica  o
</p>
<p>sossego dos moradores e dificulta o acesso às praias, que são bem de uso
</p>
<p>comum do povo, foi expedido ofício ao Município de Guarapari/ES, a fim de
</p>
<p>que  prestasse  informação  acerca  de  algum  planejamento,  tal  como  a
</p>
<p>construção  de  bolsão  de  estacionamento  ou  o  licenciamento  de
</p>
<p>estacionamentos privados,  com o objetivo  de  solucionar  o  problema dos
</p>
<p>inúmeros carros que se dirigem à Praia dos Adventistas.
</p>
<p>Ademais,  oficiou-se  ao  Comandante  do  Batalhão  de
</p>
<p>Polícia Ambiental, requisitando a determinação de diligência às praias, em
</p>
<p>dia e horário de grande fluxo de usuários, para verificar eventual ocorrência
</p>
<p>de  dano  ao  ecossistema  costeiro,  decorrente  de  veículos  estacionados
</p>
<p>irregularmente na orla das referias praias.
</p>
<p>Pois bem.
</p>
<p>Verifica-se que a Secretaria Municipal de Fiscalização,
</p>
<p>Transporte e Trânsito  do Município  de Guarapari/ES indicou inviabilidade
</p>
<p>técnica de implantação de bolsão de estacionamento pela municipalidade ou
</p>
<p>1</p>
<p />
</div>
<div class="page"><p />
<p>Ministério Público Federal
Procuradoria da República no Estado do Espírito Santo
</p>
<p>Av. Jerônimo Monteiro, nº 625 – Centro – 29.010.003 – Vitória – ES
Telefone (27) 3211-6400 – www.pres.mpf.mp.br
</p>
<p>de expansão de vagas com implantação do sistema de estacionamento em
</p>
<p>elevador rotativo, visto que a única via que leva às praias não comporta as
</p>
<p>medidas para tal sistema (fl. 43).
</p>
<p>Contudo,  a  Secretaria  certificou  a  existência  de
</p>
<p>terrenos  que  já  são  utilizados  por  particulares  como  estacionamento  no
</p>
<p>período de alta temporada, conforme relatório fotográfico de fls. 44/46. Além
</p>
<p>disso,  o  Município  alegou  que  permanecerá  monitorando  o  local,  para
</p>
<p>eventuais medidas corretivas que garantam a fluidez do trânsito.
</p>
<p>Por fim, tem-se que a 1ª CIA do Batalhão de Polícia
</p>
<p>Militar Ambiental informou que foi realizado policiamento preventivo na Praia
</p>
<p>dos  Adventistas,  na  Praia  da  Aldeia  e  nas  Três  Praias,  não  sendo
</p>
<p>encontrados danos ao ecossistema costeiro, consoante Boletim Unificado de
</p>
<p>fl. 50/50-v.
</p>
<p>Nesse sentido, não há razão de ser na continuidade do
</p>
<p>presente feito por esta Procuradoria da República.
</p>
<p>Ante o exposto, promovo o arquivamento dos autos,
visto que há impossibilidade de implantação de bolsão de estacionamento
</p>
<p>ou de estacionamento  em elevador  rotativo,  bem como restam ausentes
</p>
<p>eventuais  danos ao ecossistema costeiro.  Encaminhem-se os  autos  à  1ª
</p>
<p>Câmara de Coordenação e Revisão do Ministério Público Federal, para fins
</p>
<p>homologatórios, com fundamento no art. 10º da Resolução nº 23/2007 do
</p>
<p>CNMP.
</p>
<p>Vitória-ES, 23 de novembro de 2016.
</p>
<p>ANDRÉ PIMENTEL FILHO
Procurador da República
</p>
<p>(em substituição)
</p>
<p>2</p>
<p />
</div>
</body></html>