<?xml version="1.0" encoding="UTF-8"?>
<html xmlns="http://www.w3.org/1999/xhtml">
<head>
<meta name="date" content="2015-09-22T15:02:53.79" />
<meta name="meta:paragraph-count" content="35" />
<meta name="meta:word-count" content="723" />
<meta name="Table-Count" content="0" />
<meta name="tika_batch_fs:relative_path" content="62739007.odt" />
<meta name="generator" content="LibreOffice/3.6$Windows_x86 LibreOffice_project/e29a214-2bbed72-0621de6-a97528c-8f066d" />
<meta name="Word-Count" content="723" />
<meta name="dcterms:created" content="2014-06-09T11:23:12.03" />
<meta name="dcterms:modified" content="2015-09-22T15:02:53.79" />
<meta name="Last-Modified" content="2015-09-22T15:02:53.79" />
<meta name="nbPara" content="35" />
<meta name="Last-Save-Date" content="2015-09-22T15:02:53.79" />
<meta name="meta:object-count" content="0" />
<meta name="meta:character-count" content="5256" />
<meta name="Paragraph-Count" content="35" />
<meta name="nbImg" content="1" />
<meta name="meta:save-date" content="2015-09-22T15:02:53.79" />
<meta name="Edit-Time" content="PT7H35M" />
<meta name="modified" content="2015-09-22T15:02:53.79" />
<meta name="meta:image-count" content="1" />
<meta name="Image-Count" content="1" />
<meta name="nbCharacter" content="5256" />
<meta name="nbObject" content="0" />
<meta name="Content-Length" content="45058" />
<meta name="nbPage" content="3" />
<meta name="X-TIKA:digest:MD5" content="526aed4cc0a706a4e5b0650fdad9df23" />
<meta name="Object-Count" content="0" />
<meta name="nbWord" content="723" />
<meta name="Content-Type" content="application/vnd.oasis.opendocument.text" />
<meta name="X-Parsed-By" content="org.apache.tika.parser.DefaultParser" />
<meta name="X-Parsed-By" content="org.apache.tika.parser.odf.OpenDocumentParser" />
<meta name="meta:creation-date" content="2014-06-09T11:23:12.03" />
<meta name="meta:table-count" content="0" />
<meta name="Creation-Date" content="2014-06-09T11:23:12.03" />
<meta name="xmpTPg:NPages" content="3" />
<meta name="resourceName" content="62739007.odt" />
<meta name="Character Count" content="5256" />
<meta name="editing-cycles" content="32" />
<meta name="Page-Count" content="3" />
<meta name="tika:file_ext" content="odt" />
<meta name="nbTab" content="0" />
<meta name="meta:page-count" content="3" />
<title></title>
</head>
<body><p>Procedimento Preparatório n. 1.19.002.000013/2015-26</p>
<p />
<p />
<p />
<p><b>PROMOÇÃO DE ARQUIVAMENTO</b></p>
<p />
<ol><p><b>1.		</b>Trata-se de procedimento preparatório instaurado nesta Procuradoria da República no Município de Caxias/MA a partir de representação formulada pelos vereadores do Município de Timon/MA, Srs. José Carlos Fernandes de Assunção, Raimundo Pereira da Silva, José Uilma da Silva Resende, João Caldeira Neto, Celso Antônio Silva Lopes, Antônio Borges Pimentel Filho e Francisco de Morais Reis (fls. 03).</p>
</ol>
<p />
<ol><p><b>2.		</b>Os representantes aduzem diversas irregularidades praticadas por agentes de fiscalização que atuam na rodovia federal BR-316, perímetro do Município de Timon/MA, quais sejam: (a) diversos motoristas estariam sendo multados de forma desarrazoada ao trafegar no perímetro urbano da rodovia federal BR-316, prejudicando a economia do município; (b) as ondulações transversais (quebra-molas) existentes na altura do km 18 da rodovia, localizadas no Povoado Campo Grande, foram retiradas, causando risco de morte aos moradores, e; (c) há redutores de velocidade instalados no Povoado Campo Grande que não se encontram em funcionamento (fls. 03). </p>
</ol>
<p />
<p><b>3.		</b>Iniciadas as investigações, oficiou-se ao Departamento Nacional de Infraestrutura de Transportes – DNIT, e à Polícia Rodoviária Federal (fls. 06), sendo juntadas respostas (fls. 11/14 e 15/21, respectivamente). </p>
<p />
<p><b>4.		</b>Após, oficiou-se à Câmara de Vereadores do Município de Timon/MA, solicitando informações complementares (fls. 25), entretanto, não se obteve resposta.</p>
<ol><p />
</ol>
<p>5.		É o relatório.</p>
<p />
<p><b>6.		</b>Mediante análise dos elementos probatórios verifico a inexistência de fundamento para a adoção das medidas previstas no art. 4º da Resolução n. 87, de 06 de abril de 2010, do Conselho Superior do Ministério Público Federal. </p>
<p />
<p><b>7.		</b>Com efeito, constata-se dos autos<b> </b>a ausência de elementos probatórios que demonstrem a existências das irregularidades apontadas pelos representantes.</p>
<p />
<p><b>8.		</b>Sobre o suposto excesso de multa aos motoristas que trafegam no perímetro urbano da rodovia federal BR-316, altura do Município de Timon/MA, o DNIT e a Polícia Rodoviária Federal informaram a existência de alto índice de acidentes e morte naquele local, o que justifica a adoção de medidas para combater diversas irregularidades praticadas no referido trecho (fls. 15). Ressalte-se que o DNIT informou que, em audiência pública realizada, vereadores e representantes de cooperativas de transportes alternativos irregulares pleiteavam que a Polícia Rodoviária Federal deixasse de autuar infratores, ao fundamento de não existir estacionamento na localidade (fls. 12).</p>
<p />
<p><b>9.		</b>A seu turno, acerca da retirada das ondulações transversais que existiam no Povoado Campo Grande, o DNIT informou que trocou os quebra-molas por radares fixos, com velocidade limitada de 50km/h, em atenção ao disposto na Resolução n. 39/98 do Conselho Nacional de Trânsito - CONTRAN (fls. 12/13).</p>
<p />
<p><b>10.		</b>Por sua vez, em relação aos redutores de velocidade instalados no mesmo Povoado Campo Grande, e que não se encontrariam em funcionamento, o DNIT informou que atualmente todos se encontram em funcionamento e devidamente sinalizados (fls. 13/14). </p>
<p />
<p><b>11.		</b>Nessa senda, vale reiterar que o <b>MPF</b> oficiou à Câmara dos Vereadores do Município de Timon/MA, solicitando aos representantes elementos probatórios acerca dos fatos narrados na representação (fls. 25/26), entretanto, não se obteve resposta.</p>
<p />
<p><b>12.		</b>Desta forma, não havendo indícios de irregularidades, e considerando que o objeto deste procedimento encontra-se exaurido, promovo o <b>ARQUIVAMENTO</b> do presente expediente, nos termos do art. 17, <i>caput</i>, da Resolução n. 87, de 06 de abril de 2010, do Conselho Superior do Ministério Público Federal.</p>
<p />
<p><b>13.		</b>Comunique-se aos representante a presente promoção de arquivamento, nos termos do art. 17, § 1º da Resolução n. 87, de 06 de abril de 2010, do Conselho Superior do Ministério Público Federal.  </p>
<p />
<p><b>14.		</b>Comunique-se ao DNIT – Unidade Local de Caxias/MA, e à 3ª Delegacia de Polícia Rodoviária Federal a presente promoção de arquivamento, com cópia desta manifestação.</p>
<p />
<p>15.		Após, encaminhe-se os autos à 3ª CCR, para homologação ou deliberações que entender pertinentes, nos termos do art. 62, IV, da LC n. 75/93.</p>
<p />
<p>Caxias/MA, 22 de setembro de 2015.<b>  </b></p>
<p />
<p />
<p> <i>Andre Luis Castro Caselli</i></p>
<p> Procurador da República</p>
<p />
<p><b>MINISTÉRIO PÚBLICO FEDERAL</b></p>
<p><b>PROCURADORIA DA REPÚBLICA NO M</b>ARANHÃO</p>
<p><b>PROCURADORIA DA REPÚBLICA NO MUNICÍPIO D</b>E CAXIAS</p>
<p><b>2º OFÍCIO</b></p>
<p />
<p />
<p><b>Procuradoria da República no Município de </b>Caxias</p>
<p>Travessa São Benedito, n. 665, Centro, CEP 65600-270 - Tel: (99) 3421-4123 / 3421-1740 – Caxias/MA</p>
<p>G:\Publico\Minutas\1-PROCURADORES\Andre Caselli\2015\Extrajudicial\Civel\Arquivamento\017 SET IC 063 11 08 5CCR convenio enchente ausencia irreg.odt</p>
<p />
<p />
<p />
<p>MANIFESTAÇÃO N°   </p>
<p />
<p>M</p>
<p />
<p />
<p>MINISTÉRIO PÚBLICO FEDERAL</p>
<p><b>PROCURADORIA DA REPÚBLICA NO ESTADO DO AMAZONAS</b></p>
<p><b>GABINETE DO 1º OFÍCIO</b></p>
<p>Avenida da Amizade, nº 33, Brilhante. Fone/FAX: (97) 3412-2209. CEP 69.640-000. Tabatinga/AM</p>
<p />
<p>G:\Publico\Minutas\1-PROCURADORES\Andre Caselli\2015\Extrajudicial\Civel\Arquivamento\017 SET IC 063 11 08 5CCR convenio enchente ausencia irreg.odt   </p>
</body></html>