<?xml version="1.0" encoding="UTF-8"?>
<html xmlns="http://www.w3.org/1999/xhtml">
<head>
<meta name="date" content="2015-10-16T09:48:48.738000000" />
<meta name="meta:paragraph-count" content="33" />
<meta name="meta:word-count" content="884" />
<meta name="Table-Count" content="1" />
<meta name="tika_batch_fs:relative_path" content="63034024.odt" />
<meta name="generator" content="LibreOffice/4.3.7.2$Windows_x86 LibreOffice_project/8a35821d8636a03b8bf4e15b48f59794652c68ba" />
<meta name="Word-Count" content="884" />
<meta name="dcterms:created" content="2011-04-18T11:11:46.46" />
<meta name="dcterms:modified" content="2015-10-16T09:48:48.738000000" />
<meta name="Last-Modified" content="2015-10-16T09:48:48.738000000" />
<meta name="nbPara" content="33" />
<meta name="Last-Save-Date" content="2015-10-16T09:48:48.738000000" />
<meta name="meta:object-count" content="0" />
<meta name="meta:character-count" content="5822" />
<meta name="Paragraph-Count" content="33" />
<meta name="nbImg" content="3" />
<meta name="meta:save-date" content="2015-10-16T09:48:48.738000000" />
<meta name="Edit-Time" content="P1DT18H16S" />
<meta name="modified" content="2015-10-16T09:48:48.738000000" />
<meta name="meta:image-count" content="3" />
<meta name="Image-Count" content="3" />
<meta name="nbCharacter" content="5822" />
<meta name="nbObject" content="0" />
<meta name="Content-Length" content="568108" />
<meta name="nbPage" content="3" />
<meta name="X-TIKA:digest:MD5" content="28d9ab846145d481fb228f1992ebe4c2" />
<meta name="Object-Count" content="0" />
<meta name="nbWord" content="884" />
<meta name="Content-Type" content="application/vnd.oasis.opendocument.text" />
<meta name="X-Parsed-By" content="org.apache.tika.parser.DefaultParser" />
<meta name="X-Parsed-By" content="org.apache.tika.parser.odf.OpenDocumentParser" />
<meta name="meta:creation-date" content="2011-04-18T11:11:46.46" />
<meta name="meta:table-count" content="1" />
<meta name="Creation-Date" content="2011-04-18T11:11:46.46" />
<meta name="xmpTPg:NPages" content="3" />
<meta name="resourceName" content="63034024.odt" />
<meta name="Character Count" content="5822" />
<meta name="editing-cycles" content="263" />
<meta name="Page-Count" content="3" />
<meta name="tika:file_ext" content="odt" />
<meta name="nbTab" content="1" />
<meta name="meta:page-count" content="3" />
<title></title>
</head>
<body><p />
<p />
<p>  </p>
<p>  </p>
<p>(67) 3312-7200 - www.prms.mpf.mp.br</p>
<p>Av. Afonso Pena, 4444 - Vila Cidade, Campo Grande/MS - CEP 79020-907  </p>
<p />
<p>Ministério Público Federal</p>
<p>Procuradoria da República no Estado de Mato Grosso do Sul</p>
<p />
<p>  </p>
<p>  </p>
<p>(67) 3312-7200 - www.prms.mpf.mp.br</p>
<p>Av. Afonso Pena, 4444 - Vila Cidade, Campo Grande/MS - CEP 79020-907</p>
<table><tr>	<td><p><b>Inquérito Civil nº 1.</b>34.023.000067/2015-37</p>
</td></tr>
</table>
<p />
<p>ARQUIVAMENTO MPF/PRMS/GAB10 Nº 062/2015</p>
<p />
<p>O presente Inquérito Civil foi instaurado para “<i>Apurar possível violação aos princípios da publicidade e transparência em concursos para docentes realizados pela UFMS, tendo em vista a ausência de publicação oficial do demonstrativo analítico da pontuação das provas didática e de títulos.”</i></p>
<p />
<p>Com efeito, em representação formulada perante a Procuradoria da República no Município de São Carlos e posteriormente remetida a esta PR/MS (fl. 11-12), o candidato Daniel Fanta, inscrito no concurso para docente da Universidade Federal de Mato Grosso do Sul, regido pelo Edital PROGEP nº 084/2014-FUFMS, noticiou irregularidades na forma de divulgação do resultado do aludido concurso. </p>
<p />
<p>Como providência inicial, determinou-se a expedição de ofício à Pró-Reitoria de Gestão de Pessoas e do Trabalho da UFMS (fl. 16), que, em resposta, encaminhou o ofício e documentos de fls. 19-50.</p>
<p />
<p>Nos termos do Despacho de fls. 51-52, foram requisitadas novas informações à Pró-Reitoria de Gestão de Pessoas e do Trabalho da UFMS (fl. 54), a qual respondeu por meio do ofício e documentos de fls. 55-63.</p>
<p />
<p>Por relevante, encaminhou-se ao representante cópia dos documentos remetidos pela UFMS, a fim de que efetivamente pudesse tomar ciência sobre as razões que determinaram sua desclassificação e eliminação do certame (fl.75).</p>
<p />
<p>Dado o contexto, expediu-se a Recomendação nº 025/2015 à Universidade Federal da Mato Grosso do Sul (fl. 74).</p>
<p />
<p>Em atenção, a Reitoria da UFMS (fl.77), amparada em Comunicação Interna elaborada pela Coordenadoria de Desenvolvimento e Recrutamento/CDR/PROGEP (fl. 78), informou o acatamento, sem ressalvas, da recomendação ministerial.</p>
<p />
<p>É o relatório.</p>
<p />
<p>Instruídos os autos, apurou-se que a UFMS não estava conferindo publicidade e transparência aos resultados dos concursos para docentes por ela realizados, na medida em que apenas divulgava o demonstrativo analítico das notas obtidas pelos candidatos, após Sessão de Apuração de Resultado Final, exclusivamente por meio da afixação das respectivas atas na porta da sala de realização da prova de cada área.</p>
<p />
<p>Conforme destacado no Despacho de fls. 65-66, tal forma de divulgação, unicamente em Sessão Pública/Afixação de Edital em sala, sem publicação oficial, mostra-se potencialmente passível de impedir que os candidatos tomem conhecimento das notas obtidas em cada etapa do certame e, em sendo o caso, elaborem adequadamente um recurso, após divulgação do resultado final.</p>
<p> </p>
<p>No caso, exemplar a situação do candidato Daniel Fanta (representante), que, por não residir nesta Unidade Federativa, e possivelmente não ter comparecido à aludida Sessão de Apuração do Resultado Final, precisou recorrer à ouvidoria da UFMS, e posteriormente ao MPF, para conhecer sua pontuação obtida nas provas didática e de títulos e, bem assim, aferir as razões de sua eliminação do concurso.</p>
<p />
<p>Diante disso, este órgão ministerial expediu recomendação à UFMS, a fim de que, nos próximos concursos para docentes que vier a realizar, os editais contemplem previsão de que os<b> <u>demonstrativos analíticos</u></b> das notas atribuídas aos candidatos, em todas as provas realizadas, serão obrigatoriamente publicados junto às Atas Finais.</p>
<p />
<p>A UFMS, em compromisso instrumentalizado às fls. 77-78, assegurou que:</p>
<p />
<p>“adotará o procedimento de divulgação do quadro analítico de notas obtidas em cada etapa em veículo oficial, garantindo que os candidatos tomem conhecimento das notas obtidas por etapa e caso necessário for, possa impetrar o recurso devidamente fundamentado”.</p>
<p />
<p>Nesse cenário, nada mais há que justifique dar sobrevida ao Inquérito Civil, sobretudo em se considerando a possibilidade de sua reabertura, no prazo de 6 (seis) meses, ou de instauração de novo procedimento (artigo 12 da Resolução CNMP nº 23/2006), à vista de novos fatos.</p>
<p />
<p>Sobreleva consignar, por relevante, que o concurso em questão, regido pelo Edital PROGEP nº 84/2014, ofertou vagas para o cargo de docente da UFMS (fl.53) em diversas especialidades e, salvo a situação individual acerca da eliminação do candidato Daniel Fanta – devidamente esclarecida, conforme registrado no Despacho de fl. 51, – não apresentou indicativos de comprometimento de sua idoneidade e lisura, capazes de subsidiar eventual pleito judicial anulatório.</p>
<p />
<p>Do exposto, considerando que, de acordo com a convicção deste órgão ministerial, a atuação do MPF, na hipótese em exame, exauriu-se com a expedição e respectivo acatamento da Recomendação nº 025/2015, <b>PROMOVO O ARQUIVAMENTO </b>do presente Inquérito Civil, com fulcro no art. 9º, caput, da Lei 7.347/85 e no art. 17, caput, da Resolução CSMPF 87/2010, ao tempo em que determino as seguintes providências:</p>
<p />
<p>(1) Notificar o representante, a fim de cientificá-lo desta promoção de arquivamento, bem como da possibilidade de apresentar razões escritas ou documentos, que serão juntados aos autos, para apreciação, nos termos do §3º do artigo 17 da Resolução do Conselho Superior do Ministério Público Federal nº 87/2010 (art. 17º, § 3º) e art. 9°, § 2º, da Lei 7347/1985);</p>
<p />
<p><b>(2)</b> Publicar, nos moldes do art. 16, § 1º, I, da mesma Resolução, na área disponível para consulta no site da PR/MS;</p>
<p />
<p>(3) Encaminhar os autos 1ª Câmara de Coordenação e Revisão do MPF, para apreciação deste arquivamento, na forma do art. 9º, § 1º, da Lei n. 7.347/85 e do art. 17, § 2º, da Resolução n. 87/2010 do CSMPF. </p>
<p />
<p>Campo Grande/MS, 21 de Setembro de 2015.</p>
<p />
<p />
<p><b>ANALÍCIA ORTEGA HARTZ</b></p>
<p>Procuradora da República</p>
<p> 	PR-MS-00020912/2015</p>
</body></html>