<?xml version="1.0" encoding="UTF-8"?>
<html xmlns="http://www.w3.org/1999/xhtml">
<head>
<meta name="pdf:PDFVersion" content="1.4" />
<meta name="pdf:docinfo:title" content="EXCELENTÍSSIMO SENHOR JUIZ FEDERAL DA 5ª VARA DA SEÇÃO JUDICIÁRIA DO ESTADO DE GOIÁS" />
<meta name="xmp:CreatorTool" content="Writer" />
<meta name="access_permission:modify_annotations" content="true" />
<meta name="access_permission:can_print_degraded" content="true" />
<meta name="dc:creator" content="PRGO" />
<meta name="tika_batch_fs:relative_path" content="63246528.pdf" />
<meta name="language" content="pt-BR" />
<meta name="dcterms:created" content="2018-07-27T18:52:42Z" />
<meta name="dc:format" content="application/pdf; version=1.4" />
<meta name="pdf:docinfo:creator_tool" content="Writer" />
<meta name="access_permission:fill_in_form" content="true" />
<meta name="pdf:encrypted" content="false" />
<meta name="dc:title" content="EXCELENTÍSSIMO SENHOR JUIZ FEDERAL DA 5ª VARA DA SEÇÃO JUDICIÁRIA DO ESTADO DE GOIÁS" />
<meta name="Content-Length" content="142685" />
<meta name="X-TIKA:digest:MD5" content="3f95edf80bafb7b9fdc2b2546e1210cb" />
<meta name="Content-Type" content="application/pdf" />
<meta name="pdf:docinfo:creator" content="PRGO" />
<meta name="X-Parsed-By" content="org.apache.tika.parser.DefaultParser" />
<meta name="X-Parsed-By" content="org.apache.tika.parser.pdf.PDFParser" />
<meta name="creator" content="PRGO" />
<meta name="dc:language" content="pt-BR" />
<meta name="meta:author" content="PRGO" />
<meta name="meta:creation-date" content="2018-07-27T18:52:42Z" />
<meta name="created" content="Fri Jul 27 15:52:42 BRT 2018" />
<meta name="access_permission:extract_for_accessibility" content="true" />
<meta name="access_permission:assemble_document" content="true" />
<meta name="xmpTPg:NPages" content="2" />
<meta name="Creation-Date" content="2018-07-27T18:52:42Z" />
<meta name="resourceName" content="63246528.pdf" />
<meta name="access_permission:extract_content" content="true" />
<meta name="access_permission:can_print" content="true" />
<meta name="tika:file_ext" content="pdf" />
<meta name="Author" content="PRGO" />
<meta name="producer" content="LibreOffice 5.4" />
<meta name="access_permission:can_modify" content="true" />
<meta name="pdf:docinfo:producer" content="LibreOffice 5.4" />
<meta name="pdf:docinfo:created" content="2018-07-27T18:52:42Z" />
<title>EXCELENTÍSSIMO SENHOR JUIZ FEDERAL DA 5ª VARA DA SEÇÃO JUDICIÁRIA DO ESTADO DE GOIÁS</title>
</head>
<body><div class="page"><p />
<p>MINISTÉRIO PÚBLICO FEDERAL
PROCURADORIA DA REPÚBLICA EM GOIÁS
</p>
<p>2º OFÍCIO
</p>
<p>PROMOÇÃO DE ARQUIVAMENTO nº 762/2018
</p>
<p>Inquérito Civil n° 1.18.000.000320/2015-64
</p>
<p>Trata-se de inquérito civil público instaurado após decisão da
1ª  Câmara  de  Coordenação  e  Revisão  do  Ministério  Público  Federal  que  não
homologou a promoção de arquivamento de fls. 149/151 e determinou o retorno dos
autos à Procuradoria da República em Goiás “(…) para que - respeitado o princípio
da  independência  funcional  -  seja  esclarecido  para  qual  campus  os  candidatos
aprovados nominados pelo representante foram nomeados e,  caso tenha havido
reaproveitamento, seja indicado o ato e fundamento legal de tal modificação. Caso
seja verificado que houve transgressão à disposição do item 16.3 do edital 01/2014,
seja expedida recomendação e/ou ajuizada ação civil pública (...)” - fl. 186.
</p>
<p>Oficiado  o  Instituto  Federal  Goiano  (fl.191),  encaminhou  o
Memorando 292/2017/DGP/IF Goiano,  pelo  qual  informou,  à  fl.  194,  que  “(...)  o
candidato LORENZO MARTINS DE BRITO, foi  nomeado no Instituto  Federal  de
Educação, Ciência e Tecnologia Goiano – Campus Ceres, através da Portaria nº
265,  de  22  de  setembro  de  2014  (cópia  anexa),  os  candidatos  ALEXANDRE
FREIRE  DE  CARVALHO  e  LEANDTRO  CONCEIÇÃO  GONÇALVES,  foram
nomeados também no Instituto Federal de Educação, Ciência e Tecnologia Goiano
com lotação no Campus Ceres, através da Portaria nº 09, de 12 de janeiro de 2015
(cópia anexa)” - fl. 194.
</p>
<p>De fato, segundo as Portarias nº 265, de 22 de setembro de
2014, e nº 09, de 12 de janeiro de 2015, juntadas às fls. 204/205, os mencionados
candidatos foram lotados no Campus Ceres. 
</p>
<p>Assim  sendo,  não  foi  transgredido  o  item  16.3  do  edital
01/2014,  que  assim  estabelece:  “durante  o  prazo  de  validade  do  concurso,  o
candidato poderá ser aproveitado apenas para o campus para o qual foi aprovado,
observada a ordem de classificação”.
</p>
<p>Em face  do  exposto,  promovo arquivamento do  presente
inquérito civil nº 1.18.000.000320/2015-64, com fundamento no artigo 9º da Lei nº
7.347/1985 e no artigo 17, caput, da Resolução nº 87/2006, do Conselho Superior
do Ministério Público Federal.
</p>
<p>1</p>
<p />
</div>
<div class="page"><p />
<p>MINISTÉRIO PÚBLICO FEDERAL
PROCURADORIA DA REPÚBLICA DE GOIÁS
</p>
<p>Comunique-se  o  representante,  encaminhando-lhe  cópia  do
presente despacho, para ciência e apresentação, caso queira, de razões escritas ou
documentos, que serão juntados aos autos para apreciação, nos termos do disposto
no artigo 17, §§1º e 3º, da Resolução nº 87/2006 do Conselho Superior do Ministério
Público Federal.
</p>
<p>Encaminhem-se  os  autos  à  1ª  Câmara  de  Coordenação  e
Revisão  do  Ministério  Público  Federal,  para  apreciação  da  presente  promoção  de
arquivamento, conforme determina o artigo 2º, inciso V, da Resolução nº 164/2016 do
Conselho Superior do Ministério Público Federal.
</p>
<p>Goiânia, 27 de julho de 2018.
</p>
<p>MARCELLO SANTIAGO WOLFF
Procurador da República
</p>
<p>2</p>
<p />
</div>
</body></html>