<?xml version="1.0" encoding="UTF-8"?>
<html xmlns="http://www.w3.org/1999/xhtml">
<head>
<meta name="date" content="2015-09-17T13:55:08.44" />
<meta name="meta:paragraph-count" content="15" />
<meta name="meta:word-count" content="375" />
<meta name="Table-Count" content="0" />
<meta name="tika_batch_fs:relative_path" content="63252516.odt" />
<meta name="generator" content="OpenOffice/4.1.1$Win32 OpenOffice.org_project/411m6$Build-9775" />
<meta name="Word-Count" content="375" />
<meta name="dcterms:created" content="2007-01-25T12:58:36" />
<meta name="dcterms:modified" content="2015-09-17T13:55:08.44" />
<meta name="Last-Modified" content="2015-09-17T13:55:08.44" />
<meta name="nbPara" content="15" />
<meta name="Last-Save-Date" content="2015-09-17T13:55:08.44" />
<meta name="meta:object-count" content="0" />
<meta name="meta:character-count" content="2494" />
<meta name="Paragraph-Count" content="15" />
<meta name="nbImg" content="2" />
<meta name="meta:save-date" content="2015-09-17T13:55:08.44" />
<meta name="modified" content="2015-09-17T13:55:08.44" />
<meta name="Edit-Time" content="P4DT12M38S" />
<meta name="meta:image-count" content="2" />
<meta name="Image-Count" content="2" />
<meta name="nbCharacter" content="2494" />
<meta name="nbObject" content="0" />
<meta name="Content-Length" content="67661" />
<meta name="nbPage" content="2" />
<meta name="X-TIKA:digest:MD5" content="1863822f6bfcc628a97e7b72b33052fe" />
<meta name="Object-Count" content="0" />
<meta name="nbWord" content="375" />
<meta name="Content-Type" content="application/vnd.oasis.opendocument.text" />
<meta name="X-Parsed-By" content="org.apache.tika.parser.DefaultParser" />
<meta name="X-Parsed-By" content="org.apache.tika.parser.odf.OpenDocumentParser" />
<meta name="meta:creation-date" content="2007-01-25T12:58:36" />
<meta name="meta:table-count" content="0" />
<meta name="Creation-Date" content="2007-01-25T12:58:36" />
<meta name="xmpTPg:NPages" content="2" />
<meta name="resourceName" content="63252516.odt" />
<meta name="Character Count" content="2494" />
<meta name="editing-cycles" content="275" />
<meta name="Page-Count" content="2" />
<meta name="tika:file_ext" content="odt" />
<meta name="nbTab" content="0" />
<meta name="meta:page-count" content="2" />
<title></title>
</head>
<body><p><b>Inquérito Civil nº 1.17.000.000635/2015-49</b></p>
<p />
<p />
<p><b><u>ARQUIVAMENTO</u></b></p>
<p />
<p />
<p>		Trata-se de inquérito civil que teve origem em Ofício-Circular nº 23/2014, encaminhado pela Procuradoria da República de Goiás, noticiando o descumprimento de diversas regras e princípios atinentes ao Programa Minha Casa, Minha Vida - PMCMV, fato este que poderia se repetir nos demais Estados da Federação.  </p>
<p>		Em análise preliminar dos sítios eletrônicos dos Municípios da Grande Vitória, constatou-se que nenhum deles divulga a lista completa de inscritos no PMCMV, e as Prefeituras de Vitória e Vila Velha divulgam apenas a listagem dos candidatos contemplados da faixa I de renda (até três salários mínimos).</p>
<p>		Ocorre que o item 2.4 da Portaria nº 595/2013 – Programa Minha Casa, Minha Vida dispõe que o cadastro de beneficiários, contendo a identificação dos inscritos, deverá estar permanentemente disponível para consulta pela população, por meios físicos e eletrônicos, constando, inclusive, do sítio da Prefeitura na Internet. </p>
<p>		Tal dever é reforçado pelo artigo 37, <i>caput</i>, da Constituição Federal, que impõe à Administração Pública direta e indireta de qualquer dos Poderes dos entes federados a observância dos princípios da legalidade e publicidade, de  forma que os atos administrativos do PMCMV devem ser dotados da devida divulgação e publicidade.</p>
<p>		Diante disso, instaurou-se um inquérito para cada um dos municípios pertencentes à área de atuação desta Procuradoria da República, destinando-se o presente a investigar o cumprimento do dever de divulgação permanente do cadastro de candidatos a beneficiários do PMCMV pelo Município de Venda Nova do Imigrante.</p>
<p>		Instada a comprovar o atendimento da regra prevista  no item 2.4 da Portaria nº 595/2013 – Programa Minha Casa, Minha Vida, a Municipalidade esclareceu que não é diretamente atendida pelo PMCMV, mas apenas pelo Programa Nacional de Habitação Rural, cujo cadastro dos beneficiários encontra-se disponível no site oficial da Prefeitura (fl. 8).</p>
<p>		Sendo assim, por não ter o Município aderido ao Programa do Governo Federal, não há falar na exigência do item 2.4 da Portaria nº 595/2013 – Programa Minha Casa, Minha Vida. Ausentes irregularidades no presente caso, promovo o ARQUIVAMENTO do feito.</p>
<p>		Encaminhem-se os autos à 1ª Câmara de Coordenação e Revisão do Ministério Público Federal, para os fins homologatórios previstos no artigo 62, IV, da Lei Complementar n.º 75/93.</p>
<p>		</p>
<p>Vitória/ES, 17 de setembro 2015.</p>
<p />
<p />
<p><b>CARLOS VINICIUS SOARES CABELEIRA</b></p>
<p><b>Procurador da República</b></p>
<p />
<p />
<p />
<p />
<p />
<p />
<p />
<p />
<p />
</body></html>