<?xml version="1.0" encoding="UTF-8"?>
<html xmlns="http://www.w3.org/1999/xhtml">
<head>
<meta name="date" content="2016-01-10T17:40:05.24" />
<meta name="meta:paragraph-count" content="22" />
<meta name="meta:word-count" content="533" />
<meta name="Table-Count" content="0" />
<meta name="tika_batch_fs:relative_path" content="63366065.odt" />
<meta name="generator" content="BrOffice.org/3.2$Win32 OpenOffice.org_project/320m12$Build-9483" />
<meta name="Word-Count" content="533" />
<meta name="dcterms:created" content="2010-01-20T14:54:07.45" />
<meta name="language" content="pt-BR" />
<meta name="dcterms:modified" content="2016-01-10T17:40:05.24" />
<meta name="Last-Modified" content="2016-01-10T17:40:05.24" />
<meta name="nbPara" content="22" />
<meta name="Last-Save-Date" content="2016-01-10T17:40:05.24" />
<meta name="meta:object-count" content="0" />
<meta name="meta:character-count" content="3634" />
<meta name="Paragraph-Count" content="22" />
<meta name="nbImg" content="1" />
<meta name="meta:save-date" content="2016-01-10T17:40:05.24" />
<meta name="dc:title" content="MINISTÉRIO PÚBLICO FEDERAL" />
<meta name="Edit-Time" content="PT88H58M01S" />
<meta name="modified" content="2016-01-10T17:40:05.24" />
<meta name="meta:image-count" content="1" />
<meta name="Image-Count" content="1" />
<meta name="nbCharacter" content="3634" />
<meta name="nbObject" content="0" />
<meta name="Content-Length" content="34537" />
<meta name="nbPage" content="2" />
<meta name="X-TIKA:digest:MD5" content="be24f4095ff5f28a4c2141e0c3f004cc" />
<meta name="Object-Count" content="0" />
<meta name="nbWord" content="533" />
<meta name="Content-Type" content="application/vnd.oasis.opendocument.text" />
<meta name="X-Parsed-By" content="org.apache.tika.parser.DefaultParser" />
<meta name="X-Parsed-By" content="org.apache.tika.parser.odf.OpenDocumentParser" />
<meta name="dc:language" content="pt-BR" />
<meta name="meta:creation-date" content="2010-01-20T14:54:07.45" />
<meta name="meta:table-count" content="0" />
<meta name="Creation-Date" content="2010-01-20T14:54:07.45" />
<meta name="xmpTPg:NPages" content="2" />
<meta name="resourceName" content="63366065.odt" />
<meta name="Character Count" content="3634" />
<meta name="editing-cycles" content="158" />
<meta name="Page-Count" content="2" />
<meta name="tika:file_ext" content="odt" />
<meta name="nbTab" content="0" />
<meta name="meta:page-count" content="2" />
<title>MINISTÉRIO PÚBLICO FEDERAL</title>
</head>
<body><p><b>Inquérito Civil Público nº 1.17.003.000023/2015-26</b></p>
<p />
<p><b><u>PROMOÇÃO DE ARQUIVAMENTO</u></b></p>
<p> </p>
<p>Trata-se de Procedimento Administrativo de nº 1.17.003.000023/2015-26, instaurado com fito de apurar a lisura nos procedimentos de licitação e contratação de transporte escolar no Município de Jaguaré/ES, visando à prevenção de futuras irregularidades no uso de verbas públicas do Programa Nacional de Apoio ao Transporte Escolar – PNATE.</p>
<p />
<p>O presente procedimento teve origem a partir de elementos colhidos nos autos da Ação Civil Pública nº 0000032-48.2014.04.02.5003, a qual fora declinada competência para a Justiça Federal em São Mateus/ES, visto que esta apura irregularidades nas contratações de transporte escolar durante os anos de 2009 e 2010.</p>
<p />
<p>No despacho de fls. 14/15 dos presentes autos, como diligências inicial solicitou-se à Prefeitura do Município de Jaguaré, que informasse como se deu a contratação para prestação de serviços de transporte escolar no município no ano de 2015, encaminhando cópia do(s) contrato(s) firmado(s) e edital de licitação (se houver), indicando, ainda: (I) qual empresa, atualmente, presta o serviço de transporte escolar no município; (II) que modalidade de licitação foi utilizada na contratação; (III) se houve estudos dos preços praticados no mercado para fixação do preço máximo a ser cotado (com comprovação da pesquisa realizada); (IV) se houve previsão expressa da vedação de subcontratação ou arrendamento; (V) se houve detalhamento dos trechos a serem contratados, com especificação de suas respectivas quilometragens.</p>
<p />
<p>Em resposta às fls. 17/87, a Prefeitura de Jaguaré/ES informou, que a atual empresa prestadora de serviço de transporte escolar é a Jaguaré Transportes LTDA – ME, contratada por meio de Contrato de nº 000024/2015, acostado às fls. 62/72 dos presentes autos.</p>
<p />
<p>Dispôs que a modalidade de licitação para a contratação foi pregão presencial, conforme consta no Termo de Referência e Edital de Pregão Presencial nº 124/2015, constantes às fls. 19/49, e ainda, que houve estudos dos preços praticados no mercado, conforme Pedido de Compra Simples/Cotações/Orçamentos, conforme constata-se às fls. 73/86, bem como confirmou que houve previsão expressa da vedação de subcontratação ou arrendamento, conforme dispõe cláusula décima quarta – subcontratação, item 14.4 do Contrato nº 0024/2015 (fl. 71).</p>
<p />
<p>Informou ainda, que conforme Termo de Referência de forma detalhada houve na descrição e quantitativos consolidados a especificação dos trechos, bem como suas quilometragens, conforme verifica-se às fls. 25/28.</p>
<p />
<p>É o relatório.</p>
<p />
<p>Diante do exposto, verifica-se que não há quaisquer indícios de irregularidades no Procedimento Licitatório de Pregão Presencial nº 124/2015, realizado com fito de contratar serviço de transporte escolar no Município de Jaguaré/ES, visto que a documentação encaminhada a esta Procuradoria da República demonstra a regularidade na referida contratação.</p>
<p />
<p>Assim, não subsistindo motivos que justifiquem a continuidade do presente procedimento nem a tomada de qualquer medida judicial ou extrajudicial pelo MPF, promovo o <b>arquivamento</b> dos presentes autos, ad referendum da colenda 1ª Câmara de Coordenação e Revisão.</p>
<p />
<p>Remetam-se os autos, à 1ª CCR, no prazo de 3 (três) dias. Deixo de certificar representante, uma vez que houve instauração de ofício da investigação.</p>
<p />
<p />
<p>São Mateus, 10 de janeiro de 2016.</p>
<p />
<p />
<p><b>CAROLINA AUGUSTA DA ROCHA ROSADO</b></p>
<p>Procuradora da República</p>
<p />
<p />
<p />
<p />
<p>MINISTÉRIO PÚBLICO FEDERAL </p>
<p>Procuradoria da República em São Mateus – ES</p>
<p>APPM</p>
<p>Avenida Coronel Mateus Cunha, nº 327, Bairro Sernamby, São Mateus/ES, CEP 29930-510</p>
<p> Tel (27) 3312-1400. Fax (27) 3312-1422. E-mail: <a href="mailto:prmeu@prba.mpf.gov.br"><b>PRES-prmsm@mpf.mp.br</a></b></p>
</body></html>