<?xml version="1.0" encoding="UTF-8"?>
<html xmlns="http://www.w3.org/1999/xhtml">
<head>
<meta name="cp:revision" content="4" />
<meta name="date" content="2014-01-24T13:52:51Z" />
<meta name="Keywords" content="" />
<meta name="subject" content="" />
<meta name="dc:creator" content="Procuradoria da República-MG" />
<meta name="tika_batch_fs:relative_path" content="63494114.doc" />
<meta name="meta:print-date" content="2015-05-26T13:25:00Z" />
<meta name="dcterms:created" content="2004-06-02T16:52:00Z" />
<meta name="dcterms:modified" content="2014-01-24T13:52:51Z" />
<meta name="Last-Modified" content="2014-01-24T13:52:51Z" />
<meta name="Last-Save-Date" content="2014-01-24T13:52:51Z" />
<meta name="Template" content="" />
<meta name="meta:save-date" content="2014-01-24T13:52:51Z" />
<meta name="dc:title" content="MANDADO DE SEGURANÇA Nº 2001" />
<meta name="modified" content="2014-01-24T13:52:51Z" />
<meta name="Edit-Time" content="20670680000000" />
<meta name="cp:subject" content="" />
<meta name="Content-Length" content="91136" />
<meta name="X-TIKA:digest:MD5" content="53723672c58ec572d1e1f245bf6e98d6" />
<meta name="Content-Type" content="application/msword" />
<meta name="X-Parsed-By" content="org.apache.tika.parser.DefaultParser" />
<meta name="X-Parsed-By" content="org.apache.tika.parser.microsoft.OfficeParser" />
<meta name="creator" content="Procuradoria da República-MG" />
<meta name="meta:author" content="Procuradoria da República-MG" />
<meta name="dc:subject" content="" />
<meta name="meta:creation-date" content="2004-06-02T16:52:00Z" />
<meta name="Last-Printed" content="2015-05-26T13:25:00Z" />
<meta name="meta:last-author" content="" />
<meta name="Comments" content="" />
<meta name="Creation-Date" content="2004-06-02T16:52:00Z" />
<meta name="resourceName" content="63494114.doc" />
<meta name="Last-Author" content="" />
<meta name="w:comments" content="" />
<meta name="Revision-Number" content="4" />
<meta name="extended-properties:Template" content="" />
<meta name="tika:file_ext" content="doc" />
<meta name="meta:keyword" content="" />
<meta name="Author" content="Procuradoria da República-MG" />
<meta name="comment" content="" />
<title>MANDADO DE SEGURANÇA Nº 2001</title>
</head>
<body><div class="header"><p class="cabeçalho"><img src="embedded:image1.png" alt="image1.png" /></p>
<p class="cabeçalho"><b>MINISTÉRIO PÚBLICO FEDERAL</b></p>
<p class="cabeçalho"><b>PROCURADORIA DA REPÚBLICA EM MINAS GERAIS</b></p>
</div>
<p><b>IC 1.22.000.000417/2015-44.
</b></p>
<p><b><i><u>DECISÃO
</u></i></b></p>
<p class="corpo_de_texto_3">


1. Cuida-se de representação sigilosa a respeito de suposta ilegalidade no que tange à Universidade Federal de Minas Gerais, acerca de lotações, no Hospital Veterinário da instituição de ensino, de servidores aprovados no concurso para Auxiliar de Enfermagem.</p>
<p class="corpo_de_texto_3">


2. Aduziram os representantes que a atribuição de auxiliares de enfermagem é o contato com pacientes humanos, não com animais.</p>
<p class="corpo_de_texto_3">


3. A Pró-Reitoria de Recurso Humanos da UFMG prestou informações às fls. 104/110.
</p>
<p class="corpo_de_texto_3">


4. Também manifestaram-se nos autos o Conselho Regional de Medicina Veterinária - CRMV (fls. 114/115) e o Conselho Regional de Enfermagem - COREN (fl. 118).
</p>
<p class="corpo_de_texto_3">


5. Consta, ainda, que, no dia 11/02/2015, o Conselho Regional de Enfermagem realizou inspeção no Hospital Veterinário da UFMG, ocasião em que notificou os profissionais de enfermagem para que "<i>não pratiquem ou exerçam quaisquer atividades assistenciais diretas aos animais. Para delinear um limite claro para o cumprimento da presente notificação, determinamos que os profissionais da Enfermagem não poderão realizar qualquer contato direto com o animal em tratamento</i>" (v. fls. 119/120 e 121/131).</p>
<p class="corpo_de_texto_3">


6. Após, por meio do Of. nº 224/2015-GD, de 15 de maio de 2015, o Diretor da Escola de Veterinária da UFMG impugnou, no âmbito administrativo, o relatório da inspeção do COREN (fls. 134/144). Nas razões da impugnação, o Diretor alegou a impossibilidade do cumprimento <b>imediato</b> da notificação do COREN. Na oportunidade, disse ao COREN que "<i>a questão havia sido deliberada anteriormente por meio do Ofício Nº 07/2015-GD, datado de 14/01/2015, mediante o qual a Diretoria da Escola de Veterinária da UFMG havia informado estar providenciando todas as adequações possíveis para atendimento das orientações deste Conselho. Conforme já informado pelo mencionado Ofício a Pró-Reitoria de Recursos Humanos da UFMG vem adotando providências a fim de atender as orientações apresentadas por este Conselho, destacando-se as seguintes: a) contratação de Médicos Veterinários por meio de concurso público, regido pelo Edital nº 522 de 23 de dezembro de 2014, publicado no Diário Oficial da União nº 249, de 24 de dezembro de 2014 (inscrições até 23/03/2015 e provas em abril de 2015); b) treinamento e contratação de bolsistas de Medicina Veterinária; c) limitação das atividades que poderão ser executadas pelo corpo de enfermagem, de acordo com as orientações deste COREN-MG. Verifica-se, ainda, que por meio do mencionado ofício havia sido solicitado a este Conselho a ampliação do prazo para atendimento de suas orientações para, no mínimo, 6 meses</i>".
</p>
<p class="corpo_de_texto_3">


7. Posteriormente, foi encaminhado ofício ao Diretor da Escola de Veterinária da UFMG solicitando: a) que encaminhasse cópia do Ofício Nº 07/2015-GD, de 14/01/2015, da Escola de Veterinária, e encaminhasse, também, cópia do Ofício do COREN que foi respondido pelo Ofício Nº 07/2015-GD; b) que informasse o prazo previsto para o afastamento <b>total</b> dos profissionais de enfermagem (enfermeiros, técnicos de enfermagem e auxiliares de enfermagem) das funções que envolvam contato direto com animais em tratamento e, consequentemente, sua substituição por médicos veterinários no desempenho dessas funções e realocação dos profissionais de enfermagem para atribuições que lhes são próprias; c) que justificasse o prazo mencionado no item b em face das providências necessárias para o afastamento, substituição e realocação.</p>
<p class="corpo_de_texto_3">


8. A UFMG, por sua vez, encaminhou os ofícios solicitados e prestou os devidos esclarecimentos às fls. 148/152.</p>
<p class="corpo_de_texto_3">


9. É o sucinto relatório.</p>
<p class="corpo_de_texto_3">


10. A UFMG afirmou que a irregularidade objeto deste inquérito civil já foi sanada e todos os profissionais de enfermagem foram afastados das funções com o contato direto com animais e realocados em outras funções compatíveis com suas atribuições, nos seguintes termos (fl. 148):</p>
<p class="corpo_de_texto_3"><i>“Informamos que </i><b><i>todos</i></b><i> os profissionais de enfermagem (enfermeiros, técnicos de enfermagem e auxiliares de enfermagem) foram afastados das funções que envolvam contato direto com animais em tratamento, sendo realocados no desempenho de atribuições que lhes são próprias.”</i></p>
<p class="corpo_de_texto_3">


11. Ante o exposto, considerando-se que, no curso deste inquérito, o problema foi solucionado, conclui-se pela perda do objeto do feito, motivo pelo qual determino o arquivamento deste inquérito civil.
</p>
<p class="corpo_de_texto_3">


12. Tendo em vista que os representantes solicitaram sigilo sobre suas identidades, o Ministério Público Federal não pode requerer à UFMG o devido esclarecimento da situação em que os representantes se encontram, pois isso implicaria a revelação de suas identidades. Portanto, o sigilo da identidade dos representantes, por eles próprios solicitados, é incompatível com a apuração da situação individual de cada representante.</p>
<p class="corpo_de_texto_3">


13. Considerando que não consta dos autos o endereço residencial dos representantes, mas apenas seus endereços eletrônicos, encaminhe-se aos representantes, por email, cópia desta decisão de arquivamento. </p>
<p class="corpo_de_texto_3">


14. Ficam, então, os representantes cientificados de que, nos termos do art. 17, §§ 1º e 3º, da Resolução 87/2010 do Conselho Superior do Ministério Público Federal, poderão apresentar, caso queiram, no prazo de 15 (quinze) dias, razões escritas ou documentos, para a apreciação da 1ª Câmara de Coordenação e Revisão. <b>Caso os representantes queiram oferecer razões escritas ou documentos, deverão protocolizá-los na Procuradoria da República em Minas Gerais ou remetê-los fisicamente pela empresa de correios. Não serão recebidos razões escritas ou documentos enviados por email</b>. <b>Eventuais documentos anexados aos autos deverão ocultar os dados dos representantes. Igual cautela deverá ser adotada em relação a eventual manifestação por eles apresentadas.</b>

</p>
<p class="corpo_de_texto_3">


15. A comunicação aos representantes deverá ser acompanhada de cópias não somente desta decisão, mas também do documento de fl. 148.
</p>
<p class="corpo_de_texto_3">


16. Acautelem-se os autos em secretaria pelo prazo máximo de 30 dias, à espera de eventual manifestação dos representantes. Transcorrido este prazo, faça-se nova conclusão dos autos, para fim de exame da eventual manifestação dos representantes ou elaboração do ofício de encaminhamento do feito à 1ª Câmara de Coordenação e Revisão. </p>
<p>Belo Horizonte, 15 de setembro de 2015.</p>
<p class="título_6"><b><i>LAENE PEVIDOR LANÇA</i></b></p>
<p class="título_5"><b>                          PROCURADORA DA REPÚBLICA                           </b></p>
<div class="footer"><p class="rodapé">H:\Laene\TUTELA COLETIVA\DESPACHOS\PP 1.22.000.000417-2015-44\arquivamento UFMG veterinária enfermeiros (Andréa).doc                                                                        1</p>
</div>
<img src="embedded:image1.png" alt="image1.png" /></body></html>