<?xml version="1.0" encoding="UTF-8"?>
<html xmlns="http://www.w3.org/1999/xhtml">
<head>
<meta name="date" content="2016-02-12T16:04:47.72" />
<meta name="meta:paragraph-count" content="21" />
<meta name="meta:word-count" content="344" />
<meta name="Table-Count" content="0" />
<meta name="dc:creator" content="PGR PGR" />
<meta name="tika_batch_fs:relative_path" content="63672048.odt" />
<meta name="generator" content="BrOffice.org/3.2$Win32 OpenOffice.org_project/320m18$Build-9502" />
<meta name="Word-Count" content="344" />
<meta name="dcterms:created" content="2014-07-08T10:33:15.58" />
<meta name="dcterms:modified" content="2016-02-12T16:04:47.72" />
<meta name="Last-Modified" content="2016-02-12T16:04:47.72" />
<meta name="nbPara" content="21" />
<meta name="Last-Save-Date" content="2016-02-12T16:04:47.72" />
<meta name="meta:object-count" content="0" />
<meta name="meta:character-count" content="2312" />
<meta name="Paragraph-Count" content="21" />
<meta name="nbImg" content="3" />
<meta name="meta:save-date" content="2016-02-12T16:04:47.72" />
<meta name="Edit-Time" content="PT27H51M03S" />
<meta name="modified" content="2016-02-12T16:04:47.72" />
<meta name="meta:image-count" content="3" />
<meta name="Image-Count" content="3" />
<meta name="nbCharacter" content="2312" />
<meta name="nbObject" content="0" />
<meta name="Content-Length" content="117139" />
<meta name="nbPage" content="3" />
<meta name="X-TIKA:digest:MD5" content="cd4aa800e3c7ebc4d1d085815f9219dc" />
<meta name="Object-Count" content="0" />
<meta name="nbWord" content="344" />
<meta name="Content-Type" content="application/vnd.oasis.opendocument.text" />
<meta name="X-Parsed-By" content="org.apache.tika.parser.DefaultParser" />
<meta name="X-Parsed-By" content="org.apache.tika.parser.odf.OpenDocumentParser" />
<meta name="creator" content="PGR PGR" />
<meta name="meta:author" content="PGR PGR" />
<meta name="meta:creation-date" content="2014-07-08T10:33:15.58" />
<meta name="meta:table-count" content="0" />
<meta name="Creation-Date" content="2014-07-08T10:33:15.58" />
<meta name="xmpTPg:NPages" content="3" />
<meta name="resourceName" content="63672048.odt" />
<meta name="Character Count" content="2312" />
<meta name="editing-cycles" content="105" />
<meta name="Page-Count" content="3" />
<meta name="tika:file_ext" content="odt" />
<meta name="Author" content="PGR PGR" />
<meta name="nbTab" content="0" />
<meta name="meta:page-count" content="3" />
<title></title>
</head>
<body><h6>IC nº 1.36.002.000031/2015-27</h6>
<p />
<h6>PROMOÇÃO DE ARQUIVAMENTO</h6>
<p />
<p>                                                        Trata-se de Inquérito Civil instaurado a partir de expediente encaminhado pelo Ministério Público do Estado do Tocantins, visando apurar possíveis irregularidades no programa “Luz para Todos” em Araguaçu/TO, consistentes na ausência de acesso à energia elétrica em favor da população rural daquela municipalidade.</p>
<p>Em síntese, consta do aludido petitório que apesar do cadastramento de famílias rurais no programa para instalação de energia elétrica, não houve a execução dos trabalhos necessários para a sua implementação, gerando, com isso, transtornos e prejuízos à população local. </p>
<p>Durante o transcurso do processado foram empreendidos diversos atos instrutórios, quais sejam: (a) expedição de ofícios ao Diretor do Departamento de Políticas Sociais e Universalização do Acesso à Energia no Ministério de Minas de Energia (Secretaria de Energia Elétrica); (b) à Controladoria Geral da União no Estado do Tocantins e à empresa ENERGISA; (c) juntada das declarações do lavrador Eleonor Vieira da Cruz e; (d) requisição ministerial direcionada à CELTINS (hoje ENERGISA).</p>
<p>Em atendimento à requisição ministerial, o Sr. Aurélio Pavão de Farias, Diretor do Departamento de Políticas Sociais e Universalização do Acesso à Energia, esclareceu que, segundo informações oriundas da Concessionária Energisa (fl. 36), <b>os consumidores demandantes foram atendidos, com exceção do Sr. José Orlando de Jesus, o qual desistiu do pleito. </b></p>
<p>Sendo assim, diante da perda do objeto perquirido no presente expediente, o MINISTÉRIO PÚBLICO FEDERAL promove o <b><u>arquivamento</u></b> deste Inquérito Civil. </p>
<p>Notifiquem-se os interessados sobre a presente promoção, podendo eles apresentar suas razões de irresignação, por escrito, no prazo de 10 (dez) dias.</p>
<p>Submetam os autos à elevada análise da 1ª Câmara de Coordenação e Revisão, para fins de controle.</p>
<p>Após, em sendo caso, arquivem-se.</p>
<p />
<p> Gurupi/TO, 11 de fevereiro de 2016.</p>
<p />
<p />
<p />
<p><b>WALTER JOSÉ MATHIAS JUNIOR</b></p>
<p>Procurador da República</p>
<p />
<p />
<p />
<p />
<p />
<p><b>MINISTÉRIO PÚBLICO FEDERAL</b></p>
<p>Procuradoria da República no Município de Gurupi    </p>
<p>    </p>
<p><b>PROCURADORIA DA REPÚBLICA NO MUNICÍPIO DE GURUPI / TO</b></p>
<p>Rua Deputado José de Assis ( Rua 10 ), nº.1531, Quadra 17, Lote 16A </p>
<p>Centro, Gurupi / TO, CEP: 77405-160, tel (63) 3312-0706</p>
<p />
<p />
<p />
<p />
<p />
<p><b>MINISTÉRIO PÚBLICO FEDERAL</b></p>
<p>Procuradoria da República no Município de Gurupi</p>
<p>    </p>
<p />
<p />
<p />
</body></html>