<?xml version="1.0" encoding="UTF-8"?>
<html xmlns="http://www.w3.org/1999/xhtml">
<head>
<meta name="date" content="2015-05-20T17:08:11.64" />
<meta name="meta:paragraph-count" content="20" />
<meta name="meta:word-count" content="348" />
<meta name="Table-Count" content="0" />
<meta name="tika_batch_fs:relative_path" content="63723285.odt" />
<meta name="generator" content="BrOffice/3.3$Win32 LibreOffice_project/330m19$Build-401" />
<meta name="Word-Count" content="348" />
<meta name="dcterms:created" content="2012-06-05T22:23:32" />
<meta name="dcterms:modified" content="2015-05-20T17:08:11.64" />
<meta name="Last-Modified" content="2015-05-20T17:08:11.64" />
<meta name="nbPara" content="20" />
<meta name="Last-Save-Date" content="2015-05-20T17:08:11.64" />
<meta name="meta:object-count" content="0" />
<meta name="meta:character-count" content="2342" />
<meta name="Paragraph-Count" content="20" />
<meta name="nbImg" content="1" />
<meta name="meta:save-date" content="2015-05-20T17:08:11.64" />
<meta name="modified" content="2015-05-20T17:08:11.64" />
<meta name="Edit-Time" content="P1DT4H50M51S" />
<meta name="meta:image-count" content="1" />
<meta name="Image-Count" content="1" />
<meta name="nbCharacter" content="2342" />
<meta name="nbObject" content="0" />
<meta name="Content-Length" content="46379" />
<meta name="nbPage" content="2" />
<meta name="X-TIKA:digest:MD5" content="3ee63f54b0fc0ad5b05fbe063edaf50c" />
<meta name="Object-Count" content="0" />
<meta name="nbWord" content="348" />
<meta name="Content-Type" content="application/vnd.oasis.opendocument.text" />
<meta name="X-Parsed-By" content="org.apache.tika.parser.DefaultParser" />
<meta name="X-Parsed-By" content="org.apache.tika.parser.odf.OpenDocumentParser" />
<meta name="meta:creation-date" content="2012-06-05T22:23:32" />
<meta name="meta:table-count" content="0" />
<meta name="Creation-Date" content="2012-06-05T22:23:32" />
<meta name="xmpTPg:NPages" content="2" />
<meta name="resourceName" content="63723285.odt" />
<meta name="Character Count" content="2342" />
<meta name="editing-cycles" content="176" />
<meta name="Page-Count" content="2" />
<meta name="tika:file_ext" content="odt" />
<meta name="nbTab" content="0" />
<meta name="meta:page-count" content="2" />
<title></title>
</head>
<body><p />
<p><b><u>PROCEDIMENTO PREPARATÓRIO  nº 1.19.001.000104/2015-71</u></b></p>
<p />
<p />
<p><b><u>				PROMOÇÃO DE ARQUIVAMENTO</u></b></p>
<p />
<p>		O presente Procedimento Preparatório foi instaurado com o objetivo de apurar as supostas irregularidades apontadas pelo Sr. Geordônio Noleto Araújo às fls. 04, quanto a sistemática de atendimento de interessados na obtenção de seguro desemprego na sede da representação do Ministério do Trabalho e Emprego em Imperatriz.</p>
<p>		Segundo afirmou o representado: (1) o horário de atendimento  (07:30hs às 13:00 hs), seria insuficiente; (2) apenas 60 pessoas seriam atendidas diariamente; (3) haveria necessidade de agendamento para atendimento; (4) haveria venda de vagas na fila de atendimento.</p>
<p>		Oficiado, o chefe da representação do Ministério do Trabalho e Emprego em Imperatriz informou que: (1) o atendimento ocorre entre às 07:00 hs e às 19:00hs, diariamente; (2) a representação do MTE tem capacidade para atender 100 pessoas por dia; (3) o MTE não se utiliza de nenhum sistema de agendamento para atendimento, mas de filas por ordem de chegada; (4) que desde a cessação do emprego do sistema de senhas para atendimento, não mais ocorreu nenhum caso de “venda” de vagas.</p>
<p>		O contraste de tais informações com o teor da representação demonstra que os fatos noticiados pelo representante não são compatíveis com a realidade. Ademais, indicam que a representação do Ministério do Trabalho e Emprego em Imperatriz funciona de forma satisfatória. </p>
<p>		Assim, desnecessária é qualquer atuação ministerial.</p>
<p>Ante o exposto, promovo o <b>ARQUIVAMENTO</b> do presente Procedimento Preparatório e determino as seguintes providências: </p>
<p />
<ol>	<li><ul>	<li><ul>	<li><ul>	<li><ul>	<li><p>Oficie-se o representante, dando-lhe notícia do presente arquivamento, nos termos e para os fins dos §§ 1º e 3º do artigo 17 da Resolução CSMPF  nº 87/2010;</p>
<p />
</li>
	<li><p>Remetam-se<b> </b>os autos à Egrégia 1ª Câmara de Coordenação e Revisão do MPF, no prazo estipulado no § 2º do art. 17 da Resolução CSMPF nº 87, de 2006, para o exercício de sua atribuição revisional. </p>
</li>
</ol>
</li>
</ul>
</li>
</ul>
</li>
</ul>
</li>
</ul>
<ol><p />
<p> 		</p>
</ol>
<p>Imperatriz, 20 de maio de 2015.</p>
<p />
<p />
<p><b><i>GUILHERME GARCIA VIRGÍLIO</i></b></p>
<p>Procurador da República</p>
<p><b>Procuradoria da República no Município de Imperatriz/MA  Página  de </b></p>
<p />
<p />
<p />
<p />
<p />
<p />
<p><b>MINISTÉRIO PÚBLICO FEDERAL</b></p>
<p><b>PROCURADORIA DA REPÚBLICA NO MUNICÍPIO DE IMPERATRIZ/MA</b></p>
<p> Rua Rafael de Almeida Ribeiro, 750, Bairro Bacuri, CEP: 65.916-900</p>
<p>Telefax: (99) 3529-7310-  Email: <a href="mailto:prmiptz@prma.mpf.mp.br">prmiptz@prma.mpf.mp.br</a></p>
<p />
</body></html>