<?xml version="1.0" encoding="UTF-8"?>
<html xmlns="http://www.w3.org/1999/xhtml">
<head>
<meta name="date" content="2015-10-27T14:58:53.69" />
<meta name="meta:paragraph-count" content="24" />
<meta name="meta:word-count" content="812" />
<meta name="Table-Count" content="0" />
<meta name="tika_batch_fs:relative_path" content="63855823.odt" />
<meta name="generator" content="OpenOffice/4.0.1$Win32 OpenOffice.org_project/401m5$Build-9714" />
<meta name="Word-Count" content="812" />
<meta name="dcterms:created" content="2014-09-04T17:07:19.88" />
<meta name="dcterms:modified" content="2015-10-27T14:58:53.69" />
<meta name="Last-Modified" content="2015-10-27T14:58:53.69" />
<meta name="nbPara" content="24" />
<meta name="Last-Save-Date" content="2015-10-27T14:58:53.69" />
<meta name="meta:object-count" content="0" />
<meta name="meta:character-count" content="5987" />
<meta name="Paragraph-Count" content="24" />
<meta name="nbImg" content="2" />
<meta name="meta:save-date" content="2015-10-27T14:58:53.69" />
<meta name="modified" content="2015-10-27T14:58:53.69" />
<meta name="Edit-Time" content="PT19H9M27S" />
<meta name="meta:image-count" content="2" />
<meta name="Image-Count" content="2" />
<meta name="nbCharacter" content="5987" />
<meta name="nbObject" content="0" />
<meta name="Content-Length" content="122563" />
<meta name="nbPage" content="3" />
<meta name="X-TIKA:digest:MD5" content="ac24d50e5a623e8c5cc9d84ea27d4a41" />
<meta name="Object-Count" content="0" />
<meta name="nbWord" content="812" />
<meta name="Content-Type" content="application/vnd.oasis.opendocument.text" />
<meta name="X-Parsed-By" content="org.apache.tika.parser.DefaultParser" />
<meta name="X-Parsed-By" content="org.apache.tika.parser.odf.OpenDocumentParser" />
<meta name="meta:creation-date" content="2014-09-04T17:07:19.88" />
<meta name="meta:table-count" content="0" />
<meta name="Creation-Date" content="2014-09-04T17:07:19.88" />
<meta name="xmpTPg:NPages" content="3" />
<meta name="resourceName" content="63855823.odt" />
<meta name="Character Count" content="5987" />
<meta name="editing-cycles" content="62" />
<meta name="Page-Count" content="3" />
<meta name="tika:file_ext" content="odt" />
<meta name="nbTab" content="0" />
<meta name="meta:page-count" content="3" />
<title></title>
</head>
<body><p>EGRÉGIA 1ª CÂMARA DE COORDENAÇÃO E REVISÃO DO MINISTÉRIO PÚBLICO FEDERAL,</p>
<p />
<p>Procedimento Preparatório nº 1.24.002.000091/2015-61</p>
<p>Promoção de Arquivamento nº__________/2015/MPF/PRM/Sousa/PB/GAB-DGF</p>
<p />
<p />
<p><b>PROMOÇÃO DE ARQUIVAMENTO</b></p>
<p />
<p />
<p>Trata-se de procedimento preparatório instaurado para apurar supostas irregularidades na omissão, por parte da Prefeitura de Brejo Cruz-PB, quanto ao cumprimento do disposto na Lei nº 12.994/2014, que fixa o piso salarial da categoria dos Agentes de Combate as Endemias.</p>
<p>A representação foi encaminhada através do Portal do Cidadão, por Ricardo Fernandes Beserra, noticiando suposto descumprimento do § 1º do artigo 9º-A da Lei nº 11.350/2006 (recentemente incluído pela Lei nº 12.994/2014), por parte dos gestores municipais daquele município.</p>
<p>Como diligência inicial, foi determinada a expedição de ofício, fl. 07, ao Município de Brejo Cruz-PB, requisitando informações sobre cumprimento do piso salarial dos Agentes Comunitários de Saúde e dos Agente de Combate ás Endemias, como também sobre o cumprimento da prestação de assistência financeira complementar por parte da União, nos termos do artigo 9ºC da Lei nº 11.350/2006, como também foi determinada a expedição de ofício ao Ministério da Saúde, requisitando informações sobre o cumprimento da obrigação de prestar assistência financeira complementar em relação ao município de Brejo do Cruz-PB, nos termos do referido artigo.</p>
<p>Em resposta, fl. 12, a Prefeitura Municipal de Brejo Cruz-PB informou que a norma Federal (art. 9-C) disciplina ser de competência da União a prestação de assistência financeira ao efetivo cumprimento do piso salarial, entretanto, no mesmo artigo, em seu § 1º, determina ao Poder Executivo Federal a fixação, através de decreto, dos parâmetros para a implementação da assistência financeira complementar. Narrou, ainda, que os recursos que advém do Poder Executivo Federal permaneciam na forma anterior à supracitada Lei, tendo em vista que não foram publicadas as regulamentações mencionadas, ao qual possibilitaria o cumprimento eficaz da norma.</p>
<p>A Prefeitura Municipal de Brejo Cruz-PB, relatou também que não existia recurso novo para abarcar a <i>“ assistência financeira complementar aos Estados, ao Distrito Federal e aos Municípios”</i>, sobretudo porque os repasses do incentivo aos agentes comunitários de saúde são realizados na forma tratada na Portaria GM 314 de 28 de fevereiro de 2014, bem como que os repasses aos destinados aos agentes de combate às endemias permaneciam atrelados ao recurso total disponibilizado para o custeio das ações de vigilância em saúde, trazida pela Portaria nº 1378/2013.</p>
<p>O Ministério da Saúde, em resposta a solicitação, fls. 70-76, encaminhou uma Nota Técnica conjunta da Secretaria de Atenção à Saúde – Departamento de Atenção Básica,  juntamente com a Secretaria de Vigilância em Saúde, o qual presta esclarecimentos sobre a atualização do cadastro dos profissionais Agente Comunitário de Saúde (ACS) e Agente de Combate às Endemias (ACE) no Sistema de Cadastro Nacional de Estabelecimento de Saúde-SCNES.</p>
<p>Segundo essa nota técnica, a Lei nº 11.350/2006 estabeleceu a obrigação da União verificar o tipo de vínculo de trabalho desses profissionais. Para efetivar a nova regra, o SCNES seria utilizado como fonte de informação do tipo de vínculo desses profissionais, e que para tanto foi necessário realizar aprimoramentos no referido sistema: 1) Revisão da Tabela de Vínculos (Portaria nº 121, de 11 de fevereiro de 2015); 2) Inclusão da ocupação Agente de Combate às Endemias (ACE) no Cadastro Brasileiro de Ocupações (Portaria nº 165 de 25 de fevereiro de 2015). Assim, caberia aos gestores municipais fazer esse cadastramento.</p>
<p>No despacho de fls. 80, foi determinado a expedição de recomendação à Prefeitura Municipal de Brejo Cruz-PB, visando cadastrar os Agentes de Combates a Endemias (ACE) no Sistema de Cadastra Nacional de Estabelecimento de Saúde (SCNES), possibilitando assim a prestação de assistência financeira complementar ao município de Brejo do Cruz-PB para o pagamento do piso salarial à categoria.</p>
<p>Em resposta, fls. 99-110, à Prefeitura Municipal de Brejo Cruz-PB, informou que  procedeu com a realização do cadastramento dos Agentes de Combates a Endemias (ACE) no Sistema de Cadastra Nacional de Estabelecimento de Saúde (SCNES), possibilitando, assim, a prestação de assistência financeira complementar ao município de Brejo do Cruz-PB.</p>
<p>Conclui-se, portanto, haver esgotamento do objeto da presente demanda, bem como inexistência de justa causa para proposição de ação cabível, não restando outra alternativa, a não ser proceder ao arquivamento do feito.</p>
<p>Portanto, com fulcro no art. 9º, §§ 1º e 3º, da Lei nº 7.347/85, c/c art. 62, inc. IV, da Lei Complementar nº 75/93, regulamentado pelo art. 6º, inc. IV e § 1º, da Resolução nº 20/96 do Conselho Superior do Ministério Público Federal, tendo em vista a ausência de irregularidades, <b>submeto a presente Promoção de Arquivamento para exame, deliberação e, se for o caso, homologação por parte desse órgão revisor</b>.</p>
<p>Oficie-se ao interessado, a fim de dar ciência deste arquivamento.</p>
<p>Sousa, 27 de outubro de 2015.</p>
<p />
<p><i>DJALMA GUSMÃO FEITOSA</i></p>
<p><i>Procurador da República   </i></p>
<p />
<p />
<p />
<p />
<p><b>MINISTÉRIO PÚBLICO FEDERAL</b></p>
<p><b>PROCURADORIA DA REPÚBLICA NO MUNICÍPIO DE SOUSA/PB</b></p>
<p>Rua Francisco Vieira da Costa, s/n, Maria Raquel Gadelha</p>
<p>CEP 58804-725 – Sousa - PB </p>
<p>Tel. (83) 3522-3977 – Fax: (83) 3522-3302 – prpb-coor-ss@mpf.mp.br</p>
</body></html>