<?xml version="1.0" encoding="UTF-8"?>
<html xmlns="http://www.w3.org/1999/xhtml">
<head>
<meta name="date" content="2015-07-18T18:27:48.27" />
<meta name="meta:paragraph-count" content="25" />
<meta name="meta:word-count" content="764" />
<meta name="Table-Count" content="0" />
<meta name="tika_batch_fs:relative_path" content="63994152.odt" />
<meta name="generator" content="LibreOffice/3.6$Windows_x86 LibreOffice_project/e29a214-2bbed72-0621de6-a97528c-8f066d" />
<meta name="Word-Count" content="764" />
<meta name="dcterms:created" content="2014-10-07T19:36:38.36" />
<meta name="dcterms:modified" content="2015-07-18T18:27:48.27" />
<meta name="Last-Modified" content="2015-07-18T18:27:48.27" />
<meta name="nbPara" content="25" />
<meta name="Last-Save-Date" content="2015-07-18T18:27:48.27" />
<meta name="meta:object-count" content="0" />
<meta name="meta:character-count" content="5064" />
<meta name="Paragraph-Count" content="25" />
<meta name="nbImg" content="1" />
<meta name="meta:save-date" content="2015-07-18T18:27:48.27" />
<meta name="modified" content="2015-07-18T18:27:48.27" />
<meta name="Edit-Time" content="PT21H9M5S" />
<meta name="meta:image-count" content="1" />
<meta name="Image-Count" content="1" />
<meta name="nbCharacter" content="5064" />
<meta name="nbObject" content="0" />
<meta name="Content-Length" content="48147" />
<meta name="nbPage" content="3" />
<meta name="X-TIKA:digest:MD5" content="c43eefe340da74fdc3c49a24d3b79cda" />
<meta name="Object-Count" content="0" />
<meta name="nbWord" content="764" />
<meta name="Content-Type" content="application/vnd.oasis.opendocument.text" />
<meta name="X-Parsed-By" content="org.apache.tika.parser.DefaultParser" />
<meta name="X-Parsed-By" content="org.apache.tika.parser.odf.OpenDocumentParser" />
<meta name="meta:creation-date" content="2014-10-07T19:36:38.36" />
<meta name="meta:table-count" content="0" />
<meta name="Creation-Date" content="2014-10-07T19:36:38.36" />
<meta name="xmpTPg:NPages" content="3" />
<meta name="resourceName" content="63994152.odt" />
<meta name="Character Count" content="5064" />
<meta name="editing-cycles" content="57" />
<meta name="Page-Count" content="3" />
<meta name="tika:file_ext" content="odt" />
<meta name="nbTab" content="0" />
<meta name="meta:page-count" content="3" />
<title></title>
</head>
<body><p />
<p>PROCEDIMENTO PREPARATÓRIO Nº 1.19.001.000152/2015-60</p>
<p />
<p />
<p />
<p><b><u>PROMOÇÃO DE ARQUIVAMENTO</u></b></p>
<p />
<p />
<p />
<p>Trata-se de Procedimento Preparatório instaurado a partir do recebimento nesta unidade ministerial da denúncia de fl. 06, no qual, EDWALDO COSTA aduz, em síntese, a ocorrência de irregularidades em concurso público realizado pela UFMA para o cargo de professor do curso de Jornalismo.</p>
<p />
<p>Dentre as irregularidades apontadas: a) não teria havido em nenhuma etapa do concurso público a solicitação de documentos pessoais com foto para aferir a real identidade dos participantes; b) descumprimento de horários para o início das provas; c) banca examinadora composta por pessoas de outras áreas que não Comunicação Social.</p>
<p />
<p>Requisitadas documentos pertinentes, a UFMA apresentou-os às fls. 09-57.</p>
<p />
<p>É o breve relatório.</p>
<p />
<p>Percebe-se, de início, o equívoco da numeração do edital referido pelo denunciante, porquanto o concurso público destinado ao preenchimento de uma vaga de professor assistente  para a área de produção de telejornalismo foi deflagrado por meio do Edital PROEN nº 299/2014.</p>
<p />
<p>Nesse sentido, torna-se possível constatar que a exigência de titulação prevista para o cargo indicava: Mestrado em Comunicação Social ou Ciência da Informação ou Educação ou Letras ou Jornalismo ou História ou Geografia ou Ciências Sociais ou Multimídia ou Artes ou Cinema ou Antropologia Visual ou Linguagens (fls. 61-62). Igualmente, a UFMA anexou o e-mail encaminhado pelo Coordenador do Centro de Ciências Sociais, Saúde e Tecnologia – CCSST à fl. 42, que indicava o perfil da contratação nos termos da titulação exigida.</p>
<p />
<p>Assim, e especialmente considerado o pluralismo de formações no exercício da profissão de jornalista, tal qual consagrado pelo Supremo Tribunal Federal no RE nº 511.961 - que julgou inconstitucional a exigência de diploma para o exercício do jornalismo - não vislumbro qualquer óbice à composição de banca examinadora em áreas relacionadas às diferentes titulações exigidas para o cargo, ainda que não especificamente de Comunicação Social, especialmente quando observada a forma de composição prevista no Capítulo III da Resolução nº 120-CONSUN (fls. 16-17 e 45).</p>
<p />
<p>Por outro lado, sabe-se até mesmo por experiência pessoal que atrasos em inícios de provas de concursos públicos é, ainda que indesejável, algo inerente a rotina de candidatos – circunstância essa que não tem o condão de representar nada mais que mero aborrecimento, incapaz, pois, de macular a validade do certame.</p>
<p />
<p>Por fim, quanto à suposta falta de verificação de identidade pessoal, não vislumbro existência de mínimos indícios quanto à existência dessa irregularidade que justifiquem a conversão do presente procedimento em Inquérito Civil. Explico.</p>
<p />
<p>De início, diferentemente do que narra o denunciante que aponta não ter havido qualquer prévia identificação de candidatos, verifica-se, pelo item II, do edital de fls. 58-62, que para solicitar a pré-inscrição no concurso público se fazia necessária a apresentação de documento de identidade válido com fotografia. Em segundo lugar, causa estranheza que o candidato impugnante, vivenciando tal irregularidade, não tenha tempestivamente consignado tal fato na ata de prova, deixando para fazê-lo tão somente após sua reprovação no certame.</p>
<p />
<p>Some-se a isso que, uma vez realizada a pré-inscrição, e contando o concurso público com o total de apenas 10 candidatos presentes na primeira prova do certame (fl. 47), não seria de todo irrazoável que os fiscais de prova já pudessem aferir a identidade dos candidatos mediante comparação entre suas fisionomias e as fotos constantes nas fichas de inscrição.</p>
<p />
<p>Com o devido respeito, a denúncia formulada, até mesmo pelo teor dos outros fatos narrados, parece se enquadrar muito mais como uma manifestação de irresignação do candidato com o resultado do concurso do que propriamente com a existência de causas de nulidade do mesmo. Isso porque foi ele o único aluno a ter nota zerada no resultado final (fl. 50).</p>
<p />
<p>Por tais motivos, <b>promovo o arquivamento </b>do presente procedimento, determinando-se:</p>
<p />
<p>1. O encaminhamento dos presentes autos, no prazo de 03 dias, à 1ª Câmara de Coordenação e Revisão para homologar ou rejeitar a presente promoção (art. 17, §§2º e 3º da Resolução CSMPF nº 87/2010;</p>
<p />
<p>2. Antes do encaminhamento, que seja providenciado, em cumprimento ao artigo 17, §1º, da Resolução CSMPF nº 87/2010, ciência do(s) cidadão(s) representante(s), <u>identificado seu endereço eletrônico à fl. 06,</u> da presente promoção de arquivamento, encaminhando-lhe(s) cópia integral desta via assinada. Por ocasião da referida ciência, o interessado deverá ser informado que, até que seja rejeitada ou homologada esta promoção pela Câmara de Coordenação e Revisão, poderá apresentar razões escritas ou documentos que entender pertinentes.</p>
<p />
<p>Imperatriz, 18 de julho de 2015.</p>
<p />
<p>Pedro Melo Pouchain Ribeiro</p>
<p>Procurador da República</p>
<p />
<p><b>MINISTÉRIO PÚBLICO FEDERAL</b></p>
<p><b>PROCURADORIA DA REPÚBLICA NO MUNICÍPIO DE IMPERATRIZ/MA</b></p>
<p> Rua Rafael de Almeida Ribeiro, 750 - Bairro Bacuri - CEP: 65.916-900. Imperatriz - MA. </p>
<p>Telefax: (99) 3529-7310. Email: prmiptz@prma.mpf.mp.br</p>
</body></html>