<?xml version="1.0" encoding="UTF-8"?>
<html xmlns="http://www.w3.org/1999/xhtml">
<head>
<meta name="date" content="2016-03-16T17:31:23.90" />
<meta name="meta:paragraph-count" content="30" />
<meta name="meta:word-count" content="971" />
<meta name="Table-Count" content="0" />
<meta name="tika_batch_fs:relative_path" content="64233335.odt" />
<meta name="generator" content="BrOffice/3.3$Win32 LibreOffice_project/330m19$Build-401" />
<meta name="Word-Count" content="971" />
<meta name="dcterms:created" content="2010-02-03T13:53:44" />
<meta name="dcterms:modified" content="2016-03-16T17:31:23.90" />
<meta name="Last-Modified" content="2016-03-16T17:31:23.90" />
<meta name="nbPara" content="30" />
<meta name="Last-Save-Date" content="2016-03-16T17:31:23.90" />
<meta name="meta:object-count" content="0" />
<meta name="meta:character-count" content="6342" />
<meta name="Paragraph-Count" content="30" />
<meta name="nbImg" content="2" />
<meta name="meta:save-date" content="2016-03-16T17:31:23.90" />
<meta name="modified" content="2016-03-16T17:31:23.90" />
<meta name="Edit-Time" content="P3DT13H48M15S" />
<meta name="meta:image-count" content="2" />
<meta name="Image-Count" content="2" />
<meta name="nbCharacter" content="6342" />
<meta name="nbObject" content="0" />
<meta name="Content-Length" content="119031" />
<meta name="nbPage" content="3" />
<meta name="X-TIKA:digest:MD5" content="e745ff88d1c1c7ebef703df424b1bab1" />
<meta name="Object-Count" content="0" />
<meta name="nbWord" content="971" />
<meta name="Content-Type" content="application/vnd.oasis.opendocument.text" />
<meta name="X-Parsed-By" content="org.apache.tika.parser.DefaultParser" />
<meta name="X-Parsed-By" content="org.apache.tika.parser.odf.OpenDocumentParser" />
<meta name="meta:creation-date" content="2010-02-03T13:53:44" />
<meta name="meta:table-count" content="0" />
<meta name="Creation-Date" content="2010-02-03T13:53:44" />
<meta name="xmpTPg:NPages" content="3" />
<meta name="resourceName" content="64233335.odt" />
<meta name="Character Count" content="6342" />
<meta name="editing-cycles" content="397" />
<meta name="Page-Count" content="3" />
<meta name="tika:file_ext" content="odt" />
<meta name="nbTab" content="0" />
<meta name="meta:page-count" content="3" />
<title></title>
</head>
<body><p><b>Ref.: PP Nº 1.17.001.000104/2015-46</b></p>
<p><b>Principal: volume único.</b></p>
<p>Etiqueta: PRM/CIT/ES Nº___________/2015.</p>
<p />
<p />
<p />
<p />
<p><b><i><u>PROMOÇÃO DE ARQUIVAMENTO</u></i></b></p>
<p><b>I</b>. Trata-se de Procedimento Preparatório (PP) instaurado para apurar possíveis irregularidades por parte da Faculdade de Direito de Cachoeiro de Itapemirim/ES (FDCI) em relação ao Fundo de Financiamento Estudantil (FIES).</p>
<p>Às fl. 03, representação anônima.</p>
<p>Às fls. 07-11, resposta da FDCI.</p>
<p><b><i>É o necessário.</i></b></p>
<p><b>II</b>. Pois bem. A representante aduziu, em síntese, que a instituição de ensino superior FDCI não permite a inscrição de alunos no programa de Financiamento Estudantil (FIES), sob o argumento de discordar quanto ao número de vagas estabelecidos pelo Governo Federal (v. fl. 03).</p>
<p>De acordo com a FDCI, ocorreram mudanças substanciais no regulamento do FIES, fato que inclusive foi amplamente divulgado pela mídia, que restringiram a adesão dos alunos ao referido programa.</p>
<p>Entre as alterações feitas pelo MEC, foi estabelecido um “tabelamento” que limitou os encargos educacionais, o qual fixou o aumento das mensalidades por parte das IES em até 6,41% (seis vírgula quarenta e um por cento) para fins de financiamento estudantil.</p>
<p>Nesse ponto, a FDCI argumenta que, em razão de ter aumentado  o valor da mensalidade do curso de graduação em Direito em valor superior àquele percentual, o sistema do MEC apresentou uma trava que impedia que os estudantes realizassem suas inscrições no FIES.</p>
<p>Ressalte-se que as IES que reajustarem seus preços em valor superior a 6,41% (seis vírgula quarenta e um por cento) <u>não estão</u> excluídas do programa estudantil, pois a limitação diz respeito ao <u>valor financiável,</u> não contemplando o reajuste de mensalidade.</p>
<p>Além disso, a referida Portaria estipulou uma nota mínima de 450 pontos no Enem e nota maior que zero na redação, como exigências para se obter financiamento estudantil, o que poderia ser a causa do impedimento da obtenção do financiamento por parte da filha da representante.</p>
<p>A questão tratada nestes autos foi submetida à apreciação do Supremo Tribunal Federal, em razão da grande quantidade de casos semelhantes espalhados pelo país, tendo o STF divisado a situação dos estudantes que já possuíam contrato com o FIES daqueles que tentaram ingressar no programa após as alterações promovidas pela Portaria Normativa MEC nº 21/2014:</p>
<p>Direito administrativo. ADPF. Novas regras referentes ao Fundo de Financiamento ao Estudante do Ensino Superior - FIES. Impossibilidade de aplicação retroativa. Liminar referendada. 1. O art. 3º da Portaria Normativa MEC nº 21/2014 alterou a redação do art. 19 da Portaria Normativa MEC nº 10/2010, passando a exigir média superior a 450 pontos e nota superior a zero nas redações do ENEM, como condição para a obtenção de financiamento de curso superior junto ao Fundo de Financiamento ao Estudante de Ensino Superior - FIES. 2. O art. 12 da Portaria Normativa MEC nº 21/2014 previu que as novas exigências entrariam em vigor apenas em 30.03.2015, muito embora as inscrições para o FIES tenham se iniciado em 23.02.2015, conforme Portaria Normativa nº 2/2015. Previu-se, portanto, uma norma de transição entre o antigo e o novo regime jurídico aplicável ao FIES, possibilitando-se que, durante o prazo da vacatio legis, os estudantes se inscrevessem no sistema com base nas normas antigas. 3. Plausibilidade jurídica da alegação de violação à segurança jurídica configurada pela possibilidade de ter ocorrido aplicação retroativa da norma nova, no que respeita aos estudantes que: (i) já dispunham de contratos celebrados com o FIES e pretendiam renová-los; (ii) requereram e não obtiveram sua inscrição no FIES, durante o prazo da vacatio legis, com base nas regras antigas. Perigo na demora configurado, tendo em vista o transcurso do prazo para renovação dos contratos, bem como em razão do avanço do semestre letivo. 4. <u>Cautelar referendada para determinar a não aplicação da exigência de desempenho mínimo no ENEM em caso de: (i) renovações de contratos de financiamento; (ii) novas inscrições requeridas até 29.03.2015. 5. Indeferimento da cautelar no que respeita aos demais estudantes que requereram seu ingresso no FIES em 2015, após 29.03.2015, aos quais devem ser aplicadas as novas normas.</u> (ADPF 341 MC-Ref, Relator(a):  Min. ROBERTO BARROSO, Tribunal Pleno, julgado em 27/05/2015, PROCESSO ELETRÔNICO DJe-156 DIVULG 07-08-2015 PUBLIC 10-08-2015). [grifou-se].</p>
<p>Nesse contexto, observa-se que não há irregularidade a ser apurada nestes autos: seja porque a Portaria Normativa MEC nº 21/2014 não vedou o reajuste das mensalidades em patamar superior a 6,41%, referindo-se apenas ao valor financiável (cf. decisão de fl. 29); seja porque a decisão do STF na ADPF possui efeito vinculante (art. 10, § 3º, da L. 9.882/1999), implicando na imediata liberação das inscrições no FIES anteriores a 29/03/2015.</p>
<p>Por fim, deve ser destacada que, pelo menos desde 19/03/2015, não existe mais a limitação de acesso ao FIES noticiada na denúncia de fl. 03 (datada de 01/03/2015), conforme demonstra notícia extraída do portal do Ministério da Educação<span class="note">1 Disponível: &lt;http://www.brasil.gov.br/educacao/2015/03/fies-renova-contratos-com-reajuste-acima-de-6-4&gt;. Acesso em: 16 mar. 2016. </note>.</p>
<p>Assim, é de se reconhecer a ausência de interesse público primário a justificar a atuação do <b>MPF</b>.</p>
<p><b>III</b>. Ante o exposto,<b> promovo o seu ARQUIVAMENTO.</b></p>
<p><b>1</b>.<b> </b>remetam-se os autos à 1ª Câmara de Coordenação e Revisão do Ministério Público Federal (1ª CCR/MPF) para que, se assim julgar cabível, homologue a presente promoção de arquivamento ou determine as providências que entender pertinentes;</p>
<p>2. notifique-se o(s) representante(s), enviando cópia da presente manifestação para o endereço de e-mail indicado na representação, para, querendo, apresentar(em) razões escritas ou documentos junto a 1ª Câmara de Coordenação e Revisão do MPF (1ª CCR/MPF), até que o arquivamento seja homologado ou rejeitado (cf. art. 9º, §2º, da Lei 7.347/85 e art. 17, §3º, da Res. CSMPF Nº 87/2010).</p>
<p>Cachoeiro de Itapemirim/ES, 16 de março de 2016.</p>
<p />
<p />
<p />
<p />
<p>Renata Maia da Silva</p>
<p><b>PROCURADORA DA REPÚBLICA</b></p>
<p />
<p />
<p />
<p />
<p />
<p />
<p>Rua Capivari, 71, Bairro Independência, Cachoeiro de Itapemirim/ES, CEP 29.306-323</p>
<p>tel: 28 3322 1500, fax: 28 3322 1514, pres-prmcit@mpf.mp.br</p>
<p />
<p />
<p />
<p />
<p />
<p />
<p />
<p />
<p>Rua Capivari, 71 - Bairro Independência - Cachoeiro de Itapemirim - Espírito Santo - CEP 29.306-323</p>
<p>tel: (28) 3322-1500 – fax: (28) 3322-1514 - prmcit@pres.mpf.gov.br</p>
</body></html>