<?xml version="1.0" encoding="UTF-8"?>
<html xmlns="http://www.w3.org/1999/xhtml">
<head>
<meta name="pdf:PDFVersion" content="1.4" />
<meta name="pdf:docinfo:title" content="EXCELENTÍSSIMO SENHOR DOUTOR JUIZ FEDERAL DA 1ª VARA DE VITÓRIA" />
<meta name="xmp:CreatorTool" content="Writer" />
<meta name="access_permission:modify_annotations" content="true" />
<meta name="access_permission:can_print_degraded" content="true" />
<meta name="dc:creator" content="PR-ES" />
<meta name="tika_batch_fs:relative_path" content="64627006.pdf" />
<meta name="language" content="pt-BR" />
<meta name="dcterms:created" content="2016-11-23T15:55:19Z" />
<meta name="dc:format" content="application/pdf; version=1.4" />
<meta name="pdf:docinfo:creator_tool" content="Writer" />
<meta name="access_permission:fill_in_form" content="true" />
<meta name="pdf:encrypted" content="false" />
<meta name="dc:title" content="EXCELENTÍSSIMO SENHOR DOUTOR JUIZ FEDERAL DA 1ª VARA DE VITÓRIA" />
<meta name="Content-Length" content="151071" />
<meta name="X-TIKA:digest:MD5" content="dabbaa8f5204e0d3bee16c39b4e96e5d" />
<meta name="Content-Type" content="application/pdf" />
<meta name="pdf:docinfo:creator" content="PR-ES" />
<meta name="X-Parsed-By" content="org.apache.tika.parser.DefaultParser" />
<meta name="X-Parsed-By" content="org.apache.tika.parser.pdf.PDFParser" />
<meta name="creator" content="PR-ES" />
<meta name="dc:language" content="pt-BR" />
<meta name="meta:author" content="PR-ES" />
<meta name="meta:creation-date" content="2016-11-23T15:55:19Z" />
<meta name="created" content="Wed Nov 23 13:55:19 BRST 2016" />
<meta name="access_permission:extract_for_accessibility" content="true" />
<meta name="access_permission:assemble_document" content="true" />
<meta name="xmpTPg:NPages" content="5" />
<meta name="Creation-Date" content="2016-11-23T15:55:19Z" />
<meta name="resourceName" content="64627006.pdf" />
<meta name="access_permission:extract_content" content="true" />
<meta name="access_permission:can_print" content="true" />
<meta name="tika:file_ext" content="pdf" />
<meta name="Author" content="PR-ES" />
<meta name="producer" content="LibreOffice 4.3" />
<meta name="access_permission:can_modify" content="true" />
<meta name="pdf:docinfo:producer" content="LibreOffice 4.3" />
<meta name="pdf:docinfo:created" content="2016-11-23T15:55:19Z" />
<title>EXCELENTÍSSIMO SENHOR DOUTOR JUIZ FEDERAL DA 1ª VARA DE VITÓRIA</title>
</head>
<body><div class="page"><p />
<p>MINISTÉRIO PÚBLICO FEDERAL
Procuradoria da República no Mato Grosso do Sul
</p>
<p>ARQUIVAMENTO MPF/PRMS/DVAOC Nº 096/2016
</p>
<p>Procedimento Preparatório nº 1.21.000.000630/2015-93
</p>
<p>Objeto da investigação:
</p>
<p>O  presente  Inquérito  Civil  Público  foi  instaurado  visando  a  “apurar
</p>
<p>possíveis irregularidades relacionadas à liberação de recursos para reforma de casas no
</p>
<p>Projeto de Assentamento Capão Bonito II, em Sidrolândia/MS”.
</p>
<p>Diligências realizadas:
</p>
<p>O Inquérito Civil Público em tela foi instaurado  a partir  do documento
</p>
<p>registrado  sob  a  etiqueta  PR-MS-00000488/2011,  desentranhado  dos  autos  do  ICP
</p>
<p>1.21.000.001556/2011,  relatando a não liberação de recursos  para reforma de casas,  os
</p>
<p>quais, inclusive, estariam sendo depositados em conta de particulares. Ademais, denunciou-
</p>
<p>se a compra de lotes sob o aval da Fetagri e do MST.
</p>
<p>Instado a se manifestar a respeito da aplicação e liberação de recursos
</p>
<p>para reforma das unidades habitacionais nas parcelas do assentamento em questão (fl. 10), o
</p>
<p>INCRA/MS respondeu, à fl. 12, que a concessão do Crédito Instalação aos beneficiários da
</p>
<p>reforma agrária sofreu alterações em sua aplicação, porquanto a autarquia agrária, desde o
</p>
<p>ano de 2013, deixou de aplicar recursos do seu orçamento em habitação para as famílias
</p>
<p>assentadas,  tendo  recolhido  os  recursos  disponíveis  em  conta,  os  quais  só  foram
</p>
<p>restabelecidos a alguns Projetos de Assentamento, de acordo com os critérios especificados
</p>
<p>no Memorando Circular nº. 09/P/Incra. 
</p>
<p>Acrescentou que, ao P.A. Capão Bonito II, em particular,  não houve a
</p>
<p> </p>
<p />
</div>
<div class="page"><p />
<p>MINISTÉRIO PÚBLICO FEDERAL
Procuradoria da República no Mato Grosso do Sul
</p>
<p>devolução dos recursos (restabelecimento do crédito), restando às famílias que não tiveram
</p>
<p>acesso ao crédito antigo buscarem inclusão no Programa Minha Casa Minha Vida,  nos
</p>
<p>termos da Portaria Interministerial nº. 78, de 08.02.20131.
</p>
<p>A  despeito  da  alteração  pela  qual  passou  a  aplicação  do  Crédito
</p>
<p>Instalação, entendeu esta  signatária que deveria ser apurada a relação das famílias  e os
</p>
<p>respectivos  valores  a  que  tiveram acesso  a  título  do  crédito  em comento,  modalidade
</p>
<p>Reforma, antes da suspensão determinada pela Portaria INCRA nº. 352/2013, bem como
</p>
<p>concluiu ser necessário verificar se a aludida autarquia emitiu a Relação de Beneficiários do
</p>
<p>P.A. Capão Bonito II aptos a participarem do Programa Nacional de Habitação Rural –
</p>
<p>PNHR.
</p>
<p>Em  sua  resposta  (fls.  25-28),  o  INCRA  encaminhou  a  lista  dos
</p>
<p>beneficiários do aludido crédito, disponibilizado no valor de R$ 5.000,00 (cinco mil reais),
</p>
<p>assim como asseverou que não foi emitida a Relação de Beneficiários do PNHR porque não
</p>
<p>houve qualquer entidade que apresentasse demanda de reforma àquela autarquia regional.
</p>
<p>Em análise à lista encaminhada pelo INCRA/MS, verificou-se que apenas
</p>
<p>207 assentados foram beneficiados com o Crédito Instalação, modalidade Reforma, sendo
</p>
<p>que o P.A. Capão Bonito II é composto de 308 famílias assentadas (fl. 8). Em sequência, foi
</p>
<p>expedido novo ofício ao INCRA solicitando esclarecimento acerca do não recebimento do
</p>
<p>benefício pelas 101 famílias remanescentes (fl. 31).
</p>
<p>Em sua  resposta  (fls.  32-34),  o  aludido  ente  federal  consignou  que  a
</p>
<p>aplicação do aventado crédito é realizada por etapas, em virtude do número insuficiente de
</p>
<p>servidores e recursos financeiros para a fiscalização in loco da aplicação de suas diversas
</p>
<p>modalidades. 
</p>
<p>Asseverou,  outrossim,  que  em  setembro  de  2010  foi  deflagrada  a
</p>
<p>Operação Tellus, por força da Ação Cautelar Inominada nº. 0001088-29.2010.4.03.6006,
1 Art. 1º – Ficam incluídos os agricultores familiares assentados, beneficiários do Programa Nacional de 
</p>
<p>Reforma Agrária – PNRA, entre os possíveis beneficiários do Programa Nacional de Habitação Rural – 
PNHR, integrante do Programa Minha Casa, Minha Vida – PMCMV.
</p>
<p> </p>
<p />
</div>
<div class="page"><p />
<p>MINISTÉRIO PÚBLICO FEDERAL
Procuradoria da República no Mato Grosso do Sul
</p>
<p>movida  pelo  Ministério  Público  Federal  junto  à  1ª  Vara Federal  de Naviraí/MS,  o que
</p>
<p>desencadeou a paralisação da aplicação do Crédito  Instalação,  como também de outras
</p>
<p>atividades finalísticas daquela autarquia. A aplicação do benefício em comento somente foi
</p>
<p>retomada a partir de julho de 2011, protelando todo o processo de sua liberação, o qual, a
</p>
<p>partir  da invocada operação,  tornou-se mais  rigoroso e resultou na criação do Setor  de
</p>
<p>Controle Interno dessa autarquia (Ordem de Serviço nº. 153/2011), com escopo de analisar
</p>
<p>criticamente os trabalhos executados por aquela Superintendência Regional, o que acarretou
</p>
<p>a morosidade dos pagamentos do Crédito Instalação.
</p>
<p>A autarquia agrária voltou a asseverar que,  com o advento da Portaria
</p>
<p>INCRA nº. 352/2013, as 101 famílias remanescentes do assentamento em questão poderiam
</p>
<p>optar pelo benefício da modalidade Reforma do Programa Minha Casa Minha Vida Rural.
</p>
<p>É o relatório.
</p>
<p>Razões do arquivamento:
</p>
<p>Analisando-se os elementos coligidos ao presente Inquérito Civil Público,
</p>
<p>constata-se não haver motivos para a continuidade de sua tramitação.
</p>
<p>Destaca-se, inicialmente, que não foi constatada qualquer irregularidade
</p>
<p>imputável ao INCRA/MS ou a outra entidade federal, ao menos em relação à específica
</p>
<p>situação trazida ao conhecimento deste órgão ministerial  por meio da representação em
</p>
<p>epígrafe (não liberação de recursos e venda irregular de lotes). Isto porque, não há ilicitude
</p>
<p>no  fato  de  o  Crédito  Instalação,  modalidade  Reforma,  ser  depositado  em  conta  de
</p>
<p>particulares,  conforme aduziu  o representante,  porquanto essa era  a sistemática  adotada
</p>
<p>antes da suspensão determinada pela Portaria INCRA nº. 352/2013, consoante o artigo 21,
</p>
<p>da  Norma  de  Execução  nº.  67,  de  29  de  novembro  de  20072,  instrumento  normativo
</p>
<p>observado à época.
</p>
<p>2 Art. 21. Os recursos do Programa de Crédito Instalação serão,  exclusivamente,  depositados através de
Ordem Bancária  Tipo  26  –  Código  77  na  conta-corrente  bloqueada  vinculada  da  associação  ou  dos
representantes dos assentados, exceto os da modalidade de Reabilitação de Crédito de Produção, que terão
execução direta entre Incra Sede e agentes financeiros. 
</p>
<p> </p>
<p />
</div>
<div class="page"><p />
<p>MINISTÉRIO PÚBLICO FEDERAL
Procuradoria da República no Mato Grosso do Sul
</p>
<p>Outrossim, não obstante ter sido confirmada a não-liberação do aludido
</p>
<p>crédito ao representante, esta restou justificada pelo advento da Operação Tellus, a qual
</p>
<p>suspendeu  o  pagamento  do  benefício  desde  setembro  de  2010  a  julho  de  2011,  época
</p>
<p>contemporânea  à  representação  em  epígrafe,  datada  de  19.01.2011.  Conforme
</p>
<p>esclarecimentos trazidos pelo INCRA, aos beneficiários não contemplados com o Crédito
</p>
<p>Instalação restou optar pelo benefício, na modalidade “Reforma”, do Programa Minha Casa
</p>
<p>Minha Vida Rural.
</p>
<p>Por  outro  lado,  o  denunciante,  de  forma  genérica,  noticiou  a  venda
</p>
<p>irregular de lotes no P.A. Capão Bonito II, não descrevendo em sua representação qualquer
</p>
<p>fato concreto e delimitado apto a ensejar a atuação ministerial,  uma vez que não trouxe
</p>
<p>maiores esclarecimentos no pertinente a identificação das parcelas ou indivíduos envolvidos
</p>
<p>na  noticiada  alienação ilícita,  não  cabendo a  este  órgão ministerial,  a  propósito  desses
</p>
<p>relatos inespecíficos, verifificar a regularidade dos 308 lotes que compõem o assentamento
</p>
<p>em questão. Ademais, por ter a representação sido apresentada sob a condição de “sigilosa”,
</p>
<p>mesmo após consulta ao Sistema Único, não foram encontradas informações de contato do
</p>
<p>noticiante (e-mail, telefone ou endereço), o que impossibilitou fossem obtidos junto a ele
</p>
<p>tais esclarecimentos. 
</p>
<p>De se anotar, ainda, que a notícia data do início de 2011, portanto, de
</p>
<p>mais de 5 anos. Tais circunstâncias, aliadas ao fato de que não sobrevieram aos autos novas
</p>
<p>informações capazes de roborar as pretensas alienações ilícitas,  induz à conclusão de
</p>
<p>não subsistir qualquer evidência de irregularidade a ensejar a atuação ministerial.
</p>
<p>Por tais razões,  promovo o  arquivamento destes autos, nos termos do
</p>
<p>artigo  9º  da  Lei  nº  7.347/1985  e  do  artigo  17  da  Resolução  nº  87/2010  do  Conselho
</p>
<p>Superior do Ministério Público Federal.
</p>
<p>Providências:
</p>
<p>Ante o exposto, determino a adoção das seguintes providências:
</p>
<p>(1) Retificação dos  dados  do  presente  ICP,  para que  passe a  constar
 </p>
<p />
</div>
<div class="page"><p />
<p>MINISTÉRIO PÚBLICO FEDERAL
Procuradoria da República no Mato Grosso do Sul
</p>
<p>como  “Grupo  Temático”  a  “1ª  Câmara  de  Coordenação  e  Revisão”  e  como  “Tema”,
</p>
<p>“Política Fundiária e da Reforma Agrária”;
</p>
<p>(2) arquivar o  presente  procedimento,  deixando-se  de  comunicar  o
</p>
<p>noticiante  por  ausência  de  dados  que  permitam  sua  localização  (e-mail,  telefone  ou
</p>
<p>endereço);
</p>
<p>(3) Remeter  os  autos  à  1ª  Câmara  de  Coordenação  e  Revisão,  para
</p>
<p>apreciação deste arquivamento, de acordo com o § 2º do artigo 17 da Resolução nº 87/2010
</p>
<p>do Conselho Superior do Ministério Público Federal.
</p>
<p>Campo Grande/MS, 22 de novembro de 2016.
</p>
<p>Danilce Vanessa Arte Ortiz Camy
Procuradora da República
</p>
<p>LDC
</p>
<p> </p>
<p />
</div>
</body></html>