<?xml version="1.0" encoding="UTF-8"?>
<html xmlns="http://www.w3.org/1999/xhtml">
<head>
<meta name="date" content="2016-03-08T11:45:51.622000000" />
<meta name="meta:paragraph-count" content="37" />
<meta name="meta:word-count" content="906" />
<meta name="Table-Count" content="0" />
<meta name="tika_batch_fs:relative_path" content="64649702.odt" />
<meta name="generator" content="LibreOffice/4.4.5.2$Windows_x86 LibreOffice_project/a22f674fd25a3b6f45bdebf25400ed2adff0ff99" />
<meta name="Word-Count" content="906" />
<meta name="dcterms:created" content="2013-05-17T13:54:53.37" />
<meta name="language" content="pt-BR" />
<meta name="dcterms:modified" content="2016-03-08T11:45:51.622000000" />
<meta name="Last-Modified" content="2016-03-08T11:45:51.622000000" />
<meta name="nbPara" content="37" />
<meta name="Last-Save-Date" content="2016-03-08T11:45:51.622000000" />
<meta name="meta:object-count" content="0" />
<meta name="meta:character-count" content="6053" />
<meta name="Paragraph-Count" content="37" />
<meta name="nbImg" content="1" />
<meta name="meta:save-date" content="2016-03-08T11:45:51.622000000" />
<meta name="Edit-Time" content="PT6H18M9S" />
<meta name="modified" content="2016-03-08T11:45:51.622000000" />
<meta name="meta:image-count" content="1" />
<meta name="Image-Count" content="1" />
<meta name="nbCharacter" content="6053" />
<meta name="nbObject" content="0" />
<meta name="Content-Length" content="35448" />
<meta name="nbPage" content="4" />
<meta name="X-TIKA:digest:MD5" content="d33338bb893aa836e6c8bc57a4cca009" />
<meta name="Object-Count" content="0" />
<meta name="nbWord" content="906" />
<meta name="Content-Type" content="application/vnd.oasis.opendocument.text" />
<meta name="X-Parsed-By" content="org.apache.tika.parser.DefaultParser" />
<meta name="X-Parsed-By" content="org.apache.tika.parser.odf.OpenDocumentParser" />
<meta name="dc:language" content="pt-BR" />
<meta name="meta:creation-date" content="2013-05-17T13:54:53.37" />
<meta name="meta:table-count" content="0" />
<meta name="Creation-Date" content="2013-05-17T13:54:53.37" />
<meta name="xmpTPg:NPages" content="4" />
<meta name="resourceName" content="64649702.odt" />
<meta name="Character Count" content="6053" />
<meta name="editing-cycles" content="108" />
<meta name="Page-Count" content="4" />
<meta name="tika:file_ext" content="odt" />
<meta name="nbTab" content="0" />
<meta name="meta:page-count" content="4" />
<title></title>
</head>
<body><p><b>Procuradoria da República no Estado da Bahia_________________________</b></p>
<p />
<p> de </p>
<p />
<p><b>Ministério Público Federal</b></p>
<p><b>Procuradoria da República no Estado da Bahia</b></p>
<p><b><u>_____________________________________________________________________________________________  _____  </u></b></p>
<p>Rua Ivonne Silveira, 243, Loteamento Centro Executivo - Doron<br />
CEP 41.194-015 - Salvador/BA - Fone 71 3617.2200 </p>
<p><b> de </b></p>
<p><b><u>Inquérito Civil n.° 1.14.000.001183/2015-24</u></b></p>
<p><b>Etiqueta PRBA n.°_____________/2016</b></p>
<p />
<p><b>Promoção de arquivamento</b></p>
<ul>	<li><p>Trata-se de inquérito civil instaurado para apurar a ''representação por meio da qual foi narrado que, na Escola de Administração da Ufba, 'não há verba para instalação de novos ar condicionados splits, que encontram-se guardados, podendo vir a deteriorar' '' (fl. 6, frente e verso).</p>
</li>
	<li><p>O feito foi instaurado em caráter oficial, a partir do encaminhamento de cópia de representação que originou o Inquérito Civil n.° 1.14.000.000765/2015-93, no qual foi apurada suposta inadequação na acessibilidade fornecida a portadores de necessidades especiais, em razão de o elevador encontrar-se quebrado (fls. 2-4).</p>
</li>
	<li><p>Foram realizadas diligências visando ao esclarecimento dos fatos.</p>
</li>
	<li><p>Inicialmente, oficiou-se ao Diretor da Escola de Administração da UFBA para que prestasse informações sobre o assunto (fl. 8). Em seguida, determinou-se a realização de diligência externa por servidor do Setor de Transporte desta PR/BA, visando a verificar a veracidade da situação (fl. 13).</p>
</li>
	<li><p>Os esclarecimentos foram prestados às fls. 11 e 19.</p>
</li>
	<li><p>De acordo com as informações prestadas pelo Diretor da Escola de Administração da UFBA, todos os aparelhos de ar condicionado existentes encontram-se instalados, não havendo equipamentos em pendência de instalação. Tal informação foi confirmada em diligência externa, conforme certidão de fl. 19.</p>
</li>
	<li><p>Quanto à questão envolvendo o elevador e a suposta inadequação na acessibilidade, o assunto foi exaustivamente abordado mediante o Inquérito Civil n.° 1.14.000.000765/2015-93, o qual foi arquivado com base nas mesmas informações coligidas no expediente de fl. 20, tendo o arquivamento sido homologado no âmbito da PFDC, conforme Decisão n.° 1178/2015 (fls. 24/26).</p>
</li>
	<li><p>Assim, conclui-se que não há fundamento para a propositura de ação civil pública, razão pela qual o <b>Ministério Público Federal</b>, por meio do procurador da República subscritor, promove o arquivamento do presente inquérito civil, com fulcro no artigo 9º, <i>caput</i>, da Lei n.° 7.347/85. </p>
</li>
	<li><p>Encaminhe-se à representante, por ofício, cópia da presente promoção de arquivamento, em atenção ao art. 17, § 1º, da Resolução n.° 87, de 3 de agosto de 2006, do Conselho Superior do Ministério Público Federal, informando-lhe que, até que seja homologada ou rejeitada a promoção de arquivamento pela 1ª Câmara de Coordenação e Revisão do Ministério Público Federal, poderão ser apresentadas razões escritas ou documentos, que serão juntados aos autos para apreciação, nos termos do art. 9º, § 2°, da Lei n.° 7347/85.</p>
<p>Art. 17 - Se o órgão do Ministério Público, esgotadas todas as diligências, se convencer da inexistência de fundamento para a adoção das medidas previstas no artigo 4°, I, III e IV, promoverá o arquivamento dos autos do inquérito civil ou do procedimento administrativo, fazendo-o fundamentadamente.</p>
<p>§ 1° - Nos casos em que a abertura do inquérito civil se der por representação, em havendo promoção de arquivamento, o presidente do inquérito oficiará ao interessado, a fim de lhe dar conhecimento, cientificando-o, inclusive, da previsão inserta no § 3°, deste artigo.</p>
<p>(…)</p>
<p>§ 3° - Até que seja homologada ou rejeitada a promoção de arquivamento pela Câmara de Coordenação e Revisão ou pela Procuradoria Federal dos Direitos do Cidadão, poderão as associações civis legitimadas ou quaisquer interessados apresentar razões escritas ou documentos, que serão juntadas ao autos para apreciação, nos termos do art. 9º, § 2°, da Lei n.° 7347/85.</p>
</li>
	<li><p>Se a representante não for localizada, proceda-se de acordo com o disposto no art. 10, § 1º, da Resolução n.° 23, de 17 de setembro de 2007, do Conselho Nacional do Ministério Público, afixando-se aviso neste órgão e lavrando-se o respectivo termo. </p>
<p>Art. 10. Esgotadas todas as possibilidades de diligências, o membro do Ministério Público, caso se convença da inexistência de fundamento para a propositura de ação civil pública, promoverá, fundamentadamente, o arquivamento do inquérito civil ou do procedimento preparatório.</p>
<p>§ 1º Os autos do inquérito civil ou do procedimento preparatório, juntamente com a promoção de arquivamento, deverão ser remetidos ao órgão de revisão competente, no prazo de três dias, contado da comprovação da efetiva cientificação pessoal dos interessados, através de publicação na imprensa oficial ou da lavratura de termo de afixação de aviso no órgão do Ministério Público, quando não localizados os que devem ser cientificados.</p>
</li>
	<li><p>Finalmente, depois da comprovação da efetiva cientificação pessoal, remetam-se os autos à 1ª Câmara de Coordenação e Revisão do Ministério Público Federal, para o necessário exame desta promoção, conforme o art. 62, IV, da Lei Complementar n.° 75/93.</p>
</li>
	<li><p>De qualquer forma, <b><u>deverá ser providenciada a publicação da presente promoção de arquivamento no portal do Ministério Público Federal</u></b>, de acordo com o art. 16, § 1º, I, da Resolução CSMPF n.° 87/06.</p>
<p>Art. 16 - Os atos e peças do inquérito civil são públicos, nos termos desta regulamentação, salvo disposição legal em contrário ou decretação de sigilo, devidamente fundamentada.</p>
<p>§ 1º - A publicidade consistirá:</p>
<p>I - na publicação, no Diário Oficial, da portaria de instauração do Inquérito Civil, do extrato do compromisso de ajustamento de conduta e no portal do Ministério Público Federal, aqueles atos bem como as <u>promoções de arquivamento</u> e outros atos que o presidente de Inquérito entender cabível. (destacou-se)</p>
</li>
	<li><p><u>Cumpra-se, dando-se baixa na distribuição.</u></p>
</li>
</ul>
<p>Salvador, 8 de março de 2016.</p>
<p />
<p>Fábio Conrado Loula</p>
<p><i>Procurador da República</i></p>
<p><i>E:\2016\Cível\Extrajudicial\Arquivamentos\Arq_1183-2015-24_UFBA_aparelhos ar condicionado_RCM.odt</i></p>
</body></html>