<?xml version="1.0" encoding="UTF-8"?>
<html xmlns="http://www.w3.org/1999/xhtml">
<head>
<meta name="date" content="2018-08-02T19:51:07Z" />
<meta name="pdf:PDFVersion" content="1.4" />
<meta name="access_permission:modify_annotations" content="true" />
<meta name="access_permission:can_print_degraded" content="true" />
<meta name="tika_batch_fs:relative_path" content="64750126.pdf" />
<meta name="dcterms:created" content="2018-08-02T19:51:07Z" />
<meta name="Last-Modified" content="2018-08-02T19:51:07Z" />
<meta name="dcterms:modified" content="2018-08-02T19:51:07Z" />
<meta name="dc:format" content="application/pdf; version=1.4" />
<meta name="Last-Save-Date" content="2018-08-02T19:51:07Z" />
<meta name="access_permission:fill_in_form" content="true" />
<meta name="pdf:docinfo:modified" content="2018-08-02T19:51:07Z" />
<meta name="meta:save-date" content="2018-08-02T19:51:07Z" />
<meta name="pdf:encrypted" content="false" />
<meta name="modified" content="2018-08-02T19:51:07Z" />
<meta name="Content-Length" content="53964" />
<meta name="X-TIKA:digest:MD5" content="8e14743fbcaa1dfeb3581936c4d8ce79" />
<meta name="Content-Type" content="application/pdf" />
<meta name="X-Parsed-By" content="org.apache.tika.parser.DefaultParser" />
<meta name="X-Parsed-By" content="org.apache.tika.parser.pdf.PDFParser" />
<meta name="meta:creation-date" content="2018-08-02T19:51:07Z" />
<meta name="created" content="Thu Aug 02 16:51:07 BRT 2018" />
<meta name="access_permission:extract_for_accessibility" content="true" />
<meta name="access_permission:assemble_document" content="true" />
<meta name="xmpTPg:NPages" content="4" />
<meta name="Creation-Date" content="2018-08-02T19:51:07Z" />
<meta name="resourceName" content="64750126.pdf" />
<meta name="access_permission:extract_content" content="true" />
<meta name="access_permission:can_print" content="true" />
<meta name="tika:file_ext" content="pdf" />
<meta name="producer" content="iText® 5.5.9 ©2000-2015 iText Group NV (AGPL-version); modified using iText® 5.5.9 ©2000-2015 iText Group NV (AGPL-version)" />
<meta name="access_permission:can_modify" content="true" />
<meta name="pdf:docinfo:producer" content="iText® 5.5.9 ©2000-2015 iText Group NV (AGPL-version); modified using iText® 5.5.9 ©2000-2015 iText Group NV (AGPL-version)" />
<meta name="pdf:docinfo:created" content="2018-08-02T19:51:07Z" />
<title></title>
</head>
<body><div class="page"><p />
<p> 
</p>
<p>Referência: Inquérito Civil n.º 1.11.000.000550/2015-84
 
 
 
</p>
<p>PROMOÇÃO DE ARQUIVAMENTO
 
</p>
<p>Trata-se de Inquérito Civil instaurado nesta Procuradoria da República em
</p>
<p>Alagoas, a partir de representações, nas quais se noticiam possíveis irregularidades no Concurso
</p>
<p>Público para provimento de cargo de professor efetivo da Universidade Federal de Alagoas -
</p>
<p>UFAL, referente ao Edital nº 031/2015.
</p>
<p>Narram, os representantes, que existe um suposto direcionamento nas exigências
</p>
<p>do edital que deflagrou o concurso, pois requer mestrados em cursos específicos demais, o que
</p>
<p>acaba por favorecer os professores substitutos da Universidade. Destarte, solicitam a atuação do
</p>
<p>Ministério Público para que o concurso seja moldado com lisura e honestidade, sem
</p>
<p>direcionamentos.
</p>
<p>Às fls. 09/14, consta Recomendação direcionada à UFAL abordando diversos
</p>
<p>aspectos a serem observados na realização dos concursos.
</p>
<p>Às fls. 17/18, foi realizada reunião na sede desta Procuradoria da República em
</p>
<p>Alagoas, na qual, após as deliberações, ficaram estabelecidos os seguintes encaminhamentos:
</p>
<p>A Universidade Federal de Alagoas (UFAL) deverá:
</p>
<p>1 - apresentar as informações solicitadas nos itens II e III da Recomendação n.º
</p>
<p>17/2015, até o dia 12/08/2015;
</p>
<p>2 - manter suspenso o concurso público regulado pelo Edital nº.: 31/2015, no que
</p>
<p>pertine aos cargos identificados pelos códigos E14-APO-006, área de estudo Cadastro Técnico,
</p>
<p>Parcelamento dos Solos e Sistema de Informações Geográficas e E14-APO-007, área de estudo
</p>
<p>Geodésia, Topografia e Sensoriamento Remoto, nos termos da Recomendação;
</p>
<p>3 - apresentar relato acerca da situação do Centro de Ciências Agrárias,
</p>
<p>notadamente, a criação de 03 (três) novos cursos e a necessidade de compatibilização das áreas
</p>
<p>de conhecimentos ofertadas no certame, até o dia 21/08/2015;
</p>
<p>4 - prorrogar, até o dia 11/09/2015, as informações pertinentes até o item IV da
</p>
<p>Recomendação.
 
</p>
<p>Atenta às requisições deste Parquet, a UFAL encaminhou a documentação de fls.
</p>
<p>19/29, em que consta a lista de professores substitutos do Centro de Ciências Agrárias - CECA,
</p>
<p>bem como a composição das bancas examinadoras do Concurso para docente efetivo - Edital nº
</p>
<p>PR-AL-00019586/2018
</p>
<p>MINISTÉRIO PÚBLICO FEDERAL
PROCURADORIA DA REPÚBLICA - ALAGOAS/UNIÃO DOS PALMARES
</p>
<p>GABINETE DE PROCURADOR DA REPÚBLICA
GABINETE DE PROCURADOR DA REPÚBLICA
</p>
<p>Pág. 1 de 4</p>
<p />
</div>
<div class="page"><p />
<p>31/2015; e os documentos de fls. 30/35, alusivo ao relato da situação do Centro de Ciências
</p>
<p>Agrárias, notadamente, a criação de 03 (três) novos cursos e a necessidade de compatibilização
</p>
<p>das áreas de conhecimentos ofertadas no certame.
</p>
<p>Às fls. 41/42, foram realizadas reuniões com diferentes representantes, no intuito
</p>
<p>de colher informações quanto ao possível direcionamento do certame.
</p>
<p>Às fls. 43/48, a UFAL encaminhou proposta de Minuta de Resolução a ser
</p>
<p>apresentada no Conselho Universitário da Universidade Federal de Alagoas (CONSUNI/UFAL)
</p>
<p>que estabelece procedimentos para a realização de processos seletivos públicos de acesso à
</p>
<p>docência. Considerando a necessidade de discutir questões pontuais do texto proposto, a
</p>
<p>Universidade solicitou realização de reunião conjunta entre a UFAL, 7º e 8º Ofícios desta
</p>
<p>Procuradoria da República, tendo em vista a expedição de Recomendações pelos citados
</p>
<p>Ofícios.
</p>
<p>Às fls. 49/52, oficiou-se à UFAL informando a designação de data para que fosse
</p>
<p>realizada a reunião solicitada pela Universidade. Na mesma oportunidade, foi ressaltado que
</p>
<p>continuava suspenso o concurso público regulado pelo Edital nº 31/2015, no que concerne aos
</p>
<p>cargos identificados pelos códigos E14-APO-007, área de estudo Geodésia, Topografia e
</p>
<p>Sensoriamento Remoto e E14-APO-006, área de estudo Cadastro Técnico, Parcelamento dos
</p>
<p>Solos e Sistema de Informações Geográficas.
</p>
<p>Às fls. 55/58, a 1ª Câmara de Coordenação e Revisão emitiu a Nota Técnica
</p>
<p>ASSCOOR/1ª CCR nº 01/2015, na qual concluiu-se pela ausência de direcionamento no aludido
</p>
<p>concurso, raciocínio este que levou em consideração a) a maior rigorosidade na formação
</p>
<p>acadêmica de certames anteriores em comparação com o atual; b) a flexibilização da exigência
</p>
<p>acadêmica no concurso em tela; c) a possibilidade de participação de candidatos com pós-
</p>
<p>graduação em Geotecnologias, permitindo, inclusive, a participação de candidatos com
</p>
<p>formação ligada ao estudo do clima e tempo, correspondendo ao caso do Representante. d) a
</p>
<p>irrelevância da opinião do Coordenador do Curso, ao delimitar o grau de conhecimento exigido,
</p>
<p>não materializando o impedimento dos candidatos na participação do certame; e, por fim, e) a
</p>
<p>ausência de inscrição no certame por parte do Representante e, por conseguinte, de qualquer
</p>
<p>negativa de inscrição ou de documentação que ateste eventual impedimento.
</p>
<p>Às fls. 59/60, foi realizada reunião com representantes da UFAL, visando tratar a
</p>
<p>regulamentação dos concursos para magistério superior no âmbito da referida Universidade.
</p>
<p>Às fls. 61/73, a UFAL apresentou nova proposta de Minuta de Resolução,
</p>
<p>oportunidade em que alterou alguns de seus elementos para que se encaixassem nos pontos
</p>
<p>discutidos em reunião com este Parquet.
</p>
<p>Analisando os autos, verificou-se que alguns pontos discutidos na reunião de fls.
</p>
<p>59/60 ainda careciam de mais esclarecimentos; notadamente, no que concerne ao prazo para
</p>
<p>recurso administrativo, agora regulado pelo art. 41, parágrafo único, da Minuta de Resolução
</p>
<p>(fls. 68/73) enviada pela UFAL.
</p>
<p>Isso porque, o comando prescrevia o dever da Universidade em garantir ao
</p>
<p>candidato, sob determinadas condições, o acesso de cópias dos documentos para que pudessem
</p>
<p>instruir os respectivos recursos administrativos.
</p>
<p>Pág. 2 de 4</p>
<p />
</div>
<div class="page"><p />
<p>Com isso, estaria resguardado o direito de recorrer, mas, o dever da Universidade
</p>
<p>em assegurar, no prazo de três horas as cópias, é limitado pelo lapso temporal da divulgação do
</p>
<p>resultado até as 14 horas; no entanto, a Minuta é omissa para os casos em que o requerimento
</p>
<p>seja feito após as 14 horas. Estaria, pois, submetido à manifestação da UFAL, por tempo
</p>
<p>indefinido, para que então lhe seja concedido o almejado acesso, sendo que nesse interregno o
</p>
<p>prazo para recursar administrativamente (24 horas) já estaria em andamento.
</p>
<p>Com efeito, sem o devido esclarecimento, o candidato poderia ter o seu direito de
</p>
<p>recurso fulminado ante a ausência de resposta da UFAL em tempo hábil.
</p>
<p>Ademais, pendente a informação por parte da UFAL sobre a deliberação do
</p>
<p>CONSUNI no sentido de aprovar, ou não, a Minuta de Resolução enviada a este Parquet, e, em
</p>
<p>caso negativo, qual seria a sua previsão para tanto.
</p>
<p>Diante do exposto, determinou-se expedição de ofício à Universidade Federal de
</p>
<p>Alagoas para que esclarecesse quais serão as medidas a serem tomadas em relação aos
</p>
<p>candidatos que solicitarem acesso à cópia de documentos após as 14 horas, levando em
</p>
<p>consideração os prazos estabelecidos nos arts. 41, parágrafo único e art. 43, "a"; bem como
</p>
<p>informasse se a Minuta de Resolução foi aprovada pelo CONSUNI/UFAL, e, caso negativo qual
</p>
<p>a previsão para tal ato.
</p>
<p>Em resposta (fls. 82/109), aduziu a UFAL que a minuta ainda não havia sido
</p>
<p>submetida ao crivo do Conselho Universitário, cujos membros eleitos deveriam ser empossados
</p>
<p>no dia 05/09/2016. Não obstante, a Pró-Reitoria de Gestão de Pessoas e Trabalho publicou novo
</p>
<p>edital de condições gerais para concursos públicos para professores do magistério superior, em
</p>
<p>anexo (fls. 95/108), buscando a implementação das medidas propostas.
</p>
<p>O novo edital não adotou limitação temporal ao dever da Universidade de
</p>
<p>providenciar o acesso às cópias de documentos, certidões e declarações, dispondo apenas que
</p>
<p>(item 10.3, fl. 99): "O candidato poderá requerer cópia dos documentos necessários à instrução
</p>
<p>do recurso administrativo, observando, todavia, os prazos e horários limites para apresentação
</p>
<p>do recurso."
</p>
<p>A UFAL relata que foram adotadas ainda as seguintes medidas para ampliar a
</p>
<p>transparência das avaliações realizadas:
</p>
<p>a) Realização de sessão pública de leitura pública para todas as provas escritas,
</p>
<p>além de gravação das provas orais;
</p>
<p>b) Disponibilização de versão digitalizada das provas escritas para os candidatos,
</p>
<p>de modo individualizado mediante acesso ao site da Copeve/UFAL;
</p>
<p>c) Publicação, no site da Copeve, dos padrões de resposta de cada avaliação por
</p>
<p>etapa do concurso;
</p>
<p>d) Publicação, no site da Copeve, dos instrumentos individuais de avaliação,
</p>
<p>apontando o desempenho detalhado de cada candidato por etapa.
</p>
<p>Desta feita, considerando a pendência de análise da minuta pelo Conselho
</p>
<p>Universitário expediu-se ofício à Universidade Federal de Alagoas, requisitando informações
</p>
<p>atualizadas sobre esse ponto.
</p>
<p>A UFAL, por meio do Ofício nº.:357/2017/GR-UFAL, fls. 114-1137, informou
</p>
<p>Pág. 3 de 4</p>
<p />
</div>
<div class="page"><p />
<p>que foi emitida a Portaria nº.: 716, de 28 de junho de 2017, pela Pró-Reitoria de Gestão de
</p>
<p>Pessoas, ao invés da resolução anteriormente informada, de modo que essa forma dada ao ato
</p>
<p>administrativo atenderia melhor a sua finalidade. Anexo encaminhou a minuta já objeto de
</p>
<p>análise e a portaria em comento.
</p>
<p>É o relatório.
</p>
<p>Pois bem, pela análise dos termos da Portaria nº.: 716, de 28 de junho de 2017,
</p>
<p>que substituiu a Minuta de Resolução apresentada ao Parquet, tem-se que suas normas guardam
</p>
<p>consonância com os termos das Recomendações expedidas, bem como a legislação pertinente.
</p>
<p>Especificamente quanto ao ponto que vinha justificando a continuidade do
</p>
<p>monitoramento nesses autos, qual seja a norma do art. 41, parágrafo único, da Minuta de
</p>
<p>Resolução, em que se observava uma omissão para os casos em que o requerimento dos
</p>
<p>documentos para apresentação junto como recurso administrativo fosse efetivado após as 14
</p>
<p>horas, de maneira que não havia estipulação do dever da UFAL entregá-los em determinado
</p>
<p>lapso temporal, tem-se que a irregularidade fora sanada.
</p>
<p>A Portaria não adotou limitação temporal ao dever da Universidade de
</p>
<p>providenciar o acesso às cópias de documentos, certidões e declarações, dispondo apenas em
</p>
<p>seu artigo 37, parágrafo único. "Será assegurado ao candidato cópias dos documentos de
</p>
<p>posse da UFAL e a emissão de certidões e declarações que sejam solicitados para instrução de
</p>
<p>recurso administrativo.".
</p>
<p>Com isso, verificado a inexistência de direcionamento do concurso, haja vista as
</p>
<p>diligências empreendidas no curso da instrução, que foram robustecidas pelos termos da Nota
</p>
<p>Técnica ASSCOOR/1ª CCR nº 01/2015, fls. 55/58; e alterada a redação da norma que veiculava
</p>
<p>um aparente conflito normativo, tem-se que o desiderato desse procedimento restou alcançado.
</p>
<p>Diante do exposto, acolhida a Recomendação e adotadas as providências para seu
</p>
<p>efetivo cumprimento, inexiste motivo que justifique a continuidade de tramitação deste
</p>
<p>procedimento, razão pela qual promovo o seu ARQUIVAMENTO nos termos do artigo 4º,
</p>
<p>inciso V, da Resolução nº 87, do Conselho Superior do Ministério Público Federal - CSMPF.
</p>
<p>Oficie-se o representante a fim de cientificá-lo da presente decisão, para,
</p>
<p>querendo, manifestar eventual inconformidade contra o presente arquivamento, com a
</p>
<p>apresentação de razões escritas e documentos diretamente à 1ª CCR, consoante prescreve o art.
</p>
<p>17, §3º da Resolução nº 87/2010 do Conselho Superior do Ministério Público Federal.
</p>
<p>Ato contínuo, remetam-se os autos à 1ª CCR, para que delibere a respeito da
</p>
<p>presente decisão, em decorrência das disposições contidas no artigo 17, §2º, da Resolução nº
</p>
<p>87/2010, do CSMPF.
Maceió/AL, 2 de agosto de 2018.
</p>
<p> 
 
</p>
<p>assinado digitalmente
Roberta Lima Barbosa Bomfim
</p>
<p>Procuradora da República
 
</p>
<p>Pág. 4 de 4</p>
<p />
</div>
</body></html>