<?xml version="1.0" encoding="UTF-8"?>
<html xmlns="http://www.w3.org/1999/xhtml">
<head>
<meta name="pdf:PDFVersion" content="1.4" />
<meta name="xmp:CreatorTool" content="Writer" />
<meta name="access_permission:modify_annotations" content="true" />
<meta name="access_permission:can_print_degraded" content="true" />
<meta name="tika_batch_fs:relative_path" content="64856985.pdf" />
<meta name="language" content="pt-BR" />
<meta name="dcterms:created" content="2017-07-31T20:13:11Z" />
<meta name="dc:format" content="application/pdf; version=1.4" />
<meta name="pdf:docinfo:creator_tool" content="Writer" />
<meta name="access_permission:fill_in_form" content="true" />
<meta name="pdf:encrypted" content="false" />
<meta name="Content-Length" content="150349" />
<meta name="X-TIKA:digest:MD5" content="3f68f6ae168a50d30538f93501dd77f2" />
<meta name="Content-Type" content="application/pdf" />
<meta name="X-Parsed-By" content="org.apache.tika.parser.DefaultParser" />
<meta name="X-Parsed-By" content="org.apache.tika.parser.pdf.PDFParser" />
<meta name="dc:language" content="pt-BR" />
<meta name="meta:creation-date" content="2017-07-31T20:13:11Z" />
<meta name="created" content="Mon Jul 31 17:13:11 BRT 2017" />
<meta name="access_permission:extract_for_accessibility" content="true" />
<meta name="access_permission:assemble_document" content="true" />
<meta name="xmpTPg:NPages" content="3" />
<meta name="Creation-Date" content="2017-07-31T20:13:11Z" />
<meta name="resourceName" content="64856985.pdf" />
<meta name="access_permission:extract_content" content="true" />
<meta name="access_permission:can_print" content="true" />
<meta name="tika:file_ext" content="pdf" />
<meta name="producer" content="LibreOffice 5.2" />
<meta name="access_permission:can_modify" content="true" />
<meta name="pdf:docinfo:producer" content="LibreOffice 5.2" />
<meta name="pdf:docinfo:created" content="2017-07-31T20:13:11Z" />
<title></title>
</head>
<body><div class="page"><p />
<p>Ministério Público Federal
Procuradoria da República no Estado de Alagoas
</p>
<p>Inquérito Civil nº 1.11.000.000568/2015-86
</p>
<p>PROMOÇÃO DE ARQUIVAMENTO Nº       /2017
</p>
<p>Trata-se de inquérito civil instaurado com base em ofício (fl. 02), encaminhado
</p>
<p>pelo Ministério Público Estadual, por meio do qual o promotor signatário, ao tempo em que
</p>
<p>informa a ocupação irregular  por  famílias  em situação de precariedade na antiga  sede do
</p>
<p>Instituto Nacional de Seguridade Social (INSS), localizada no Edifício Humberto Santa Cruz
</p>
<p>(Centro), esclareceu que a promotoria solicitou a retirada das pessoas do edifício, bem como a
</p>
<p>atuação da SEMAS para que fizesse o levantamento das famílias e quais os benefícios que
</p>
<p>elas poderiam receber, o que, segundo o ofício de fls. 04/11, foi feito. Relatou, no entanto, que
</p>
<p>o processo de desapropriação não foi concluído, porquanto o alienatário, Benício Cabral da
</p>
<p>Costa, não efetuou os pagamentos, de modo que tramita “na 2ª Vara Federal de Alagoas Ação
</p>
<p>de Execução n.º 2007.80.00.007665-0”.
</p>
<p>Por derradeiro, entendendo que o prédio ainda estava sob a responsabilidade do
</p>
<p>ente  federal,  o  referido  promotor  solicitou  a  atuação  do  parquet  federal  no  sentido  de
</p>
<p>constranger o alienatário a cumprir a sentença de execução.
</p>
<p>Encontra-se encartado nos autos o relatório de inspeção sanitária (fls. 12/37),
</p>
<p>elaborado pela Vigilância Sanitária de Maceió/AL,  dando conta das péssimas condições de
</p>
<p>habitabilidade do local. 
</p>
<p>Há, ainda, informação do INSS (fl. 38) sobre o processo licitatório de alienação
</p>
<p>do referido  imóvel,  deflagrado na modalidade concorrência,  no qual  se  sagrou vendedor  o
</p>
<p>alienatário Benício Cabral Costa. 
</p>
<p>Após  anteriores  distribuições  (fls.  48  e  51-v),  o  procedimento  ficou  sob  a
</p>
<p>responsabilidade  da  procuradora  da  República  titular  do  7º  ofício.  Como  diligência  inicial,
</p>
<p>expediu-se ofício à 61ª Promotoria de Justiça (fl. 54) a fim de que fosse identificado qual seria,
</p>
<p>de fato,  o  imóvel  ocupado,  haja  vista  que o  expediente  de fls.  02/03 faz  menção ao Edf.
</p>
<p>(82) 2121-1464/1465 – www.mpf.mp.br/al 
Av. Juca Sampaio, 1800, Barro Duro, Maceió/AL – CEP 57045-365
</p>
<p>1/3
N:\Procuradores\12-Oficio\Promoções de arquivamento\568-2015-86-Ausência de atribuição do MPF- Invasão prédio INSS-blfr.odt</p>
<p />
</div>
<div class="page"><p />
<p>Humberto Santa Cruz (conhecido como Ary Pitombo) e o de fls.  04/07 refere-se ao Edf.
</p>
<p>Palmares. Nada obstante, o destinatário quedou-se inerte.
</p>
<p>Em nova tentativa de esclarecer os fatos, expediu-se ofício à Procuradoria da
</p>
<p>União em Alagoas (fl. 57), solicitando informações acerca das medidas adotadas quanto ao
</p>
<p>imóvel objeto da mencionada ação de execução, ocasião em que o oficiado restou silente.
</p>
<p>Ato  contínuo,  os  autos  foram  redistribuídos  ao  12º  Ofício,  consoante
</p>
<p>despacho de fl. 58.
</p>
<p>É o relatório.
</p>
<p>A despeito de inexistirem informações claras acerca do prédio em questão,
</p>
<p>em consulta ao site da Justiça Federal em Alagoas, percebe-se que há matéria jornalística,
</p>
<p>publicada em 23 de novembro de 2015, informando o cumprimento do mandado judicial de
</p>
<p>reintegração de posse no Edf. Humberto Santa Cruz,1 conhecido por ser a antiga sede do
</p>
<p>INSS. Inclusive, de acordo com o teor da certidão de fl. 60, o servidor do Ministério Público
</p>
<p>Estadual relata ao certificante que a Notícia de Fato n.º 22/2014, da qual o ofício iniciador
do  presente  inquérito  civil  partiu  (fl.  02/03),  foi  arquivada porque  tanto  os  invasores
desocuparam o prédio como também foram cadastrados pelos órgãos responsáveis
para serem beneficiados com moradia popular. 
</p>
<p>No que concerne à solicitação para  que o MPF intervenha no sentido  de
</p>
<p>constranger o alienatário a cumprir a sentença de execução, é oportuno salientar que o novo
</p>
<p>Código de Processo Civil, em seu art. 178, inciso I, autoriza a intervenção do parquet, dentre
</p>
<p>outras hipóteses,  quando houver  interesse público.  Entretanto,  não é qualquer interesse
</p>
<p>público que legitima sua atuação, mas, sim, o interesse público primário, isto é, um interesse
</p>
<p>mais amplo, com viés coletivo. Nesse sentido:
</p>
<p>PROCESSUAL CIVIL E  ADMINISTRATIVO.  EMBARGOS DE DIVERGÊNCIA
EM  RECURSO  ESPECIAL.  DIVERGÊNCIA  CONFIGURADA.  AÇÃO  DE
RESSARCIMENTO  AO  ERÁRIO  PROPOSTA  POR  ENTE  PÚBLICO.
INTERVENÇÃO DO MINISTÉRIO PÚBLICO. DESNECESSIDADE. NULIDADE
NÃO CONFIGURADA. 1. A interpretação do art. 82, II, do CPC, à luz dos arts.
129,  incisos  III  e  IX,  da  Constituição  da  República,  revela  que  o  "interesse
público" que justifica a intervenção do Ministério Público não está relacionado à
simples presença de ente público na demanda nem ao seu interesse patrimonial
(interesse público secundário ou interesse da Administração). Exige-se que o
bem jurídico tutelado corresponda a um interesse mais amplo, com espectro
coletivo (interesse público primário). 2. A causa de pedir ressarcimento pelo ente
público  lesionado,  considerando  os  limites  subjetivos  e  objetivos  da  lide,
prescinde da análise da ocorrência de ato de improbidade, razão pela qual não
há  falar  em  intervenção  obrigatória  do  Ministério  Público.  3.  Embargos  de
divergência providos para, reformando o acórdão embargado, dar provimento ao
recurso especial  e,  em consequência,  determinar  que o  Tribunal  de  origem,
</p>
<p>1 http://www.jfal.jus.br/noticias/3790 Acesso em 31/07/2017.
</p>
<p>(82) 2121-1464/1465 – www.mpf.mp.br/al 
Av. Juca Sampaio, 1800, Barro Duro, Maceió/AL – CEP 57045-365
</p>
<p>2/3
N:\Procuradores\12-Oficio\Promoções de arquivamento\568-2015-86-Ausência de atribuição do MPF- Invasão prédio INSS-blfr.odt</p>
<p />
<div class="annotation"><a href="http://www.jfal.jus.br/noticias/3790">http://www.jfal.jus.br/noticias/3790</a></div>
</div>
<div class="page"><p />
<p>superada a nulidade pela não intervenção do Ministério Público, prossiga no
julgamento do recurso de apelação. (STJ, EREsp 1151639, Rel. Min. Benedito
Gonçalves, 1ªS, DJe 15.09.2014).
</p>
<p>No caso em apreço, as medidas eventualmente propostas para constranger o
</p>
<p>alienatário  a  honrar  as  obrigações  pactuadas  (contrato  de  alienação),  sobretudo  o
</p>
<p>cumprimento  de  sentença,  são  da  alçada  da  União,  que  é  a  proprietária  do  bem.  Isso
</p>
<p>porque,  como  exposto  no  julgado  acima,  os  interesses  meramente  patrimoniais  de
</p>
<p>ente/entidade federal não reclamam a atuação do Ministério Público Federal, que só atua,
</p>
<p>em regra, em situações com “espectro coletivo (interesse público primário)”.
</p>
<p>Ante o exposto,  promovo o  arquivamento do feito,  com fulcro  no art.  9º,
caput, da Lei nº 7.347/85 e no art. 17, caput, da Resolução CSMPF nº 87/2010 e determino:
</p>
<p>a) a publicação, nos moldes do art. 16, § 1º, inciso I da referida resolução, na
área disponível para consulta no site da Procuradoria da República em Alagoas;
</p>
<p>b) a remessa dos autos, no prazo de 3 dias, à 1ª Câmara de Coordenação e
Revisão para apreciação deste arquivamento, na forma do art. 9º, § 1º, da Lei nº 7.347/85 e
</p>
<p>do art. 17, § 2º, da Resolução nº 87/2010 do CSMPF.
</p>
<p>Deixo, porém, de cientificar a citada promotoria de justiça, haja vista que
a notícia de fato que deu origem ao presente procedimento já foi arquivada.
</p>
<p>Maceió/AL, 31 de julho de 2017.
</p>
<p>Cinara Bueno Santos Pricladnitzky
Procuradora da República
</p>
<p>(82) 2121-1464/1465 – www.mpf.mp.br/al 
Av. Juca Sampaio, 1800, Barro Duro, Maceió/AL – CEP 57045-365
</p>
<p>3/3
N:\Procuradores\12-Oficio\Promoções de arquivamento\568-2015-86-Ausência de atribuição do MPF- Invasão prédio INSS-blfr.odt</p>
<p />
</div>
</body></html>