<?xml version="1.0" encoding="UTF-8"?>
<html xmlns="http://www.w3.org/1999/xhtml">
<head>
<meta name="date" content="2015-12-18T17:13:22.62" />
<meta name="meta:paragraph-count" content="22" />
<meta name="meta:word-count" content="1002" />
<meta name="Table-Count" content="0" />
<meta name="meta:initial-author" content="marcoaj" />
<meta name="initial-creator" content="marcoaj" />
<meta name="tika_batch_fs:relative_path" content="64962465.odt" />
<meta name="generator" content="LibreOffice/4.0-11$Windows_x86 LibreOffice_project/ad525efd0451d5cd8e0e9cf03f8234f9b7f1f99" />
<meta name="Word-Count" content="1002" />
<meta name="dcterms:created" content="2012-07-26T10:54:00" />
<meta name="language" content="pt-BR" />
<meta name="dcterms:modified" content="2015-12-18T17:13:22.62" />
<meta name="Last-Modified" content="2015-12-18T17:13:22.62" />
<meta name="nbPara" content="22" />
<meta name="Last-Save-Date" content="2015-12-18T17:13:22.62" />
<meta name="meta:object-count" content="0" />
<meta name="meta:character-count" content="6462" />
<meta name="Paragraph-Count" content="22" />
<meta name="nbImg" content="3" />
<meta name="meta:save-date" content="2015-12-18T17:13:22.62" />
<meta name="dc:title" content="TOMADA DE CONTAS ESPECIAL" />
<meta name="Edit-Time" content="PT14H15M22S" />
<meta name="modified" content="2015-12-18T17:13:22.62" />
<meta name="meta:image-count" content="3" />
<meta name="Image-Count" content="3" />
<meta name="nbCharacter" content="6462" />
<meta name="nbObject" content="0" />
<meta name="Content-Length" content="206949" />
<meta name="nbPage" content="3" />
<meta name="X-TIKA:digest:MD5" content="e376b9ae75588271988c015a98b1ce09" />
<meta name="Object-Count" content="0" />
<meta name="nbWord" content="1002" />
<meta name="Content-Type" content="application/vnd.oasis.opendocument.text" />
<meta name="X-Parsed-By" content="org.apache.tika.parser.DefaultParser" />
<meta name="X-Parsed-By" content="org.apache.tika.parser.odf.OpenDocumentParser" />
<meta name="dc:language" content="pt-BR" />
<meta name="meta:creation-date" content="2012-07-26T10:54:00" />
<meta name="meta:table-count" content="0" />
<meta name="Creation-Date" content="2012-07-26T10:54:00" />
<meta name="xmpTPg:NPages" content="3" />
<meta name="resourceName" content="64962465.odt" />
<meta name="Character Count" content="6462" />
<meta name="editing-cycles" content="62" />
<meta name="Page-Count" content="3" />
<meta name="tika:file_ext" content="odt" />
<meta name="nbTab" content="0" />
<meta name="meta:page-count" content="3" />
<title>TOMADA DE CONTAS ESPECIAL</title>
</head>
<body><p><b>Peças de Informação nº 1.23.000.000</b>920/2015-62</p>
<p />
<p />
<p />
<p />
<p><b>PROMOÇÃO DE ARQUIVAMENTO </b></p>
<p />
<p />
<p />
<p />
<p>Tramita no 10º Ofício da Procuradoria da República no Pará, de titularidade deste signatário, o Inquérito Civil Público n.1.23.000.000920/2015-62, que tem por objetivo apurar a não percepção de seguro defeso por parte da Associação dos Camaroeiros, Caranguejeiros e Marisqueiros do Município de Colares/PA (ASCCAMG).</p>
<p />
<p>Em manifestação, o Presidente da Associação afirma que apesar de existirem as Portarias n. 001/2015, de 13/02/2015 da SEMA e a Portaria n. 53, de 30/09/2003 do IBAMA, que regulamentam o defeso do caranguejo-uçá, proibindo a pesca e outras atividades correlatas, de 01/10 a 31/03, de cada ano, os pescadores não estão recebendo o benefício. O Ministério do Trabalho teria negado a percepção do auxílio, alegando não existir período do defeso na região. Afirma que, apesar disso, os marisqueiros estariam impedidos de fazer a pesca na região,  já que a DEMA/PA estaria confiscando seus utensílios. Em acréscimo, afirma que a  ASCCAMG já deu entrada em solicitação do seguro defeso e até o momento não foi deferido o pedido.</p>
<p />
<p>Pois bem. Em análise verifico que a Portaria n. 001/2015, de 13/02/2015, da SEMA, realmente proíbe a pesca do caranguejo-uçá durante a reprodução desta espécie (Piracema). Contudo, esta Portaria foi elabora pela SEMA, que não detém atribuição para estabelecer o defeso e por isso mesmo, segundo relato do próprio Prefeito de Colares às fls. 69 e seguintes, a Secretaria Municipal decidiu tornar sem efeito o ato e, para tanto editou a Portaria nº 02/2015, 03 dias depois, percebendo o equívoco.</p>
<p> Não obstante, observo que a Portaria da SEMA é cópia integral da Instrução Normativa Interministerial MPA/MMA nº 9 de 30/12/2014, pelo que passo a analisá-la em seu mérito. Sobre ela, vejo que o período de interrupção das atividades pesqueiras é de apenas 6 dias para cada ciclo de paralisação e o a percepção do seguro defeso só é devida após 15 dias, conforme nota do IBAMA.</p>
<p />
<p>No que se refere à Portaria n. 53, de 30 de setembro de 2003, também colacionada pelo representante, o próprio IBAMA informa que ela se refere à espécie Cardisoma Guanhumi, vulgarmente chamada de Guaimun, espécie que somente ocorre <b><i>no sul do Brasil</i></b>. Por isso mesmo, o art. 1º da Portaria dispõe: “ Art. 1º: Proibir, anualmente, no período de 1º de outubro a 31 de março, a captura, a manutenção em cativeiro, o transporte, o beneficiamento, a industrialização o armazenamento e a comercialização da espécie <i>Cardisoma guanhumi</i>, conhecido popularmente por caranguejo, guaiamum, goiamú, caranguejo-azul, caranguejo-do-mato, <b>ocorrente nos Estados do Espírito Santo, Rio de Janeiro e São Paulo”</b></p>
<p />
<p>O manifestante também baseou a alegação de direito na Instrução Normativa IBAMA n. 189, de 23 de setembro de 2008 que também se refere ao defeso do camarão rosa na região sudeste e sul do Brasil, não sendo, por consectário lógico, aplicável ao Município de Colares.  </p>
<p />
<p>Não obstante, a inaplicabilidade dos atos administrativos em comento, este órgão ministerial oficiou ao Ministério do Trabalho e Emprego para elucidar, mais uma vez a questão. Através do Ofício/SRTE-PA/SEPTER/Nº089/2015 esclareceu que o Ministério do Trabalho e Emprego segue o que estabelece as portarias de proteção à espécie, expedidas pelo IBAMA e que, este, por sua vez, só teria publicado 03 Portarias para defesos iniciados a partir de 01/11/14 a 01/01/2015, nenhuma aplicável a espécie. São elas: 01)Portaria n.13 defeso 08, que abrange os rios Tocantins, Araguaia e Gurupi; 02) Portaria n. 48 defeso 70, que abrange a bacia hidrográfica do Rio Amazonas e 03) Portaria n.48 defeso 76, que abrange as bacias hidrograficas da Ilha do Marajó. Como a entidade não foi abrangida pelas Portarias mencionadas, o MTE não teria como proceder à liberação do seguro-defeso.</p>
<p />
<p />
<p>De mais a mais, a SEMA informou, através do Ofício Nº35107/2015/DIFISIC/SAGRA, que não houve ações de fiscalização por parte daquele órgão para a citada região em combate à pesca ilegal, pelo que restaria prejudicada a análise das alegações do manifestante, quanto a apreensão de seus utensílios de pesca. Similar manifestação foi encaminhada pela DEMA, através do Ofício n. 0416/2015-GAB/DEMA que informou que realizou várias operações policiais, em conjunto com o IBAMA e ICMBio, decorrentes do transporte de caranguejos sem autorização, em período proibido, mas estes procedimentos somente ocorreram nos Municípios de Terra Alta, Castanhal e Santo Antônio do Tauá, não havendo diligência realizada no Município de Colares/Pa.</p>
<p />
<p>Ante o exposto e em consulta aos órgãos ambientais correlatos ao caso, entendo que não há base legal para o pedido da Associação, quanto a não percepção de seguro defeso. Considerando, pois, esta situação que não justifica a manutenção deste procedimento, inexistindo assim conduta que pudesse ensejar a propositura de uma ação por ato de improbidade, nem medida criminal, não cabe outra opção senão a do arquivamento. </p>
<p />
<p>Contudo, através de contato telefônico com a Assessoria deste Ofício, o representante informou que há notícia de que alguns pescadores de sua localidade estariam fraudulentamente recebendo o seguro defeso como se fossem pescadores de Marajó, já que essa região estaria abrangida pelo benefício, conforme mencionado acima pela SRTE, o que merece ser apurado detidamente por gabinete criminal residual.</p>
<p />
<p>Diante do exposto, promovo o arquivamento do presente Inquérito Civil, nos termos do art. 9º da Lei nº 7.347/85, do art. 17 da Resolução nº 87/2006 do Conselho Superior do Ministério Público Federal e do art. 10 da Resolução nº 23/2007 do Conselho Nacional do Ministério Público, somente quanto a suposta alegação de não percepção irregular do seguro defeso. </p>
<p>Remetam-se os autos à 5ª Câmara de Coordenação e Revisão de Combate à Corrupção, para que promova o necessário reexame desta promoção, em cumprimento ao inciso IV, do art. 62, da LC 75/93 c/c o §1º, do art. 9º, da Lei n.º 7.347/85. </p>
<p>Quanto a notícia de fraude perpetrada, determino a elaboração de cópia deste processo e remessa ao núcleo criminal para distribuição.</p>
<p />
<p>Belém, 18/12/2015.</p>
<p />
<p />
<p />
<p> DANIEL CÉSAR AZEREDO AVELINO</p>
<p> Procuradora da República</p>
<p />
<p />
<p />
<p>  </p>
<p>  </p>
<p>Travessa Dom Romualdo de Seixas, 1476, Umarizal - Belém/PA - CEP 66.055-200 - Edifício Evolution</p>
<p>Fone: (91) 3299-0111 - www.prpa.mpf.mp.br  </p>
<p />
<p />
<p />
<p />
<h2><p />
</h2>
<p>  </p>
<p />
<p>Travessa Dom Romualdo de Seixas, 1476, Umarizal - Belém/PA - CEP 66.055-200 </p>
<p> <a href="http://www.prpa.mpf.gov.br/"><u>www.prpa.mpf.gov.br</a></u> </p>
</body></html>