<?xml version="1.0" encoding="UTF-8"?>
<html xmlns="http://www.w3.org/1999/xhtml">
<head>
<meta name="date" content="2016-04-05T14:01:16.35" />
<meta name="meta:paragraph-count" content="23" />
<meta name="meta:word-count" content="447" />
<meta name="Table-Count" content="0" />
<meta name="tika_batch_fs:relative_path" content="64971548.odt" />
<meta name="generator" content="OpenOffice/4.0.1$Win32 OpenOffice.org_project/401m5$Build-9714" />
<meta name="Word-Count" content="447" />
<meta name="dcterms:created" content="2010-04-30T11:16:59.01" />
<meta name="dcterms:modified" content="2016-04-05T14:01:16.35" />
<meta name="Last-Modified" content="2016-04-05T14:01:16.35" />
<meta name="nbPara" content="23" />
<meta name="Last-Save-Date" content="2016-04-05T14:01:16.35" />
<meta name="meta:object-count" content="0" />
<meta name="meta:character-count" content="3084" />
<meta name="Paragraph-Count" content="23" />
<meta name="nbImg" content="2" />
<meta name="meta:save-date" content="2016-04-05T14:01:16.35" />
<meta name="modified" content="2016-04-05T14:01:16.35" />
<meta name="Edit-Time" content="P4DT8H18M26S" />
<meta name="meta:image-count" content="2" />
<meta name="Image-Count" content="2" />
<meta name="nbCharacter" content="3084" />
<meta name="nbObject" content="0" />
<meta name="Content-Length" content="121151" />
<meta name="nbPage" content="2" />
<meta name="X-TIKA:digest:MD5" content="8e07b9d9963fb53f1ec940c5f4bc95af" />
<meta name="Object-Count" content="0" />
<meta name="nbWord" content="447" />
<meta name="Content-Type" content="application/vnd.oasis.opendocument.text" />
<meta name="X-Parsed-By" content="org.apache.tika.parser.DefaultParser" />
<meta name="X-Parsed-By" content="org.apache.tika.parser.odf.OpenDocumentParser" />
<meta name="meta:creation-date" content="2010-04-30T11:16:59.01" />
<meta name="meta:table-count" content="0" />
<meta name="Creation-Date" content="2010-04-30T11:16:59.01" />
<meta name="xmpTPg:NPages" content="2" />
<meta name="resourceName" content="64971548.odt" />
<meta name="Character Count" content="3084" />
<meta name="editing-cycles" content="392" />
<meta name="Page-Count" content="2" />
<meta name="tika:file_ext" content="odt" />
<meta name="nbTab" content="0" />
<meta name="meta:page-count" content="2" />
<title></title>
</head>
<body><p><b>Inquérito Civil nº 1.24.002.000132/2015-19</b></p>
<p>Promoção de arquivamento nº__________/2016/MPF/PRM/Sousa/PB/GAB-DGF</p>
<p />
<p />
<p><b>EGRÉGIA 1ª CÂMARA DE COORDENAÇÃO E REVISÃO DO MINISTÉRIO </b></p>
<p><b>PÚBLICO FEDERAL</b></p>
<p />
<p><b>PROMOÇÃO DE ARQUIVAMENTO</b></p>
<p />
<p />
<p>Cuida-se de Notícia de Fato instaurada a partir de denúncia de Ana Cleide Gonçalves, relacionada a possíveis irregularidades cometidas no Município de Triunfo-PB no que diz respeito a falta de medicamentos na farmácia básica.</p>
<p>Diante de tal fato, realizou-se diligência perante a Prefeitura de Triunfo-PB, para que esta esclarecesse sobre as irregularidades apontadas quanto à má distribuição de medicamentos nas farmácias básicas, assim como, o envio de cópias de processos licitatórios que viessem comprovar possíveis compras de medicamentos para o município no exercício de 2015.</p>
<p>A Prefeitura enviou arquivo em mídia contendo relatório de dispensação (entradas e saídas) de medicação entre 01/01/2015 e 23/06/2015, bem como alguns documentos de processos licitatórios e notas fiscais referente às compras realizadas no ano de 2015. </p>
<p>Apesar das informações obtidas, se fazia necessário, todavia, conhecer quais os medicamentos eram faltosos na farmácia básica, os quais, especificamente, deveriam estar contidos na representação.</p>
<p>Nesse contexto, Ana Cleide Gonçalves, foi notificada a fim de informar de forma detalhada, quais medicamentos não estavam sendo fornecidos pela farmácia básica do município de Triunfo-PB. Todavia, das inúmeras tentativas de obter tal informação, todas resultaram frustadas, tendo em vista a ausência de resposta por parte da representante.</p>
<p>Por fim, tentou-se contato com a representante (via postal e telefônica), no intuito de esclarecer e enriquecer as informações contidas na representação, além de apresentar documentos que comprovassem os fatos denunciados (fls. 52). Novamente quedou-se sem êxito.</p>
<p>No momento, não se tem qualquer indício razoável que o Município de Triunfo-PB esteja cometendo irregularidades na distribuição dos medicamentos, conforme embasamento na superficial representação da cidadã no presente procedimento.</p>
<p>Conclui-se, portanto, haver esgotamento do objeto da presente demanda, bem como inexistência de justa causa para proposição de ação cabível, não restando outra alternativa, a não ser proceder ao arquivamento do feito.</p>
<p>Diante do exposto, com fulcro nos §§ 1º e 3º, do art. 9º, da Lei nº 7.347/85 c/c art. 62, inc. IV, da Lei Complementar nº 75/93, regulamentado pelo art. 6º, inc. IV e § 1º, da Resolução nº 20/96 do Conselho Superior do Ministério Público Federal, submeto a presente promoção de arquivamento para exame, deliberação e, se for o entendimento, homologação por parte da egrégia 5ª câmara de coordenação e revisão do ministério público federal.</p>
<p>Baixa na distribuição e anotações de estilo.</p>
<p>Sousa, 05 de abril de 2016.</p>
<p />
<p><i>DJALMA GUSMÃO FEITOSA</i></p>
<p><i>Procurador da República</i></p>
<p />
<p />
<p />
<p />
<p />
<p><b>MINISTÉRIO PÚBLICO FEDERAL</b></p>
<p><b>PROCURADORIA DA REPÚBLICA NO MUNICÍPIO DE SOUSA/PB</b></p>
<p>Rua Francisco Vieira da Costa, 30, Maria Raquel Gadelha</p>
<p>CEP 58804-725 – Sousa - PB </p>
<p>Tel. (83) 3522-3977 – Fax: (83) 3522-3302 – <a href="mailto:prpb-coor-ss@mpf.mp.br"><u>prpb-coor-ss@mpf.mp.br</a></u>   </p>
</body></html>