<?xml version="1.0" encoding="UTF-8"?>
<html xmlns="http://www.w3.org/1999/xhtml">
<head>
<meta name="pdf:PDFVersion" content="1.5" />
<meta name="xmp:CreatorTool" content="I.R.I.S." />
<meta name="access_permission:modify_annotations" content="true" />
<meta name="access_permission:can_print_degraded" content="true" />
<meta name="tika_batch_fs:relative_path" content="65088407.pdf" />
<meta name="dcterms:created" content="2015-10-07T12:42:48Z" />
<meta name="dc:format" content="application/pdf; version=1.5" />
<meta name="pdf:docinfo:creator_tool" content="I.R.I.S." />
<meta name="access_permission:fill_in_form" content="true" />
<meta name="pdf:encrypted" content="false" />
<meta name="Content-Length" content="890588" />
<meta name="X-TIKA:digest:MD5" content="8152cd1ce0f07b896bf1c469f465abb0" />
<meta name="Content-Type" content="application/pdf" />
<meta name="X-Parsed-By" content="org.apache.tika.parser.DefaultParser" />
<meta name="X-Parsed-By" content="org.apache.tika.parser.pdf.PDFParser" />
<meta name="meta:creation-date" content="2015-10-07T12:42:48Z" />
<meta name="created" content="Wed Oct 07 09:42:48 BRT 2015" />
<meta name="access_permission:extract_for_accessibility" content="true" />
<meta name="access_permission:assemble_document" content="true" />
<meta name="xmpTPg:NPages" content="2" />
<meta name="Creation-Date" content="2015-10-07T12:42:48Z" />
<meta name="resourceName" content="65088407.pdf" />
<meta name="access_permission:extract_content" content="true" />
<meta name="access_permission:can_print" content="true" />
<meta name="tika:file_ext" content="pdf" />
<meta name="producer" content="5,0,0,255 1236832" />
<meta name="access_permission:can_modify" content="true" />
<meta name="pdf:docinfo:producer" content="5,0,0,255 1236832" />
<meta name="pdf:docinfo:created" content="2015-10-07T12:42:48Z" />
<title></title>
</head>
<body><div class="page"><p />
</div>
<div class="page"><p />
</div>
</body></html>