<?xml version="1.0" encoding="UTF-8"?>
<html xmlns="http://www.w3.org/1999/xhtml">
<head>
<meta name="date" content="2016-07-26T16:22:33.803000000" />
<meta name="meta:paragraph-count" content="18" />
<meta name="meta:word-count" content="332" />
<meta name="Table-Count" content="0" />
<meta name="tika_batch_fs:relative_path" content="65106688.odt" />
<meta name="generator" content="LibreOffice/4.2.2.1$Windows_x86 LibreOffice_project/3be8cda0bddd8e430d8cda1ebfd581265cca5a0f" />
<meta name="Word-Count" content="332" />
<meta name="dcterms:created" content="2009-11-23T10:15:07.78" />
<meta name="language" content="pt-BR" />
<meta name="dcterms:modified" content="2016-07-26T16:22:33.803000000" />
<meta name="Last-Modified" content="2016-07-26T16:22:33.803000000" />
<meta name="nbPara" content="18" />
<meta name="Last-Save-Date" content="2016-07-26T16:22:33.803000000" />
<meta name="meta:object-count" content="0" />
<meta name="meta:character-count" content="2565" />
<meta name="Paragraph-Count" content="18" />
<meta name="nbImg" content="3" />
<meta name="meta:save-date" content="2016-07-26T16:22:33.803000000" />
<meta name="Edit-Time" content="P1DT16H58M15S" />
<meta name="modified" content="2016-07-26T16:22:33.803000000" />
<meta name="meta:image-count" content="3" />
<meta name="Image-Count" content="3" />
<meta name="nbCharacter" content="2565" />
<meta name="nbObject" content="0" />
<meta name="Content-Length" content="174294" />
<meta name="nbPage" content="2" />
<meta name="X-TIKA:digest:MD5" content="470dbb232fbbba8c22a468031b1b8511" />
<meta name="Object-Count" content="0" />
<meta name="nbWord" content="332" />
<meta name="Content-Type" content="application/vnd.oasis.opendocument.text" />
<meta name="X-Parsed-By" content="org.apache.tika.parser.DefaultParser" />
<meta name="X-Parsed-By" content="org.apache.tika.parser.odf.OpenDocumentParser" />
<meta name="dc:language" content="pt-BR" />
<meta name="meta:creation-date" content="2009-11-23T10:15:07.78" />
<meta name="meta:table-count" content="0" />
<meta name="Creation-Date" content="2009-11-23T10:15:07.78" />
<meta name="xmpTPg:NPages" content="2" />
<meta name="resourceName" content="65106688.odt" />
<meta name="Character Count" content="2565" />
<meta name="editing-cycles" content="200" />
<meta name="Page-Count" content="2" />
<meta name="tika:file_ext" content="odt" />
<meta name="nbTab" content="0" />
<meta name="meta:page-count" content="2" />
<title></title>
</head>
<body><p />
<p />
<p />
<p />
<p />
<p> /  	</p>
<p />
<p />
<p />
<p />
<p />
<p>MINISTÉRIO PÚBLICO FEDERAL</p>
<p>PROCURADORIA DA REPÚBLICA EM JUAZEIRO DO NORTE</p>
<p>Rua Jonas de Sousa Silva, nº 60 – Lagoa Seca – Juazeiro do Norte/CE  - CEP 63.040-140 </p>
<p>Fone: (88) 3571-1833 - <a href="http://www.prce.mpf.mp.br/juazeiro"><u>www.prce.mpf.mp.br/juazeiro</a></u>  </p>
<p> </p>
<p />
<p />
<p />
<p />
<p />
<p>    </p>
<p><b>Inquérito Civil n.º 1.15.002.000239/2015-76</b></p>
<p />
<p />
<p><b><u>PROMOÇÃO DE ARQUIVAMENTO</u></b></p>
<p />
<p />
<p>Trata-se de Inquérito Civil instaurado para apurar a possível oferta do curso de Engenharia Ambiental pelo Instituto Federal de Educação, Ciências e Tecnologia do Ceará – IFCE, campus Juazeiro do Norte/CE, sem a devida autorização do MEC, o que estaria acarretando a recusa na emissão dos correspondentes diplomas aos alunos concludentes, fato devido à omissão/demora no envio do projeto pedagógico do curso, conforme portaria nº 40/2007 do referido Ministério.</p>
<p />
<p>Na instrução do feito, foi expedido ofício ao IFCE, campus Juazeiro do Norte/CE, para que prestasse informações pormenorizadas do problema narrado, bem como informasse as medidas já adotadas para sua solução. No mais, também foi Expedido ofício ao MEC solicitando informações acerca da aprovação do curso de Engenharia Ambiental pelo IFCE e, em caso negativo, informações sobre a situação do processo para aprovação. </p>
<p />
<p>O MEC respondeu em fl. 29/30 informando que a instituição de ensino possuía autorização para funcionar no município, mas que seria necessário aguardar a conclusão do processo de reconhecimento, uma vez que este foi protocolado tardiamente somente em 2013, enquanto o curso estaria em funcionamento desde 2009. O IFCE não apresentou resposta.</p>
<p />
<p>Após nova expedição de ofício ao MEC, este informou que o processo de reconhecimento do curso foi finalizado em 05/11/2015 com a expedição em 29/05/2015 da Portaria nº 820, deixando de existir qualquer óbice à emissão dos diplomas dos egressos do curso.</p>
<p />
<p>Desta forma, não há mais nenhuma irregularidade a ser sanada, de maneira que não se justifica a manutenção dos presentes autos nesta unidade ministerial</p>
<p />
<p>Por todo o exposto, determino <b>ARQUIVAMENTO</b> do presente procedimento, pelas razões de fato e de direito acima apresentadas, encaminhando os autos à 1ª CCR para fins de homologação. </p>
<p />
<p>Juazeiro do Norte/CE, 26 de julho de 2016.</p>
<p />
<p>CELSO COSTA LIMA VERDE LEAL</p>
<p><b>Procurador da República</b></p>
<p />
<p />
</body></html>