<?xml version="1.0" encoding="UTF-8"?>
<html xmlns="http://www.w3.org/1999/xhtml">
<head>
<meta name="date" content="2018-05-17T17:07:44Z" />
<meta name="pdf:PDFVersion" content="1.4" />
<meta name="access_permission:modify_annotations" content="true" />
<meta name="access_permission:can_print_degraded" content="true" />
<meta name="tika_batch_fs:relative_path" content="66099835.pdf" />
<meta name="dcterms:created" content="2018-05-17T17:07:43Z" />
<meta name="Last-Modified" content="2018-05-17T17:07:44Z" />
<meta name="dcterms:modified" content="2018-05-17T17:07:44Z" />
<meta name="dc:format" content="application/pdf; version=1.4" />
<meta name="Last-Save-Date" content="2018-05-17T17:07:44Z" />
<meta name="access_permission:fill_in_form" content="true" />
<meta name="pdf:docinfo:modified" content="2018-05-17T17:07:44Z" />
<meta name="meta:save-date" content="2018-05-17T17:07:44Z" />
<meta name="pdf:encrypted" content="false" />
<meta name="modified" content="2018-05-17T17:07:44Z" />
<meta name="Content-Length" content="50934" />
<meta name="X-TIKA:digest:MD5" content="aa9734b49506eddef127784ade3471b6" />
<meta name="Content-Type" content="application/pdf" />
<meta name="X-Parsed-By" content="org.apache.tika.parser.DefaultParser" />
<meta name="X-Parsed-By" content="org.apache.tika.parser.pdf.PDFParser" />
<meta name="meta:creation-date" content="2018-05-17T17:07:43Z" />
<meta name="created" content="Thu May 17 14:07:43 BRT 2018" />
<meta name="access_permission:extract_for_accessibility" content="true" />
<meta name="access_permission:assemble_document" content="true" />
<meta name="xmpTPg:NPages" content="3" />
<meta name="Creation-Date" content="2018-05-17T17:07:43Z" />
<meta name="resourceName" content="66099835.pdf" />
<meta name="access_permission:extract_content" content="true" />
<meta name="access_permission:can_print" content="true" />
<meta name="tika:file_ext" content="pdf" />
<meta name="producer" content="iText® 5.5.9 ©2000-2015 iText Group NV (AGPL-version); modified using iText® 5.5.9 ©2000-2015 iText Group NV (AGPL-version)" />
<meta name="access_permission:can_modify" content="true" />
<meta name="pdf:docinfo:producer" content="iText® 5.5.9 ©2000-2015 iText Group NV (AGPL-version); modified using iText® 5.5.9 ©2000-2015 iText Group NV (AGPL-version)" />
<meta name="pdf:docinfo:created" content="2018-05-17T17:07:43Z" />
<title></title>
</head>
<body><div class="page"><p />
<p> 
</p>
<p>PROMOÇÃO DE ARQUIVAMENTO Nº ________/2018
 
 
</p>
<p>Ref: Inquérito Civil n° 1.26.002.000154/2015-12
 
 
 
</p>
<p>O MINISTÉRIO PÚBLICO FEDERAL, pelo Procurador da República que esta
</p>
<p>subscreve, no exercício de suas atribuições constitucionais e legais, vem promover o
</p>
<p>ARQUIVAMENTO do presente Inquérito Civil pelas razões a seguir expostas:
 
</p>
<p>Trata-se de Inquérito Civil instaurado no âmbito desta Procuradoria da República
</p>
<p>com a finalidade de apurar uma possível falha no procedimento que envolve a cobrança de
</p>
<p>processos que não cessam após o óbito e que por consequência possibilitam o saque de valores
</p>
<p>indevidos por terceiros não beneficiários, causando com isso prejuízo ao erário.
</p>
<p>Conforme constam nos autos, a agência do INSS em Caruaru/PE em duas
</p>
<p>ocasiões detectou a ocorrência de uma possível falha no procedimento de cobrança dos
</p>
<p>benefícios pagos de forma indevida após óbito dos ex-segurados. O primeiro deles referente ao
</p>
<p>ex-segurado, o senhor João de Souza, e o segundo à senhora Maria do Socorro Coelho de
</p>
<p>Oliveira.
 
</p>
<p>Segundo o INSS, estas falhas ocorriam em virtude de inconsistências existentes
</p>
<p>no banco de dados dos benefícios da própria autarquia, bem como também da falta de
</p>
<p>comunicação entre os cartórios, o poder judiciário, a rede bancária e o próprio INSS. Este
</p>
<p>ambiente possibilitava então que herdeiros realizassem saques de valores beneficiários
</p>
<p>indevidos.
 
</p>
<p>Às fls 05/51 constam as cópias dos procedimentos administrativos de cobrança
</p>
<p>PRM-CRU-PE-00003413/2018     
</p>
<p>MINISTÉRIO PÚBLICO FEDERAL
PROCURADORIA DA REPÚBLICA NO MUNICÍPIO DE CARUARU
</p>
<p>Rua Professor Luis Bezerra De Vasconcelos, S/n,, Universitário - Cep 55014838 - Caruaru-PE
Tel. (81)37210752 Email:Prpe-prm-caruaru@mpf.mp.br
</p>
<p>Pág. 1 de 3</p>
<p />
</div>
<div class="page"><p />
<p>dos valores pagos indevidamente, os ofícios de nº 006/2015/INSS/GEXCAR/SOFC, onde
</p>
<p>também consta o alvará judicial que autorizou o saque destes valores junto à Caixa Econômica
</p>
<p>Federal. (fl. 40)
 
</p>
<p>Às fls. 53/54 constam o ofício de instauração do Inquérito Civil voltado à
</p>
<p>apuração de tais irregularidades.
 
</p>
<p>É o relatório.
 
</p>
<p>Em resposta ao ofício de nº 248/2016 - MPF/CRU/2º OF, que solicita
</p>
<p>informações à Superintendência Regional do Nordeste acerca das medidas tomadas pela
</p>
<p>autarquia para evitar os problemas referidos neste Inquérito Civil, a coordenação de controle de
</p>
<p>benefícios da referida autarquia afirmou, às fls. 75/78, que adota todos os procedimentos
</p>
<p>previstos nos atos normativos de apuração e cobrança administrativa, quais sejam: o Manual de
</p>
<p>Monitoramento Operacional de Benefícios e a instrução normativa nº 74/PRES/INSS.
 
</p>
<p>Complementou dizendo que seu sistema de informações de Registro Civil -
</p>
<p>SIRC, caracteriza-se pela troca de informações com outros órgãos, havendo inclusive
</p>
<p>ferramentas que permitem aos cartórios acompanharem a regularidade em relação ao
</p>
<p>cumprimento de suas obrigações legais, bem como também a existência de funções que
</p>
<p>permitem a troca de dados com todo o poder público.
 
</p>
<p>Nesta toada, ainda foi mencionada a realização de auditorias internas voltadas a
</p>
<p>suspensão de benefícios com indícios de óbito, demonstrando os dados expressivos que este
</p>
<p>controle preventivo possibilitou.
 
</p>
<p>Desta forma, percebe-se que os motivos apontados como causas das possíveis
</p>
<p>PRM-CRU-PE-00003413/2018     
</p>
<p>MINISTÉRIO PÚBLICO FEDERAL
PROCURADORIA DA REPÚBLICA NO MUNICÍPIO DE CARUARU
</p>
<p>Rua Professor Luis Bezerra De Vasconcelos, S/n,, Universitário - Cep 55014838 - Caruaru-PE
Tel. (81)37210752 Email:Prpe-prm-caruaru@mpf.mp.br
</p>
<p>Pág. 2 de 3</p>
<p />
</div>
<div class="page"><p />
<p>falhas no procedimento de cobrança de benefícios que não são cessados após o óbito não são
</p>
<p>observadas, uma vez que, conforme o acima exposto, todos os procedimentos são realizados da
</p>
<p>forma mais adequada, não restando comprovado qualquer indício de irregularidades nos
</p>
<p>mesmos.
 
</p>
<p>Pelo exposto,  o  MINISTÉRIO PÚBLICO FEDERAL promove o
</p>
<p>ARQUIVAMENTO do presente Inquérito Civil oficie-se ao noticiante a fim de lhe dar
</p>
<p>conhecimento desta promoção de arquivamento, cientificando-o, inclusive, da previsão inserta
</p>
<p>no § 3°, do mencionado art. 17, caput, da Resolução n.º 87/2006.
 
</p>
<p>Após, encaminhe-se à 1ª Câmara de Coordenação e Revisão para exercício do
</p>
<p>poder revisional.
</p>
<p>Cumpra-se.
 
 
</p>
<p>Caruaru, 17 de maio de 2018.
 
</p>
<p>LUIZ ANTÔNIO MIRANDA AMORIM SILVA
</p>
<p>Procurador da República em exercício cumulativo
 
 
 
 
</p>
<p>PRM-CRU-PE-00003413/2018     
</p>
<p>MINISTÉRIO PÚBLICO FEDERAL
PROCURADORIA DA REPÚBLICA NO MUNICÍPIO DE CARUARU
</p>
<p>Rua Professor Luis Bezerra De Vasconcelos, S/n,, Universitário - Cep 55014838 - Caruaru-PE
Tel. (81)37210752 Email:Prpe-prm-caruaru@mpf.mp.br
</p>
<p>Pág. 3 de 3</p>
<p />
</div>
</body></html>