<?xml version="1.0" encoding="UTF-8"?>
<html xmlns="http://www.w3.org/1999/xhtml">
<head>
<meta name="date" content="2016-08-04T09:28:00.217000000" />
<meta name="meta:paragraph-count" content="26" />
<meta name="meta:word-count" content="500" />
<meta name="Table-Count" content="0" />
<meta name="tika_batch_fs:relative_path" content="66297739.odt" />
<meta name="generator" content="LibreOffice/4.4.5.2$Windows_x86 LibreOffice_project/a22f674fd25a3b6f45bdebf25400ed2adff0ff99" />
<meta name="Word-Count" content="500" />
<meta name="dcterms:created" content="2013-02-05T15:38:17.18" />
<meta name="dcterms:modified" content="2016-08-04T09:28:00.217000000" />
<meta name="Last-Modified" content="2016-08-04T09:28:00.217000000" />
<meta name="nbPara" content="26" />
<meta name="Last-Save-Date" content="2016-08-04T09:28:00.217000000" />
<meta name="meta:object-count" content="0" />
<meta name="meta:character-count" content="3155" />
<meta name="Paragraph-Count" content="26" />
<meta name="nbImg" content="2" />
<meta name="meta:save-date" content="2016-08-04T09:28:00.217000000" />
<meta name="Edit-Time" content="PT14H45M6S" />
<meta name="modified" content="2016-08-04T09:28:00.217000000" />
<meta name="meta:image-count" content="2" />
<meta name="Image-Count" content="2" />
<meta name="nbCharacter" content="3155" />
<meta name="nbObject" content="0" />
<meta name="Content-Length" content="121771" />
<meta name="nbPage" content="2" />
<meta name="X-TIKA:digest:MD5" content="b70d7a69283a2a7cc5496e4825c0c80f" />
<meta name="Object-Count" content="0" />
<meta name="nbWord" content="500" />
<meta name="Content-Type" content="application/vnd.oasis.opendocument.text" />
<meta name="X-Parsed-By" content="org.apache.tika.parser.DefaultParser" />
<meta name="X-Parsed-By" content="org.apache.tika.parser.odf.OpenDocumentParser" />
<meta name="meta:creation-date" content="2013-02-05T15:38:17.18" />
<meta name="meta:table-count" content="0" />
<meta name="Creation-Date" content="2013-02-05T15:38:17.18" />
<meta name="xmpTPg:NPages" content="2" />
<meta name="resourceName" content="66297739.odt" />
<meta name="Character Count" content="3155" />
<meta name="editing-cycles" content="157" />
<meta name="Page-Count" content="2" />
<meta name="tika:file_ext" content="odt" />
<meta name="nbTab" content="0" />
<meta name="meta:page-count" content="2" />
<title></title>
</head>
<body><p>    </p>
<p>Av. General Penha Brasil, 1255, São Francisco - CEP 69.305-130 </p>
<p>Boa Vista – RR, Fone: (95) 3198-2000, Fax: (95) 3198-2033</p>
<p>Site: <a href="http://www.prrr.mpf.gov.br/">www.prrr.mpf.gov.br</a></p>
<p>G:\Gabinetes\PR-RR - 3º OFICIO\2016\4. PROCEDIMENTOS ADMINISTRATIVOS\Cível\PRDC\Arquivamento\529.2015-59- Ausência de invasão.odt</p>
<p />
<p><b>MINISTÉRIO PÚBLICO FEDERAL<br />
PROCURADORIA DA REPÚBLICA </b>NO ESTADO DE RORAIMA</p>
<p>PR-RR – 3º OFÍCIO</p>
<p>  </p>
<p>Inquérito Civil nº 1.32.000.000529/2016-59</p>
<p>PR-RR-00014844/2016</p>
<p><u>PROMOÇÃO DE ARQUIVAMENTO</u></p>
<p />
<p>Trata-se de Procedimento Preparatório instaurado para apurar suposta invasão de terreno cedido pela União à Liga Roraimense de Combate ao Câncer pela EngExata Engenharia Ltda.</p>
<p>Em síntese, a representante afirmou que a União cedeu um terreno para a referida Liga, porém a citada empresa de engenharia derrubou parte do muro que cercava o imóvel e tomou posse de parte da área.</p>
<p>Já em sua defesa, a EngExata relatou que o local supostamente invadido não pertence à Liga, mas sim foi entregue à própria empresa para a implantação da Casa da Mulher Brasileira em Boa Vista (Contrato de Empreitada por Preço Global nº 2015.0003.0019).</p>
<p>À fl. 56, a Superintendência do Patrimônio da União informou que tem ciência dos fatos narrados, especificando a área destinada à cessão de uso gratuito à Liga.</p>
<p>Por fim, às fls. 65/67, há parecer da Assessoria de Engenharia/CG/PRRR atestando a inexistência de invasão.</p>
<p>	<b>	 É o relato.</b></p>
<p>Compulsando-se os autos epigrafados, verifica-se que a problemática inicial se deu em função da dúvida acerca da posse de uma área específica que divide o imóvel cedido à Liga Roraimense de Combate ao Câncer e o terreno entregue à EngExata Engenharia Ltda para a construção Casa da Mulher Brasileira em Boa Vista.</p>
<p>Nesse sentido, indignou-se a representante com o ato da empresa quando esta reouve a parte da área que pugnou ser objeto do contrato de empreitada assinado. </p>
<p>No entanto, conforme o parecer constante às fls. 65/67, nos termos da medição efetuada na área de conflito, não restou demonstrada a invasão inicialmente narrada. Pelo contrário, atestou-se que o terreno reivindicado pela empresa consta na área entregue para a construção da Casa da Mulher Brasileira em Boa Vista pela EngExata Engenharia.</p>
<p>Logo, ante ausência de irregularidade, não há razão jurídica para a manutenção do presente feito em instrução, pelo que se impõe o seu arquivamento em honra ao princípio da eficiência (CF/88, art. 37, caput).</p>
<p>			Posto isso, promovo o <b>ARQUIVAMENTO</b> do presente procedimento e, em atenção ao §1º do artigo 17 da Resolução CSMPF nº 87, de 2006, determino a cientificação do representante. Não sendo possível a localização, determino, independente de novo despacho, a cientificação por edital.</p>
<p>			Remetam-se os autos à 1ª Camara de Coordenação e Revisão, no prazo de 03 (três) dias, para a necessária apreciação desta promoção de arquivamento, em cumprimento ao disposto no inc. IV do art. 62 da LC 75/93 c/c o §1º do art. 9º da Lei n.º 7.347/85, artigo 10, §2º, da Resolução CNMP nº 23/2007, artigo 17, §2º, da Resolução CSMPF nº 87, de 03 de agosto de 2006, e Portaria PGR/MPF nº 653, de 30 de outubro de 2012.</p>
<p>	Boa Vista-RR, 01 de agosto de 2016.</p>
<p />
<p><b>ANDREA </b>COSTA DE BRITO</p>
<p>Procuradora da República</p>
<p>		</p>
<p>		</p>
</body></html>