<?xml version="1.0" encoding="UTF-8"?>
<html xmlns="http://www.w3.org/1999/xhtml">
<head>
<meta name="pdf:PDFVersion" content="1.4" />
<meta name="pdf:docinfo:title" content=" " />
<meta name="xmp:CreatorTool" content="Writer" />
<meta name="access_permission:modify_annotations" content="true" />
<meta name="access_permission:can_print_degraded" content="true" />
<meta name="tika_batch_fs:relative_path" content="66302040.pdf" />
<meta name="language" content="pt-BR" />
<meta name="dcterms:created" content="2017-07-27T22:26:41Z" />
<meta name="dc:format" content="application/pdf; version=1.4" />
<meta name="pdf:docinfo:creator_tool" content="Writer" />
<meta name="access_permission:fill_in_form" content="true" />
<meta name="pdf:encrypted" content="false" />
<meta name="dc:title" content=" " />
<meta name="Content-Length" content="210645" />
<meta name="X-TIKA:digest:MD5" content="4c82ec8cb4301b70477849e228d48ca4" />
<meta name="Content-Type" content="application/pdf" />
<meta name="X-Parsed-By" content="org.apache.tika.parser.DefaultParser" />
<meta name="X-Parsed-By" content="org.apache.tika.parser.pdf.PDFParser" />
<meta name="dc:language" content="pt-BR" />
<meta name="meta:creation-date" content="2017-07-27T22:26:41Z" />
<meta name="created" content="Thu Jul 27 19:26:41 BRT 2017" />
<meta name="access_permission:extract_for_accessibility" content="true" />
<meta name="access_permission:assemble_document" content="true" />
<meta name="xmpTPg:NPages" content="4" />
<meta name="Creation-Date" content="2017-07-27T22:26:41Z" />
<meta name="resourceName" content="66302040.pdf" />
<meta name="access_permission:extract_content" content="true" />
<meta name="access_permission:can_print" content="true" />
<meta name="tika:file_ext" content="pdf" />
<meta name="producer" content="LibreOffice 4.4" />
<meta name="access_permission:can_modify" content="true" />
<meta name="pdf:docinfo:producer" content="LibreOffice 4.4" />
<meta name="pdf:docinfo:created" content="2017-07-27T22:26:41Z" />
<title> </title>
</head>
<body><div class="page"><p />
<p>MINISTÉRIO PÚBLICO FEDERAL
PROCURADORIA DA REPÚBLICA EM MATO GROSSO
</p>
<p>RUA ESTEVÃO DE MENDONÇA, N. 830, QUILOMBO, CUIABÁ/MT - CEP 78.043-405 – FONE (65) 3612-5000  –  HTTP://WWW.MPF.MP.BR/MT
</p>
<p>INQUÉRITO CIVIL Nº : 1.20.005.000138/2015-13
</p>
<p>PROMOÇÃO DE ARQUIVAMENTO
</p>
<p>1. Trata-se de Inquérito Civil Público instaurado de ofício pelo procura-
dor oficiante na PRM de Rondonópolis/MT para apurar eventual paralisação da
</p>
<p>obra de duplicação da BR 364, em decorrência de suposta ausência de repasse
</p>
<p>de recursos do Governo federal às empreiteiras/concessionárias, a partir de notí-
</p>
<p>cia extraída da Internet (f. 03/04).
</p>
<p>2. Após  algumas  diligências  na  PRM,  o  feito  foi  declinado  para  a
</p>
<p>PR/MT porquanto constatou-se que a paralisação,  que supunha-se ser  na cir-
</p>
<p>cunscrição daquela unidade,  na verdade,  não teria  ocorrido.  Contudo,  haveria
</p>
<p>ocorrência de paralisação no trecho “Cuiabá / Serra de São Vicente”, sob atribui-
</p>
<p>ção desta Procuradoria da República (f. 14/16).
</p>
<p>3. Recebidos os autos, instaurou-se inquérito civil público, com expedi-
</p>
<p>ção da competente portaria e de ofício ao DNIT e à empresa EQUIPAV, solicitan-
</p>
<p>do informações sobre os fatos relatados  (f. 22/22v e 23/24). Em resposta, o DNIT
</p>
<p>juntou aos autos os documentos de f. 26/51. A empresa não respondeu ao expe-
</p>
<p>diente, mas suas informações foram juntadas pelo DNIT (f. 28/36).
</p>
<p>4. Conclusos em 26/07/2016 (f. 51v), os autos foram vistos em inspe-
</p>
<p>ção em 09/12/2016, considerados em ordem (f. 52).
</p>
<p>É O RELATÓRIO DO NECESSÁRIO.
</p>
<p>PASSA-SE A EXTERNAR AS RAZÕES PELAS QUAIS SE IMPÕE O ARQUIVA-
MENTO DO PRESENTE INQUÉRITO CIVIL.
</p>
<p>5. De rigor o arquivamento do procedimento em exame.
</p>
<p>PR / MT
</p>
<p>Fls. _____</p>
<p />
</div>
<div class="page"><p />
<p>MINISTÉRIO PÚBLICO FEDERAL
</p>
<p>___________________________________________________________________________________________
</p>
<p>6. Inicialmente, cumpre-nos rememorar que o Ministério Público Fede-
</p>
<p>ral, diante de ilegalidade ou abuso de poder que ameacem ou causem danos aos
</p>
<p>interesses e direitos tutelados coletivamente, com fulcro no art. 129, inc. III, da
</p>
<p>Constituição  da  República,  poderá  instaurar  Procedimento  Preparatório  ou  In-
</p>
<p>quérito Civil para colher os elementos necessários para subsidiar a preparação
</p>
<p>para o exercício das atribuições inerentes às suas funções institucionais.
</p>
<p>7. Revela-se  pertinente  a  transcrição  do  artigo  1º  da  Resolução
</p>
<p>CSMPF nº 87/2006:
</p>
<p>Art. 1° - O inquérito civil é procedimento investigatório, instaurado e pre-
sidido pelo Ministério Público,  destinado a apurar a ocorrência de fatos
que digam respeito ou acarretem danos efetivos ou potenciais a interes-
ses que lhe incumba defender, servindo como preparação para o exercí-
cio das atribuições inerentes às suas funções institucionais.
</p>
<p>8. A função do Inquérito Civil Público, portanto, será a colheita de pro-
</p>
<p>vas para elucidar a representação ou comunicação que for protocolizada perante
</p>
<p>os órgãos do parquet, que dê notícia de ilícito ocorrido, ou seja, servirá de proce-
</p>
<p>dimento preparatório do futuro ajuizamento das medidas extrajudiciais e judiciais
</p>
<p>cabíveis, conforme o artigo supracitado.
</p>
<p>9. De outro lado, compulsando os autos do Inquérito Civil mencionado
</p>
<p>na epígrafe, denota-se que não restou demonstrada a necessidade de adoção de
</p>
<p>qualquer providência pelo Ministério Público Federal, especialmente tendo como
</p>
<p>escopo a atribuição  da 3ª Câmara de Coordenação e Revisão do Ministério
Público Federal definida no artigo 2º da Resolução CSMPF nº 20/19961, na qual
se deu a instauração do presente.
</p>
<p>10. Com efeito, segundo a notícia que deu origem à representação (f.
</p>
<p>03/04), os serviços de duplicação teriam sido interrompidos em várias cidades do
</p>
<p>estado, em virtude do não repasse de recursos do Governo Federal, verbis:
</p>
<p>(...) Wellington relatou que muitas cidades do Estado estão enfrentando
problemas sérios na manutenção de serviços por causa das obras parali-
</p>
<p>1 Art. 2º As Câmaras de Coordenação e Revisão, organizadas por matéria, são assim distribuídas: (…)
III – 3ª Câmara – Consumidor e Ordem Econômica (…)
§3º À 3ª Câmara de Coordenação e Revisão incumbe atuar nos feitos cíveis relativos às relações de consumo, assim defi-
nidos em legislação especial, e à ordem econômica.
_____________________________________________________________________
</p>
<p>2/4
</p>
<p>Autos nº 1.20.005.000138/2015-13</p>
<p />
</div>
<div class="page"><p />
<p>MINISTÉRIO PÚBLICO FEDERAL
</p>
<p>___________________________________________________________________________________________
</p>
<p>sadas pelas empreiteiras que estão sem receber recursos do Governo
Federal. A situação persiste, principalmente ao longo da BR-163, na par-
te que deveria estar sendo duplicada pelo Departamento Nacional de In-
fraestrutura de Transportes (DNIT), entre Rondonópolis, no Sul do Esta-
do, e Cuiabá, na Capital
</p>
<p>11. Ocorre que as investigações preliminares realizadas ainda na PRM
</p>
<p>de Rondonópolis concluíram pela improcedência dos fatos denunciados (f. 15).
Todavia, em razão de ocorrências análogas, porém, em localidade diversa e sob
</p>
<p>atribuição de outra unidade (no caso, esta PR/MT), optou-se por declinar do feito,
</p>
<p>em lugar de promover seu arquivamento (f. 14/16).
</p>
<p>12. Não obstante, as investigações aqui realizadas também concluíram
</p>
<p>pela inexistência de irregularidades, pois as obras de duplicação, cuja paralisação
</p>
<p>de fato ocorrera, já haviam sido retomadas em 06/06/2016, isto é, em data anteri -
</p>
<p>or à instauração deste inquérito civil (f. 26).
</p>
<p>13. Vale  dizer,  um erro  material  na  instauração  do  inquérito  civil  fez
</p>
<p>constar o termo “conservação” em lugar de “duplicação”, real objeto destes autos,
</p>
<p>conforme o próprio despacho menciona, em seu primeiro parágrafo (f. 22), além
</p>
<p>de outros documentos (v. g., f. 02, 06 e 20).
</p>
<p>14. Por outro lado, esse erro material não prejudicou a investigação, já
</p>
<p>que o DNIT forneceu as informações corretas, de acordo com o real objeto do IC:
</p>
<p>15. Assim, considerando-se o suficiente esclarecimento dos fatos sob
</p>
<p>atribuição deste ofício de cidadania, não se vislumbra a existência de qualquer in-
dício da irregularidade narrada que dê ensejo ao prosseguimento do feito, motivo
</p>
<p>pelo qual o arquivamento é medida que se impõe.
</p>
<p>_____________________________________________________________________
3/4
</p>
<p>Autos nº 1.20.005.000138/2015-13
</p>
<p>PR / MT
</p>
<p>Fls. _____</p>
<p />
</div>
<div class="page"><p />
<p>MINISTÉRIO PÚBLICO FEDERAL
</p>
<p>___________________________________________________________________________________________
</p>
<p>CONCLUSÃO
</p>
<p>16. Diante do exposto, PROMOVE-SE O ARQUIVAMENTO do presente
Inquérito Civil  Público, pela  correção das irregularidades.  Determina-se, sem
prejuízo,  a substituição do resumo na capa e no sistema ÚNICO pela seguinte
</p>
<p>ementa: “ADMINISTRATIVO.  SERVIÇOS. CONCESSÃO/PERMISSÃO/AUTORI-
</p>
<p>ZAÇÃO. APURAR PARALISAÇÃO DA OBRA DE DUPLICAÇÃO DA BR-364 EN-
</p>
<p>TRE CUIABÁ E A SERRA DE SÃO VICENTE, POR SUPOSTA AUSÊNCIA DE
</p>
<p>REPASSE FEDERAL”.
</p>
<p>17. Tratando-se de procedimento instaurado  de ofício, não há que se
falar em notificação do representante de que trata o artigo 17, §1º, da Resolução
</p>
<p>CSMPF nº 87/2010.
</p>
<p>18. Assim, proceda-se à remessa dos autos à superior apreciação da 3ª
</p>
<p>CCR, para adoção das providências reputadas cabíveis nos termos do artigo 62,
</p>
<p>inciso IV, da Lei Complementar nº 75/1993, e do artigo 17, §2º, da Resolução
</p>
<p>CSMPF nº 87/2006.
</p>
<p>Cuiabá/MT, 24 de julho de 2017.
</p>
<p>MARIANNE CURY PAIVA
PROCURADORA DA REPÚBLICA
</p>
<p>EM SUBSTITUIÇÃO
</p>
<p>_____________________________________________________________________
4/4
</p>
<p>Autos nº 1.20.005.000138/2015-13</p>
<p />
</div>
</body></html>