<?xml version="1.0" encoding="UTF-8"?>
<html xmlns="http://www.w3.org/1999/xhtml">
<head>
<meta name="date" content="2018-01-16T17:22:15Z" />
<meta name="pdf:PDFVersion" content="1.4" />
<meta name="xmp:CreatorTool" content="Writer" />
<meta name="access_permission:modify_annotations" content="true" />
<meta name="access_permission:can_print_degraded" content="true" />
<meta name="tika_batch_fs:relative_path" content="66370264.pdf" />
<meta name="language" content="pt-BR" />
<meta name="dcterms:created" content="2018-01-16T17:22:13Z" />
<meta name="Last-Modified" content="2018-01-16T17:22:15Z" />
<meta name="dcterms:modified" content="2018-01-16T17:22:15Z" />
<meta name="dc:format" content="application/pdf; version=1.4" />
<meta name="Last-Save-Date" content="2018-01-16T17:22:15Z" />
<meta name="pdf:docinfo:creator_tool" content="Writer" />
<meta name="access_permission:fill_in_form" content="true" />
<meta name="pdf:docinfo:modified" content="2018-01-16T17:22:15Z" />
<meta name="meta:save-date" content="2018-01-16T17:22:15Z" />
<meta name="pdf:encrypted" content="false" />
<meta name="modified" content="2018-01-16T17:22:15Z" />
<meta name="Content-Length" content="196341" />
<meta name="X-TIKA:digest:MD5" content="cf1874533d6ab517cb666bc004b40d86" />
<meta name="Content-Type" content="application/pdf" />
<meta name="X-Parsed-By" content="org.apache.tika.parser.DefaultParser" />
<meta name="X-Parsed-By" content="org.apache.tika.parser.pdf.PDFParser" />
<meta name="dc:language" content="pt-BR" />
<meta name="meta:creation-date" content="2018-01-16T17:22:13Z" />
<meta name="created" content="Tue Jan 16 15:22:13 BRST 2018" />
<meta name="access_permission:extract_for_accessibility" content="true" />
<meta name="access_permission:assemble_document" content="true" />
<meta name="xmpTPg:NPages" content="9" />
<meta name="Creation-Date" content="2018-01-16T17:22:13Z" />
<meta name="resourceName" content="66370264.pdf" />
<meta name="access_permission:extract_content" content="true" />
<meta name="access_permission:can_print" content="true" />
<meta name="tika:file_ext" content="pdf" />
<meta name="producer" content="LibreOffice 4.3; modified using JSignPdf 1.1.1" />
<meta name="access_permission:can_modify" content="true" />
<meta name="pdf:docinfo:producer" content="LibreOffice 4.3; modified using JSignPdf 1.1.1" />
<meta name="pdf:docinfo:created" content="2018-01-16T17:22:13Z" />
<title></title>
</head>
<body><div class="page"><p />
<p>MINISTÉRIO PÚBLICO FEDERAL
PROCURADORIA DA REPÚBLICA NO MUNICÍPIO DE CHAPECÓ-SC
</p>
<p>GABINETE 1º OFÍCIO
</p>
<p>Inquérito Civil nº 1.33.002.000311/2015-47
</p>
<p>PROMOÇÃO DE ARQUIVAMENTO
</p>
<p>Trata-se  de  Inquérito  Civil  instaurado  com  o  objetivo  de  apurar  a
</p>
<p>qualidade da pavimentação asfáltica e condições gerais nas rodovias federais no
</p>
<p>âmbito  de  circunscrição  desta  Procuradoria  da  República,  com  base  em
</p>
<p>correspondência  eletrônica  da  8ª  Delegacia  de  Fronteira  da  Polícia  Rodoviária
</p>
<p>Federal em Chapecó (fls. 5-15), Requerimento nº 015/15, encaminhado pela Câmara
</p>
<p>de Vereadores de Pinhalzinho/SC (fls 16-19), bem como despacho e representação
</p>
<p>da Promotoria de Justiça de Pinhalzinho/SC (fls. 20-23), dando conta da suposta má
</p>
<p>qualidade  do  asfalto  e  sinalização  das  BRs  282,  163  e  158,  nos  seguintes
</p>
<p>segmentos:
</p>
<p> a) BR- 282/SC (Ponte Serrada/São Miguel do Oeste);
</p>
<p> b) BR- 158/SC(Maravilha/DIVISA SC-RS) e;
</p>
<p> c) BR- 163/SC(São Miguel do Oeste/ Dionísio Cerqueira).
</p>
<p>Como  providência  inaugural,  foi  expedido  o  Ofício  nº  814/2015  à
</p>
<p>Superintendência Regional do DNIT em Santa Catarina, com o objetivo de apurar se
</p>
<p>existia projeto de recuperação asfáltica no trecho da BR-282 entre Maravilha e Nova
</p>
<p>Erechim, solicitando-se cópia do contrato celebrado (fl. 35).
</p>
<p>Em resposta, o DNIT informou estar em fase de conclusão do projeto
</p>
<p>de  restauração  na  rodovia  BR-282,  e  que  caso  não  houvesse  restrições
</p>
<p>orçamentarias e financeiras à execução, as obras deveriam ser licitadas até o final
</p>
<p>do exercício de 2015. Ainda, asseverou que estava em vigor contrato regular de
</p>
<p>manutenção  rodoviária  com  a  empresa  LCM  Construção  e  Comércio  Ltda,
</p>
<p>remetendo cópia do contrato SR/SC-250/2015-00 (fls. 39-52). 
</p>
<p>Rua Porto Alegre, 427-D, Ed. Lázio Executivo - 1º Andar, Centro, Chapecó-SC, CEP 89802-130
Fone/Fax: (49)3313-1200/1212, e-mail: prsc-prmchapeco@mpf.mp.br 1   de   9</p>
<p />
<div class="annotation"><a href="mailto:prsc-prmchapeco@mpf.mp.br">mailto:prsc-prmchapeco@mpf.mp.br</a></div>
</div>
<div class="page"><p />
<p>MINISTÉRIO PÚBLICO FEDERAL
PROCURADORIA DA REPÚBLICA NO MUNICÍPIO DE CHAPECÓ-SC
</p>
<p>GABINETE 1º OFÍCIO
</p>
<p>Subsecutivamente,  foi  oficiado  novamente  ao  DNIT,  a  fim  de  que
</p>
<p>informasse se a situação de precariedade da rodovia se encontrava equacionada (fl.
</p>
<p>88). Em resposta, o órgão comunicou que as intervenções de manutenção rodoviária
</p>
<p>seguiam  em  andamento,  ressaltando  que  os  serviços  possuíam  um  caráter
</p>
<p>funcional,  com  intuito  de  garantir  condições  de  trafegabilidade,  segurança  e
</p>
<p>funcionalidade adequadas à rodovia (fl. 89).
</p>
<p>Outrossim,  oficiou-se  à  Polícia  Rodoviária  Federal,  com  o   fito  de
</p>
<p>verificar se a situação precária da BR-282 informada inicialmente pela instituição foi
</p>
<p>solucionada, tendo em vista as obras informadas pelo DNIT (fl. 91).
</p>
<p>Diante do quadro, através de despacho, juntou-se aos autos análise
</p>
<p>expedita, realizada pelo FIESC, sobre a situação física das BRs 282/SC, 158/SC e
</p>
<p>163/SC, de janeiro de 2016, noticia veiculada pelo Diário do Iguaçu na edição de 30
</p>
<p>e  31  de  janeiro  de  2016,  bem  como  manifestação  de  cidadã  relatando  as
</p>
<p>dificuldades de transitar pela BR-282 (SAC nº 20160008085) (fl. 93).
</p>
<p>Também  foi  solicitado  ao  setor  competente  vistoria  nos  trechos  da
</p>
<p>rodovia BR-282 entre o município de Maravilha e o entroncamento com a BR- 480
</p>
<p>(acesso  ao  município  de  Chapecó),  requestando-se  relatório  que  abordasse
</p>
<p>principalmente os pontos referidos na análise feita pelo FIESC.
</p>
<p>Ademais,  oficiou-se  à  8ª  Delegacia  da  PRF em Chapecó  para  que
</p>
<p>encaminhasse relatórios de acidentes ocorridos nos últimos 2 (dois) anos em razão
</p>
<p>da  má  conservação  da  BR-282  (fl.  106).  Finalmente,  oficiou-se  à  Associação
</p>
<p>Comercial  e Industrial  de Chapecó/SC, com o objetivo de que ela informasse os
</p>
<p>impactos  negativos  causados  pela  má  conservação  da  BR-282  às  atividades
</p>
<p>empresariais da região (fl. 107).
</p>
<p>Em  resposta  ao  ofício  da  folha  106,  foi  informado  que  no  período
</p>
<p>solicitado ocorreram dois acidentes com vítimas fatais, nove acidentes com feridos e
</p>
<p>onze somente com danos materiais, tendo como causa defeito na via (fl.  108). A
</p>
<p>ACIC Chapecó prestou os esclarecimentos que entendeu pertinentes por meio  da
</p>
<p>informação GDP 084/16, de 07 de março 2016 (fls. 110-112).
</p>
<p>Na sequência, aportou ao processo Relatório elaborado pelo Setor de
</p>
<p>Transportes desta Procuradoria, trazendo fotografias dos trechos e sucinta descrição
</p>
<p>(fls. 114-118), bem como a Moção nº 0021.9/2016, de 24 de fevereiro de 2016, da
</p>
<p>Rua Porto Alegre, 427-D, Ed. Lázio Executivo - 1º Andar, Centro, Chapecó-SC, CEP 89802-130
Fone/Fax: (49)3313-1200/1212, e-mail: prsc-prmchapeco@mpf.mp.br 2   de   9</p>
<p />
<div class="annotation"><a href="mailto:prsc-prmchapeco@mpf.mp.br">mailto:prsc-prmchapeco@mpf.mp.br</a></div>
</div>
<div class="page"><p />
<p>MINISTÉRIO PÚBLICO FEDERAL
PROCURADORIA DA REPÚBLICA NO MUNICÍPIO DE CHAPECÓ-SC
</p>
<p>GABINETE 1º OFÍCIO
</p>
<p>Assembleia Legislativa de Santa Catarina, a qual apelava para que se resolvesse as
</p>
<p>deficiências das rodovias BRs 158, 163 e 282, nos segmentos do oeste e extremo-
</p>
<p>oeste catarinense (fls. 121-123).
</p>
<p>A Procuradoria da República em Joaçaba encaminhou peças dos autos
</p>
<p>da  Ação  de  Indenização  por  Danos  Morais  e  Materiais  nº  5001110-
</p>
<p>94.2015.4.04.7203, tramitante na 1ª Vara daquela Subseção Judiciária, na qual a
</p>
<p>mãe  e  filhos  de  Elenice  Ribeiro  Marcondes  pleiteavam  indenização  devido  ao
</p>
<p>falecimento desta em acidente de trânsito ocorrido 25/11/2014 na BR-282, KM 554,3,
</p>
<p>na altura do trevo de acesso a Nova Itaberaba/SC, em virtude supostamente das
</p>
<p>más condições de conservação da rodovia (fls. 126-137).
</p>
<p>Da  análise  dos  autos  até  aquele  momento,  concluiu-se  que  eram
</p>
<p>evidentes as deficiências da sinalização vertical e horizontal da rodovia BR-282, em
</p>
<p>especial  nos trechos contemplados com serviços de reparo, que ficam por muito
</p>
<p>tempo sem receber as devidas reposições de sinalização, nem mesmo as faixas de
</p>
<p>divisão das pistas. Impende salientar que tal fato ensejou ajuizamento de Ação Civil
</p>
<p>Pública por parte de uma associação privada (Autos nº 5004215-48.201.404.7202).
</p>
<p>(fls. 139-140). 
</p>
<p>Foi  expedido ofício à Superintendência Regional  do DNIT em Santa
</p>
<p>Catarina  solicitando  esclarecimentos  quanto  à  natureza dos serviços  executados
</p>
<p>pela  empresa  LCM  Construção  e  Comércio  Ltda  (fresagem,  reperfilagem,  tapa-
</p>
<p>buracos, etc), o prazo para conclusão e correção dos defeitos identificados, bem
</p>
<p>como o andamento do projeto de restauração rodoviária referido no Ofício/Ceng/nº
</p>
<p>001354, de 01 de setembro de 2015 (fls. 141).
</p>
<p>Em  resposta,  o  órgão  informou  que  os  serviços  executados  pela
</p>
<p>empresa  LCM  Construção  e  Comércio  LTDA  eram  de  manutenção  rodoviária
</p>
<p>(conservação/recuperação),  com  previsão  de  intervenções  de  fresagem,
</p>
<p>reperfilagem,  tapa-buraco  e  remendo  profundo,  bem  como  a  execução  da
</p>
<p>sinalização horizontal provisória (pintura de faixas) quando a intervenção realizada
</p>
<p>atinge a sinalização existente. 
</p>
<p>Ainda, foi informado que os serviços de manutenção não seguem um
</p>
<p>projeto ou cronograma, mas são realizados conforme a demanda e sua priorização é
</p>
<p>Rua Porto Alegre, 427-D, Ed. Lázio Executivo - 1º Andar, Centro, Chapecó-SC, CEP 89802-130
Fone/Fax: (49)3313-1200/1212, e-mail: prsc-prmchapeco@mpf.mp.br 3   de   9</p>
<p />
<div class="annotation"><a href="mailto:prsc-prmchapeco@mpf.mp.br">mailto:prsc-prmchapeco@mpf.mp.br</a></div>
</div>
<div class="page"><p />
<p>MINISTÉRIO PÚBLICO FEDERAL
PROCURADORIA DA REPÚBLICA NO MUNICÍPIO DE CHAPECÓ-SC
</p>
<p>GABINETE 1º OFÍCIO
</p>
<p>baseada na segurança dos usuários,  tendo previsão de término do contrato  em
</p>
<p>26/05/2017. 
</p>
<p>Esclareceu-se:  a) a forma de fiscalização do DNIT se dá por meio da
</p>
<p>atuação  da  Unidade  Local  de  Chapecó,  mediante  inspeções  rotineiras;  b) as
</p>
<p>intervenções  nos  segmentos  objeto  do  Inquérito  estava  previstos  para  agosto  e
</p>
<p>setembro de 2016; c) a correção dos apontamentos feitos pelo Setor de Transportes
</p>
<p>desta Procuradoria ocorreria “nos próximos meses”, porém de forma limitada; d) no
</p>
<p>que se refere ao projeto de restauração da estrutura, com possível adequação de
</p>
<p>capacidade, mencionado no Ofício/Ceng/nº 001354, de 01 de setembro de 2015,
</p>
<p>que  as  soluções  estruturalmente  necessárias  ainda  estão  em discussão  junto  à
</p>
<p>Superintendência Regional e à Coordenação-Geral de Manutenção e Restauração
</p>
<p>Rodoviária (CGMRR/DIR) em Brasília.
</p>
<p>Por fim, frisou o DNIT que a Superintendência de Santa Catarina vem
</p>
<p>solicitando recursos necessários à continuidade das obras e serviços contratados,
</p>
<p>bem como a eventuais novos contratos (como é o caso da restauração e aumento
</p>
<p>da  capacidade  da  BR-282/SC),  sendo  que  vem  ocorrendo  cortes  de  verbas
</p>
<p>orçamentárias e dificuldades nos repasses financeiros (fls. 142-150).
</p>
<p>Inobstante as informações prestadas pela autarquia federal, obteve-se
</p>
<p>a notícia de que as condições da BR-158, entre Palmitos e a divisa SC/RS, e da
BR-282,  trecho  entre  o  trevo  de  Chapecó  até  Maravilha,  estavam
substancialmente melhores.
</p>
<p>Deste  modo,  visando  esclarecimento  da  efetiva  situação  atual  dos
</p>
<p>segmentos  supramencionados,  através  de  despacho  solicitou-se  ao  Setor  de
</p>
<p>Transportes de Santa Catarina que fosse realizada nova inspeção, com elaboração
</p>
<p>de  relatório  fotográfico  e  parecer  sobre  as  condições  gerais  de  pavimento  e
</p>
<p>sinalização (fl. 154).
</p>
<p>Em resposta, o Setor elaborou o relatório de fls. 156-166, informando
</p>
<p>que alguns problemas de pavimentação asfáltica  abordados no relatório  anterior
</p>
<p>foram corrigidos,  havendo  significativa  melhoria  na  instalação  e  revitalização  de
</p>
<p>placas  verticais  e  pinturas  horizontais.  Contudo,  foram  identificados  outras
</p>
<p>deficiências que poderiam pôr em risco a integridade física dos usuários da via ou
</p>
<p>causar danos aos veículos. Os técnicos relataram também que em alguns trechos
</p>
<p>Rua Porto Alegre, 427-D, Ed. Lázio Executivo - 1º Andar, Centro, Chapecó-SC, CEP 89802-130
Fone/Fax: (49)3313-1200/1212, e-mail: prsc-prmchapeco@mpf.mp.br 4   de   9</p>
<p />
<div class="annotation"><a href="mailto:prsc-prmchapeco@mpf.mp.br">mailto:prsc-prmchapeco@mpf.mp.br</a></div>
</div>
<div class="page"><p />
<p>MINISTÉRIO PÚBLICO FEDERAL
PROCURADORIA DA REPÚBLICA NO MUNICÍPIO DE CHAPECÓ-SC
</p>
<p>GABINETE 1º OFÍCIO
</p>
<p>verificou-se a realização recente de obras de manutenção, percebendo-se que o
</p>
<p>material  utilizado (PMF – Pré-Misturado a Frio) está se soltando e deformando a
</p>
<p>pista, o que poderia indicar má qualidade do material ou do serviço.
</p>
<p>Outrossim, oficiou-se ao DNIT requerendo cópia do termo aditivo ou
</p>
<p>novo contrato com a empresa LCM Construçao e Comércio Ltda, tendo em vista que
</p>
<p>o  anterior  expirou  em  26/05/2017.  Também  solicitou-se  à  Assessoria  Pericial  a
</p>
<p>realização de reunião com a equipe da Unidade Local do DNIT em Chapecó, além
</p>
<p>de perícia in loco (fls. 168-169).
</p>
<p>O DNIT explicou, por meio da Nota Técnica nº 010/2017/UL-16/78, que
</p>
<p>o contrato em vigor visa ao prolongamento da vida útil do pavimento e manutenção
</p>
<p>da trafegabilidade das rodovias, até a  necessária restauração de sua estrutura,
haja  vista  que  a  capacidade estrutural  encontra-se  esgotada,  sendo  que  foi
realizada licitação para contratação integrada para elaboração dos projetos básico e
</p>
<p>executivo e correção dos pontos críticos, porém o caso encontrava-se em pendência
</p>
<p>judicial perante o TRF/4ª Região (fls. 173-184).
</p>
<p>Em 07 de agosto de 2017 o expert participou de reunião com o chefe
</p>
<p>da  unidade  local  do  DNIT em Chapecó,  Engo Diego  Fernando  da  Silva,  o  qual
</p>
<p>elucidou que já ocorreu licitação para elaboração dos projetos e execução das
obras de adequação da capacidade e restauração das Rodovias BR-282 e BR-
158, sagrando-se vencedora a empresa Traçado Construções e Serviços Ltda,
contudo o contrato não foi assinado em face de ação judicial.
</p>
<p>Quanto à perícia, apontou o especialista que, embora existentes alguns
</p>
<p>problemas,  não  verificou  buracos  que  pudessem pôr  em risco  a  segurança  dos
</p>
<p>usuários, estando a vegetação lindeira roçada, com boa visualização das placas de
</p>
<p>sinalização implantadas por meio do Programa BR Legal. Por fim, concluiu que as
rodovias encontram-se em condições razoáveis, sendo a maior precariedade a
sinalização horizontal (fls. 192-195).
</p>
<p>Em 16 de agosto de 2017 o chefe da UL de Chapecó participou de
</p>
<p>reunião com o membro deste Parquet Federal, explanando sobre as condições das
</p>
<p>rodovias e dos contratos de manutenção vigorantes (fls. 171 e 185).
</p>
<p>Rua Porto Alegre, 427-D, Ed. Lázio Executivo - 1º Andar, Centro, Chapecó-SC, CEP 89802-130
Fone/Fax: (49)3313-1200/1212, e-mail: prsc-prmchapeco@mpf.mp.br 5   de   9</p>
<p />
<div class="annotation"><a href="mailto:prsc-prmchapeco@mpf.mp.br">mailto:prsc-prmchapeco@mpf.mp.br</a></div>
</div>
<div class="page"><p />
<p>MINISTÉRIO PÚBLICO FEDERAL
PROCURADORIA DA REPÚBLICA NO MUNICÍPIO DE CHAPECÓ-SC
</p>
<p>GABINETE 1º OFÍCIO
</p>
<p>Reputando  a  recomendação  do  perito,  foi  requerido  ao  DNIT  a
</p>
<p>apresentação dos relatórios de controle de qualidade dos materiais utilizados e dos
</p>
<p>serviços prestados para a manutenção asfáltica (fl. 199).
</p>
<p>Em retorno, o DNIT encaminhou o Ofício nº 6033/2017/UL-Chapecó-
</p>
<p>SC/SRE-SC-DNIT, remetendo em mídia anexa as informações sobre os ensaios de
</p>
<p>controle  de qualidade dos materiais  empregados e dos serviços executados nas
</p>
<p>rodovias mencionadas. Ainda, informou que as medidas adotadas em decorrência
</p>
<p>de irregularidades detectadas durante a execução dos serviços contratados são de
</p>
<p>notificar a empresa contratada a fim de se manifestar sobre os apontamentos feitos
</p>
<p>e  proceder  às  correções,  com  a  abertura  de  Procedimento  Administrativo  de
</p>
<p>Apuração de Responsabilidade. 
</p>
<p>Por  fim,  juntou-se  aos  autos  o  Ofício  nº  673/2017-PRM/SMO/GAB2
</p>
<p>encaminhado pela Procuradoria da República em São Miguel do Oeste, dando conta
</p>
<p>de supostos problemas na prestação dos serviços pela empresa LCM Construção e
</p>
<p>Comércio.
</p>
<p>É o relatório necessário. 
Analisa-se.
</p>
<p>Compulsando os elementos coligidos aos autos, depreende-se que  o
arquivamento  do  feito  é  medida  que  se  impõe.  O  presente  procedimento  foi
instaurado tendo por fito apurar a qualidade da pavimentação asfáltica e condições
</p>
<p>gerais  das  rodovias  federais  no  âmbito  de  circunscrição  desta  Procuradoria  da
</p>
<p>República,  nas  BR-158  e  BR-282,  tendo  em  vista  denúncias  e  relatos  de  más
</p>
<p>condições e falta de manutenção.
</p>
<p>Ao longo do Inquérito Civil, buscou-se informações sobre a qualidade
</p>
<p>dos materiais empregados e serviços efetuados para as manutenções feitas pela
</p>
<p>empresa LCM Construção e Comércio Ltda nas rodovias mencionadas. Em contrato
</p>
<p>juntado,  verificou-se  que  a  empresa  contratada  presta  serviços  de  manutenção
</p>
<p>rodoviária de conservação e recuperação, sendo previstos serviços de intervenções
</p>
<p>de fresagem, reperfilagem, tapa-buraco e remendo profundo, bem como a execução
</p>
<p>da  sinalização  horizontal  provisória  (pintura  de  faixas)  quando  a  intervenção
</p>
<p>realizada atinge a sinalização existente. 
</p>
<p>Rua Porto Alegre, 427-D, Ed. Lázio Executivo - 1º Andar, Centro, Chapecó-SC, CEP 89802-130
Fone/Fax: (49)3313-1200/1212, e-mail: prsc-prmchapeco@mpf.mp.br 6   de   9</p>
<p />
<div class="annotation"><a href="mailto:prsc-prmchapeco@mpf.mp.br">mailto:prsc-prmchapeco@mpf.mp.br</a></div>
</div>
<div class="page"><p />
<p>MINISTÉRIO PÚBLICO FEDERAL
PROCURADORIA DA REPÚBLICA NO MUNICÍPIO DE CHAPECÓ-SC
</p>
<p>GABINETE 1º OFÍCIO
</p>
<p>Ainda, foi informado que os serviços de manutenção não seguem um
</p>
<p>projeto ou cronograma, mas são realizados conforme a demanda e sua priorização é
</p>
<p>baseada na segurança dos usuários, sendo que a forma de fiscalização do DNIT se
</p>
<p>dá  por  meio  da  atuação  da  Unidade  Local  de  Chapecó,  mediante  inspeções
</p>
<p>rotineiras.
</p>
<p>Os  contratos  em vigor,  seja  com a  empresa  LCM ou  por  meio  do
</p>
<p>Programa BR Legal, visam à manutenção das condições de trafegabilidade das
rodovias, incluindo a capa asfáltica, roçadas das margens e sinalização horizontal e
vertical.
</p>
<p>Outrossim, através das informações apresentadas pelo DNIT, verificou-
</p>
<p>se que a Superintendência de Santa Catarina vem solicitando recursos necessários
</p>
<p>à continuidade das obras e serviços contratados, bem como para eventuais novos
</p>
<p>contratos,  sendo  que  no  decorrer  do  Inquérito  Civil  observou-se  que  estão
ocorrendo  cortes  de  verbas  orçamentárias  e  dificuldades  nos  repasses
financeiros.
</p>
<p>Além disso, inobstante os problemas pontuais verificados nas rodovias,
</p>
<p>conforme relatado pelo perito deste Parquet, as vias encontram-se em condições
razoáveis de trafegabilidade,  não se vislumbrando deficiências que possam
pôr em risco a segurança dos usuários. 
</p>
<p>Outro aspecto que importa ressaltar é que os serviços de fiscalização
</p>
<p>estão sendo executados de forma  adequada pela Unidade Local do DNIT, que ao
</p>
<p>longo deste Inquérito apresentou todas as informações pertinentes.
</p>
<p>Ademais,  os  esclarecimentos  obtidos  vão  no  sentido  de  que  a
capacidade estrutural das rodovias está comprometida e esgotada, ou seja, os
serviços de manutenção estão sendo efetuados tão somente até a conclusão da
</p>
<p>licitação e  execução  de obras  de  adequação da  capacidade e  revitalização  das
</p>
<p>Rodovias BR-282 e BR-158. Se vislumbra do conjunto informativo colhido nos autos
</p>
<p>que, enquanto isso não for feito, as soluções adotadas serão meramente paliativas.
</p>
<p>Nesse  sentido,  impende  salientar  que  já  foi  realizado  certame para
</p>
<p>elaboração dos projetos e execução das obras de adequação da capacidade,
restauração e eliminação dos pontos críticos das Rodovias BR-282/SC e BR-
158/SC, sagrando-se vencedora a empresa Traçado Construções e Serviços
</p>
<p>Rua Porto Alegre, 427-D, Ed. Lázio Executivo - 1º Andar, Centro, Chapecó-SC, CEP 89802-130
Fone/Fax: (49)3313-1200/1212, e-mail: prsc-prmchapeco@mpf.mp.br 7   de   9</p>
<p />
<div class="annotation"><a href="mailto:prsc-prmchapeco@mpf.mp.br">mailto:prsc-prmchapeco@mpf.mp.br</a></div>
</div>
<div class="page"><p />
<p>MINISTÉRIO PÚBLICO FEDERAL
PROCURADORIA DA REPÚBLICA NO MUNICÍPIO DE CHAPECÓ-SC
</p>
<p>GABINETE 1º OFÍCIO
</p>
<p>Ltda, com o lance de R$ 158.500.000,00 (cento e cinquenta e oito milhões e
quinhentos  mil  reais).  Entretanto,  tal  licitação  foi  questionada  na  Justiça,
estando o seu resultado suspenso até decisão final, não podendo o contrato
ser assinado e as obras iniciadas.
</p>
<p>Tendo em vista que o  projeto de revitalização das BRs 282/SC e
158/SC, que visa à adequação de sua capacidade e restauração das rodovias nos
segmentos concernentes ao presente apuratório,  se encontra em andamento por
parte do órgão de infraestrutura terrestre competente, não havendo negligência
ou desídia a ele imputável, vez que a esfera judicial é independente e suas decisões
</p>
<p>cogentes, não se entende necessárias novas diligências no presente Inquérito.
</p>
<p> Dessa feita, depreende-se que não mais subsiste a necessidade de
</p>
<p>intervenção  do  Ministério  Público  Federal,  motivo  pelo  qual  promovo  o
</p>
<p>arquivamento  deste  expediente,  sendo  que  em caso  de  novas  informações  no
sentido  de  má  conservação  das  rodovias  ou  mora  excessiva  na  realização  do
</p>
<p>retromencionado  projeto  de  revitalização,  este  Parquet adotará  as  providências
</p>
<p>cabíveis.
</p>
<p>Sem prejuízo, e nos termos do artigo 17 da Resolução n. 87/2006 do
</p>
<p>Conselho Superior do Ministério Público e do artigo 10, parágrafo 1º, da Resolução
</p>
<p>n. 23/2007, do Conselho Nacional do Ministério Público, procedam-se às seguintes
</p>
<p>providências:
</p>
<p>a) Oficie-se aos representantes, encaminhando cópia desta promoção
</p>
<p>e cientificando-os da previsão inserta no artigo 17, parágrafo 2º, da Resolução n.
</p>
<p>87/2006 do CSMPF e no artigo 10, parágrafo 3º, da Resolução n. 23/2007 do CNMP;
</p>
<p>b)  comprovada  a  efetiva  cientificação  pessoal  dos  interessados,
</p>
<p>remeta-se, no prazo de 3 (três) dias, este procedimento, acompanhado da promoção
</p>
<p>de arquivamento, à 1ª Câmara de Coordenação e Revisão, nos termos do artigo 9º,
</p>
<p>parágrafo 1º, da Lei n. 7.347/85; artigo 17, parágrafo 2º, da Resolução n. 87/2006 do
</p>
<p>Conselho  Superior  do  Ministério  Público  Federal;  e  artigo  10,  parágrafo  1º,  da
</p>
<p>Resolução n. 23/2007 do Conselho Nacional do Ministério Público.
</p>
<p>.
</p>
<p>Rua Porto Alegre, 427-D, Ed. Lázio Executivo - 1º Andar, Centro, Chapecó-SC, CEP 89802-130
Fone/Fax: (49)3313-1200/1212, e-mail: prsc-prmchapeco@mpf.mp.br 8   de   9</p>
<p />
<div class="annotation"><a href="mailto:prsc-prmchapeco@mpf.mp.br">mailto:prsc-prmchapeco@mpf.mp.br</a></div>
</div>
<div class="page"><p />
<p>MINISTÉRIO PÚBLICO FEDERAL
PROCURADORIA DA REPÚBLICA NO MUNICÍPIO DE CHAPECÓ-SC
</p>
<p>GABINETE 1º OFÍCIO
</p>
<p>Documento eletrônico assinado digitalmente. Data/Hora: 16/01/2018 15:22:13
</p>
<p>Signatário(a):  RENATO  DE  REZENDE  GOMES:1035,  PROCURADOR  DA
REPÚBLICA
Certificado: 74df660086cae2eb
</p>
<p>Código de Autenticação: C559E291D73C4360757E34E4F854CB04
</p>
<p>Verificação de autenticidade: http://www.prsc.mpf.mp.br/autenticacao/form.html
</p>
<p>Rua Porto Alegre, 427-D, Ed. Lázio Executivo - 1º Andar, Centro, Chapecó-SC, CEP 89802-130
Fone/Fax: (49)3313-1200/1212, e-mail: prsc-prmchapeco@mpf.mp.br 9   de   9</p>
<p />
<div class="annotation"><a href="mailto:prsc-prmchapeco@mpf.mp.br">mailto:prsc-prmchapeco@mpf.mp.br</a></div>
</div>
<div class="acroform"><ol>	<li><ol type="signaturedata">	<li signdata="date">2018-01-16T15:22:13-0200</li>
	<li signdata="name">RENATO DE REZENDE GOMES:1035</li>
	<li signdata="reason">Assinatura de documento</li>
</ol>
</li>
</ol>
</div>
</body></html>