<?xml version="1.0" encoding="UTF-8"?>
<html xmlns="http://www.w3.org/1999/xhtml">
<head>
<meta name="date" content="2018-08-06T14:23:25Z" />
<meta name="pdf:PDFVersion" content="1.4" />
<meta name="access_permission:modify_annotations" content="true" />
<meta name="access_permission:can_print_degraded" content="true" />
<meta name="tika_batch_fs:relative_path" content="66542744.pdf" />
<meta name="dcterms:created" content="2018-08-06T14:23:25Z" />
<meta name="Last-Modified" content="2018-08-06T14:23:25Z" />
<meta name="dcterms:modified" content="2018-08-06T14:23:25Z" />
<meta name="dc:format" content="application/pdf; version=1.4" />
<meta name="Last-Save-Date" content="2018-08-06T14:23:25Z" />
<meta name="access_permission:fill_in_form" content="true" />
<meta name="pdf:docinfo:modified" content="2018-08-06T14:23:25Z" />
<meta name="meta:save-date" content="2018-08-06T14:23:25Z" />
<meta name="pdf:encrypted" content="false" />
<meta name="modified" content="2018-08-06T14:23:25Z" />
<meta name="Content-Length" content="54539" />
<meta name="X-TIKA:digest:MD5" content="bfae2aaba6fd219b6ceba1582a5f7afc" />
<meta name="Content-Type" content="application/pdf" />
<meta name="X-Parsed-By" content="org.apache.tika.parser.DefaultParser" />
<meta name="X-Parsed-By" content="org.apache.tika.parser.pdf.PDFParser" />
<meta name="meta:creation-date" content="2018-08-06T14:23:25Z" />
<meta name="created" content="Mon Aug 06 11:23:25 BRT 2018" />
<meta name="access_permission:extract_for_accessibility" content="true" />
<meta name="access_permission:assemble_document" content="true" />
<meta name="xmpTPg:NPages" content="4" />
<meta name="Creation-Date" content="2018-08-06T14:23:25Z" />
<meta name="resourceName" content="66542744.pdf" />
<meta name="access_permission:extract_content" content="true" />
<meta name="access_permission:can_print" content="true" />
<meta name="tika:file_ext" content="pdf" />
<meta name="producer" content="iText® 5.5.9 ©2000-2015 iText Group NV (AGPL-version); modified using iText® 5.5.9 ©2000-2015 iText Group NV (AGPL-version)" />
<meta name="access_permission:can_modify" content="true" />
<meta name="pdf:docinfo:producer" content="iText® 5.5.9 ©2000-2015 iText Group NV (AGPL-version); modified using iText® 5.5.9 ©2000-2015 iText Group NV (AGPL-version)" />
<meta name="pdf:docinfo:created" content="2018-08-06T14:23:25Z" />
<title></title>
</head>
<body><div class="page"><p />
<p> 
</p>
<p>Inquérito Civil nº 1.25.000.002509/2015-57
 
 
</p>
<p>PROMOÇÃO DE ARQUIVAMENTO. SAÚDE.
</p>
<p>TRANSPARÊNCIA NA PRESTAÇÃO DOS SERVIÇOS
</p>
<p>DE SAÚDE.  PREFEITURA MUNICIPAL DE
</p>
<p>MANDIRITUBA/PR. DISPONIBILIZAÇÃO DE
</p>
<p>ESCALA MÉDICA E ODONTOLÓGICA PARA A
</p>
<p>POPULAÇÃO. CONTROLE DE PONTO ELETRÔNICO
</p>
<p>DOS SERVIDORES DA SAÚDE. INSCRIÇÃO E
</p>
<p>ALIMENTAÇÃO DO BANCO NACIONAL DE
</p>
<p>PREÇOS EM SAÚDE. RECOMENDAÇÃO Nº 26/2017.
</p>
<p>INTEGRAL ATENDIMENTO DA RECOMENDAÇÃO
</p>
<p>EXPEDIDA. IRREGULARIDADES SANADAS.
 
 
</p>
<p>PROMOÇÃO DE ARQUIVAMENTO Nº 1421/2018
 
 
</p>
<p>1. MOTIVO DA INSTAURAÇÃO: Trata-se de Inquérito Civil instaurado nessa
</p>
<p>PR-PR, originado de desmembramento do Inquérito Civil nº 1.25.000.003386/2014-91,
</p>
<p>procedimento que, por sua vez, determinou a expedição de ofícios às Secretarias de Saúde dos
</p>
<p>Municípios da Região Metropolitana de Curitiba a fim de que: (i) fosse divulgada a escala dos
</p>
<p>médicos que prestam serviços nas Unidades Municipais de Saúde (UMS), nas Unidades de
</p>
<p>Pronto Atendimento (UPAs), no Serviço de Atendimento Móvel de Urgência (SAMU) e
</p>
<p>Centros de Atenção, mediante lista dos profissionais e horários; (ii) adoção do controle de ponto
</p>
<p>para os profissionais da saúde e (iii) realização do cadastramento de compras de medicamentos
</p>
<p>realizada pela Prefeitura no Banco Nacional de Preços em Saúde. 
 
</p>
<p>2. SÍNTESE: O presente Inquérito Civil originou-se do desmembramento do
</p>
<p>Inquérito Civil nº 1.25.000.003386/2014-91 que, por sua vez, foi inaugurado através de
</p>
<p>Representação que atestava a ausência de mecanismos disponíveis à população que possibilitem
</p>
<p>a fiscalização da frequência dos médicos e odontólogos. Aquele Inquérito Civil teve início no
</p>
<p>PR-PR-00061090/2018     
</p>
<p>MINISTÉRIO PÚBLICO FEDERAL
</p>
<p>Procuradoria da República no Estado do Paraná
</p>
<p>Rua Marechal Deodoro, 933, Centro, CEP 80060-010 - Curitiba/PR
</p>
<p> Tel. (41) 3219-8700    prpr-sgd@mpf.mp.br
</p>
<p>Pág. 1 de 4</p>
<p />
</div>
<div class="page"><p />
<p>Município de Fazenda Rio Grande, e se estendeu para todos os Municípios da subseção de
</p>
<p>Curitiba.
</p>
<p>Uma vez ocorrida a concentração de informações no Inquérito Civil nº
</p>
<p>1.25.000.0003386/2014-91, em 30/07/2015 houve seu desmembramento (fls. 13-15) em outros
</p>
<p>31 (trinta e um) procedimentos, dedicados a cada um dos Municípios englobados na subseção
</p>
<p>de Curitiba, dentre os quais se encontra o presente Inquérito Civil.
</p>
<p>No presente caso, vê-se que desde o início houve o emprego de esforços para que
</p>
<p>as medidas a serem implementadas em auxílio à população ocorressem de forma conjunta com o
</p>
<p>Município de Mandirituba. Numa análise sequencial dos fatos, o desenvolvimento do presente
</p>
<p>Inquérito Civil pode ser sintetizado no narrado a seguir.
</p>
<p>Inicialmente, a Secretaria Municipal de Saúde de Mandirituba encaminhou a
</p>
<p>escala dos profissionais de saúde do município e informou que já adotava o controle de ponto.
</p>
<p>Quanto ao BPS, informou que iria alimentar o sistema após conclusão do cadastro pelo
</p>
<p>Ministério da Saúde (fls. 2-5).
</p>
<p>Oficiada solicitando informações atualizadas (fls. 18 e 20), a Secretaria
</p>
<p>Municipal de Saúde respondeu (fls. 22-34), que a escala dos médicos foi disponibilizada nas
</p>
<p>unidades de saúde, o que não foi comprovado. Além disso, nada foi informado quanto à
</p>
<p>disponibilização na internet das escalas. Com referência à certidão negativa de atendimento, foi
</p>
<p>solicitada dilação de prazo para cumprimento. Ainda, foi informado que as compras de
</p>
<p>medicamentos e produtos estavam sendo disponibilizada no BPS. Nada foi informado sobre o
</p>
<p>controle de ponto.
</p>
<p>Oficiado novamente para comprovação das medidas (fls. 43), a Secretaria
</p>
<p>Municipal de Saúde encaminhou fotografia das escalas de atendimento fixadas nas unidades de
</p>
<p>saúde e informou a disponibilização das escalas também no site da prefeitura (fls. 46-56).
</p>
<p>Encaminhou também a minuta da certidão negativa de atendimento (fls 73). Esclareceu que o
</p>
<p>cadastro de BPS é alimentado duas vezes por ano, de acordo com as compras realizadas (fls. 74-
</p>
<p>75). Por fim, quanto ao controle de ponto, informou que o processo licitatório para locação dos
</p>
<p>aparelhos estava em fase de formalização do edital (fls. 46-72).
</p>
<p>Em complemento, informou que a licitação para aquisição do ponto eletrônico
</p>
<p>estava marcada para 20/10/2016 (fls. 83-140) e, na sequência, comunicou que as duas empresas
</p>
<p>que se apresentaram foram inabilitadas, por falta de documentação (fls. 145-146).
</p>
<p>Nesse ponto do Inquérito Civil (fls. 154), verificou-se que das quatro
</p>
<p>medidas solicitadas ao Município de Mandirituba foram cumpridas três, quais sejam:
</p>
<p>expedição de certidão em caso de recusa ao atendimento, disponibilização da escala dos
</p>
<p>profissionais de saúde nas unidades e na internet, e regular alimentação do BPS.
</p>
<p>Solicitadas informações atualizadas sobre a efetiva implementação do ponto
</p>
<p>eletrônico para os profissionais da saúde, apesar das reiterações (fls. 148 e 151), não houve
</p>
<p>qualquer retorno por parte da Secretaria Municipal de Saúde, motivo pelo qual se viu a
</p>
<p>Rua Marechal Deodoro, 933, Centro, CEP 80060-010 - Curitiba/PR
</p>
<p> Tel. (41) 3219-8700    prpr-sgd@mpf.mp.br
</p>
<p>Pág. 2 de 4</p>
<p />
</div>
<div class="page"><p />
<p>necessidade de expedição de Recomendação nesse sentido.
</p>
<p>Após a obtenção de algumas informações perante o Ministério da Saúde acerca
</p>
<p>de eventual concessão de subsídio aos municípios para implementação do controle eletrônico de
</p>
<p>frequência, foi expedida a Recomendação nº 26/2017 (fls. 165-166), a fim de que o
</p>
<p>Município estabelecesse o controle eletrônico de frequência e rotinas para fiscalização de sua
</p>
<p>manutenção.
</p>
<p>Vê-se das respostas de fls. 173 e 183, que grande parte das Unidades de Saúde do
</p>
<p>Município já contam com o controle eletrônico de frequência. Há, inclusive, espelhos de ponto
</p>
<p>de médicos e odontólogos juntados às fls. 184-227. Remanescia, naquele momento, apenas
</p>
<p>algumas poucas Unidades de Saúde sem a tecnologia, dentre as quais estavam algumas
</p>
<p>localizadas em zonas rurais.
</p>
<p>Realizada reunião (fls. 233) para tratar acerca das Unidades de Saúde que ainda
</p>
<p>não contavam com o controle eletrônico de frequência, ficou esclarecido que havia sido
</p>
<p>recentemente implementado o controle eletrônico de frequência nessas unidades.
</p>
<p>Os autos foram instruídos com cópia de todos os espelhos de ponto eletrônico de
</p>
<p>médicos e odontólogos dos últimos meses (fls. 234 às fls. 269) das Unidades de Saúde que
</p>
<p>faltavam para o integral cumprimento da Recomendação nº 26/2017. Há nesses documentos,
</p>
<p>ainda, os termos de ciência da responsabilidade de Servidores de cada uma das Unidades de
</p>
<p>Saúde em proceder com a fiscalização do cumprimento das medidas previstas na Recomendação
</p>
<p>nº 26/2017.
</p>
<p>Sendo assim, não existem mais pendências relativas às solicitações realizadas,
</p>
<p>tendo em vista que o Município adotou as medidas necessárias para fornecer de forma
</p>
<p>suficiente informação e mecanismos de controle à sua população dos horários de atendimento
</p>
<p>da área de saúde, razão pela qual não há mais motivos para continuidade do feito. Dessa forma,
</p>
<p>o arquivamento do presente Inquérito Civil é a medida que se impõe.
 
</p>
<p>3. PROVIDÊNCIAS: Ante o exposto, DETERMINO:
 
</p>
<p>a) o ARQUIVAMENTO deste inquérito civil e o seu encaminhamento, no prazo
</p>
<p>de 03 dias, à 1ª Câmara de Coordenação e Revisão para homologar ou rejeitar a presente
</p>
<p>promoção (art. 17, §§ 2º e 3º, da Resolução nº 87/2006);
</p>
<p>b) deixo de dar cumprimento ao art. 17, § 1º, da Resolução citada (ciência ao
</p>
<p>representante da presente promoção de arquivamento), por tratar-se de procedimento instaurado
</p>
<p>de ofício pelo Ministério Público Federal;
</p>
<p>c) remeta-se cópia desta promoção à Câmara Municipal de Vereadores e ao
</p>
<p>Conselho Municipal de Saúde de Mandirituba, com o fim de dar ciência e solicitar o
</p>
<p>acompanhamento e fiscalização quanto ao cumprimento das requisições ministeriais;
</p>
<p>d) dê-se ciência, também, ao Promotor de Justiça, para conhecimento.
 
</p>
<p>Rua Marechal Deodoro, 933, Centro, CEP 80060-010 - Curitiba/PR
</p>
<p> Tel. (41) 3219-8700    prpr-sgd@mpf.mp.br
</p>
<p>Pág. 3 de 4</p>
<p />
</div>
<div class="page"><p />
<p>Curitiba, (data da assinatura digital).
 
 
</p>
<p>CRISTIANA KOLISKI TAGUCHI
</p>
<p>Procuradora da República
</p>
<p>(documento assinado digitalmente)
</p>
<p> 
</p>
<p>Rua Marechal Deodoro, 933, Centro, CEP 80060-010 - Curitiba/PR
</p>
<p> Tel. (41) 3219-8700    prpr-sgd@mpf.mp.br
</p>
<p>Pág. 4 de 4</p>
<p />
</div>
</body></html>