<?xml version="1.0" encoding="UTF-8"?>
<html xmlns="http://www.w3.org/1999/xhtml">
<head>
<meta name="date" content="2016-02-29T18:34:55.134000000" />
<meta name="meta:paragraph-count" content="26" />
<meta name="meta:word-count" content="318" />
<meta name="Table-Count" content="0" />
<meta name="meta:initial-author" content="Bruna Carvalho De Pieri" />
<meta name="initial-creator" content="Bruna Carvalho De Pieri" />
<meta name="tika_batch_fs:relative_path" content="66584186.odt" />
<meta name="generator" content="LibreOffice/4.2.0.4$Windows_x86 LibreOffice_project/05dceb5d363845f2cf968344d7adab8dcfb2ba71" />
<meta name="Word-Count" content="318" />
<meta name="dcterms:created" content="2014-04-28T18:02:13.66" />
<meta name="dcterms:modified" content="2016-02-29T18:34:55.134000000" />
<meta name="Last-Modified" content="2016-02-29T18:34:55.134000000" />
<meta name="nbPara" content="26" />
<meta name="Last-Save-Date" content="2016-02-29T18:34:55.134000000" />
<meta name="meta:object-count" content="0" />
<meta name="meta:character-count" content="2232" />
<meta name="Paragraph-Count" content="26" />
<meta name="nbImg" content="2" />
<meta name="meta:save-date" content="2016-02-29T18:34:55.134000000" />
<meta name="Edit-Time" content="PT13H14S" />
<meta name="modified" content="2016-02-29T18:34:55.134000000" />
<meta name="meta:image-count" content="2" />
<meta name="Image-Count" content="2" />
<meta name="nbCharacter" content="2232" />
<meta name="nbObject" content="0" />
<meta name="Content-Length" content="167524" />
<meta name="nbPage" content="2" />
<meta name="X-TIKA:digest:MD5" content="84e6ec890c7702632902506213db478c" />
<meta name="Object-Count" content="0" />
<meta name="nbWord" content="318" />
<meta name="Content-Type" content="application/vnd.oasis.opendocument.text" />
<meta name="X-Parsed-By" content="org.apache.tika.parser.DefaultParser" />
<meta name="X-Parsed-By" content="org.apache.tika.parser.odf.OpenDocumentParser" />
<meta name="meta:creation-date" content="2014-04-28T18:02:13.66" />
<meta name="meta:table-count" content="0" />
<meta name="Creation-Date" content="2014-04-28T18:02:13.66" />
<meta name="xmpTPg:NPages" content="2" />
<meta name="resourceName" content="66584186.odt" />
<meta name="Character Count" content="2232" />
<meta name="editing-cycles" content="98" />
<meta name="Page-Count" content="2" />
<meta name="tika:file_ext" content="odt" />
<meta name="nbTab" content="0" />
<meta name="meta:page-count" content="2" />
<title></title>
</head>
<body><p><b>  </b></p>
<p />
<p />
<p> <b>MINISTÉRIO PÚBLICO FEDERAL</b></p>
<p> PROCURADORIA DA REPÚBLICA NO ESTADO DO PARANÁ</p>
<p> PROCURADORIA DA REPÚBLICA NO MUNICÍPIO DE JACAREZINHO</p>
<p />
<p />
<p />
<p />
<p />
<p><b>MINISTÉRIO PÚBLICO FEDERAL</b></p>
<p><b>PROCURADORIA DA REPÚBLICA NO ESTADO DO PARANÁ</b></p>
<p><b>PROCURADORIA DA REPÚBLICA NO MUNICÍPIO DE JACAREZINHO</b></p>
<p />
<p />
<p />
<p><b>Procedimento Preparatório</b></p>
<p />
<p><b>Autos nº: 1.25.013.0000</b>88/2015-81</p>
<p />
<p />
<p>PROMOÇÃO DE ARQUIVAMENTO</p>
<p />
<p />
<p>Ementa: Apuração de possíveis irregularidades na concepção, planejamento, execução e avaliação do PRONATEC. Ausência de indícios envolvendo instituições dos municípios desta circunscrição. Investigação carente de objeto. Arquivamento. </p>
<p />
<p>Trata-se de procedimento instaurado a partir de ofício da Procuradoria da República em Goiás, noticiando diversas irregularidades na concepção, planejamento, execução e avaliação do Programa de Formação Profissional e Tecnológica – PRONATEC.</p>
<p>A comunicação veio acompanhada de Relatório de Auditoria Anual de nº 201406282, lavrado pela Controladoria Geral da União, sugerindo apuração dos fatos ali contidos que envolvessem instituições e beneficiários do programa nessa circunscrição. </p>
<p />
<p>Em brevidade, é o relatório.</p>
<p />
<p>Analisando os autos, o arquivamento é medida que se impõe.</p>
<p>O Relatório de Auditoria elaborado pela CGU, muito embora aponte diversas falhas e irregularidades no PRONATEC, não dá conta de nenhum fato ou indício de fato ocorrido em qualquer das cidades abrangidas por esta PRM. </p>
<p>Apontamentos contidos no documento dão conta de falhas genéricas na execução e avaliação do programa. Quando muito, narram fatos ocorridos em âmbito estadual, mas nenhum deles verificado no Estado do Paraná – quiçá em Jacarezinho ou região.</p>
<p>O artigo 6º da Lei 7.347/85, quando trata da provocação do Ministério Público para promoção da Ação Civil Pública, determina que, além do substrato fático, deve o noticiante indicar ao <i>parquet</i> também os elementos de convicção, o que não ocorreu no caso. </p>
<p>Logo, não há razão para a continuidade desse feito.</p>
<p />
<p>Ante o exposto, promovo o arquivamento do feito, com remessa dos autos à 1ª Câmara de Coordenação e Revisão do Ministério Público Federal para fins de homologação ou determinação de providências reputadas cabíveis.</p>
<p />
<p />
<p>Jacarezinho/PR, 29 de fevereiro de 2016</p>
<p />
<p />
<p />
<p />
<p />
<p />
<p />
<p />
<p><b>RAPHAEL OTÁVIO BUENO SANTOS</b></p>
<p>Procurador da República</p>
</body></html>