<?xml version="1.0" encoding="UTF-8"?>
<html xmlns="http://www.w3.org/1999/xhtml">
<head>
<meta name="date" content="2016-06-15T17:59:28.545000000" />
<meta name="meta:paragraph-count" content="30" />
<meta name="meta:word-count" content="943" />
<meta name="Table-Count" content="0" />
<meta name="meta:initial-author" content="MPF" />
<meta name="initial-creator" content="MPF" />
<meta name="tika_batch_fs:relative_path" content="66693175.odt" />
<meta name="generator" content="LibreOffice/4.4.7.2$Windows_x86 LibreOffice_project/f3153a8b245191196a4b6b9abd1d0da16eead600" />
<meta name="Word-Count" content="943" />
<meta name="dcterms:created" content="2010-05-12T18:58:34.63" />
<meta name="dcterms:modified" content="2016-06-15T17:59:28.545000000" />
<meta name="Last-Modified" content="2016-06-15T17:59:28.545000000" />
<meta name="nbPara" content="30" />
<meta name="Last-Save-Date" content="2016-06-15T17:59:28.545000000" />
<meta name="meta:object-count" content="0" />
<meta name="meta:character-count" content="6516" />
<meta name="Paragraph-Count" content="30" />
<meta name="nbImg" content="2" />
<meta name="meta:save-date" content="2016-06-15T17:59:28.545000000" />
<meta name="dc:title" content="Modelo Oficial de Rio do Sul" />
<meta name="Edit-Time" content="P3DT10H35M2S" />
<meta name="modified" content="2016-06-15T17:59:28.545000000" />
<meta name="meta:image-count" content="2" />
<meta name="Image-Count" content="2" />
<meta name="nbCharacter" content="6516" />
<meta name="nbObject" content="0" />
<meta name="Content-Length" content="106810" />
<meta name="nbPage" content="4" />
<meta name="X-TIKA:digest:MD5" content="eff950a669d6ab2f0d03d9f09469bde4" />
<meta name="Object-Count" content="0" />
<meta name="nbWord" content="943" />
<meta name="Content-Type" content="application/vnd.oasis.opendocument.text" />
<meta name="X-Parsed-By" content="org.apache.tika.parser.DefaultParser" />
<meta name="X-Parsed-By" content="org.apache.tika.parser.odf.OpenDocumentParser" />
<meta name="meta:creation-date" content="2010-05-12T18:58:34.63" />
<meta name="meta:table-count" content="0" />
<meta name="Creation-Date" content="2010-05-12T18:58:34.63" />
<meta name="xmpTPg:NPages" content="4" />
<meta name="resourceName" content="66693175.odt" />
<meta name="Character Count" content="6516" />
<meta name="editing-cycles" content="296" />
<meta name="Page-Count" content="4" />
<meta name="tika:file_ext" content="odt" />
<meta name="nbTab" content="0" />
<meta name="meta:page-count" content="4" />
<title>Modelo Oficial de Rio do Sul</title>
</head>
<body><p>  </p>
<p>   de   </p>
<p><b>PROCURADORIA DA REPÚBLICA NO MUNICÍPIO DE JOINVILLE/SC</b></p>
<p>Rua Orestes Guimarães, 876, América, Joinville/SC, CEP 89204-060</p>
<p>Fone: (47) 3441.7200 – E-Mail: <a href="mailto:prsc-prjve@prsc.mpf.gov.br">prsc-prjve@prsc.mpf.gov.br</a></p>
<p>Procedimento Preparatório n.º 1.33.005.000305/2015-60  </p>
<p />
<p />
<p />
<p />
<p><b><u>Promoção de Arquivamento</u></b></p>
<p />
<p />
<p />
<p />
<p>Trata-se de expediente instaurado a partir do recebimento de Manifestação de José Carlos dos Santos, Presidente da Associação de Moradores de Itapocu, nos seguintes temos:</p>
<p>“Vimos através deste, dar-lhe ciência e solicitar providências para amenizar os problemas que a comunidade do Distrito de Itapocu, no município de Araquari/SC vem sofrendo devido à ações tomadas pela empresa OHL AUTO PISTA LITORAL SUL, que como é sabido, possui concessão federal para a exploração de praças de pedágio ao longo da BR 101 em troca de benfeitorias, ampliações, conservação e outras.</p>
<p>Fato é, que recentemente a empresa em questão, fechou todos os possíveis retornos na BR 101, sentido norte-sul, desde o KM 74,5 até o KM 84, ou seja, numa distância de quase 10 Km, o que obrigou os moradores da margem esquerda, sentido norte-sul da rodovia, a terem de percorrer quase 20 km (10 km ida e 10 km volta) e ainda pagarem o pedágio no valor de R$ 1,90 duas vezes apenas para poderem ir até a vila de Itapocu levarem seus filhos  na escola, fazer compras domésticas, ir na padaria, frequentar igreja, correios, creche, ao trabalho, etc.</p>
<p>Este fato inaceitável, de responsabilidade única da empresa OHL AUTO PISTA SUL, tem gerado prejuízos e descontentamento geral na população, e as solicitações de toda a comunidade para que seja construído um retorno antes da praça de pedágio não tem tido resposta positiva por parte dos representantes da empresa, que ao contrário, tem tratado este e outros pleitos com total desinteresse e descaso.</p>
<p>Diante destes fatos aqui relatos, e sabedores de seu comprometimento com a comunidade, solicitamos que o Excelentíssimo Procurador, abra procedimento visando resgatar direitos daquela comunidade.”</p>
<p>		</p>
<p>Instruiu as declarações com abaixo-assinado de alguns moradores do Bairro Itapocu, Município de Araquari/SC (fls.03/09).</p>
<p>Ato sequente, foi determinada a expedição de ofício a concessionária Auto Pista Litoral Sul<b> </b>solicitando informações sobre: (i) se houve, nos últimos 24 (vinte e quatro meses) meses contados a partir da presente data, fechamento de retornos na Rodovia BR 101 no trecho compreendido entre os Km 74,5 e Km 84, sentido norte-sul, consoante noticiado no Ofício nº 21/2015, da Associação de Moradores de Itapocu; (ii) Em caso positivo, qual a justificativa para fechamento do(s) retorno(s) no mencionado trecho (fl.12).</p>
<p>Em resposta, a empresa Concessionária informou que  “<i>no período de maio de 2014 a maio de 2016 não houve fechamento de retornos entre o km 74,5 e o km 84 da BR 101</i>”, conforme planilha de controle da Concessionária. Além disso, registrou que o trecho citado pelo noticiante conta com três retornos e que há uma via alternativa, com distância menor, que liga a população do distrito do Itapocú  à Vila Itapocú (fls. 13/17).</p>
<p><i>É o relatório.</i></p>
<p>O presente procedimento preparatório foi instaurado visando a apuração de suposta irregularidade na prestação de serviço pela Concessionária Autopista Litoral Sul/Arteris, tendo em vista a notícia do fechamento de retornos entre o Km 74,5 e 84, na BR 101, impedindo o acesso à Vila Itapocu pelos moradores do Distrito de Itapocu, em Araquari/SC.</p>
<p>Com base na resposta apresentada pela Concessionária da rodovia, denota-se que no período de maio de 2014 a maio de 2016, nenhum dos retornos entre o  Km 74,5 e 84, na BR 101 foram bloqueados, conforme registrado na tabela de fl. 14.</p>
<p>Ademais, verifica-se nas informações prestadas pela concessionária que o trecho supramencionado conta com três retornos: i) km 74 – retorno em desnível em ambos os sentidos; ii) km 79 – retorno em nível da pista norte para a pista sul; iii) km 83 - retorno em desnível em ambos os sentidos, comprovando inexistirem qualquer bloqueio de acesso à referida Vila.</p>
<p>Outrossim, a Concessionária Autopista Litoral Sul/Arteris informou que população do Distrito do Itapocu pode ter acesso à Vila Itapocu por caminho alternativo, inclusive de menor percurso, e não somente pela BR 101. Desse modo, ainda que não houvessem os retornos do km 74, 79 e 83, a população local poderia, se assim desejasse, recorrer ao trajeto alternativo.</p>
<p>Diante de tais fatos, em que pese as razões apresentadas pelo noticiante, verifica-se que não houve o alegado fechamento de retornos pela Concessionária, tampouco qualquer impedimento de acessar a Vila Itapocu. </p>
<p>Não foi verificada, portanto, nenhuma irregularidade na prestação de serviço por parte da Concessionária Autopista Litoral Sul/Arteris no que concerne aos fartos que originaram a instauração da presente apuração.</p>
<p>Assim, considerando os documentos juntados ao procedimento preparatório, resta verificada a ausência de qualquer outra medida que possa ensejar novas diligências por parte do Ministério Público Federal, uma vez que não há irregularidades a serem sanadas ou sequer omissão por parte da Concessionária da Rodovia, Auto Pista Litoral Sul/Arteris.</p>
<p>Ante o exposto, não há motivo para prosseguir a apuração na esfera cível ou administrativa, seja por meio ajuizamento de ação civil pública, expedição de recomendação ou celebração de compromisso de ajustamento de conduta, nos termos dos incisos do art. 4º, da Resolução n.º 87, de 3/8/2006.</p>
<p>Desta forma, promovo o ARQUIVAMENTO deste procedimento administrativo, <i>ad referendum</i> da Egrégia 1ª Câmara de Coordenação e Revisão do Ministério Público Federal, comunicando-se o interessado a fim de informá-lo sobre o teor desta promoção ministerial, para, querendo, manifestar-se, no prazo de 10 (dez) dias.</p>
<p>Ultrapassado o prazo acima mencionado, encaminhe-se à superior apreciação da 1ª Câmara de Coordenação e Revisão, nos termos do artigo 9º, §§ 1º e 4º, da Lei n.º 7.347/85, para deliberação sobre a homologação, servindo a presente decisão como ofício de encaminhamento.</p>
<p>Joinville, 14 de junho de 2016.</p>
<p />
<p />
<p><b>Flávio Pavlov da Silveira</b></p>
<p><b>Procurador da República</b></p>
<p>162</p>
</body></html>