<?xml version="1.0" encoding="UTF-8"?>
<html xmlns="http://www.w3.org/1999/xhtml">
<head>
<meta name="pdf:PDFVersion" content="1.4" />
<meta name="xmp:CreatorTool" content="Writer" />
<meta name="access_permission:modify_annotations" content="true" />
<meta name="access_permission:can_print_degraded" content="true" />
<meta name="dc:creator" content="prmt" />
<meta name="tika_batch_fs:relative_path" content="66716674.pdf" />
<meta name="language" content="pt-BR" />
<meta name="dcterms:created" content="2017-04-06T21:04:36Z" />
<meta name="dc:format" content="application/pdf; version=1.4" />
<meta name="pdf:docinfo:creator_tool" content="Writer" />
<meta name="access_permission:fill_in_form" content="true" />
<meta name="pdf:encrypted" content="false" />
<meta name="Content-Length" content="129452" />
<meta name="X-TIKA:digest:MD5" content="5878cbaeafa4510344c24eb5c1e57b5b" />
<meta name="Content-Type" content="application/pdf" />
<meta name="pdf:docinfo:creator" content="prmt" />
<meta name="X-Parsed-By" content="org.apache.tika.parser.DefaultParser" />
<meta name="X-Parsed-By" content="org.apache.tika.parser.pdf.PDFParser" />
<meta name="creator" content="prmt" />
<meta name="dc:language" content="pt-BR" />
<meta name="meta:author" content="prmt" />
<meta name="meta:creation-date" content="2017-04-06T21:04:36Z" />
<meta name="created" content="Thu Apr 06 18:04:36 BRT 2017" />
<meta name="access_permission:extract_for_accessibility" content="true" />
<meta name="access_permission:assemble_document" content="true" />
<meta name="xmpTPg:NPages" content="4" />
<meta name="Creation-Date" content="2017-04-06T21:04:36Z" />
<meta name="resourceName" content="66716674.pdf" />
<meta name="access_permission:extract_content" content="true" />
<meta name="access_permission:can_print" content="true" />
<meta name="tika:file_ext" content="pdf" />
<meta name="Author" content="prmt" />
<meta name="producer" content="BrOffice.org 3.2" />
<meta name="access_permission:can_modify" content="true" />
<meta name="pdf:docinfo:producer" content="BrOffice.org 3.2" />
<meta name="pdf:docinfo:created" content="2017-04-06T21:04:36Z" />
<title></title>
</head>
<body><div class="page"><p />
<p>MINISTÉRIO PÚBLICO FEDERAL
PROCURADORIA DA REPÚBLICA NO MUNICÍPIO DE OSASCO/SP
</p>
<p>GABINETE DO 1º OFÍCIO
</p>
<p>Autos nº : 1.34.043.000188/2015-41 – Classe Inquérito Civil
</p>
<p>Representante : Washington Fernando da Silva
</p>
<p>Representado : Rádio Comunitária New Life FM
</p>
<p>Assunto : Venda  de  horários  e  anúncios  comerciais  por  Rádio 
Comunitária e proselitismo
</p>
<p>PROMOÇÃO DE ARQUIVAMENTO
</p>
<p>Trata-se de  Inquérito Civil instaurado a partir  de representação 
</p>
<p>de Washington Fernando da Silva, em que se narra possível descumprimento, pela 
</p>
<p>Rádio Comunitária New Life FM,  de Carapicuíba/SP,  das finalidades e princípios 
</p>
<p>do  serviço  de  Radiodifusão  Comunitária.  Segundo o  representante,  essa  rádio 
</p>
<p>venderia  horários  para  igrejas,  cobraria  para  fazer  anúncios  publicitários  e 
</p>
<p>realizaria divulgação do nome de políticos com quem deteria vínculos (a exemplo 
</p>
<p>do Vereador Jeffersom Macedo),  em desconformidade com  os preceitos da Lei 
</p>
<p>9.612/98.
</p>
<p>A fls. 43/48 e 50/93, prestaram esclarecimentos o Ministério da 
</p>
<p>Ciência,  Tecnologia,  Inovações  e  Comunicações  e  a  Associação  Cultural 
</p>
<p>Comunitária New Life, respectivamente. 
</p>
<p>É o relatório. 
</p>
<p>De  início,  destaca-se  que,  pelas  informações  prestadas  pela 
</p>
<p>Associação Cultural Comunitária New Life, há Conselho Comunitário regularmente 
</p>
<p>RUA FREI CANECA, 1360, 4º ANDAR, SALA 41, CONSOLAÇÃO, CEP 01307-002
SÃO PAULO/SP – FONE: (11) 3269-5093
</p>
<p>1</p>
<p />
</div>
<div class="page"><p />
<p>MINISTÉRIO PÚBLICO FEDERAL
PROCURADORIA DA REPÚBLICA NO MUNICÍPIO DE OSASCO/SP
</p>
<p>GABINETE DO 1º OFÍCIO
</p>
<p>constituído para acompanhamento da programação da emissora, o qual aprovou 
</p>
<p>sua grade sem ressalvas ao conteúdo (fls. 70/75):
</p>
<p>Diante  da  grade  de  programação  da  Rádio,  consideramos  que  a 
</p>
<p>mesma  é  diversificada  e  voltada  principalmente  a  comunidade 
</p>
<p>atendida. Contém programas com a participação ativa dos membros 
</p>
<p>da comunidade atendida que manifestam diariamente suas ideias, 
</p>
<p>sugestões, propostas,  reclamações ou mesmo reivindicações sobre 
</p>
<p>os assuntos abordados na grade de programação das emissoras. 
</p>
<p>Possui também programa diário de cunho informativo, com ênfase a 
</p>
<p>informação  local.  Em  matérias  polêmicas  tem  observado  a 
</p>
<p>pluralidade de opinião e divulgado as inúmeras versões simultâneas, 
</p>
<p>bem como, abre espaços para as diferentes interpretações relativas 
</p>
<p>aos fatos noticiados.
</p>
<p>A  programação  tem  enfatizado  as  manifestações  artísticas  e 
</p>
<p>culturais  da  comunidade  atendida.  Deste  modo,  os  membros  do 
</p>
<p>Conselho Comunitário consideram que a grade de programação da 
</p>
<p>Rádio New Life mantida pela ASSOCIAÇÃO CULTURAL COMUNITÁRIA 
</p>
<p>NEW LIFE atende ao disposto no art. 4º da Lei 9.612/98.
</p>
<p>A manifestação  do referido  Conselho  Comunitário,  previsto  no 
</p>
<p>art.  8º  da  Lei  9.612/981,  é  de  grande  relevância,  pois,  sendo  composto  por 
</p>
<p>representantes  de  entidades  da  comunidade  local,  que  conhecem  as 
</p>
<p>especificidades  da  região  e  sua  população e  acompanham  habitualmente  as 
</p>
<p>transmissões,  revela-se  como o  meio  mais  eficiente  de  aferição  do  efetivo 
</p>
<p>atendimento  a  seus  cidadãos  e  da  consecução  dos  objetivos  do  Serviço  de 
</p>
<p>1Art. 8º A entidade autorizada a explorar o Serviço deverá instituir um Conselho Comunitário, composto 
por no mínimo cinco pessoas representantes de entidades da comunidade local, tais como associações 
de classe, beneméritas, religiosas ou de moradores, desde que legalmente instituídas, com o objetivo 
de  acompanhar  a  programação  da  emissora,  com  vista  ao  atendimento  do  interesse  exclusivo  da 
comunidade e dos princípios estabelecidos no art. 4º desta Lei. 
</p>
<p>RUA FREI CANECA, 1360, 4º ANDAR, SALA 41, CONSOLAÇÃO, CEP 01307-002
SÃO PAULO/SP – FONE: (11) 3269-5093
</p>
<p>2</p>
<p />
</div>
<div class="page"><p />
<p>MINISTÉRIO PÚBLICO FEDERAL
PROCURADORIA DA REPÚBLICA NO MUNICÍPIO DE OSASCO/SP
</p>
<p>GABINETE DO 1º OFÍCIO
</p>
<p>Radiodifusão Comunitária. 
</p>
<p>Outrossim,  verifica-se que  o  Ministério da Ciência,  Tecnologia, 
</p>
<p>Inovações  e  Comunicações  –  MCTIC,  órgão  responsável  pela  fiscalização  do 
</p>
<p>conteúdo  da  programação  das  Rádios  Comunitárias2,  já  foi  acionado,  tendo 
</p>
<p>instaurado  procedimentos  apuratórios  quanto  às  possíveis veiculação de 
</p>
<p>propaganda ou publicidade comercial (autos nº 53504.005448/2014-19) e prática 
</p>
<p>de proselitismo político ou religioso (autos nº 01250.012203/2017) (fls. 45/46).
</p>
<p>Nesse  sentido,  importa  salientar a  previsão na  legislação  de 
</p>
<p>regência do Serviço de Radiodifusão Comunitária de sanções administrativas pelo 
</p>
<p>descumprimento de seus princípios, como o que se aventa nos autos:
</p>
<p>Lei  9.612/98. Art.  21.  Constituem  infrações  -  operação  das 
emissoras do Serviço de Radiodifusão Comunitária: 
I - usar equipamentos fora das especificações autorizadas pelo Poder 
Concedente;
II - transferir a terceiros os direitos ou procedimentos de execução 
do Serviço;
III  -  permanecer  fora  de  operação  por  mais  de  trinta  dias  sem 
motivo justificável;
IV - infringir qualquer dispositivo desta Lei ou da correspondente 
regulamentação;
Parágrafo  único.  As  penalidades  aplicáveis  em  decorrência  das 
infrações cometidas são:
I - advertência;
Il - multa; e
III - na reincidência, revogação da autorização.
</p>
<p>Assim,  observa-se  que  os  mecanismos  de  controle  legalmente 
</p>
<p>instituídos  encontram-se  em regular  funcionamento,  não  havendo  omissão  do 
</p>
<p>2 Decreto 2615/1998. Art. 9º. Compete ao Ministério das Comunicações: (…) III - fiscalizar a execução do 
RadCom, em todo o território nacional, no que disser respeito ao conteúdo da programação, nos termos  
da legislação pertinente.
</p>
<p>RUA FREI CANECA, 1360, 4º ANDAR, SALA 41, CONSOLAÇÃO, CEP 01307-002
SÃO PAULO/SP – FONE: (11) 3269-5093
</p>
<p>3</p>
<p />
</div>
<div class="page"><p />
<p>MINISTÉRIO PÚBLICO FEDERAL
PROCURADORIA DA REPÚBLICA NO MUNICÍPIO DE OSASCO/SP
</p>
<p>GABINETE DO 1º OFÍCIO
</p>
<p>órgão administrativo competente, cuja atuação é suficiente para sanar eventuais 
</p>
<p>irregularidades porventura constatadas, inclusive com a revogação da autorização 
</p>
<p>de  funcionamento  da  Rádio  Comunitária.  Nesse  cenário,  não  se  vislumbram 
</p>
<p>medidas  adicionais  a  serem  adotadas  pelo  Ministério  Público  Federal,  sendo 
</p>
<p>desnecessária sua atuação no caso. 
</p>
<p>Pelo  exposto,  promovo  o  ARQUIVAMENTO do  presente 
</p>
<p>procedimento e determino a remessa dos autos à  1ª Câmara de Coordenação e 
</p>
<p>Revisão do Ministério Público Federal, para fins de revisão.
</p>
<p>Comunique-se  ao representante, por meio do e-mail de fls.  06, 
</p>
<p>sobre o presente arquivamento, nos termos e para os fins do § 1º do artigo 17 da 
</p>
<p>Resolução CSMPF nº 87/2010.
</p>
<p>Cópia da presente deliberação valerá como ofício.
</p>
<p>São Paulo, 06 de abril de 2017.
</p>
<p>DOUGLAS GUILHERME FERNANDES
Procurador da República
</p>
<p>RUA FREI CANECA, 1360, 4º ANDAR, SALA 41, CONSOLAÇÃO, CEP 01307-002
SÃO PAULO/SP – FONE: (11) 3269-5093
</p>
<p>4</p>
<p />
</div>
</body></html>