<?xml version="1.0" encoding="UTF-8"?>
<html xmlns="http://www.w3.org/1999/xhtml">
<head>
<meta name="pdf:PDFVersion" content="1.4" />
<meta name="xmp:CreatorTool" content="Writer" />
<meta name="access_permission:modify_annotations" content="true" />
<meta name="access_permission:can_print_degraded" content="true" />
<meta name="tika_batch_fs:relative_path" content="67216593.pdf" />
<meta name="language" content="pt-BR" />
<meta name="dcterms:created" content="2018-08-15T17:29:37Z" />
<meta name="dc:format" content="application/pdf; version=1.4" />
<meta name="pdf:docinfo:creator_tool" content="Writer" />
<meta name="access_permission:fill_in_form" content="true" />
<meta name="pdf:encrypted" content="false" />
<meta name="Content-Length" content="121337" />
<meta name="X-TIKA:digest:MD5" content="d22ccdc7faa66ee1947b72dc38dd02c3" />
<meta name="Content-Type" content="application/pdf" />
<meta name="X-Parsed-By" content="org.apache.tika.parser.DefaultParser" />
<meta name="X-Parsed-By" content="org.apache.tika.parser.pdf.PDFParser" />
<meta name="dc:language" content="pt-BR" />
<meta name="meta:creation-date" content="2018-08-15T17:29:37Z" />
<meta name="created" content="Wed Aug 15 14:29:37 BRT 2018" />
<meta name="access_permission:extract_for_accessibility" content="true" />
<meta name="access_permission:assemble_document" content="true" />
<meta name="xmpTPg:NPages" content="7" />
<meta name="Creation-Date" content="2018-08-15T17:29:37Z" />
<meta name="resourceName" content="67216593.pdf" />
<meta name="access_permission:extract_content" content="true" />
<meta name="access_permission:can_print" content="true" />
<meta name="tika:file_ext" content="pdf" />
<meta name="producer" content="LibreOffice 5.4" />
<meta name="access_permission:can_modify" content="true" />
<meta name="pdf:docinfo:producer" content="LibreOffice 5.4" />
<meta name="pdf:docinfo:created" content="2018-08-15T17:29:37Z" />
<title></title>
</head>
<body><div class="page"><p />
<p>MINISTÉRIO PÚBLICO FEDERAL
PROCURADORIA DA REPÚBLICA NO MUNICÍPIO DE PIRACICABA
</p>
<p>Avenida Lourenço Ducatti, 49 – Vila Rezende – Piracicaba (SP) – CEP 13405-208 – Telefone: (19) 3447-4000
</p>
<p>Inquérito Civil nº 1.34.008.000509/2015-33
</p>
<p>Promoção de Arquivamento
</p>
<p>Assunto: Apurar possíveis irregularidades na execução do Programa Minha
</p>
<p>Casa Minha Vida – PMCMV em Santa Maria da Serra/SP.
</p>
<p>O  presente  procedimento  foi  instaurado  a  partir  do
</p>
<p>Inquérito  Civil  nº  1.34.008.000517/2014-07,  o  qual  tinha  por  escopo  a
</p>
<p>apuração de possíveis irregularidades envolvendo a realização do Programa
</p>
<p>Habitacional  Federal  Minha  Casa,  Minha  Vida  –  PMCMV  em  todos  os
</p>
<p>municípios  abrangidos  pela  Procuradoria  da  República  em Piracicaba  (fl.
</p>
<p>02/v).
</p>
<p>Visando apurar os fatos relativamente ao município de
</p>
<p>Santa Maria da Serra/SP, foi  instaurado o presente inquérito civil,  tendo
</p>
<p>sido expedido ofício à Prefeitura Municipal, solicitando informações acerca
</p>
<p>da existência de algum projeto em andamento ou em vias de conclusão
</p>
<p>subsidiados por recursos do PMCMV. Em caso positivo, como seria feito o
</p>
<p>processo  de  seleção  dos  beneficiários;  se  seria  atendida  a  Portaria  nº
</p>
<p>595/2013 do Ministério das Cidades, no tocante ao item 2.4 – referente à
</p>
<p>publicidade  dos  dados  do  programa;  e  se  adotariam  e  alimentariam  o
</p>
<p>CadÚnico do Ministério do Desenvolvimento Social e de Combate à Fome
</p>
<p>(Decreto nº6.135/2007, Portaria nº177/2011, Portaria nº274/2011), para
</p>
<p>fins de aplicação no PMCMV (fl. 15).
</p>
<p>Outrossim,  tendo  em  conta  as  disposições  da  Lei  nº
</p>
<p>11.977/2009, pelas quais a gestão operacional dos recursos destinados à</p>
<p />
</div>
<div class="page"><p />
<p>MINISTÉRIO PÚBLICO FEDERAL
PROCURADORIA DA REPÚBLICA NO MUNICÍPIO DE PIRACICABA
</p>
<p>Avenida Lourenço Ducatti, 49 – Vila Rezende – Piracicaba (SP) – CEP 13405-208 – Telefone: (19) 3447-4000 
</p>
<p>concessão de subvenção econômica do Programa, é da Caixa Econômica
</p>
<p>Federal,  expediu-se  ofício  à  Superintendência  Regional  correspondente,
</p>
<p>para manifestação referente a projetos em andamento do PMCMV para o
</p>
<p>município  retromencionado.  Indagou-se  de  que  forma  é  executado  o
</p>
<p>controle do programa, já que a gestão de recursos do PNHU e PNHR lhe
</p>
<p>compete;  se é verificado o cumprimento pelos municípios do preconizado
</p>
<p>por  lei  e  se  é  checada  a  veracidade  das  informações  prestadas  pelos
</p>
<p>candidatos ao programa. (fls. 16/17).
</p>
<p>Às  fl.  18/19,  a  CEF  informou que  não  havia  projetos
</p>
<p>contratados ou em análise para o município de Santa Maria da Serra.
</p>
<p>Por sua vez, a Prefeitura Municipal de Santa Maria da
</p>
<p>Serra informou que havia projetos em vias de conclusão; que a seleção era
</p>
<p>feita  pelas  famílias  inscritas  no  CADUNICO  do  Ministério  do
</p>
<p>Desenvolvimento Social e de Combate à Fome, o qual é alimentado; e que,
</p>
<p>quando da realização a divulgação foi feita por meio de carro de som na
</p>
<p>cidade e afixados informativos em locais públicos, já que o município não
</p>
<p>possui rádios locais e nem emissoras de televisão e o jornal é periódico (fl.
</p>
<p>27).
</p>
<p>Como  o  município  de  Santa  Maria  da  Serra  possui
</p>
<p>população  inferior  a  50.000  habitantes,  constatou-se  que  o  PMCMV  em
</p>
<p>execução estava sendo operado com recursos disponibilizados por meio de
</p>
<p>oferta pública, tendo suas diretrizes gerais regidas pela Portaria nº 547 do
</p>
<p>Ministério das Cidades, de 28 de novembro de 2011.
</p>
<p>Diversamente  do  que  ocorre  com  as  operações  do
</p>
<p>programa realizadas com os recursos advindos da integralização de cotas
</p>
<p>no Fundo de Arrendamento Residencial (FAR), as operações efetuadas por
</p>
<p>meio  da  oferta  pública  de  recursos  não  contam  com  a  participação
</p>
<p>obrigatória da Caixa Econômica Federal.</p>
<p />
</div>
<div class="page"><p />
<p>MINISTÉRIO PÚBLICO FEDERAL
PROCURADORIA DA REPÚBLICA NO MUNICÍPIO DE PIRACICABA
</p>
<p>Avenida Lourenço Ducatti, 49 – Vila Rezende – Piracicaba (SP) – CEP 13405-208 – Telefone: (19) 3447-4000 
</p>
<p>Para melhor  compreensão  acerca  da operacionalização
</p>
<p>do PMCMV, são apresentadas as informações que seguem.
</p>
<p>A instrumentalização do programa por meio da oferta
</p>
<p>pública conta com a participação dos seguintes entes: 
</p>
<p>• Ministério das Cidades, com as atribuições de: a) estabelecer as
</p>
<p>regras gerais de execução do programa; b) selecionar as propostas
</p>
<p>apresentadas pelos estados e municípios; c) definir a tipologia e o
</p>
<p>padrão das moradias a serem produzidas; d) acompanhar e avaliar o
</p>
<p>desempenho do programa; e e) efetuar o pagamento da subvenção
</p>
<p>econômica;
</p>
<p>• Instituições Financeiras e Agentes Financeiros, habilitados por
</p>
<p>meio  de  oferta  pública  de  recursos,  com  as  atribuições  de:  a)
</p>
<p>analisar a viabilidade técnica, jurídica e documental das propostas
</p>
<p>selecionadas pelo Ministério das Cidades; b) firmar Termo de Acordo
</p>
<p>e Compromisso com os proponentes e encaminhar à SNH (Secretaria
</p>
<p>Nacional de Habilitação) cópia do extrato assinado pelas partes; c)
</p>
<p>responsabilizar-se pela análise e aprovação dos projetos de trabalho
</p>
<p>social elaborados pelos proponentes; d) firmar, juntamente com os
</p>
<p>proponentes, contrato com os beneficiários finais do Programa; e)
</p>
<p>promover  a  inclusão  do  benefício  habitacional  no  registro  do
</p>
<p>CADMUT  (Cadastro  Nacional  de  Mutuários);  f)  acompanhar  a
</p>
<p>execução das obras e serviços necessários a produção das unidades
</p>
<p>habitacionais;  e  g)  fornecer  à  SNH  relatórios,  informações  e
</p>
<p>documentações necessárias à operacionalização, acompanhamento e
</p>
<p>avaliação do Programa;
</p>
<p>• Estados  e  Municípios,  na  qualidade  de  proponentes,  com  as
</p>
<p>atribuições  de:  a)  apresentar  propostas  de  projeto  para  fins  de</p>
<p />
</div>
<div class="page"><p />
<p>MINISTÉRIO PÚBLICO FEDERAL
PROCURADORIA DA REPÚBLICA NO MUNICÍPIO DE PIRACICABA
</p>
<p>Avenida Lourenço Ducatti, 49 – Vila Rezende – Piracicaba (SP) – CEP 13405-208 – Telefone: (19) 3447-4000 
</p>
<p>participação  no  programa;  b)  aportar  contrapartida  financeira;  c)
</p>
<p>executar o trabalho social junto aos beneficiários; d) promover ações
</p>
<p>facilitadoras  e  redutoras  dos  custos  de  produção  dos  imóveis;  e)
</p>
<p>providenciar  as  autorizações,  alvarás,  licenças  necessárias  à
</p>
<p>aprovação  e  viabilização  dos  projetos;  f)  responsabilizar-se  pelas
</p>
<p>ações necessárias para a implantação dos equipamentos e serviços
</p>
<p>relacionados a educação, saúde, lazer e transporte público; g) firmar
</p>
<p>Termo  de  Acordo  e  compromisso  com  instituição  financeira  ou
</p>
<p>agente  financeiro  habilitado  na  oferta  pública  de  recursos;  h)
</p>
<p>promover o cadastramento ou atualização dos dados referentes aos
</p>
<p>candidatos  a  benefícios  no  CADÚNICO  (Cadastro  Único  dos
</p>
<p>Programas Sociais do Governo Federal); i) encaminhar a relação de
</p>
<p>candidatos a beneficiários à instituição ou agente financeiro; j) no
</p>
<p>envio da primeira remessa de candidatos a beneficiários, encaminhar
</p>
<p>à instituição ou ao agente financeiro a deliberação do conselho de
</p>
<p>habitação ou, na falta deste, da assistência social com os critérios de
</p>
<p>hierarquização e seleção da demanda; k) firmar, juntamente com a
</p>
<p>instituição  financeira  ou  agente  financeiro,  o  contrato  junto  aos
</p>
<p>beneficiários  finais  do  programa;  e  l)  emitir  o  habite-se  ou
</p>
<p>documento equivalente, das unidades habitacionais concluídas, em
</p>
<p>até 30 dias, a contar da data da conclusão das obras. 
</p>
<p> Diante  do  narrado,  realizou-se  consulta  ao  sítio
</p>
<p>eletrônico  do  Ministério  das  Cidades1,  verificando-se  que,  no  âmbito  do
</p>
<p>PMCMV  em execução  no  município  de  Santa  Maria  da  Serra,  a  pessoa
</p>
<p>jurídica “China Construction Bank (Brasil) Banco Múltiplo S/A – CCB” (antigo
</p>
<p>“Banco Comercial  e Industrial  S/A – BICBANCO”,  habilitado por meio da
</p>
<p>oferta  pública  de  recursos  a  8.140  cotas  de  subvenção)  detém  as
</p>
<p>atribuições pertinentes de instituição financeira ou agente financeiro.
</p>
<p>1 Disponível em: &lt;http://www.cidades.gov.br/habitacao-cidades/progrmas-e-acoes-snh/67-snh-
secretaria-nacional/programas-e-acoes/2551-relatorios-de-pagamentos-efetuados&gt; Acesso em: 
25/01/2017.</p>
<p />
<div class="annotation"><a href="http://www.cidades.gov.br/habitacao-cidades/progrmas-e-acoes-snh/67-snh-secretaria-nacional/programas-e-acoes/2551-relatorios-de-pagamentos-efetuados">http://www.cidades.gov.br/habitacao-cidades/progrmas-e-acoes-snh/67-snh-secretaria-nacional/programas-e-acoes/2551-relatorios-de-pagamentos-efetuados</a></div>
<div class="annotation"><a href="http://www.cidades.gov.br/habitacao-cidades/progrmas-e-acoes-snh/67-snh-secretaria-nacional/programas-e-acoes/2551-relatorios-de-pagamentos-efetuados">http://www.cidades.gov.br/habitacao-cidades/progrmas-e-acoes-snh/67-snh-secretaria-nacional/programas-e-acoes/2551-relatorios-de-pagamentos-efetuados</a></div>
</div>
<div class="page"><p />
<p>MINISTÉRIO PÚBLICO FEDERAL
PROCURADORIA DA REPÚBLICA NO MUNICÍPIO DE PIRACICABA
</p>
<p>Avenida Lourenço Ducatti, 49 – Vila Rezende – Piracicaba (SP) – CEP 13405-208 – Telefone: (19) 3447-4000 
</p>
<p>A Relação de Pagamentos Efetuados encontra-se em fl.
</p>
<p>34.
</p>
<p>Mesmo  diante  da  ausência  de  notícia  concreta  de
</p>
<p>irregularidades no PMCMV,  foi expedido ofício à Prefeitura de Santa Maria
</p>
<p>da Serra para que informasse se foram seguidas as normas da Portaria nº
</p>
<p>595 e  em que fase encontrava-se o projeto referente ao Programa Minha
</p>
<p>Casa Minha Vida em execução (fl. 37).
</p>
<p> A  Prefeitura  apresentou  os  esclarecimentos  e
</p>
<p>documentos  de  fls.  38/75,  permitindo  verificar  que  as  obras  ainda  não
</p>
<p>tinham sido concluídas  (havia um percentual  acumulado de 45,80% das
</p>
<p>obras  finalizadas  em fevereiro/2016).  Também apresentaram o  Terceiro
</p>
<p>Termo  Aditivo  que  estabelece  prazo  de  término  das  obras  para
</p>
<p>dezembro/2018.
</p>
<p>Considerando que o  Termo de Acordo e  Compromisso
</p>
<p>havia  sido  firmado  em  05  de  junho  de  2012,  dado  o  lapso  temporal
</p>
<p>transcorrido, foi expedido ofício à RCA Assessoria em Controle de Obras e
</p>
<p>Serviços  (fl.  67),  a  quem  foi  atribuída  a  representação  da  Instituição
</p>
<p>Financeira “Banco Comercial e Industrial S/A – BICBANCO” (“atual China
</p>
<p>Construction Bank (Brasil) Banco Múltiplo S/A – CCB”), visando questionar
</p>
<p>acerca de eventual  prorrogação do prazo ou de fatores que possam ter
</p>
<p>motivado a evolução lenta das obras, bem como da fração dos recursos
</p>
<p>públicos que foi repassada à construtora responsável (fl. 79).
</p>
<p>Em resposta de fl. 85, a RCA informou que foi contratada
</p>
<p>pelo China Construction Bank S/A (Instituição Financeira participante) para
</p>
<p>conferir documentos e verificar o andamento das obras do Programa Minha
</p>
<p>Casa  Minha  Vida  em  Santa  Maria  da  Serra.  Ressaltou  que  houve  a
</p>
<p>publicação no DOU, em 24/07/2017, da Portaria 494, de 21 de julho de
</p>
<p>2017, onde ficaram estabelecidos novos prazos para conclusão e entrega</p>
<p />
</div>
<div class="page"><p />
<p>MINISTÉRIO PÚBLICO FEDERAL
PROCURADORIA DA REPÚBLICA NO MUNICÍPIO DE PIRACICABA
</p>
<p>Avenida Lourenço Ducatti, 49 – Vila Rezende – Piracicaba (SP) – CEP 13405-208 – Telefone: (19) 3447-4000 
</p>
<p>das  unidades  residenciais  (fl.  84).  Informou,  ademais,  que  segundo  a
</p>
<p>medição de nº 7, elaborada pela Prefeitura do Município de Santa Maria da
</p>
<p>Serra (fls. 81/83), o percentual médio totalizava 53% de obras, sendo que
</p>
<p>as  obras  não  tiveram  uma  evolução  satisfatória  devido  aos  constantes
</p>
<p>atrasos de repasse de subvenção econômica, por parte do Ministério das
</p>
<p>Cidades, bem como a pendências de repasses da contrapartida do governo
</p>
<p>do Estado de São Paulo.
</p>
<p> Após, expediu-se ofício ao China Construction Bank para
</p>
<p>que  informasse  se  a  instituição  financeira  já  teria  efetuado  o  repasse
</p>
<p>integral dos recursos à construtora (fl. 86), tendo então informado que o
</p>
<p>valor integral dos recursos destinados ao projeto citado não foi repassado
</p>
<p>em  sua  totalidade.  Esclareceu  que  os  pagamentos  são  efetuados  em
</p>
<p>conjunto com a evolução das obras, devidamente comprovadas por meio de
</p>
<p>medições e atestadas pela Prefeitura, de modo que o valor total somente
</p>
<p>será  repassado  à  construtora  mediante  a  finalização  das  unidades
</p>
<p>habitacionais, bem como ao envio de todos os documentos requeridos pelo
</p>
<p>Ministério das Cidades (fls. 89/90).
</p>
<p>No  último  ofício  recebido  da  Prefeitura  Municipal  de
</p>
<p>Santa Maria da Serra constou que o resultado da última medição foi  de
</p>
<p>55,21%,  sendo  que  o  cronograma  para  execução  do  restante  da  obra
</p>
<p>finaliza em dezembro de 2018 (fl. 100).
</p>
<p>Em síntese, é o relato. 
</p>
<p>Pois bem. Analisando o que consta do presente inquérito
</p>
<p>civil,  observa-se  que  não  há  irregularidades  a  serem  apuradas  que
</p>
<p>justifiquem o prosseguimento dos presentes autos.
</p>
<p>Não  obstante  o  atraso  para  conclusão  das  unidades
</p>
<p>residenciais,  houve  justificativa  para  essa  situação.  Ademais,  os</p>
<p />
</div>
<div class="page"><p />
<p>MINISTÉRIO PÚBLICO FEDERAL
PROCURADORIA DA REPÚBLICA NO MUNICÍPIO DE PIRACICABA
</p>
<p>Avenida Lourenço Ducatti, 49 – Vila Rezende – Piracicaba (SP) – CEP 13405-208 – Telefone: (19) 3447-4000 
</p>
<p>pagamentos  somente  são  efetuados  em  conjunto  com  a  evolução  das
</p>
<p>obras, devidamente comprovadas por meio de medições e atestadas pela
</p>
<p>Prefeitura, de modo que o valor total somente será repassado à construtora
</p>
<p>mediante a finalização das unidades habitacionais, bem como ao envio de
</p>
<p>todos os documentos requeridos pelo Ministério das Cidades.
</p>
<p>Pelo  exposto,  ausente  indícios  de  irregularidades,
</p>
<p>promovo  o  ARQUIVAMENTO do  presente  procedimento,  devendo  estes
</p>
<p>autos, após as anotações e registros de estilo, serem remetidos à Egrégia
</p>
<p>1ª Câmara de Coordenação e Revisão, para homologação ou revisão.
</p>
<p> Com  cópia  desta  manifestação,  expeça-se  ofício  à
</p>
<p>Prefeitura Municipal de Santa Maria da Serra dando-lhe ciência acerca do
</p>
<p>arquivamento destes autos, requerendo que informe esta Procuradoria da
</p>
<p>República  quando  da  conclusão  das  obras  ou  se  verificar  outras
</p>
<p>irregularidades.
</p>
<p>Piracicaba, 13 de agosto de 2018.
</p>
<p>Heloisa Maria Fontes Barreto 
</p>
<p>Procuradora da República
</p>
<p>F:\Procuradores\HeloisaBarreto\18\extraj_tut\arq\IC_15_509_arq_Sta_Maria_Serra_PMCMV_jgb.odt</p>
<p />
</div>
</body></html>