<?xml version="1.0" encoding="UTF-8"?>
<html xmlns="http://www.w3.org/1999/xhtml">
<head>
<meta name="pdf:PDFVersion" content="1.4" />
<meta name="pdf:docinfo:title" content="MSMJ" />
<meta name="xmp:CreatorTool" content="Writer" />
<meta name="access_permission:modify_annotations" content="true" />
<meta name="access_permission:can_print_degraded" content="true" />
<meta name="dc:creator" content="Luciano " />
<meta name="tika_batch_fs:relative_path" content="67245625.pdf" />
<meta name="language" content="pt-BR" />
<meta name="dcterms:created" content="2018-02-16T15:34:55Z" />
<meta name="dc:format" content="application/pdf; version=1.4" />
<meta name="pdf:docinfo:creator_tool" content="Writer" />
<meta name="access_permission:fill_in_form" content="true" />
<meta name="pdf:encrypted" content="false" />
<meta name="dc:title" content="MSMJ" />
<meta name="Content-Length" content="158739" />
<meta name="X-TIKA:digest:MD5" content="b86e6ffe2aee04c7cd574786684cd868" />
<meta name="Content-Type" content="application/pdf" />
<meta name="pdf:docinfo:creator" content="Luciano " />
<meta name="X-Parsed-By" content="org.apache.tika.parser.DefaultParser" />
<meta name="X-Parsed-By" content="org.apache.tika.parser.pdf.PDFParser" />
<meta name="creator" content="Luciano " />
<meta name="dc:language" content="pt-BR" />
<meta name="meta:author" content="Luciano " />
<meta name="meta:creation-date" content="2018-02-16T15:34:55Z" />
<meta name="created" content="Fri Feb 16 13:34:55 BRST 2018" />
<meta name="access_permission:extract_for_accessibility" content="true" />
<meta name="access_permission:assemble_document" content="true" />
<meta name="xmpTPg:NPages" content="6" />
<meta name="Creation-Date" content="2018-02-16T15:34:55Z" />
<meta name="resourceName" content="67245625.pdf" />
<meta name="access_permission:extract_content" content="true" />
<meta name="access_permission:can_print" content="true" />
<meta name="tika:file_ext" content="pdf" />
<meta name="Author" content="Luciano " />
<meta name="producer" content="OpenOffice 4.1.5" />
<meta name="access_permission:can_modify" content="true" />
<meta name="pdf:docinfo:producer" content="OpenOffice 4.1.5" />
<meta name="pdf:docinfo:created" content="2018-02-16T15:34:55Z" />
<title>MSMJ</title>
</head>
<body><div class="page"><p />
<p> 
</p>
<p>MINISTÉRIO PÚBLICO FEDERAL
PROCURADORIA DA REPÚBLICA NO MUNICÍPIO DE DOURADOS
</p>
<p>3º OFÍCIO
</p>
<p>Ref.: Inquérito Civil n.º 1.21.001.000700/2015-01
</p>
<p>O  presente  Inquérito  Civil  foi  instaurado  com  o  objetivo  de
</p>
<p>“investigar  se  o  Município  de  Dourados  vem  substituindo  médicos  de
</p>
<p>suas  equipes  de  atenção  básica  por  médicos  contratados  por  meio  do
</p>
<p>Projeto Mais Médicos para o Brasil” (f. 19).
</p>
<p>Sua  origem  foi  a  notícia  de  fato  apresentada,  em  01.09.15,  pelo
</p>
<p>Conselho Regional de Medicina do Estado de Mato Grosso do Sul, de acordo
</p>
<p>com  a  qual  “o  Programa  do  Governo  Federal  Mais  Médicos  está  sendo
</p>
<p>desvirtuado, porque médicos vinculados à Secretaria de Saúde de Dourados
</p>
<p>estão sendo substituídos por médicos cubanos” (f. 2).</p>
<p />
</div>
<div class="page"><p />
<p>Procuradoria
da República no
Município de Dourados
</p>
<p>Essa  notícia  foi  instruída  com  “denúncias”  feitas  pelos  médicos
</p>
<p>Larissa Teixeira Sena Hoff (f. 3) e Eduardo Hoff (f. 5) e das quais destacam-se
</p>
<p>os seguintes excertos:
</p>
<p>Médica Larissa Teixeira Sena Hoff:
</p>
<p>(…)  a  gerente  de  Recursos  Humanos  Silvana  Radaelli  de  Assis  me
informou que a Gerente de Atenção Básica,  a cirurgiã-dentista Fabiane
Muller  Dezan  optou  pela  rescisão  do  meu  contrato  e  pela  minha
substituição por um médico cubano do Programa Mais Médicos.
</p>
<p>(…)
</p>
<p>Médico Eduardo Hoff 
</p>
<p>(…)  Venho  por  meio  desta  registrar  denúncia  contra  a  Secretaria
Especial  de Saúde Indígena –  SESAI  –  Polo Base Dourados-MS, que optou
neste  ano  de  2015  por  não  me  contratar  para  o  quadro  de  médicos,
preferindo contratar profissional do Programa Mais Médicos.
</p>
<p>Pois bem.
</p>
<p>A Portaria Interministerial n.º 1.369/13, ao regulamentar o Projeto
</p>
<p>Mais Médicos para o Brasil,  veda aos Municípios, que adiram à execução do
</p>
<p>Projeto,  a  substituição  dos  “médicos  que  já  componham  as  equipes  de
</p>
<p>atenção básica pelos  participantes deste Projeto” (art.  11, inc.  I)  e  obriga
</p>
<p>esses  Municípios  a  manterem,  durante  a  execução do Projeto,  “as  equipes
</p>
<p>de  atenção  básica  atualmente  constituídas  com  profissionais  médicos  não
</p>
<p>participantes do Projeto” (inc. II).
</p>
<p>Quanto  aos  fatos  noticiados,  a  Secretaria  Municipal  de  Saúde  de
</p>
<p>Dourados prestou as seguintes informações em 23.05.12 (fls. 30/31):
</p>
<p>Conforme  documentação,  os  médicos  eram a  Dra.  Larissa  Teixeira
Sena Hoff e o Dr. Eduardo Hoff, ela contratada para o ESF-Cachoeirinha
e ele contratado no ESF-Jóquei Clube.
</p>
<p>(…)
</p>
<p>Os citados profissionais eram médicos contratados desta Secretaria
Municipal,  e  conforme  os  contratos  administrativos  por  tempo
determinado,  juntados  em  anexo,  ambos  poderiam  ter  seus  contratos
rescindidos  pela  conveniência  exclusiva  do  contratante,  sem  qualquer
justificativa, conforme cláusula décima primeira do referido contrato.
</p>
<p>- 2 -</p>
<p />
</div>
<div class="page"><p />
<p>Procuradoria
da República no
Município de Dourados
</p>
<p>Assim,  por  conveniência  da  contratante,  os  citados  médicos
tiveram  seus  contratos  rescindidos,  sendo  substituídos  por  novos
profissionais  contratados,  e,  em  nenhum  momento  substituídos  por
médicos  cubanos  do  programa  “Mais  Médicos”   como  relatado  pelos
profissionais.
</p>
<p>Conforme documentação em anexo,  ambos os  ESFS  (cachoeirinha
e jóquei clube) possuem médicos contratados e médicos do Programa
Federal  “Mais  Médicos”  estando  totalmente  de  acordo  com  a
Portaria Interministerial n. 1.369/13 em seu artigo 11, I e II.   
</p>
<p>A  partir  dessas  informações  e  dos  documentos  que  constam  dos
</p>
<p>autos,  observo que os  médicos da ESF Cachoeirinha e da ESF Jóquei Clube,
</p>
<p>em maio/17, eram:
</p>
<p>(a) ESF Cachoeirinha:
</p>
<p>(a.1) Dervis Escobar, médico do Programa Mais Médicos (fls. 39 e 43);
</p>
<p>(a.2) Breno Junqueira, médico contratado (fls. 39 e 47/48);
</p>
<p>(b) ESF Jóquei Clube:
</p>
<p>(b.1) Tassia Tassi, médica do Programa Mais Médicos (fls. 39 e 43);
</p>
<p>(b.2) Thauana Amaral Claudino, médica contratada (fls. 39 e 51/52).
</p>
<p>Como  se  pode  perceber,  ao  menos  aparentemente,  não  houve
</p>
<p>substituição  de  médicos  das  equipes  de  saúde  da  família  por  médicos  do
</p>
<p>Programa Mais Médicos   (Portaria Interministerial n.º 1.369/13, art. 11, inc. I).
</p>
<p>Em  22.07.17,  ademais,  a  Secretaria  Municipal  de  Saúde  de
</p>
<p>Dourados prestou novas informações (fls. 43/44):
</p>
<p>&gt;  Thauana  Amaral  de  Sá  Claudino  –  UBS  Jóquei  Clube  ESF  27
solicitou rescisão do  contrato de trabalho 29/05/2017   (anexo  Termo
de  Rescisão  de  Contrato)  para  assumir  o  programa  mais  médico  em
Ariquemes RO encaminho (a consulta do CNES).
</p>
<p>Ora,  com  a  rescisão  do  contrato  de  trabalho  da  médica  Thauana
</p>
<p>Amaral  de  Sá  Claudino  (fls.  51/52),  a  ESF  Jóquei  Clube  passou  a  contar
</p>
<p>apenas com a médica Tassia Tassi, do Programa Mais Médicos  (f. 58).
</p>
<p>- 3 -</p>
<p />
</div>
<div class="page"><p />
<p>Procuradoria
da República no
Município de Dourados
</p>
<p>Logo,  houve  redução,  ainda  que  possivelmente  temporária,  da
</p>
<p>equipe  de  atenção  básica  constituída  até  então  por  profissional  médico
</p>
<p>não  participante  do  Programa  Mais  Médicos  (Portaria  Interministerial
</p>
<p>n.º 1.369/13, art. 11, inc. II).
</p>
<p>Além disso, segundo consta do documento de fls. 57/59, fornecido
</p>
<p>pela  Secretaria  Municipal  de  Saúde  de  Dourados  em  22.07.17,  a  ESF  26
</p>
<p>(Carisma)  e  a  ESF  203  (Indápolis)  são  compostas  apenas  por  médicos  do
</p>
<p>Programa Mais Médicos. 
</p>
<p>Em  decorrência,  requisitei à  Secretaria  Municipal  de  Saúde  de
</p>
<p>Dourados (fls. 64/65) que:
</p>
<p>(i)  considerando  a  rescisão  do  contrato  de  trabalho  da  médica
</p>
<p>Thauana  Amaral  de  Sá  Claudino,  informasse  que  medidas  já  adotou,  está
</p>
<p>adotando ou pretende adotar para a recomposição do quadro de pessoal da
</p>
<p>ESF  Jóquei  Clube  com  médico  contratado/efetivo  (além  do  médico  do
</p>
<p>Programa  Mais  Médicos),  tendo  em  vista  a  exigência  contida  no  art.  11,
</p>
<p>inc. II, da Portaria Interministerial n.º 1.369/13); e
</p>
<p>(ii) informasse as razões pelas quais a ESF 26 (Carisma) e a ESF 203
</p>
<p>(Indápolis)  são  compostas,  atualmente,  apenas  por  médicos  do  Programa
</p>
<p>Mais Médicos. 
</p>
<p>Em resposta, a Secretaria Municipal de Saúde de Dourados prestou
</p>
<p>as seguintes informações (fls. 68/69):
</p>
<p>O  município  de  Dourados/MS  esta  conveniado  ao  Programa  Mais
Médico  desde  ano  de  2014,  conforme  o  término  das  missões  outros
profissionais  são  enviados  para  substituição,  e  novas  vagas  são
solicitadas na dependência das necessidades da gestão. No ano de 2017
com  o  término  da  missão  de  alguns  profissionais  foram  feitas  a
substituição, isso justifica as informações relatadas abaixo:
</p>
<p>Resposta item i – Programa Mais Médico:
</p>
<p>Considerando a rescisão do contrato de trabalho da Dr Thauana
Amaral  de  Sã  Claudino  -  UBS  Jóquei  Clube  ESF  27  na  data  de
29/05/2017. 
</p>
<p>- 4 -</p>
<p />
</div>
<div class="page"><p />
<p>Procuradoria
da República no
Município de Dourados
</p>
<p>Solicitamos  ao  Rh  contratação  de  médico  para  substituir  a
rescisão.
</p>
<p>Considerando a  falta  de oferta de médicos para contratação   e
o envio do programa mais médico do Dr Lazaro Ernesto Mato Lopez o
qual  iniciou os trabalhos nesta ESF no dia  01/09/2017  (anexo Termo
de Homologação).
</p>
<p>(…)
</p>
<p>A Considerando que na UBS Carisma ESF 26 e UBS Indápolis ESF 203
possui apenas uma equipe de saúde da família.
</p>
<p>Considerando a  falta  de oferta de médicos para contratação   e
o  envio  do  programa  mais  médico  do  Dr  Yankiel  Gonzalez  Ferro  o
qual  iniciou os trabalhos  na UBS Carisma ESF 26 no dia  08/08/2017
(anexo Termo de Homologação).
</p>
<p>Considerando a posse do concurso no dia 05/05/2017 da Dr Patricia
Vandira Pedroso dos Santos a qual solicitou transferência para UBS Vila
Índio ESF 43 por motivo de gravidez, que foi aceita pela gestão.
</p>
<p>Considerando  Dr  Laura  Virgínia  Zocolaro  (programa  mais
médico)  a  qual  solicitou  transferência  para  UBS  Indápolis  ESF  203
por motivo de residência e gravidez, que foi aceita pela gestão .
</p>
<p>Como  se  pode  perceber,  a  lotação  dos  médicos  participantes  do
</p>
<p>Programa  Mais  Médicos  na  ESF  Joquéi  Clube  (médico  Lázaro  Ernesto  Mato
</p>
<p>Lopes),  na ESF Carisma (médico Yankiel  Gonzalez Ferro)  e na ESF Indápolis
</p>
<p>(médica  Laura  Virginia  Zocolaro)  decorre,  em síntese,  da  “falta  de  oferta
</p>
<p>de médicos para contratação” no Município de Dourados/MS.
</p>
<p>Ora, o Programa Mais Médicos foi instituído para “diminuir a carência
</p>
<p>de médicos nas regiões prioritárias para o SUS, a fim de reduzir as desigualdades
</p>
<p>regionais na área da saúde” (art. 1º, inc. I, da Lei n.º 12.871/13).
</p>
<p>Logo, a meu ver, a lotação dos médicos participantes do programa
</p>
<p>deve  ocorrer,  prioritariamente,  em  locais  em  que  há  “ falta  de  oferta  de
</p>
<p>médicos”.
</p>
<p>Assim  sendo,  no  presente  caso,  não  vislumbro  a  existência  de
</p>
<p>irregularidade  que  justifique  a  adoção  de  medidas  extrajudiciais  e/ou
</p>
<p>judiciais pelo Ministério Público Federal.
</p>
<p>- 5 -</p>
<p />
</div>
<div class="page"><p />
<p>Procuradoria
da República no
Município de Dourados
</p>
<p>Por  todo  o  exposto,  PROMOVO  O  ARQUIVAMENTO   DO  PRESENTE
</p>
<p>INQUÉRITO CIVIL, o que faço com fundamento no art. 10,  caput, combinado
</p>
<p>com  o  art.  5º,  caput,  da  Resolução  n.º  23/07  do  Conselho  Nacional  do
</p>
<p>Ministério Público (CNMP).
</p>
<p>Em decorrência, determino ao técnico administrativo deste MPF que:
</p>
<p>(i)  publique  a  presente  decisão  no  portal  do  Ministério  Público
</p>
<p>Federal;
</p>
<p>(ii)  promova  o  envio  de  cópia  da  presente  decisão  ao  noticiante
</p>
<p>(Conselho Regional de Medicina do Estado de Mato Grosso do Sul), para que
</p>
<p>dela tenha ciência e possa, querendo, apresentar, até sua homologação pela
</p>
<p>1ª  Câmara  de  Coordenação  e  Revisão  (1ª  CCR),  razões  escritas  ou
</p>
<p>documentos, que serão juntados aos autos para apreciação; e
</p>
<p>(iii)  remeta  os  autos,  no  prazo  de  três  dias,  à  1ª  CCR,  para
</p>
<p>homologação desta decisão.
</p>
<p>Dourados-MS, 09 de Fevereiro de 2018.
</p>
<p>Luiz Eduardo de Souza Smaniotto
PROCURADOR DA REPÚBLICA
</p>
<p>- 6 -</p>
<p />
</div>
</body></html>