<?xml version="1.0" encoding="UTF-8"?>
<html xmlns="http://www.w3.org/1999/xhtml">
<head>
<meta name="pdf:PDFVersion" content="1.4" />
<meta name="xmp:CreatorTool" content="Writer" />
<meta name="access_permission:modify_annotations" content="true" />
<meta name="access_permission:can_print_degraded" content="true" />
<meta name="tika_batch_fs:relative_path" content="67349770.pdf" />
<meta name="language" content="pt-BR" />
<meta name="dcterms:created" content="2018-08-07T14:06:59Z" />
<meta name="dc:format" content="application/pdf; version=1.4" />
<meta name="pdf:docinfo:creator_tool" content="Writer" />
<meta name="access_permission:fill_in_form" content="true" />
<meta name="pdf:encrypted" content="false" />
<meta name="Content-Length" content="106054" />
<meta name="X-TIKA:digest:MD5" content="a457c0cd544fe4fcbeb0110a80af2811" />
<meta name="Content-Type" content="application/pdf" />
<meta name="X-Parsed-By" content="org.apache.tika.parser.DefaultParser" />
<meta name="X-Parsed-By" content="org.apache.tika.parser.pdf.PDFParser" />
<meta name="dc:language" content="pt-BR" />
<meta name="meta:creation-date" content="2018-08-07T14:06:59Z" />
<meta name="created" content="Tue Aug 07 11:06:59 BRT 2018" />
<meta name="access_permission:extract_for_accessibility" content="true" />
<meta name="access_permission:assemble_document" content="true" />
<meta name="xmpTPg:NPages" content="2" />
<meta name="Creation-Date" content="2018-08-07T14:06:59Z" />
<meta name="resourceName" content="67349770.pdf" />
<meta name="access_permission:extract_content" content="true" />
<meta name="access_permission:can_print" content="true" />
<meta name="tika:file_ext" content="pdf" />
<meta name="producer" content="LibreOffice 4.2" />
<meta name="access_permission:can_modify" content="true" />
<meta name="pdf:docinfo:producer" content="LibreOffice 4.2" />
<meta name="pdf:docinfo:created" content="2018-08-07T14:06:59Z" />
<title></title>
</head>
<body><div class="page"><p />
<p>Ref.: Inquérito Civil nº 1.15.000.002339/2015-57
</p>
<p>PROMOÇÃO DE ARQUIVAMENTO Nº 1204/2018
</p>
<p>EMENTA:  CONSTITUCIONAL.  SAÚDE.  HOSPITAL
INFANTIL.  AUSÊNCIA  DE  EQUIPAMENTOS  PARA
REALIZAR  ULTRASSONOGRAFIA.  EXISTÊNCIA  DE
REDE DE HOSPITAIS  QUE REALIZAM  TAIS  EXAMES.
OBJETO SOLUCIONADO. ARQUIVAMENTO.
</p>
<p>Trata-se  de  Inquérito  Civil  instaurado em virtude  da  Manifestação nº
</p>
<p>20150055118,  sigilosa,  por  meio  da  qual  o  Representante  relata  que  o  Centro  de
</p>
<p>Assistência à Criança Lúcia de Fátima – CROA – não dispõe de aparato necessário para
</p>
<p>realizar  exames  de  ultrassom.  Afirma  que  por  se  encontrar  fechado  o  Hospital
</p>
<p>Municipal  do  Conjunto  Ceará,  quando  as  crianças  necessitam  realizar  exames  de
</p>
<p>imagens são deslocadas para clínicas particulares, embora nem todos os pais tenham
</p>
<p>condições financeiras para arcar com os custos. 
</p>
<p>Para fins de instrução, requisitou-se informações ao Diretor do CROA,
</p>
<p>bem  como  à  Secretaria  Municipal  de  Saúde  (fls.  04  e  05,  respectivamente).  Os
</p>
<p>expedientes  foram  devidamente  reiterados  (fls.  07/11).  Em  resposta,  a  direção  do
</p>
<p>Hospital  informou  que os  exames  de  ultrassonografia  são  realizados  no  Hospital  e
</p>
<p>Maternidade  Nossa  Senhora  da  Conceição,  quando  disponível,  ou  em  clínicas
</p>
<p>particulares , sem ônus para os pacientes (fls. 17/19). 
</p>
<p>Em continuidade, solicitou-se ao Ministério da Saúde manifestação
</p>
<p>no  sentido  de  haver  ou  não  exigibilidade  do  Hospital  em  ofertar  exame  de
</p>
<p>ultrassonografia, tendo em vista se tratar de hospital de média complexidade (fls. 21).
</p>
<p>Rua João Brígido, 1260 - Joaquim Távora -  CEP: 60135-080 - Fortaleza/CE - Fones: 3266.73.00  - www.prce.mpf.gov.br
</p>
<p> 
MINISTÉRIO PÚBLICO FEDERAL
</p>
<p>PROCURADORIA  DA  REPÚBLICA  NO  ESTADO  DO  CEARÁ 
NÚCLEO DE TUTELA COLETIVA</p>
<p />
<div class="annotation"><a href="http://www.prce.mpf.gov.br/">http://www.prce.mpf.gov.br/</a></div>
</div>
<div class="page"><p />
<p>MPF – PROCURADORIA  DA REPÚBLICA  NO ESTADO  DO  CEARÁ
</p>
<p>Após diversas reiterações (fls. 23/26/31/33/42), o Ministério da Saúde apresentou resposta
</p>
<p>esclarecendo que os questionamentos devem ser direcionados à Secretaria Municipal de
</p>
<p>Saúde de Fortaleza/CE, por compor a esfera gestora do SUS (fls. 43/45). 
</p>
<p>Desta feita, requisitou-se informações à SMS, no sentido de esclarecer
</p>
<p>se o CROA tem o dever de oferecer o serviço de ultrassonografia e se há repasse de verbas
</p>
<p>do SUS ao Hospital (fls. 47). Em resposta, a SMS informou que não há obrigatoriedade de
</p>
<p>fornecimento  do  exame  de  ultrassonografia,  havendo  uma  rede  com  capacidade  para
</p>
<p>realizar os exames demandados pelos seus profissionais. Noutro giro, esclareceu também
</p>
<p>que o hospital conta com financiamento 100% (cem por cento) do SUS (fls. 48/49).
</p>
<p>Em  resposta  complementar  acostada  às  fls.  60/62,  a  SMS  de
</p>
<p>Fortaleza/CE esclareceu que atualmente os exames de ultrassonografia são encaminhados
</p>
<p>para o Hospital Nossa Senhora da Conceição e para o Hospital da Mulher, sendo praxe
</p>
<p>realizar o fluxo do exame em referência exclusivamente via sistema UNISUS, através da
</p>
<p>central de regulação municipal ou estadual.
</p>
<p>É o breve relato.
</p>
<p>Verifica-se,  pela  análise  das  informações  e  documentos  coligidos  aos
</p>
<p>autos, que o objeto do presente inquérito foi solucionado, vez que o serviço está sendo
</p>
<p>prestado de forma regular por meio da rede pública de saúde. 
</p>
<p>Ante o exposto, e tendo em vista o exaurimento do objeto do presente feito,
</p>
<p>determino o seu ARQUIVAMENTO e envio dos autos à 1ª  Câmara de Coordenação e
</p>
<p>Revisão do MPF, para a devida avaliação e homologação.
</p>
<p>Ciência ao Representante.
</p>
<p>Fortaleza, 07 de agosto de 2018.
</p>
<p>NILCE CUNHA RODRIGUES
</p>
<p>Procuradora da República
</p>
<p>PR/CE – 12º Ofício – Em substituição
</p>
<p>2</p>
<p />
</div>
</body></html>