<?xml version="1.0" encoding="UTF-8"?>
<html xmlns="http://www.w3.org/1999/xhtml">
<head>
<meta name="date" content="2016-03-31T12:21:33.77" />
<meta name="meta:paragraph-count" content="20" />
<meta name="meta:word-count" content="375" />
<meta name="Table-Count" content="0" />
<meta name="tika_batch_fs:relative_path" content="67569868.odt" />
<meta name="generator" content="OpenOffice.org/3.2$Win32 OpenOffice.org_project/320m19$Build-9506" />
<meta name="Word-Count" content="375" />
<meta name="dcterms:created" content="2008-04-05T14:49:53" />
<meta name="language" content="pt-BR" />
<meta name="dcterms:modified" content="2016-03-31T12:21:33.77" />
<meta name="Last-Modified" content="2016-03-31T12:21:33.77" />
<meta name="nbPara" content="20" />
<meta name="Last-Save-Date" content="2016-03-31T12:21:33.77" />
<meta name="meta:object-count" content="0" />
<meta name="meta:character-count" content="2540" />
<meta name="Paragraph-Count" content="20" />
<meta name="nbImg" content="0" />
<meta name="meta:save-date" content="2016-03-31T12:21:33.77" />
<meta name="modified" content="2016-03-31T12:21:33.77" />
<meta name="Edit-Time" content="PT136H40M09S" />
<meta name="meta:image-count" content="0" />
<meta name="Image-Count" content="0" />
<meta name="nbCharacter" content="2540" />
<meta name="nbObject" content="0" />
<meta name="Content-Length" content="50244" />
<meta name="nbPage" content="2" />
<meta name="X-TIKA:digest:MD5" content="8c41934ae6211b09742724bdbe2c83a2" />
<meta name="Object-Count" content="0" />
<meta name="nbWord" content="375" />
<meta name="Content-Type" content="application/vnd.oasis.opendocument.text" />
<meta name="X-Parsed-By" content="org.apache.tika.parser.DefaultParser" />
<meta name="X-Parsed-By" content="org.apache.tika.parser.odf.OpenDocumentParser" />
<meta name="dc:language" content="pt-BR" />
<meta name="meta:creation-date" content="2008-04-05T14:49:53" />
<meta name="meta:table-count" content="0" />
<meta name="Creation-Date" content="2008-04-05T14:49:53" />
<meta name="xmpTPg:NPages" content="2" />
<meta name="resourceName" content="67569868.odt" />
<meta name="Character Count" content="2540" />
<meta name="editing-cycles" content="954" />
<meta name="Page-Count" content="2" />
<meta name="tika:file_ext" content="odt" />
<meta name="nbTab" content="0" />
<meta name="meta:page-count" content="2" />
<title></title>
</head>
<body><p><b>Ref.: Procedimento Preparatório nº 1.23.001.000451/2015-71</b>.</p>
<p />
<p />
<p>PROMOÇÃO DE ARQUIVAMENTO</p>
<p />
<p />
<p>Trata-se de Procedimento Preparatório instaurado mediante representação formulada por FRANCISCO DE DEUS PEREIRA, assentado do PA Berrante de Ouro, detentor do lote nº 52, o qual noticia que requereu a presença de profissional de topografia do INCRA para medir seu lote, pois estariam ocorrendo divergências entre ele e seus vizinhos acerca da demarcação correta de cada parcela rural.</p>
<p>No curso do procedimento, foram requisitadas informações ao INCRA acerca das medidas adotadas no presente caso, sendo informado que o referido PA já possui demarcações oficiais, podendo ser disponibilizadas plantas e memorial, sendo desnecessária a presença do INCRA para nova demarcação, a julgar que qualquer profissional privado pode fazer as referidas constatações valendo-se das medições cartográficas oficiais (fl. 12).</p>
<p>Este <i>Parquet</i> Federal tentou contatar o representante, no intuito de informar-lhe acerca do teor da manifestação do INCRA e a disponibilização das plantas e memorial cartográfico na sede da Autarquia Agrária, no entanto não obteve êxito (fl. 13).</p>
<p>É o breve relatório. <b>Passo à manifestação</b>.</p>
<p>Tratando-se de interesse individual o vertido no presente caso (brigas entre particulares acerca da demarcação de lotes), falece interesse para atuação deste Parquet Federal na espécie, haja vista que os lotes já estão demarcados, bem como qualquer dos particulares pode fazer uso das medições oficiais arquivadas na sede do INCRA para resolução do conflito, valendo-se apenas da contratação de profissional competente para tanto.</p>
<p>Sendo assim, não existindo interesse indisponível a ser tutelado no presente caso, muito menos interesse afeto à União, não há necessidade da continuidade do procedimento, sendo, em razão do exposto, necessário pugnar pelo arquivamento do feito.</p>
<p>Desse modo, não há mais motivos para o prosseguimento do feito, haja vista a patente ausência de Justa Causa na espécie, razão pela qual promovo o seu <b>ARQUIVAMENTO </b>e determino sua remessa, com as homenagens de estilo, à 1ª CCR para exame, deliberação e homologação, em conformidade com o disposto na Resolução nº 23/2007/CNMP, artigo 10, §§ 1º e 2º.</p>
<p>Proceda-se aos registros pertinentes.</p>
<p />
<p>Marabá/PA, 31 de Março de 2016.</p>
<p />
<p><b>LILIAN MIRANDA MACHADO</b></p>
<p><i>Procuradora da República</i></p>
<p />
<p>MA</p>
<p />
<p />
<p />
<p />
<p />
<p />
<p />
<p />
<p><b>MINISTÉRIO PÚBLICO FEDERAL</b></p>
<p>Procuradoria da República no Município de Marabá/PA</p>
<p>MA</p>
<p>Avenida Espírito Santo, nº 298-B, bairro Amapá, CEP: 68.502-030, Marabá/PA</p>
<p>Fones: (94) 3324-1077 / 3324-1028. E-mail: prmaraba@prpa.mpf.gov.br</p>
</body></html>