<?xml version="1.0" encoding="UTF-8"?>
<html xmlns="http://www.w3.org/1999/xhtml">
<head>
<meta name="pdf:PDFVersion" content="1.4" />
<meta name="xmp:CreatorTool" content="Writer" />
<meta name="access_permission:modify_annotations" content="true" />
<meta name="access_permission:can_print_degraded" content="true" />
<meta name="dc:creator" content="Luciano" />
<meta name="tika_batch_fs:relative_path" content="67718601.pdf" />
<meta name="language" content="pt-BR" />
<meta name="dcterms:created" content="2017-04-07T16:41:19Z" />
<meta name="dc:format" content="application/pdf; version=1.4" />
<meta name="pdf:docinfo:creator_tool" content="Writer" />
<meta name="access_permission:fill_in_form" content="true" />
<meta name="pdf:encrypted" content="false" />
<meta name="Content-Length" content="179069" />
<meta name="X-TIKA:digest:MD5" content="a91c692178b7d8dd12ba4b805fb336e3" />
<meta name="Content-Type" content="application/pdf" />
<meta name="pdf:docinfo:creator" content="Luciano" />
<meta name="X-Parsed-By" content="org.apache.tika.parser.DefaultParser" />
<meta name="X-Parsed-By" content="org.apache.tika.parser.pdf.PDFParser" />
<meta name="creator" content="Luciano" />
<meta name="dc:language" content="pt-BR" />
<meta name="meta:author" content="Luciano" />
<meta name="meta:creation-date" content="2017-04-07T16:41:19Z" />
<meta name="created" content="Fri Apr 07 13:41:19 BRT 2017" />
<meta name="access_permission:extract_for_accessibility" content="true" />
<meta name="access_permission:assemble_document" content="true" />
<meta name="xmpTPg:NPages" content="2" />
<meta name="Creation-Date" content="2017-04-07T16:41:19Z" />
<meta name="resourceName" content="67718601.pdf" />
<meta name="access_permission:extract_content" content="true" />
<meta name="access_permission:can_print" content="true" />
<meta name="tika:file_ext" content="pdf" />
<meta name="Author" content="Luciano" />
<meta name="producer" content="OpenOffice 4.1.2" />
<meta name="access_permission:can_modify" content="true" />
<meta name="pdf:docinfo:producer" content="OpenOffice 4.1.2" />
<meta name="pdf:docinfo:created" content="2017-04-07T16:41:19Z" />
<title></title>
</head>
<body><div class="page"><p />
<p>PRM-DRS-MS-00002478/2017
</p>
<p>MINISTÉRIO PÚBLICO FEDERAL
PROCURADORIA DA REPÚBLICA NO MUNICÍPIO DE DOURADOS/MS
</p>
<p>Rua José Corrêa de Almeida, 2220, Jardim Climax – CEP 79820-155 – Fone: (67)3411-1700 – Fax: (67)3411-1731
</p>
<p>Inquérito Civil Público nº 1.21.001.000731/2015-54.
</p>
<p>Promoção de Arquivamento
</p>
<p>O presente Inquérito Civil Público foi instaurado para apurar a regularidade
</p>
<p>no processo de reconhecimento do curso de Engenharia de Energia da Universidade Federal
</p>
<p>da Grande Dourados – UFGD - perante o Conselho Regional de Engenharia e Agronomia de
</p>
<p>Mato Grosso do Sul – CREA/MS, a partir  de representação formulada por Igor Pinheiro de
</p>
<p>Oliveira,  o qual  noticiou que a UFGD pleiteou tardiamente  o reconhecimento  do curso de
</p>
<p>Engenharia  de  Energia  perante  o  CREA/MS  e,  além  disso,  o  Conselho  ainda  não  teria
</p>
<p>concluído  o processo  de  reconhecimento,  o que  impossibilitaria  a  atuação profissional  dos
</p>
<p>graduados no referido curso. 
</p>
<p>Requisitou-se ao representante Igor Pinheiro de Oliveira que encaminhasse,
</p>
<p>por  e-mail, os  nomes  dos  demais  alunos  recém-formados  que  também  estavam  sendo
</p>
<p>prejudicados  pelo  não  reconhecimento  do  curso  de  Engenharia  de  Energia  da  UFGD  (fls.
</p>
<p>32/33).
</p>
<p>Posteriormente,  expediu-se  o  Ofício  n.  401/2015  ao  CREA/MS,  que,  em
</p>
<p>resposta, por meio da Comissão de Educação e Atribuição Profissional – CEAP, justificou a
</p>
<p>demora para a conclusão do processo de  reconhecimento em virtude das divergências  das
</p>
<p>grades curriculares e atribuições do curso de Engenharia de Energia em outras instituições de
</p>
<p>ensino superior, o que dificultava a análise (fls. 17/19). 
</p>
<p>Solicitou-se ao CREA/MS, por meio do Ofício 135/2016 (fl. 34), informações
</p>
<p>acerca do atual andamento do processo de reconhecimento do curso.
</p>
<p>- 1 -</p>
<p />
</div>
<div class="page"><p />
<p>Procuradoria
da República no
Município de Dourados/MS
</p>
<p>Em resposta, noticiou-se a aprovação do curso de Engenharia de Energia da
</p>
<p>UFGD pelo CREA/MS, conforme Ofício 031/2016 (fls. 35/37). 
</p>
<p>Considerando  o  noticiado,  determinou-se  o  encaminhamento  de  e-mail ao
</p>
<p>representante Igor Pinheiro de Oliveira, para que esclarecesse se persistia a impossibilidade de
</p>
<p>atuação profissional  por  ele  e  seus  colegas  (fl.  53),  o qual,  em resposta,  informou sobre  o
</p>
<p>exercício regular da profissão de Engenheiro de Energia com a Certidão de Registro de Pessoa
</p>
<p>Física no CREA/MS (fls. 57/58). 
</p>
<p>Ante  o  exposto,  tendo  em  vista  a  regularização  satisfatória  do
</p>
<p>reconhecimento do curso de Engenharia  de  Energia da UFGD perante  o CREA/MS, com a
</p>
<p>consequente possibilidade de atuação profissional dos graduados no curso, conclui-se que não
</p>
<p>remanescem irregularidades a serem apuradas pelo Ministério Público Federal  no presente
</p>
<p>feito, motivo pelo qual promovo o arquivamento deste Inquérito Civil, nos termos da Lei n.º
</p>
<p>7.347/1985, art. 9°, caput, e da Resolução CSMPF n.º 87/2010, art. 17, caput.
</p>
<p>Cientifique-se o  representante Igor Pinheiro de Oliveira desta promoção de
</p>
<p>arquivamento, nos termos do art. 17,  caput, e §§ 1º e 3º, da Resolução n. 87/2010, do CSMPF,
</p>
<p>informando-o de que poderá, querendo, apresentar razões escritas ou documentos, que serão
</p>
<p>juntadas aos autos para apreciação, nos termos do art. 9º, § 2°, da Lei n° 7347/85., 
</p>
<p>Encaminhem-se  os  autos,  no  prazo  de  três  dias,  à  E.  1ª  Câmara  de
</p>
<p>Coordenação  e  Revisão  do  Ministério  Público  Federal,  para  fins  de  homologação  do
</p>
<p>arquivamento, em cumprimento ao disposto na Lei Complementar n.º 75/1993, art. 62, inciso
</p>
<p>IV, assim como na Lei n.º 7.347/1985, art. 9º, §1º, e na Resolução CSMPF n.º 87/2010, art. 17, §2º.
</p>
<p>Dourados/MS, 6 de abril de 2017.
</p>
<p>MARINO LUCIANELLI NETO
Procurador da República
</p>
<p>msf
</p>
<p>- 2 -</p>
<p />
</div>
<ul>	<li>Inquérito Civil Público nº 1.21.001.000731/2015-54.</li>
</ul>
</body></html>