<?xml version="1.0" encoding="UTF-8"?>
<html xmlns="http://www.w3.org/1999/xhtml">
<head>
<meta name="pdf:PDFVersion" content="1.4" />
<meta name="xmp:CreatorTool" content="Writer" />
<meta name="access_permission:modify_annotations" content="true" />
<meta name="access_permission:can_print_degraded" content="true" />
<meta name="tika_batch_fs:relative_path" content="67846995.pdf" />
<meta name="language" content="pt-BR" />
<meta name="dcterms:created" content="2017-06-13T15:31:31Z" />
<meta name="dc:format" content="application/pdf; version=1.4" />
<meta name="pdf:docinfo:creator_tool" content="Writer" />
<meta name="access_permission:fill_in_form" content="true" />
<meta name="pdf:encrypted" content="false" />
<meta name="Content-Length" content="142476" />
<meta name="X-TIKA:digest:MD5" content="dc4d878901b6572b7f8dc82ea3449b74" />
<meta name="Content-Type" content="application/pdf" />
<meta name="X-Parsed-By" content="org.apache.tika.parser.DefaultParser" />
<meta name="X-Parsed-By" content="org.apache.tika.parser.pdf.PDFParser" />
<meta name="dc:language" content="pt-BR" />
<meta name="meta:creation-date" content="2017-06-13T15:31:31Z" />
<meta name="created" content="Tue Jun 13 12:31:31 BRT 2017" />
<meta name="access_permission:extract_for_accessibility" content="true" />
<meta name="access_permission:assemble_document" content="true" />
<meta name="xmpTPg:NPages" content="4" />
<meta name="Creation-Date" content="2017-06-13T15:31:31Z" />
<meta name="resourceName" content="67846995.pdf" />
<meta name="access_permission:extract_content" content="true" />
<meta name="access_permission:can_print" content="true" />
<meta name="tika:file_ext" content="pdf" />
<meta name="producer" content="LibreOffice 4.4" />
<meta name="access_permission:can_modify" content="true" />
<meta name="pdf:docinfo:producer" content="LibreOffice 4.4" />
<meta name="pdf:docinfo:created" content="2017-06-13T15:31:31Z" />
<title></title>
</head>
<body><div class="page"><p />
<p>MINISTÉRIO PÚBLICO FEDERAL
Procuradoria da República no Município de Marabá
</p>
<p>Inquérito Civil n. 1.23.001.000478/2015-64
</p>
<p>PROMOÇÃO DE ARQUIVAMENTO
</p>
<p>1. Trata-se de inquérito civil instaurado em virtude do encaminhamento,
</p>
<p>pela Promotoria de Justiça de Marabá, da Recomendação Ministerial 59/2015, de acordo com
</p>
<p>a  qual  o  Ministério  Público  Estadual  realizou  vistoria  no  Hospital  Materno-infantil  de
</p>
<p>Marabá em 10/08/15, e verificou a não instalação da Unidade de Terapia Intensiva (UTI) por
</p>
<p>falta  de  equipamentos,  descumprindo  a  ordem  judicial  exarada  na  Ação  Civil  Pública
</p>
<p>2005.39.01.001267-7. Verificaram-se, ainda,  as necessidades de urgência na instalação dos
</p>
<p>equipamentos para iniciar os atendimentos de alta complexidade, já que todos os bebês que
</p>
<p>estavam internados na UCI necessitavam de internação em UTI. 
</p>
<p>2. Por fim, o Ministério Público Estadual apresenta recomendações no
</p>
<p>sentido de dar cumprimento à decisão daquela ação civil pública. Ressalte-se que  a decisão
</p>
<p>do TRF da 1ª Região que negou provimento à apelação apresentada pelos réus já transitou
</p>
<p>em  julgado  em  19  de  abril  de  2016,  estando  o  processo  em fase  de  cumprimento  de
</p>
<p>sentença.
</p>
<p>3. Além da  recomendação,  o  Ministério  Público  Estadual  encaminhou
</p>
<p>diversos  documentos  acerca  das  investigações  dessa  matéria  já  realizadas,  formando  o
</p>
<p>volume principal destes autos, bem como os apensos I e II.
</p>
<p>4. Às fls. 44-45, observa-se que, em 06/05/2016, este MPF protocolou
</p>
<p>nos  autos  da   Ação  Civil  Pública  2005.39.01.001267-7,  requerendo  a  determinação  do
</p>
<p>cumprimento da decisão judicial desse juízo, com imposição de multa pelo descumprimento
</p>
<p>e bloqueio de valores no valor da causa.
</p>
<p>5. À fl. 43, despacho determinando a conversão deste inquérito civil em
</p>
<p>procedimento  de  acompanhamento  da   Ação  Civil  Pública  2005.39.01.001267-7  e  o
</p>
<p>encaminhamento de cópia da manifestação de fls. 44-45 ao Ministério Público Estadual.
</p>
<p>6. À fl.  50,  informações  prestadas  pelo  Diretor  Geral  do  Hospital
</p>
<p>Divina Providência em 10/03/2016, de acordo com as quais teria se disponibilizado a</p>
<p />
</div>
<div class="page"><p />
<p>MINISTÉRIO PÚBLICO FEDERAL
Procuradoria da República no Município de Marabá
</p>
<p>transferir ao município de Marabá os equipamentos destinado ao Hospital Materno-
</p>
<p>Infantil de Marabá, entretanto, até aquela data, aquele município não teria finalizado o
</p>
<p>transporte dos equipamentos. Apresenta os documentos de fls. 51-55.
</p>
<p>7. À fl. 59, o Presidente do Conselho Superior do Ministério Público do
</p>
<p>Estado do Pará comunicou que, em 29/06/2016, foi ratificado o declínio de atribuição ao
</p>
<p>Ministério Público Federal para tratar do assunto em comento, considerando a existência da
</p>
<p>Ação Civil Pública já ajuizada pelo MPF, com sentença transitada em julgado.
</p>
<p>8. À  fl.  61v,  despacho  de  02/09/2016  determinando  novamente a
</p>
<p>conversão deste inquérito civil em procedimento administrativo de acompanhamento, para
</p>
<p>acompanhar o cumprimento da sentença transitada em julgado na referida ação civil pública.
</p>
<p>9.  Até o  presente  momento,  não houve conversão deste  inquérito
</p>
<p>civil em procedimento de acompanhamento.
</p>
<p>10. Ao  presente  inquérito  civil  também  foi  apensado  o  Procedimento
</p>
<p>Preparatório  1.23.001.000124/2016-09,  instaurado a  partir  de  Relatório  do  DENASUS n.
</p>
<p>14910, o qual constata pendências na implantação de Unidades Neonatais  (UTI/UCI) em
</p>
<p>hospitais do Estado do Pará, incluindo o Hospital Materno Infantil de Marabá.
</p>
<p>11. Às fls. 44-45 do Procedimento Preparatório 1.23.001.000124/2016-09,
</p>
<p>em ofício datado de 20/04/2016, o Secretário Estadual de Saúde Pública do Pará informa a
</p>
<p>aquisição e entrega de esquipamentos para implantação de 06 leitos de UTI Neonatal  no
</p>
<p>Hospital Materno Infantil. Também informa a aprovação de transferência de equipamentos do
</p>
<p>Hospital  Divina  Providência  de  Marituba  para  qualificar  8  leitos  da  UCI  Neonatal  do
</p>
<p>Hospital  Materno  Infantil.  Entretanto,  esclarece  que  a  informação  quanto  aos
</p>
<p>equipamentos efetivamente recebidos deve ser demonstrada pelo próprio município de
</p>
<p>Marabá ou pelo Ministério da Saúde. Juntou os documentos de fls. 44-73.
</p>
<p>12. Às fls.  83-87  do  Procedimento  Preparatório  1.23.001.000124/2016-
</p>
<p>09 , informações prestadas pela Secretaria Municipal de Saúde de Marabá em 12/07/2016, de
</p>
<p>acordo com as quais a rede de fases e estrutura física das UTI e UCI do Hospital Materno
</p>
<p>Infantil  estariam prontas.  Entretanto,  ainda  estavam aguardando  os  equipamentos  que  o
</p>
<p>estado ficou responsável de entregar para a UTI e UCI do Hospital Materno Infantil.
</p>
<p>13. À  fl.  89  do  Procedimento  Preparatório  1.23.001.000124/2016-09,
</p>
<p>consta ofício enviado por esta Procuradoria da República à Secretaria de Saúde do Estado do</p>
<p />
</div>
<div class="page"><p />
<p>MINISTÉRIO PÚBLICO FEDERAL
Procuradoria da República no Município de Marabá
</p>
<p>Pará, em 1º/09/2016, questionando as razões pelas quais os aparelhos do Hospital Divina
</p>
<p>Providência não teriam sido entregues. 
</p>
<p>14. Não houve resposta a esse último ofício. Entretanto, conforme relatado
</p>
<p>acima,  em  10/03/2016,  o  Diretor  Geral  do  Hospital  Divina  Providência  já  atribuiu  ao
</p>
<p>município  de  Marabá  a  responsabilidade  pelo  transporte  dos  equipamentos,  que  se
</p>
<p>encontrariam à disposição.
</p>
<p>15. Por fim, conforme consulta processual ora anexada,  em 22/08/2016, o
</p>
<p>juízo  perante  o  qual  tramita  a  Ação  Civil  Pública  2005.39.01.001267-7  determinou  a
</p>
<p>intimação  do  município  requerido  para,  em  10  dias,  manifestar-se  sobre  a  notícia  de
</p>
<p>descumprimento da decisão,  solicitando a conclusão dos autos para análise do pedido de
</p>
<p>aplicação de multa pelo descumprimento da sentença.  Desde então, não houve qualquer
</p>
<p>movimentação no processo judicial.
</p>
<p>16. É o relatório.
</p>
<p>17. Diante dos recentes documentos juntados aos autos, observa-se que o
</p>
<p>município de Marabá vem reiteradamente descumprindo a sentença judicial  transitada em
</p>
<p>julgado proferida na  Ação Civil Pública 2005.39.01.001267-7. 
</p>
<p>18. Entretanto, não subsiste a necessidade de prosseguimento do presente
</p>
<p>inquérito civil público, visto que as irregularidades objeto destes autos estão abrangidas por
</p>
<p>sentença transitada em julgado de ação civil pública já ajuizada pelo MPF, que se encontra
</p>
<p>em fase cumprimento de sentença, acompanhada pelo MPF. 
</p>
<p>19. Assim, devem os presentes autos se revestir da forma de procedimento
</p>
<p>de acompanhamento e não de inquérito civil público.
</p>
<p>20. Diante do exposto, arquive-se o presente inquérito civil público.
</p>
<p>21. Remeta-se à 1ª Câmara de Coordenação e Revisão para homologação.
</p>
<p>22. Realizem-se as comunicações devidas.
</p>
<p>23. Com  o  retorno  dos  autos,  converta-se  este  inquérito  civil  em
</p>
<p>procedimento administrativo  de acompanhamento,  gerando alerta  no Sistema Único
</p>
<p>para verificação da  Ação Civil Pública 2005.39.01.001267-7 de seis em seis meses.
</p>
<p>24. Por fim, ressalto que, nesta data,  encaminho a manifestação anexa
</p>
<p>para protocolo na 1ª  Vara Federal  de Marabá,  requerendo a aplicação imediata  de
</p>
<p>multa ao município de Marabá, para cumprimento da sentença judicial. </p>
<p />
</div>
<div class="page"><p />
<p>MINISTÉRIO PÚBLICO FEDERAL
Procuradoria da República no Município de Marabá
</p>
<p>25. Anexar à manifestação judicial os seguintes documentos: fls. 50-55
</p>
<p>deste  IC  1.23.001.000478/2015-64;  fls.   44-73  e  83-87  do  Procedimento  Preparatório
</p>
<p>1.23.001.000124/2016-09 (apenso).
</p>
<p>Marabá/PA, 24 de abril de 2017.
</p>
<p>MANOELA LOPES LAMENHA LINS CAVALCANTE
Procuradora da República</p>
<p />
</div>
</body></html>