<?xml version="1.0" encoding="UTF-8"?>
<html xmlns="http://www.w3.org/1999/xhtml">
<head>
<meta name="date" content="2016-01-27T19:15:06Z" />
<meta name="pdf:PDFVersion" content="1.4" />
<meta name="pdf:docinfo:title" content="Autos nº 2002" />
<meta name="xmp:CreatorTool" content="Writer" />
<meta name="access_permission:modify_annotations" content="true" />
<meta name="access_permission:can_print_degraded" content="true" />
<meta name="tika_batch_fs:relative_path" content="68195546.pdf" />
<meta name="language" content="pt-BR" />
<meta name="dcterms:created" content="2016-01-27T19:15:05Z" />
<meta name="Last-Modified" content="2016-01-27T19:15:06Z" />
<meta name="dcterms:modified" content="2016-01-27T19:15:06Z" />
<meta name="dc:format" content="application/pdf; version=1.4" />
<meta name="Last-Save-Date" content="2016-01-27T19:15:06Z" />
<meta name="pdf:docinfo:creator_tool" content="Writer" />
<meta name="access_permission:fill_in_form" content="true" />
<meta name="pdf:docinfo:modified" content="2016-01-27T19:15:06Z" />
<meta name="meta:save-date" content="2016-01-27T19:15:06Z" />
<meta name="pdf:encrypted" content="false" />
<meta name="dc:title" content="Autos nº 2002" />
<meta name="modified" content="2016-01-27T19:15:06Z" />
<meta name="Content-Length" content="135972" />
<meta name="X-TIKA:digest:MD5" content="612f11a6b2f696faeb4200bfef3bbc25" />
<meta name="Content-Type" content="application/pdf" />
<meta name="X-Parsed-By" content="org.apache.tika.parser.DefaultParser" />
<meta name="X-Parsed-By" content="org.apache.tika.parser.pdf.PDFParser" />
<meta name="dc:language" content="pt-BR" />
<meta name="meta:creation-date" content="2016-01-27T19:15:05Z" />
<meta name="created" content="Wed Jan 27 17:15:05 BRST 2016" />
<meta name="access_permission:extract_for_accessibility" content="true" />
<meta name="access_permission:assemble_document" content="true" />
<meta name="xmpTPg:NPages" content="3" />
<meta name="Creation-Date" content="2016-01-27T19:15:05Z" />
<meta name="resourceName" content="68195546.pdf" />
<meta name="access_permission:extract_content" content="true" />
<meta name="access_permission:can_print" content="true" />
<meta name="tika:file_ext" content="pdf" />
<meta name="producer" content="BrOffice.org 3.2; modified using JSignPdf 1.4.4 based on iText 2.1.7" />
<meta name="access_permission:can_modify" content="true" />
<meta name="pdf:docinfo:producer" content="BrOffice.org 3.2; modified using JSignPdf 1.4.4 based on iText 2.1.7" />
<meta name="pdf:docinfo:created" content="2016-01-27T19:15:05Z" />
<title>Autos nº 2002</title>
</head>
<body><div class="page"><p />
<p>PROCURADORIA DA REPÚBLICA NO MUNICÍPIO DE FOZ DO IGUAÇU
</p>
<p>Procedimento Preparatório n.º 1.25.003.017239/2015-59
Tema:  possível  irregularidade  na  nomeação,  pelo  Edital  085/2009,  de 
Graciela Leila Heep Vieira, como professora de química, no Campus de 
Medianeira/PR, da Universidade Tecnológica Federal do Paraná – UTFPR 
Área temática: 1º CCR
</p>
<p>DESPACHO
</p>
<p>Trata-se  P.P.  instaurado  nesta  Procuradoria  da 
</p>
<p>República de Foz do Iguaçu/PR, na data de 26.10.2015, a partir de notícia de 
</p>
<p>fato, na forma de manifestação na sala de atendimento virtual do MPF, que 
</p>
<p>relata que  Graciela Leila Heep Vieira prestou concurso e foi nomeada como 
</p>
<p>professora  de  química,  no  campus de  Medianeira/PR,  da  Universidade 
</p>
<p>Tecnológica  Federal  do  Paraná  –  UTFPR,  embora  não  tivesse  o  grau  de 
</p>
<p>Mestre, requisito do concurso regido pelo Edital 089/2009.
</p>
<p>O noticiante  está  identificado na mensagem como 
</p>
<p>Paulo R.S. Bittencourt, chefe do Departamento de Química do referido campus 
</p>
<p>e solicitou sigilo quanto à seus dados. 
</p>
<p>Em  seguida,  os  documentos  de  fls.  07/08  foram 
</p>
<p>encaminhados,  sem identificação  de  autoria,  como anexos  à  notícia  inicial. 
</p>
<p>Trata-se de manifestação ressaltando que a situação da professora de química 
</p>
<p>teria  sido  solucionada  em  2013,  porém  levantando  dúvida  acerca  da 
</p>
<p>regularidade da situação da professora de 2010 a 2013, pois até então não 
</p>
<p>teria apresentado diploma de Mestre. À fl. 08, há cópia de memorando, datado 
</p>
<p>de 29/10/2015, entre o Coordenador de Recursos Humanos da UTFPR e o 
</p>
<p>Ouvidor da  UTFPR, do campus de Medianeira, no qual o primeiro informa que </p>
<p />
</div>
<div class="page"><p />
<p>PROCURADORIA DA REPÚBLICA NO MUNICÍPIO DE FOZ DO IGUAÇU
</p>
<p>possíveis  irregularidades  quanto  à  titulação  da  docente  discutida  já  foram 
</p>
<p>tratadas e  resolvidas anteriormente, sendo que o Acórdão 593/2011 do TCU 
</p>
<p>considerou legal o ato de admissão da servidora denunciada.
</p>
<p>O despacho de fl. 08, verso, determinou o sigilo das 
</p>
<p>investigações bem como determinou a expedição de ofício à UTFPR para obter 
</p>
<p>cópia do procedimento administrativo, que teria sido instaurado no âmbito da 
</p>
<p>universidade para averiguar a irregularidade no diploma.
</p>
<p>À fls. 15, a reitoria da UTFPR respondeu ao ofício 
</p>
<p>encaminhando cópia do processo referente à servidora Graciela  Leila Heep 
</p>
<p>Vieira (fls. 16/17), inciado em 2013 a partir de uma notícia anônima. Ocorre que 
</p>
<p>o diploma de fl. 26, verso, torna claro que a professora    Graciela Leila Heep   
</p>
<p>Vieira obteve o título de Mestre em Química, pela UFPR, em 23/08/2007. No 
</p>
<p>mesmo sentido, figura a declaração de fl. 21, verso, da Coordenação de Pós 
</p>
<p>Graduação da UFPR. 
</p>
<p>No mesmo sentido, pesquisa  pela  rede corrobora 
</p>
<p>que a referida professora obteve título de Mestre pela Universidade Federal do 
</p>
<p>Paraná  em 2007,  conforme consta  no  sítio  eletrônico  do  Departamento  de 
</p>
<p>Química  da  instituição  (vide: 
</p>
<p>http://quimica.ufpr.br/novapos/ptbr/dissertacoes_defendidas.php acessado  em 
</p>
<p>10 de novembro de 2015 – fl. 12).
</p>
<p> 
</p>
<p>Portanto, antes de seu ingresso na instituição 
</p>
<p>em 2010, a professora já contava com todos os requisitos para nomeação e 
</p>
<p>posse, pois já Mestre desde 2007. O fato de o diploma ter sido datado de 2013 
</p>
<p>em nada altera tal  panorama, já que por certo o documento não constitui  o 
</p>
<p>diplomado em Mestre mas sim atesta o fato da obtenção do título de Mestre, </p>
<p />
<div class="annotation"><a href="http://quimica.ufpr.br/novapos/ptbr/dissertacoes_defendidas.php">http://quimica.ufpr.br/novapos/ptbr/dissertacoes_defendidas.php</a></div>
</div>
<div class="page"><p />
<p>PROCURADORIA DA REPÚBLICA NO MUNICÍPIO DE FOZ DO IGUAÇU
</p>
<p>em 23/08/2007. Deste modo, a demora na entrega do diploma já foi sanada e 
</p>
<p>não gerou qualquer prejuízo. 
</p>
<p>Em  consequência,  o  Ministério  Público 
Federal promove o arquivamento deste procedimento preparatório. 
</p>
<p>Notifique-se o declarante desta promoção de 
</p>
<p>arquivamento  através  do  e-mail  informado pelo  noticiante  em seu  cadastro 
</p>
<p>inicial,  informando  que  até  homologação  ou  rejeição  da  promoção  de 
</p>
<p>arquivamento  pela  Câmara  de  Coordenação  e  Revisão,  poderá  apresentar 
</p>
<p>razões escritas ou documentos, que serão juntadas ao autos para apreciação, 
</p>
<p>nos termos do art.  9º,  § 2°,  da Lei  n° 7347/85 e art.  17, §§ 1º,  2º e 3º da  
</p>
<p>Resolução 8/2006 do CSMPF. 
</p>
<p>Em  seguida,  no  prazo  de  três  dias, 
</p>
<p>encaminhe-se  o  presente  procedimento  à  1ª  CCR,  para  cumprimento  do 
</p>
<p>disposto no Artigo 62, inciso IV, da LC 75/93 c/c artigo 9º,  § 1º, da Lei  n.º  
</p>
<p>7.347/85 e art. 17, § 2º, da Resolução 8/2006 do CSMPF.
</p>
<p>Foz do Iguaçu, datado e assinado digitalmente.
</p>
<p>Documento eletrônico assinado digitalmente. Data/Hora: 27/01/2016 17:15:05
Signatário(a): ALEXANDRE COLLARES BARBOSA:1028
Certificado: 2edc382e8cbf8388</p>
<p />
</div>
<ul>	<li>DESPACHO</li>
</ul>
<div class="acroform"><ol>	<li><ol type="signaturedata">	<li signdata="date">2016-01-27T17:15:05-0200</li>
	<li signdata="name">ALEXANDRE COLLARES BARBOSA:1028</li>
	<li signdata="reason">Assinatura de documento</li>
</ol>
</li>
</ol>
</div>
</body></html>