<?xml version="1.0" encoding="UTF-8"?>
<html xmlns="http://www.w3.org/1999/xhtml">
<head>
<meta name="date" content="2017-09-22T17:50:05Z" />
<meta name="pdf:PDFVersion" content="1.4" />
<meta name="access_permission:modify_annotations" content="true" />
<meta name="access_permission:can_print_degraded" content="true" />
<meta name="tika_batch_fs:relative_path" content="68256723.pdf" />
<meta name="dcterms:created" content="2017-09-22T17:50:05Z" />
<meta name="Last-Modified" content="2017-09-22T17:50:05Z" />
<meta name="dcterms:modified" content="2017-09-22T17:50:05Z" />
<meta name="dc:format" content="application/pdf; version=1.4" />
<meta name="Last-Save-Date" content="2017-09-22T17:50:05Z" />
<meta name="access_permission:fill_in_form" content="true" />
<meta name="pdf:docinfo:modified" content="2017-09-22T17:50:05Z" />
<meta name="meta:save-date" content="2017-09-22T17:50:05Z" />
<meta name="pdf:encrypted" content="false" />
<meta name="modified" content="2017-09-22T17:50:05Z" />
<meta name="Content-Length" content="119907" />
<meta name="X-TIKA:digest:MD5" content="e5b02170f058cd072f2790e1d9d10d6e" />
<meta name="Content-Type" content="application/pdf" />
<meta name="X-Parsed-By" content="org.apache.tika.parser.DefaultParser" />
<meta name="X-Parsed-By" content="org.apache.tika.parser.pdf.PDFParser" />
<meta name="meta:creation-date" content="2017-09-22T17:50:05Z" />
<meta name="created" content="Fri Sep 22 14:50:05 BRT 2017" />
<meta name="access_permission:extract_for_accessibility" content="true" />
<meta name="access_permission:assemble_document" content="true" />
<meta name="xmpTPg:NPages" content="3" />
<meta name="Creation-Date" content="2017-09-22T17:50:05Z" />
<meta name="resourceName" content="68256723.pdf" />
<meta name="access_permission:extract_content" content="true" />
<meta name="access_permission:can_print" content="true" />
<meta name="tika:file_ext" content="pdf" />
<meta name="producer" content="iText® 5.5.9 ©2000-2015 iText Group NV (AGPL-version); modified using iText® 5.5.9 ©2000-2015 iText Group NV (AGPL-version)" />
<meta name="access_permission:can_modify" content="true" />
<meta name="pdf:docinfo:producer" content="iText® 5.5.9 ©2000-2015 iText Group NV (AGPL-version); modified using iText® 5.5.9 ©2000-2015 iText Group NV (AGPL-version)" />
<meta name="pdf:docinfo:created" content="2017-09-22T17:50:05Z" />
<title></title>
</head>
<body><div class="page"><p />
<p>Ref.: Inquérito Civil n° 1.25.011.000144/2015-05
 
</p>
<p>PROMOÇÃO DE ARQUIVAMENTO
 
</p>
<p>Trata-se de procedimento autuado em razão de manifestação cadastrada
na Sala de Atendimento ao Cidadão em que o manifestante, que solicitou sigilo de seus dados,
relata a veiculação de reportagem na RPC, em 18/06/2015, noticiando sobre a comercialização
de casas vinculadas ao Programa Minha Casa Minha Vida da Caixa Econômica Federal, no
Conjunto Habitacional Flávio Ettore Giovine 2, no município de Paranavaí/PR. Relatou ainda
que tais vendas são realizadas pelo corretor Generoso Fernandes da Silva, inclusive com
anúncio na Internet, e que o mesmo possui e aluga casas no referido conjunto habitacional.
</p>
<p> 
</p>
<p>Como medida inicial foi requisitado à Caixa Econômica Federal que
prestasse esclarecimentos pertinentes acerca do relatado na denúncia protocolada no SAC do
MPF, sendo informado que até o momento não havia sido ajuizada qualquer ação de
reintegração de unidade habitacional do PMCMV vinculado ao Conjunto Habitacional Flávio
Ettore Giovine 2, fornecendo ainda uma relação nominal de dezesseis beneficiários apontados
como suspeitos de fraude no programa (fls. 11/12).
</p>
<p> 
</p>
<p>Diante das informações prestadas, foi determinado ao Técnico de
Transporte desta PRM a realização de diligência in loco para apurar a real situação de ocupação
dos imóveis apontados como suspeito de fraude na relação fornecida pela CEF, elaborando-se
relatório do constatado. Foi requisitado ainda pesquisa ASSPA das pessoas apontadas na
referida relação.
</p>
<p> 
</p>
<p>Realizada a diligência (fls. 19/23), foram encontrados vários imóveis
em situação irregular, sendo constatada a venda dos imóveis de nos 73, 43, 111, 131, 186, 665 e
1.738, a locação dos imóveis de nos 145, 155, e 1.770, além de alguns imóveis terem sido
abandonados pelos mutuários, como é o caso das casas de nos 96, 97 e 162.
</p>
<p> 
</p>
<p>Foi constatado ainda, contudo, que alguns beneficiários que constavam
da lista de benefícios suspeitos enviada pela CEF residem regularmente em suas residências.
</p>
<p> 
</p>
<p>Foi determinado então no despacho de fls. 47, a remessa do Termo de
Informação de fls. 19/21 à Caixa Econômica Federal e ao município de Paranavaí/PR para a
tomada das providências cabíveis. No mesmo despacho, foi determinada a requisição à CEF de
remessa de cópia dos instrumentos de compra e venda dos imóveis objeto deste procedimento,
</p>
<p>PRM-PRA-PR-00004578/2017     
</p>
<p>MINISTÉRIO PÚBLICO FEDERAL
PROCURADORIA DA REPUBLICA NO MUNICIPIO DE PARANAVAI-PR
</p>
<p>Pág. 1 de 3</p>
<p />
</div>
<div class="page"><p />
<p>bem como a informação acerca do estágio de adimplência dos parcelamentos ou eventual
rescisão de algum contrato.
</p>
<p> 
</p>
<p>Em razão da notícia de que um corretor de imóveis de Paranavaí/PR
intermediaria a venda de casas localizadas no conjunto Ettore Giovine, foi expedida a
Recomendação nº 01, de 28 de março de 2017 (fls. 95/96), a qual tinha por objetivo recomendar
ao Delegado Distrital do Conselho Regional de Corretores de Imóveis – CRECI em
Paranavaí/PR, que divulgasse aos corretores de imóveis estabelecidos no Paraná, por
intermédio de seus meios institucionais de comunicação, que é vedada a alienação de imóveis
adquiridos através do Programa Minha Casa Minha Vida antes da quitação do financiamento.
</p>
<p> 
</p>
<p>Em 08 de maio de 2017, foi realizada reunião na sede desta
Procuradoria com a presença do Delegado Distrital do CRECI, ALDACIR ARAÚJO
CHAVES, ocasião em que foi este cientificado acerca do objeto do presente procedimento,
sendo lhe entregue pessoalmente a Recomendação nº 01/2017, tendo o Sr. ALDACIR
informado que acolhe os termos da referida recomendação e que comprovaria seu cumprido
tempestivamente.
</p>
<p> 
</p>
<p>Assim, conforme consta no documento de fls. 108/109, foi informado
posteriormente pelo CRECI 6ª Região no Paraná que a comunicação objeto da mencionada
recomendação havia sido realizada.
</p>
<p> 
</p>
<p>É o relatório.
 
</p>
<p>Da análise dos fatos e dos elementos constantes do presente inquérito
civil, tem-se que seu objeto se esvaiu, eis que as foram tomadas as medidas referentes à
comunicação aos corretores de imóveis acerca da vedação da alienação de imóveis adquiridos
por meio de financiamento do Programa Minha Casa Minha Vida, tendo o CRECI cumprido os
termos da recomendação expedida.
</p>
<p> 
</p>
<p>Outrossim, foram identificados os casos de mutuários que
descumpririam os termos do aludido programa governamental, tendo sido remetidos à Caixa
Econômica Federal os resultados das diligências realizadas por este órgão ministerial para a
tomada das providências cabíveis.
</p>
<p> 
</p>
<p>Ademais, não há medidas a serem adotadas no âmbito penal, pois, pela
análise dos fatos acima, não se verificam indícios mínimos de autoria e materialidade de
infração criminal.
</p>
<p> 
</p>
<p>Assim, considerando que as medidas adotadas foram suficientes,
determino o ARQUIVAMENTO deste Inquérito Civil.
</p>
<p> 
</p>
<p>Comunique-se ao representante via SAC (preservando o sigilo de sua
</p>
<p>Pág. 2 de 3</p>
<p />
</div>
<div class="page"><p />
<p>identidade) o inteiro teor da presente promoção, cientificando-o de que, nos termos do disposto
no artigo 17, §§ 1º e 3º, da Resolução CSMPF nº 87/06, terá prazo de 10 dias para, querendo,
apresentar recurso.
</p>
<p> 
</p>
<p>Oportunamente, encaminhe-se o presente feito à 1ª Câmara de
Coordenação e Revisão do MPF, para fins de homologação do parecer de arquivamento, em
cumprimento ao disposto no inciso IV do artigo 62 da Lei Complementar nº 75/93 c/c o §1º do
artigo 9º da Lei n.º 7.347/85.
</p>
<p> 
</p>
<p>À Secretaria de Tutela para adoção das providências necessárias.
 
</p>
<p>De Guarapuava/PR para Paranavaí/PR, 22 de setembro de 2017
 
</p>
<p>HENRIQUE HAHN MARTINS DE MENEZES
PROCURADOR DA REPÚBLICA
</p>
<p>(Em substituição)
 
</p>
<p> 
</p>
<p>Pág. 3 de 3</p>
<p />
</div>
</body></html>