<?xml version="1.0" encoding="UTF-8"?>
<html xmlns="http://www.w3.org/1999/xhtml">
<head>
<meta name="date" content="2016-05-16T12:44:59.40" />
<meta name="meta:paragraph-count" content="26" />
<meta name="meta:word-count" content="504" />
<meta name="Table-Count" content="0" />
<meta name="tika_batch_fs:relative_path" content="68513890.odt" />
<meta name="generator" content="LibreOffice/3.5$Windows_x86 LibreOffice_project/165a79a-7059095-e13bb37-fef39a4-9503d18" />
<meta name="Word-Count" content="504" />
<meta name="dcterms:created" content="2014-07-16T14:47:09.63" />
<meta name="dcterms:modified" content="2016-05-16T12:44:59.40" />
<meta name="Last-Modified" content="2016-05-16T12:44:59.40" />
<meta name="nbPara" content="26" />
<meta name="Last-Save-Date" content="2016-05-16T12:44:59.40" />
<meta name="meta:object-count" content="0" />
<meta name="meta:character-count" content="3323" />
<meta name="Paragraph-Count" content="26" />
<meta name="nbImg" content="1" />
<meta name="meta:save-date" content="2016-05-16T12:44:59.40" />
<meta name="Edit-Time" content="PT20H13M43S" />
<meta name="modified" content="2016-05-16T12:44:59.40" />
<meta name="meta:image-count" content="1" />
<meta name="Image-Count" content="1" />
<meta name="nbCharacter" content="3323" />
<meta name="nbObject" content="0" />
<meta name="Content-Length" content="37003" />
<meta name="nbPage" content="2" />
<meta name="X-TIKA:digest:MD5" content="aa492ed74e5cb7fc53515ee0346c0e59" />
<meta name="Object-Count" content="0" />
<meta name="nbWord" content="504" />
<meta name="Content-Type" content="application/vnd.oasis.opendocument.text" />
<meta name="X-Parsed-By" content="org.apache.tika.parser.DefaultParser" />
<meta name="X-Parsed-By" content="org.apache.tika.parser.odf.OpenDocumentParser" />
<meta name="meta:creation-date" content="2014-07-16T14:47:09.63" />
<meta name="meta:table-count" content="0" />
<meta name="Creation-Date" content="2014-07-16T14:47:09.63" />
<meta name="xmpTPg:NPages" content="2" />
<meta name="resourceName" content="68513890.odt" />
<meta name="Character Count" content="3323" />
<meta name="editing-cycles" content="170" />
<meta name="Page-Count" content="2" />
<meta name="tika:file_ext" content="odt" />
<meta name="nbTab" content="0" />
<meta name="meta:page-count" content="2" />
<title></title>
</head>
<body><p><b>Procedimento Preparatório nº 1.16.000.003325/2015-13</b></p>
<p />
<p />
<p><b>Promoção de Arquivamento nº  /2016 – PRDF/MSF (LV)</b></p>
<p />
<p>Trata-se de Procedimento Preparatório instaurado a partir do desmembramento dos autos de nº 1.15.000.002027/2015-43, o qual tinha por objeto que fosse proibida a utilização de veículos luxuosos pelas autoridades não indicadas no art. 6º da Lei 1.081/1950. </p>
<p>Desmembrado, coube ao presente feito apurar possíveis irregularidades envolvendo a utilização de veículos de luxo no âmbito do Conselho Nacional de Justiça - CNJ. </p>
<p>O PP nº 1.15.000.002027/2015-43 foi instaurado na PR-CE, a partir da propositura de Ação Popular ajuizada em desfavor da União, na qual foram feitos os seguintes pedidos: a proibição da utilização de veículos luxuosos pelas autoridades não indicadas no rol do art. 6º, da Lei 1.081/50 (dispõe sobre o uso de carros oficiais); a proibição da utilização de veículos públicos ou locados ao poder público em atividades, locais e transporte de pessoas alheias ao serviço público; a declaração de nulidade dos atos administrativos de aquisição, locação e utilização de veículos luxuosos para autoridades não autorizadas; a rescisão de todos os contratos de locação de veículos que não sejam econômicos; e a intimação do Ministério Público Federal para instaurar procedimentos de investigação para apurar a suposta prática de atos de improbidade administrativa.</p>
<p />
<p><b>É o relatório</b>.</p>
<p />
<p>Verifica-se, de acordo com as informações prestadas nos autos, que <b>o objeto deste procedimento já se encontra judicializado</b>, conforme demonstra o andamento processual da Ação Popular de nº 0019833-96.2015.4.01.3400, em trâmite na 14ª Vara Federal da Seção Judiciária do Distrito Federal (extrato anexo), na qual o Ministério Público Federal funciona como <i>custos legis</i>. A propósito, o art. 5º da Resolução nº 23 do CNMP dispõe:</p>
<p />
<p><u>RESOLUÇÃO Nº 23, DE 17 DE SETEMBRO DE 2007 - CNMP</u></p>
<p>Art. 5º Em caso de evidência de que os fatos narrados na representação não configurem lesão aos interesses ou direitos mencionados no artigo 1º desta Resolução, ou se o fato já tiver sido objeto de investigação do de ação civil pública ou se os fatos apresentados já se encontrarem solucionados, o membro do Ministério Público, no prazo máximo de trinta dias, indeferirá o pedido de instauração de inquérito civil, em decisão fundamentada, da qual se dará ciência pessoal ao representante e ao representado.</p>
<p>Verifica-se, portanto, o exaurimento das providências judiciais e/ou administrativas cabíveis quanto à questão em análise.</p>
<p>Pelo exposto, promovo o arquivamento do presente procedimento, com os registros de praxe, submetendo-o à apreciação da 1ª Câmara de Coordenação e Revisão, para fins homologatórios/revisionais. </p>
<p>Sem interessado privado a notificar, haja vista que o encaminhamento da informação deu-se em razão de dever de ofício.</p>
<p />
<p>Brasília, 16 de maio de 2016.</p>
<p />
<p>Eliana Pires Rocha</p>
<p><b>Procuradora da República</b></p>
<p><b>(Em substituição)</b></p>
<p />
<p><b>MINISTÉRIO PÚBLICO FEDERAL</b></p>
<p><b>PROCURADORIA DA REPÚBLICA NO DISTRITO FEDERAL</b></p>
<p><b>1º OFÍCIO DE ATOS ADMINISTRATIVOS</b></p>
<p>SGAS 604, via L2 sul, lote 23, sala 110, Brasília – DF – CEP: 70.200-640, Telefone: 61-3313-5450 </p>
<p>PR-DF- _____/2016 </p>
<p />
<p><b>MINISTÉRIO PÚBLICO FEDERAL</b></p>
<p><b>PROCURADORIA DA REPÚBLICA NO DISTRITO FEDERAL</b></p>
<p><b>1º OFÍCIO DE ATOS ADMINISTRATIVOS</b></p>
<p>SGAS 604, via L2 sul, lote 23, sala 113, Brasília – DF – CEP: 70.200-640, Telefone: 61-3313-5450</p>
</body></html>