<?xml version="1.0" encoding="UTF-8"?>
<html xmlns="http://www.w3.org/1999/xhtml">
<head>
<meta name="date" content="2016-04-11T12:13:18.99" />
<meta name="meta:paragraph-count" content="24" />
<meta name="meta:word-count" content="382" />
<meta name="Table-Count" content="0" />
<meta name="meta:initial-author" content="cliente preferencial" />
<meta name="initial-creator" content="cliente preferencial" />
<meta name="dc:creator" content="PGR PGR" />
<meta name="tika_batch_fs:relative_path" content="68543238.odt" />
<meta name="generator" content="BrOffice.org/3.2$Win32 OpenOffice.org_project/320m18$Build-9502" />
<meta name="Word-Count" content="382" />
<meta name="dcterms:created" content="2005-04-20T17:16:00" />
<meta name="dcterms:modified" content="2016-04-11T12:13:18.99" />
<meta name="Last-Modified" content="2016-04-11T12:13:18.99" />
<meta name="nbPara" content="24" />
<meta name="Last-Save-Date" content="2016-04-11T12:13:18.99" />
<meta name="meta:object-count" content="0" />
<meta name="meta:character-count" content="2592" />
<meta name="Paragraph-Count" content="24" />
<meta name="nbImg" content="1" />
<meta name="meta:save-date" content="2016-04-11T12:13:18.99" />
<meta name="modified" content="2016-04-11T12:13:18.99" />
<meta name="Edit-Time" content="PT575H44M34S" />
<meta name="meta:image-count" content="1" />
<meta name="Image-Count" content="1" />
<meta name="nbCharacter" content="2592" />
<meta name="nbObject" content="0" />
<meta name="Content-Length" content="38459" />
<meta name="nbPage" content="2" />
<meta name="X-TIKA:digest:MD5" content="ade3e347cc9d0b6b99955900cfe5e55f" />
<meta name="Object-Count" content="0" />
<meta name="nbWord" content="382" />
<meta name="Content-Type" content="application/vnd.oasis.opendocument.text" />
<meta name="X-Parsed-By" content="org.apache.tika.parser.DefaultParser" />
<meta name="X-Parsed-By" content="org.apache.tika.parser.odf.OpenDocumentParser" />
<meta name="creator" content="PGR PGR" />
<meta name="meta:author" content="PGR PGR" />
<meta name="meta:creation-date" content="2005-04-20T17:16:00" />
<meta name="meta:table-count" content="0" />
<meta name="Creation-Date" content="2005-04-20T17:16:00" />
<meta name="xmpTPg:NPages" content="2" />
<meta name="resourceName" content="68543238.odt" />
<meta name="Character Count" content="2592" />
<meta name="editing-cycles" content="37" />
<meta name="Page-Count" content="2" />
<meta name="tika:file_ext" content="odt" />
<meta name="Author" content="PGR PGR" />
<meta name="nbTab" content="0" />
<meta name="meta:page-count" content="2" />
<title></title>
</head>
<body><p><b>Procedimento Preparatório 1.20.004.000161/2015-18</b></p>
<p />
<p />
<p />
<p><b><u>PROMOÇÃO DE ARQUIVAMENTO</u></b></p>
<p />
<p />
<p>Trata-se de notícia de fato formulada pelos servidores públicos Marcelo Soares da Silva, Fábio de Lima Fernandes e Marlene de Jesus, lotados em Confresa, Bom Jesus do Araguaia e Barra do Garças, respectivamente, acerca do não cumprimento dos critérios do edital nº 085/2015 do IFMT para preenchimento de vagas do Curso Profissionalizante “Profuncionário”.</p>
<p>Alegam, em síntese, que outros candidatos, que não atendiam aos requisitos constantes no edital e ao estabelecido no Decreto nº 7.415/2010, foram selecionados, enquanto suas inscrições, que estavam dentro dos parâmetros solicitados, foram indeferidas.</p>
<p>Instado a prestar esclarecimentos, o IFMT informou que os critérios apresentados no edital para preenchimento das vagas foram seguidos, e que, Marcelo Soares, Fábio de Lima e Marlene de Jesus foram considerados aprovados e aptos à matrícula na publicação da segunda chamada (f. 20/174).</p>
<p>A fim de averiguar as informações prestadas pelo IFMT, contatou-se os representantes, conforme certidão de f. 175.</p>
<p><b>É o breve relatório.</b></p>
<p>Conforme informado pelo IFMT, para seleção dos candidatos foram escolhidos os seguintes critérios: a) tempo de serviço; b) critério de maior idade; e c) comprovação de filhos em idade escolar. </p>
<p>Percebe-se que, em 1ª chamada, os representantes não foram aprovados ante aos critérios de desempate supramencionados. De outro lado, não preenchidas todas as vagas ofertadas, uma 2ª chamada foi realizada, e os representantes foram convocados a efetuar a matrícula.</p>
<p>Assim, pelas informações prestadas pelo IFMT junto a documentação encaminhada, bem como, pelas declarações prestadas pelos próprios representantes, não se visualiza nenhuma irregularidade já que inexistem indícios de que o Instituto desrespeitou o procedimento previsto em edital.</p>
<p>Ante o exposto, RESOLVO:</p>
<p>1-<b> PROMOVER O ARQUIVAMENTO </b>do presente expediente, na forma do art. 10, <i>caput, </i>da Resolução n. 23/2007 do CNMP.</p>
<p>2-  <b>Comunicar os representantes </b>(f. 02/06/08) e o Pró-Reitor de Ensino do IFMT (f. 19), com cópia deste ato, dando-lhe ciência da faculdade de apresentar razões sobre arquivamento até apreciação pelo órgão de revisão.</p>
<p>3- <b>Em seguida, remetam-se os autos à 1a Câmara de Coordenação e Revisão do Ministério Público Federal</b>.</p>
<p />
<p> Barra do Garças/MT, 11 de abril de 2016.</p>
<p />
<p><b>Rafael Guimarães Nogueira</b></p>
<p><b>Procurador da República</b></p>
<p />
<p>lml</p>
<p />
<p> </p>
<p />
<p><b>MINISTÉRIO PÚBLICO FEDERAL</b></p>
<p><b>PROCURADORIA DA REPÚBLICA EM BARRA DO GARÇAS/MT</b></p>
<p><b>2º OFÍCIO</b></p>
<p>Av. Gov. Jayme Campos, n.º 4215, Prédio “B”, Bairro Industrial, CEP 78600-000. Tel: (66) 3401-2577.</p>
<p />
<p />
<p />
</body></html>