<?xml version="1.0" encoding="UTF-8"?>
<html xmlns="http://www.w3.org/1999/xhtml">
<head>
<meta name="cp:revision" content="387" />
<meta name="date" content="2016-08-31T19:52:51Z" />
<meta name="Keywords" content="" />
<meta name="subject" content="" />
<meta name="dc:creator" content="Procuradoria da República - AM" />
<meta name="tika_batch_fs:relative_path" content="68573646.doc" />
<meta name="meta:print-date" content="2014-08-13T20:17:00Z" />
<meta name="dcterms:created" content="2005-04-13T14:38:00Z" />
<meta name="dcterms:modified" content="2016-08-31T19:52:51Z" />
<meta name="Last-Modified" content="2016-08-31T19:52:51Z" />
<meta name="Last-Save-Date" content="2016-08-31T19:52:51Z" />
<meta name="Template" content="" />
<meta name="meta:save-date" content="2016-08-31T19:52:51Z" />
<meta name="dc:title" content="DESPACHO" />
<meta name="modified" content="2016-08-31T19:52:51Z" />
<meta name="Edit-Time" content="20672880000000" />
<meta name="cp:subject" content="" />
<meta name="Content-Length" content="99840" />
<meta name="X-TIKA:digest:MD5" content="94eb3a9a71e3b147efefa9453e5e1515" />
<meta name="Content-Type" content="application/msword" />
<meta name="X-Parsed-By" content="org.apache.tika.parser.DefaultParser" />
<meta name="X-Parsed-By" content="org.apache.tika.parser.microsoft.OfficeParser" />
<meta name="creator" content="Procuradoria da República - AM" />
<meta name="meta:author" content="Procuradoria da República - AM" />
<meta name="dc:subject" content="" />
<meta name="meta:creation-date" content="2005-04-13T14:38:00Z" />
<meta name="Last-Printed" content="2014-08-13T20:17:00Z" />
<meta name="meta:last-author" content="" />
<meta name="Comments" content="" />
<meta name="Creation-Date" content="2005-04-13T14:38:00Z" />
<meta name="resourceName" content="68573646.doc" />
<meta name="Last-Author" content="" />
<meta name="w:comments" content="" />
<meta name="Revision-Number" content="387" />
<meta name="extended-properties:Template" content="" />
<meta name="tika:file_ext" content="doc" />
<meta name="meta:keyword" content="" />
<meta name="Author" content="Procuradoria da República - AM" />
<meta name="comment" content="" />
<title>DESPACHO</title>
</head>
<body><div class="header"><p class="rodapé"><img src="embedded:image1.png" alt="image1.png" /></p>
<p class="rodapé"><img src="embedded:image2.emf" alt="image2.emf" /></p>
</div>
<p class="título_1"><b>IC n.º 1.14.002.000278/2015-19</b></p>
<table><tbody><tr>	<td><p><b>PROMOÇÃO DE ARQUIVAMENTO</b></p>
</td></tr>
</tbody></table>
<p>Trata-se de inquérito civil instaurado para apurar supostas irregularidades no credenciamento junto ao MEC do curso de Engenharia Ambiental e Sanitária da Faculdade Presbiteriana Augusto Galvão, no município de Campo Formoso-BA, e de impossibilidade de expedição de diploma de graduação de curso.</p>
<p>Notificada para se manifestar sobre o teor da representação, a Faculdade Presbiteriana Augusto Galvão, às fls. 12/13, informou que o processo de reconhecimento do referido curso foi solicitado junto ao MEC no ano de 2013; que por razões técnicas o aludido procedimento se encontra no INEP, desde 13/04/2015, aguardando conclusão de diligências com vista à finalização; que observou todos os prazos; que o MEC já realizou uma avaliação <i>in loco</i> na sua sede, tendo inclusive fixado uma data para uma segunda avaliação, prevista para ocorrer no período de 21/02/2016 a 24/02/2016 e que tomou todas as providências que lhe competia. A resposta da representada veio instruída com os documentos de fls. 14/19.</p>
<p>A Coordenação Geral de Legislação e Normas de Regulação e Supervisão da Educação Superior/MEC encaminhou a Informação 153/2016/CGLNRS/DPR/SERES/MEC, produzida pela área técnica responsável, na qual consta que o curso presencial de Bacharelado em Engenharia Ambiental e Sanitária, da Faculdade Presbiteriana Augusto Galvão, passa pelo processo de reconhecimento, protocolado sob o nº 201357116, em fase de reavaliação de protocolo de compromisso pelo INEP; que o pedido de reconhecimento do referido curso foi protocolado no dia 12/12/2013, portanto, fora do prazo estabelecido pela Portaria Normativa nº 40/2007, não podendo se utilizar da prerrogativa prevista no art. 63 para expedir o diploma dos seus alunos; e, por fim, discorre sobre o processo de reconhecimento (fls. 22/24). Juntou os documentos de fls. 25/33.</p>
<p>Instada novamente para esclarecer os motivos pelos quais protocolou intempestivamente o processo de reconhecimento do curso, a Faculdade Presbiteriana Augusto Galvão informou que o atraso ocorreu em virtude de reformulação do projeto pedagógico do curso pelo Núcleo Docente Estruturante, que não estava atuando no acompanhamento e na execução do projeto, conforme exige o Ministério da Educação (fls. 39/40).</p>
<p>A Faculdade Presbiteriana Augusto Galvão, às fls. 42/44 requereu juntada da cópia do Diário Oficial da União (D.O.U) (Seção 1, nº 131, publicado em 11/07/2016), contendo a Portaria nº 294, de 07/07/2016, da Secretaria de Regulação e Supervisão de Educação Superior, por meio da qual reconhece diversos cursos superiores, inclusive o curso de Engenharia Ambiental e Sanitária – Bacharelado, por si ofertado, no município de Campo Formoso/BA.
</p>
<p>Também nesse sentido, às fls. 46/59, a Coordenação Geral de Legislação e Normas de Regulação e Supervisão da Educação Superior/MEC encaminhou a informação de que em consulta ao cadastro do sistema e-MEC, verificou-se que o curso de Engenharia Ambiental e Sanitária – Bacharelado (cód.: 1050379) foi autorizado por meio da Portaria MEC nº 838 de 25/06/2009, publicada no D.O.U em 26/06/2009, e reconhecido por meio da Portaria MEC nº 294, de 08/07/2016, publicada no D.O.U em 11/07/2016, ratificando a informações prestadas às fls. 42/44.</p>
<p><b>Eis o relato do essencial.</b></p>
<p>Entendo que o feito merece ser arquivado. 
</p>
<p>Com efeito, depois de analisar os elementos de informação constantes dos autos, verifico que inexistem fundamentos para a propositura de ação civil pública ou mesmo para a continuidade da tramitação do presente Inquérito Civil, porquanto eventual irregularidade/ilicitude no fato investigado restou sanada.
</p>
<p>Deveras, segundo as informações prestadas pela Secretaria de Regulação e Supervisão da Educação Superior do Ministério da Educação o curso de Bacharelado em Engenharia Ambiental e Sanitária, ofertado pela Faculdade Presbiteriana Augusto Galvão, foi autorizado por meio da Portaria MEC nº 838 de 25/06/2009, publicada no D.O.U em 26/06/2009, tendo seu funcionamento iniciado em 08/102/2010, com período de integralização de 8 semestres, e restou reconhecido por meio da Portaria MEC nº 294, de 08/07/2016, publicada no D.O.U em 11/07/2016.
</p>
<p>Assim, a referida instituição de ensino encontra-se apto a expedir diploma para quem concluiu o curso de Bacharelado em Engenharia Ambiental e Sanitária.</p>
<p>Saliente-se ainda que não constam nesta Procuradoria outras denúncias semelhantes envolvendo a demora na expedição de diplomas do referido curso.
</p>
<p>Logo, uma vez solucionada espontaneamente a irregularidade apontada pelo representante e, ante a falta de outras reclamações neste sentido, entendo não haver a necessidade de adoção de outras medidas por parte deste órgão ministerial buscando a tutela dos interesses transindividuais dos alunos do referido curso, seja no âmbito judicial ou extrajudicial.</p>
<p><b><u>Registre-se ainda que, em caso similar ao presente, a E. 1ª CCR do Ministério Público Federal, nos autos do IC – 1.12.000.000280/2012-2, Rel. Alexandre Amaral Gavronski, julgado na na sessão nº 42 de 09/06/2016, homologou a promoção de arquivamento:</u></b></p>
<p><i>“PROMOÇÃO DE ARQUIVAMENTO. MINISTÉRIO DA EDUCAÇÃO (MEC). DEMORA NO RECONHECIMENTO DE CURSO. CURSO DE FAMÁRCIA. INSTITUTO MACAPAENSE DE ENSINO SUPERIOR (IMMES). NÃO ENTREGA DOS DIPLOMAS. IMPOSSIBILIDADE DE EXERCÍCIO DA PROFISSÃO. IRREGULARIDADE SANADA. 1. Inquérito Civil instaurado para verificar a demora do Ministério da Educação (MEC) em publicar a portaria de reconhecimento do curso de Farmácia do Instituto Macapaense de Ensino Superior (IMMES), o que impede que a Universidade Federal do Amapá (UNIFAP) providencie o registro dos diplomas. Os representantes alegam que a demora na expedição do diploma impossibilita o exercício da profissão. 2. Arquivamento promovido sob o fundamento de que o curso de farmácia do IMMES foi reconhecido pelo MEC, e que após a efetivação do registro pela UNIFAP todos os diplomas foram devidamente entregues aos formandos. 3. Irregularidade Sanada. Não há noticias de novas irregularidades. PELA HOMOLOGAÇÃO.”
</i></p>
<p>Por fim, eventuais danos causados pela demora na expedição do diploma devem ser comprovados e cada lesado/prejudicado poderá, individualmente, demandar por seu ressarcimento. 
</p>
<p>Face ao exposto, determino, com base no art. 17 da Res. n.º 87/2006 do CSMPF, o <b>ARQUIVAMENTO</b> do presente feito.</p>
<p><b>À Secretaria para:</b></p>
<p><b>1. NOTIFICAR </b>o representante do presente arquivamento, dando-lhes ciência da possibilidade de apresentar razões escritas e/ou documentos, que serão juntados aos autos para apreciação, nos termos do art. 9º, §2º, da Lei nº 7.347/85, até a data da realização da sessão homologação ou rejeição do arquivamento (art. 17, §1º, da Res. n.º 87/2006, do CSMPF);</p>
<p><b>2. REMETER</b> os autos, no prazo de 3 (três) dias, na forma do art. 9º, § 1º, da Lei 7.347/85, à 1a CCR (art. 17, § 2º, da Res. n.º 87/2006, do CSMPF).</p>
<p>Campo Formoso-BA, 31 de agosto de 2016.</p>
<p><i>Elton Luiz Freitas Moreira</i></p>
<p><b>PROCURADOR DA REPÚBLICA</b></p>
<p>R:\PRMCFGAB 2016\Hiata\Procedimentos Administrativos\Cível\IC\278.2015-19.Arquivamento.Reconhecimento de curso superior.doc</p>
<div class="footer"><p class="rodapé"><i>R. Antônio Teixeira Palha, nº 206 - Centro. CEP 44.790-000 – Campo Formoso/BA. Fone: (74) 3645-4100, FAX (74) 3645-4104</i></p>
<p class="rodapé">1 / 3</p>
<p class="rodapé"><i>R. Antônio Teixeira Palha, nº 206 - Centro. CEP 44.790-000 – Campo Formoso/BA. Fone: (74) 3645-4100, FAX (74) 3645-4104</i></p>
<p class="rodapé">3 / 3</p>
</div>
</body></html>