<?xml version="1.0" encoding="UTF-8"?>
<html xmlns="http://www.w3.org/1999/xhtml">
<head>
<meta name="date" content="2016-01-20T15:49:15" />
<meta name="meta:paragraph-count" content="19" />
<meta name="meta:word-count" content="580" />
<meta name="Table-Count" content="0" />
<meta name="dc:creator" content="PGR PGR" />
<meta name="tika_batch_fs:relative_path" content="68581753.odt" />
<meta name="generator" content="BrOffice.org/3.2$Win32 OpenOffice.org_project/320m18$Build-9502" />
<meta name="Word-Count" content="580" />
<meta name="dcterms:created" content="2014-12-17T16:57:17.07" />
<meta name="dcterms:modified" content="2016-01-20T15:49:15" />
<meta name="Last-Modified" content="2016-01-20T15:49:15" />
<meta name="nbPara" content="19" />
<meta name="Last-Save-Date" content="2016-01-20T15:49:15" />
<meta name="meta:object-count" content="0" />
<meta name="meta:character-count" content="3994" />
<meta name="Paragraph-Count" content="19" />
<meta name="nbImg" content="1" />
<meta name="meta:save-date" content="2016-01-20T15:49:15" />
<meta name="Edit-Time" content="PT08H00M02S" />
<meta name="modified" content="2016-01-20T15:49:15" />
<meta name="meta:image-count" content="1" />
<meta name="Image-Count" content="1" />
<meta name="nbCharacter" content="3994" />
<meta name="nbObject" content="0" />
<meta name="Content-Length" content="36113" />
<meta name="nbPage" content="2" />
<meta name="X-TIKA:digest:MD5" content="728046f1f7bd859bcd2f4fdbcb0a4c53" />
<meta name="Object-Count" content="0" />
<meta name="nbWord" content="580" />
<meta name="Content-Type" content="application/vnd.oasis.opendocument.text" />
<meta name="X-Parsed-By" content="org.apache.tika.parser.DefaultParser" />
<meta name="X-Parsed-By" content="org.apache.tika.parser.odf.OpenDocumentParser" />
<meta name="creator" content="PGR PGR" />
<meta name="meta:author" content="PGR PGR" />
<meta name="meta:creation-date" content="2014-12-17T16:57:17.07" />
<meta name="meta:table-count" content="0" />
<meta name="Creation-Date" content="2014-12-17T16:57:17.07" />
<meta name="xmpTPg:NPages" content="2" />
<meta name="resourceName" content="68581753.odt" />
<meta name="Character Count" content="3994" />
<meta name="editing-cycles" content="85" />
<meta name="Page-Count" content="2" />
<meta name="tika:file_ext" content="odt" />
<meta name="Author" content="PGR PGR" />
<meta name="nbTab" content="0" />
<meta name="meta:page-count" content="2" />
<title></title>
</head>
<body><h2>PP Nº: 1.22.000.003563/2015-21</h2>
<h2 />
<p />
<p />
<p />
<p />
<p />
<p />
<p />
<p />
<p />
<p><b><u>DECISÃO</u>:</b></p>
<p />
<p />
<p>	Cuida-se de Procedimento Preparatório, instaurado no âmbito desta Procuradoria da República, para investigar a má qualidade no atendimento prestado pela Receita Federal do Brasil em Belo Horizonte/MG.</p>
<p />
<p>Aduz o representante que, ao tentar realizar um parcelamento especial para um cliente, por meio do sítio eletrônico da Receita Federal do Brasil, não obteve êxito após diversas tentativas. Assim, em virtude do ocorrido, dirigiu-se a uma unidade daquela autarquia, recebendo como resposta que “<i>as vagas </i>[para realização do atendimento]<i> estavam esgotadas</i>” em todas as três vezes em que compareceu ao local. Como o prazo final para efetivar a consolidação do parcelamento estava próximo, o representante narra que na sua última ida até a uma unidade da Receita Federal do Brasil exigiu ser atendido até que resolvessem seu problema ou até que lhe dessem qualquer documento comprovando sua presença naquela data. Após lhe ser oferecida a participação em algumas palestras sobre o tema, finalmente foi atendido, oportunidade na qual lhe foi solicitado insistentemente o agendamento <i>on-line </i>para que sua solicitação fosse respondida. Em seguida, a funcionária pública, irritada com a possibilidade do representante chamar a polícia para lavrar um boletim de ocorrência que certificasse seu comparecimento naquela repartição, determinou que os seguranças do prédio o retirassem à força.</p>
<p />
<p>Oficiada, a Receita Federal do Brasil apresentou resposta às fls. 10/13, informando que<i> </i>a capacidade de atendimentos possíveis leva em conta fatores como a força de trabalho disponível e o tempo estimado para a sua execução. Tendo isso em vista, no atual momento, afirma que o número de atendimentos diários realizado pelo CAC da sede da DRF/BHE, considerando uma rotina normal, gira em torno de 750 (setecentos e cinquenta) a 800 (oitocentos), sendo que 350 (trezentos e cinquenta) senhas são distribuídas <i>on-line </i>e outras 350 (trezentos e cinquenta) senhas são distribuídas presencialmente.</p>
<p />
<p>	Ressalta que sazonalmente, em razão do aumento da demanda por atendimento, como no caso de datas próximas ao termo final fixado para consolidação de parcelamentos especiais, por exemplo - como ocorreu na situação relatada pelo representante -, a prestação do serviço resta, de fato, comprometida.</p>
<p />
<p>No episódio específico acontecido, os contribuintes optantes pelo parcelamento deveriam fazê-lo obrigatoriamente de forma virtual. Segundo a representada, a dificuldade relatada apenas se deu devido ao não estudo das orientações e passo-a passo disponibilizado de forma didática pelo <i>site</i> da Receita Federal do Brasil. Assim, como forma de solucionar o problema - tendo em vista ser impossível realizar o atendimento presencial de todo o contingente de contribuintes que apresentaram dúvidas na realização daquele procedimento no exíguo prazo para efetivação do parcelamento (5 dias úteis) – o Centro de Atendimento disponibilizou palestras  diárias em seu auditório sobre o assunto.</p>
<p />
<p>Por fim, resta ainda mencionar que após consulta no sistema de agendamento da Receita Federal do Brasil foi constatado que o representante tentou realizar um agendamento em nome da empresa Scapole Malhas -Ltda EPP, pessoa jurídica que não possuía débitos passíveis de inclusão no referido parcelamento.</p>
<p />
<p>	Destarte, certo de que não restou qualquer irregularidade a ser investigada, determino o arquivamento do presente feito, submetendo o teor desta decisão à douta 1ª Câmara de Coordenação e Revisão, para onde deverão ser estes autos remetidos, com as nossas homenagens.</p>
<p />
<p>Oficie-se ao Representante sobre os termos desta decisão, através de seu endereço eletrônico (fls. 3).</p>
<p />
<p>Belo Horizonte, 18 de janeiro de 2016.</p>
<p>	</p>
<p>				<b>  </b></p>
<p>  SÉRGIO NEREU FARIA</p>
<p> Procurador da República</p>
<p />
<p />
<p />
<p />
<p />
<p />
<p />
<p />
<p>H:\Sergio\Sergio Nereu-Redeold\PARECERES DA TUTELA\DESPACHOS\1ª CÂMARA - ARQUIVAMENTO\PP 1.22.000.003563-2015-21 - arquivamento RFB.odtCamila</p>
<p />
<p><b>MINISTÉRIO PÚBLICO FEDERAL</b></p>
<p><b>PROCURADORIA DA REPÚBLICA EM MINAS GERAIS</b></p>
</body></html>