<?xml version="1.0" encoding="UTF-8"?>
<html xmlns="http://www.w3.org/1999/xhtml">
<head>
<meta name="date" content="2016-03-11T17:01:53.415000000" />
<meta name="meta:paragraph-count" content="23" />
<meta name="Table-Count" content="0" />
<meta name="Word-Count" content="460" />
<meta name="language" content="pt-BR" />
<meta name="nbPara" content="23" />
<meta name="meta:object-count" content="0" />
<meta name="Paragraph-Count" content="23" />
<meta name="dc:title" content="Ethan Frome" />
<meta name="modified" content="2016-03-11T17:01:53.415000000" />
<meta name="nbWord" content="460" />
<meta name="meta:creation-date" content="2003-06-03T09:36:00" />
<meta name="meta:table-count" content="0" />
<meta name="Creation-Date" content="2003-06-03T09:36:00" />
<meta name="resourceName" content="68633806.odt" />
<meta name="Character Count" content="3261" />
<meta name="editing-cycles" content="998" />
<meta name="Page-Count" content="2" />
<meta name="tika:file_ext" content="odt" />
<meta name="meta:page-count" content="2" />
<meta name="Keywords" content="Ethan" />
<meta name="meta:word-count" content="460" />
<meta name="meta:initial-author" content="EW/LN/CB" />
<meta name="initial-creator" content="EW/LN/CB" />
<meta name="tika_batch_fs:relative_path" content="68633806.odt" />
<meta name="generator" content="LibreOffice/5.0.3.2$Windows_x86 LibreOffice_project/e5f16313668ac592c1bfb310f4390624e3dbfb75" />
<meta name="dcterms:created" content="2003-06-03T09:36:00" />
<meta name="dcterms:modified" content="2016-03-11T17:01:53.415000000" />
<meta name="Last-Modified" content="2016-03-11T17:01:53.415000000" />
<meta name="Last-Save-Date" content="2016-03-11T17:01:53.415000000" />
<meta name="meta:character-count" content="3261" />
<meta name="nbImg" content="1" />
<meta name="meta:save-date" content="2016-03-11T17:01:53.415000000" />
<meta name="Edit-Time" content="P6DT16H43M43S" />
<meta name="meta:image-count" content="1" />
<meta name="Image-Count" content="1" />
<meta name="nbCharacter" content="3261" />
<meta name="nbObject" content="0" />
<meta name="Content-Length" content="34149" />
<meta name="nbPage" content="2" />
<meta name="X-TIKA:digest:MD5" content="555e264b77308e3db99ec717de348411" />
<meta name="Object-Count" content="0" />
<meta name="Content-Type" content="application/vnd.oasis.opendocument.text" />
<meta name="X-Parsed-By" content="org.apache.tika.parser.DefaultParser" />
<meta name="X-Parsed-By" content="org.apache.tika.parser.odf.OpenDocumentParser" />
<meta name="dc:language" content="pt-BR" />
<meta name="dc:subject" content="Ethan" />
<meta name="xmpTPg:NPages" content="2" />
<meta name="nbTab" content="0" />
<title>Ethan Frome</title>
</head>
<body><p />
<p><b>MINISTÉRIO PÚBLICO FEDERAL</b></p>
<p><b>PROCURADORIA DA REPÚBLICA NO ESTADO DO PIAUÍ</b></p>
<p />
<p> </p>
<p><b>Ref. Procedimento Preparatório n.º 1.27.000.002383/2015-46</b></p>
<p />
<p><b>DESPACHO</b>:</p>
<p />
<p> 		Cuida-se de Procedimento Preparatório originário da Manifestação 20150070170, pela qual Girardan Ferreira da Silva e José Francisco Silva, ambos pescadores, asseveraram que o período da piracema iniciou em 15.11.2015 e estende-se até 16.03.2016, no entanto, tomaram conhecimento pela imprensa que o seguro defeso foi suspenso pelo governo federal.</p>
<p />
<p>		Afirmaram que pediram informações à Colônia de Pescadores Z8, ao Sindicato dos Pescadores, Ministério da Agricultura e da Pesca, Ibama e SEMAR, no entanto foram orientados a procurar o Ministério Público Federal. </p>
<p />
<p>		Solicitaram providências. </p>
<p />
<p>		Diante da necessidade da realização de diligências, oficiou-se à Secretaria de Planejamento e Ordenamento da Pesca, órgão ligado ao Ministério da Pesca e Aquicultura, requisitando esclarecimentos acerca do objeto dos presentes autos. </p>
<p />
<p>		Por meio dos expedientes de fls. 09/10 e 11/14, o órgão acima mencionado, ao tempo em que elucidou que as competências do Ministério da Pesca e Aquicultura foram absorvidas pelo Ministério da Agricultura, Pecuária e Abastecimento – Medida Provisória nº 696, de 02 de outubro de 2015, informou que o aludido Ministério, em conjunto com o Ministério do Meio Ambiente, editou a Portaria Interministrial MAPA/MMA nº 192, de 2015, que suspendeu, por até 120 (cento e vinte) dias, os períodos de defesos de dez atos normativos, consoante tabela acostada à fl. 11. </p>
<p>		</p>
<p>		Afirmou que com a suspensão dos períodos de defesos, os pescadores poderão exercer sua atividade laboral normalmente, não cabendo, assim, pagamento de seguro-desemprego ao pescador artesanal (seguro defeso). </p>
<p />
<p>		Compulsando-se as respostas apresentadas pela Secretaria de Planejamento e Ordenamento da Pesca, em especial a tabela acostada à fl. 11, verifica-se que o período de defeso relativo à IN MMA 129/2006 – Bacia Hidrográfica – Rio Parnaíba<span class="note">1 A Bacia Hidrográfica – Rio Parnaíba abrange os Estados do Maranhão, Piauí e Ceará. </note>, região que engloba os Estados do Maranhão, Piauí e Ceará, encontra-se abrangido pela Portaria Interministerial MAPA/MMA nº 192, ou seja, foi suspenso.</p>
<p> </p>
<p>		Considerando que os representantes residem e trabalham no Estado do Piauí e a pesca – atividade laboral dos mesmos, não foi proibida no período de 15/11/2015 a 16/03/2016, não há, de fato, razão para concessão de seguro defeso.</p>
<p />
<p>		Ante o exposto, determino o arquivamento dos presentes autos.</p>
<p />
<p>		Dê-se ciência aos interessados, com cópia deste despacho, conforme preceitua o artigo 17, § 1º, da Resolução nº 87/2006 do Conselho Superior do Ministério Público Federal, cientificando-os da previsão inserta no § 3º, do mesmo dispositivo legal.</p>
<p />
<p> 		Enviem-se os autos para a 1ª Câmara de Coordenação e Revisão do Ministério Público Federal, em Brasília/DF, nos termos do art. 62, IV, da Lei Complementar nº 75/93 e art. 17, § 2º, da Resolução nº 87/2006 do Conselho Superior do Ministério Público Federal.</p>
<p />
<p>Teresina(PI), 11 de março de 2016.</p>
<p />
<p><b>MARCO TÚLIO LUSTOSA CAMINHA</b></p>
<p>Procurador da República</p>
</body></html>