<?xml version="1.0" encoding="UTF-8"?>
<html xmlns="http://www.w3.org/1999/xhtml">
<head>
<meta name="date" content="2016-08-10T16:59:23.64" />
<meta name="meta:paragraph-count" content="44" />
<meta name="meta:word-count" content="1525" />
<meta name="Table-Count" content="0" />
<meta name="tika_batch_fs:relative_path" content="68659411.odt" />
<meta name="generator" content="OpenOffice.org/3.2$Win32 OpenOffice.org_project/320m19$Build-9506" />
<meta name="Word-Count" content="1525" />
<meta name="dcterms:created" content="2013-02-07T09:21:55" />
<meta name="dcterms:modified" content="2016-08-10T16:59:23.64" />
<meta name="Last-Modified" content="2016-08-10T16:59:23.64" />
<meta name="nbPara" content="44" />
<meta name="Last-Save-Date" content="2016-08-10T16:59:23.64" />
<meta name="meta:object-count" content="0" />
<meta name="meta:character-count" content="9688" />
<meta name="Paragraph-Count" content="44" />
<meta name="nbImg" content="1" />
<meta name="meta:save-date" content="2016-08-10T16:59:23.64" />
<meta name="modified" content="2016-08-10T16:59:23.64" />
<meta name="Edit-Time" content="PT23H10M40S" />
<meta name="meta:image-count" content="1" />
<meta name="Image-Count" content="1" />
<meta name="nbCharacter" content="9688" />
<meta name="nbObject" content="0" />
<meta name="Content-Length" content="73874" />
<meta name="nbPage" content="5" />
<meta name="X-TIKA:digest:MD5" content="c21e9d4366dd41eeb5f4ea79d96edc86" />
<meta name="Object-Count" content="0" />
<meta name="nbWord" content="1525" />
<meta name="Content-Type" content="application/vnd.oasis.opendocument.text" />
<meta name="X-Parsed-By" content="org.apache.tika.parser.DefaultParser" />
<meta name="X-Parsed-By" content="org.apache.tika.parser.odf.OpenDocumentParser" />
<meta name="meta:creation-date" content="2013-02-07T09:21:55" />
<meta name="meta:table-count" content="0" />
<meta name="Creation-Date" content="2013-02-07T09:21:55" />
<meta name="xmpTPg:NPages" content="5" />
<meta name="resourceName" content="68659411.odt" />
<meta name="Character Count" content="9688" />
<meta name="editing-cycles" content="55" />
<meta name="Page-Count" content="5" />
<meta name="tika:file_ext" content="odt" />
<meta name="nbTab" content="0" />
<meta name="meta:page-count" content="5" />
<title></title>
</head>
<body><ul>	<li><h1>Ref.: Procedimento Preparatório n. 1.23.001.000541/2015-62.</h1>
</li>
</ul>
<p />
<p><b><u>PROMOÇÃO DE ARQUIVAMENTO</u></b></p>
<p />
<p>R.H. em razão de férias oficiais. </p>
<p>Trata-se de Procedimento Extrajudicial originado a partir de Termo de Declarações prestadas por Flávia Marinho Lisboa no bojo da qual solicita providências do Ministério Público Federal em decorrência de supostas irregularidades existentes no concurso público para docentes promovido pela Universidade Federal do Sul e Sudeste do Pará - UNIFESSPA.</p>
<p>Inicialmente, relata que, após a prova escrita, a candidata protocolou recurso, e não obteve resposta; interpôs um segundo, dessa vez endereçado ao Conselho Superior de Ensino, Pesquisa e Extensão (CONSEPE), e, igualmente, não obteve resposta. Por fim, relata que o concurso foi homologado, a despeito das supostas irregularidades apontadas. </p>
<p>Em momento posterior, a declarante adita sua representação, por meio da qual ratifica os termos da declaração com relação a ausência da Banca e do CONSEPE em responder seus recursos, bem como acrescenta que: </p>
<p>1) as candidatas foram obrigadas a assinar as folhas escritas e rascunhos, acreditando que este fato fere a parcialidade na avaliação;</p>
<p>2) os nomes dos membros da banca deveriam ser divulgados antes da realização das provas, pois como foi aluna do presidente, ele pode ter tido uma imagem negativa sobre ela, em razão de alguns acontecimentos ocorridos no evolver do Curso;</p>
<p>3) a banca produziu prova material ao analisar sua prova escrita, para qual elenca seis elementos nos quais a banca não avaliou com imparcialidade seu recurso.</p>
<p>Por assim ser, solicita ao MPF que considere os fatos relatados a fim de cancelar o concurso. Na ocasião, juntou I) 1º Recurso contra o resultado da prova escrita; II) Prova Escrita; III) Resposta da banca com relação ao recurso da prova escrita; IV) 2º Recurso, dessa vez ao CONSEPE; V) Página do Diário Oficial da União, com edital de homologação do concurso; VI) Edita do concurso.</p>
<p>Ato seguinte, a candidata Aurinete Silva Macedo trouxe aos autos suas declarações, afirmando que, segundo o Edital, todos os candidatos que conseguissem a nota 5 em cada prova da primeira etapa estariam aptos a concorrer na prova da segunda etapa; informa que apesar de ter alcançado as exigidas notas, foi eliminada do concurso. Colaciona cópia do edital e de suas notas.</p>
<p>Instada a se manifestar, a UNIFESSPA informa que a candidata protocolou recurso contra o resultado da prova escrita e que foi convocada para tomar ciência da resposta do recurso. Não conformada, interpôs recurso ao CONSEPE, cujos autos foram encaminhados ao Presidente para inclusão em pauta.</p>
<p>Procedido com o <i>iter</i> de urgência, foi nomeado parecerista <i>ad hoc</i>, que emitiu parecer sugerindo de indeferimento do pleito recursal. Passeando pela respectiva Câmara de Ensino de Graduação e pelo plenário do Conselho Superior, o indeferimento foi mantido, tendo sido emitida a Resolução n. 063 constando o resultado do indeferimento do recurso.</p>
<p>No mais, informam sobre as normas adotadas pela Instituição no tratamento de concursos docentes, quais sejam: ser praxe adotada institucionalmente não divulgar os nomes dos respectivos membros da banca antes da realização das provas; quanto a avaliação de sua prova, os recursos das instâncias são suficientes para o esclarecimento das questões levantadas; que a despeito de a candidata ter endereçado seu recurso ao Instituto de Ciências Humanas, a resposta é responsabilidade da comissão avaliadora; que as respostas dos recursos endereçados ao CONSEPE são publicados na página da Secretaria Geral dos Conselhos Superiores.  </p>
<p>No ato, juntam aos autos a Resolução n. 48/2015 (que regulamenta a realização de concurso público); Resolução n. 63/2015 (que indefere o recurso da candidata); Pareceres do parecerista <i>ad hoc</i> e da Câmara de Ensino de Graduação n. 10/2015; espelhos da publicação da resolução na página relacionada ao CONSEPE.</p>
<p>Ciente da resposta da UNIFESSPA, a declarante traz aos autos refutação à resposta da Universidade, nos seguintes pontos: 1) de que prestou concurso em outras universidades as quais adotavam como praxe a publicação dos membros das bancas e que tal impugnação não podia ocorrer no dia da realização da prova sob pena de comprometer todo o calendário do certame;  2) com relação aos pontos sobre sua prova, que as argumentações já expendidas são suficientes; 3) alega que não foi o ICH que decidiu sobre seu primeiro recurso e sim a banca; 4) que na página de acompanhamento do concurso não consta qualquer decisão do CONSEPE decidindo sobre seu recurso.</p>
<p>É o relatório, passo a análise.</p>
<p>Tendo em vista haver nos autos diversas questões sobre as quais se debruçar,  lançando mão de melhor didática, as questões serão igualmente pontuadas, a fim de que não se deixe de esclarecer as convicções firmadas sobre cada item levantado nos autos.</p>
<p />
<p><b>NO QUE TANGE AS DECLARAÇÕES PRESTADAS POR AURINETE SILVA MACEDO</b></p>
<p>A despeito de a UNIFESSPA não ter sobre ela tecido comentários e trazido informações, da leitura do edital pode se firmar convencimento de que não assiste razão à declarante, inexistindo irregularidade a ser sanada pelo Ministério Público Federal. Senão vejamos.</p>
<p>O Edital n. 04/2015, de fato, no item 10.4, prescreve que somente participará das provas de caráter classificatório (Prova de Títulos), os candidatos que alcançarem 5 em cada prova de carater eliminatório (Provas da Etapa n. 01).</p>
<p>Não obstante, como é praxe em concursos públicos, existe uma outra condição para que os candidatos ingressem para a segunda etapa – a de títulos – qual seja, a de obter a média 7 no total da 1ª etapa (prova escrita, didática, prática e memorial. (item 10.6 do edital e art. 28, § 2º da resolução que regulamenta os concursos, a de n. 48/2015).</p>
<p>Pelo documento juntado pela candidata, ela, apesar de ter alcançado nota 5 em todas as provas, não obteve nota 7 na média, sendo, portanto, eliminada do concurso. </p>
<p>Nesse ponto, inexiste justa causa a ensejar atuação do Ministério Público Federal. </p>
<p />
<p />
<p><b>NO QUE TANGE AS DECLARAÇÕES PRESTADAS POR FLÁVIA MARINHO LISBOA</b></p>
<p>Ponto 01: no ponto em que a declarante indica diversos questionamentos intrínsecos à sua prova, trata-se de questão atinentes ao mérito acadêmico, cuja análise técnica não cabe ao Ministério Público fazer. </p>
<p>Aliás, nesse item, vale ressaltar que ainda que a Banca houvesse julgado com critérios parciais (mera conjectura), a legalidade, os procedimentos e a <u>questão acadêmica </u>foram objetos de deliberação pelo Colegiado do Instituto, e pelo próprio Conselho Superior (CONSEPE), que é composto por docentes, técnicos e discentes. Cabe ressaltar que da decisão do CONSEPE, ainda caberia recurso à instância maior da Instituição, qual seja, o Conselho Universitário – CONSUN, onde, igualmente, os critérios legais, acadêmicos e procedimetais seriam objeto de nova análise, o que não foi feito pela declarante.</p>
<p>Nesse ponto, carece justa causa para ingerência do Ministério Público Federal.</p>
<p>Ponto 02: No ponto em que a declarante expõe sobre ausência de respostas aos seus recursos, a própria declarante trouxe aos autos resposta da banca ao seu recurso contra a nota que lhe foi atribuída pela banca examinadora. </p>
<p>Nesta esteira, é descabida a alegação de que não cabe ao mesmo que atribuiu a nota poder julgar, em fase de recurso, qualquer peticionamento endereçado. Tanto o é que, da decisão da banca examinadora a declarante recorreu ao CONSEPE (vide que no peticionamento a declarante afirma ter tomado conhecimento da decisão da banca que respondeu ao RECURSO da candidata).</p>
<p>De toda sorte, a deliberação por parte do órgão maior – o CONSEPE – supre inequivocamente quaisquer encaminhamentos que pudesse ferir o direito de peticionamento, contraditório e ampla defesa da declarante, por ser órgão <i>ad quem</i>, capaz de revisar quaisquer decisões ilegais (que ferem as legislações de regência) ou que não sejam cientificamente acadêmicas.</p>
<p>Sobre a decisão do CONSEPE, por se tratar de órgão hierarquicamente superior, que desorbita da esfera administrativa do órgão organizador do concurso, qualquer diligência presencial da candidata seria suficiente para saber sobre a decisão do órgão Colegiado Superior, a fim de que acompanhasse o agendamento e deliberação de seu recurso, sendo irrazoável anular o concurso em razão de que a divulgação do resultado se deu recurso se deu em página diferente da de andamento do concurso.</p>
<p>Neste quesito, de igual sorte, inexiste justa causa para atuação ministerial</p>
<p>Ponto 03: com relação a divulgação prematura dos membros da banca, neste item, inexiste uma regra legal que valha para realização de concursos. Assim, quando da própria divulgação do edital e da execução do procedimento, cabe ao candidato, em sede individual, promover a impugnação ou levar os fatos ao conhecimento aos órgãos competentes, para <u>imediata</u> correção.</p>
<p>Aceitar tais termos e somente levar ao conhecimento do Judiciário (ou Entes essenciais à justiça) após terminado o processo, enseja, em via de regra, uma nova oportunidade para realização do concurso, <i>data venia, </i>o que fere direitos, igualmente, de quem participou do certame e logrou êxito.</p>
<p>Ainda assim, somente seria caso de anular o certame - após terminado - caso os procedimentos adotados fossem infiéis às leis - <i>lato sensu -, </i>o que não representa o caso.</p>
<p>Pelas razões expendidas, o Ministério Público Federal, ciente de que não houve irregularidades, portanto justa causa, no concurso da UNIFESSPA, vem promover o arquivamento do presente feito, submetendo esta promoção à homologação da 1ª CCR, com as homenagens de estilo.</p>
<p>Ciência às representantes.</p>
<p>Marabá-PA, 02 de agosto de 2016.</p>
<p />
<p><b>NATHÁLIA MARIEL FERREIRA DE SOUZA PEREIRA</b></p>
<p><i>Procuradora da República</i></p>
<p />
<p><b>MINISTÉRIO PÚBLICO FEDERAL</b></p>
<p>Procuradoria da República no Município de Marabá</p>
</body></html>