<?xml version="1.0" encoding="UTF-8"?>
<html xmlns="http://www.w3.org/1999/xhtml">
<head>
<meta name="pdf:PDFVersion" content="1.4" />
<meta name="xmp:CreatorTool" content="Writer" />
<meta name="access_permission:modify_annotations" content="true" />
<meta name="access_permission:can_print_degraded" content="true" />
<meta name="tika_batch_fs:relative_path" content="68839223.pdf" />
<meta name="language" content="pt-BR" />
<meta name="dcterms:created" content="2018-05-08T18:21:56Z" />
<meta name="dc:format" content="application/pdf; version=1.4" />
<meta name="pdf:docinfo:creator_tool" content="Writer" />
<meta name="access_permission:fill_in_form" content="true" />
<meta name="pdf:encrypted" content="false" />
<meta name="Content-Length" content="76776" />
<meta name="X-TIKA:digest:MD5" content="9483a09e5f88bbe21036bdabf34eb3b4" />
<meta name="Content-Type" content="application/pdf" />
<meta name="X-Parsed-By" content="org.apache.tika.parser.DefaultParser" />
<meta name="X-Parsed-By" content="org.apache.tika.parser.pdf.PDFParser" />
<meta name="dc:language" content="pt-BR" />
<meta name="meta:creation-date" content="2018-05-08T18:21:56Z" />
<meta name="created" content="Tue May 08 15:21:56 BRT 2018" />
<meta name="access_permission:extract_for_accessibility" content="true" />
<meta name="access_permission:assemble_document" content="true" />
<meta name="xmpTPg:NPages" content="7" />
<meta name="Creation-Date" content="2018-05-08T18:21:56Z" />
<meta name="resourceName" content="68839223.pdf" />
<meta name="access_permission:extract_content" content="true" />
<meta name="access_permission:can_print" content="true" />
<meta name="tika:file_ext" content="pdf" />
<meta name="producer" content="LibreOffice 5.3" />
<meta name="access_permission:can_modify" content="true" />
<meta name="pdf:docinfo:producer" content="LibreOffice 5.3" />
<meta name="pdf:docinfo:created" content="2018-05-08T18:21:56Z" />
<title></title>
</head>
<body><div class="page"><p />
<p>MINISTÉRIO PÚBLICO FEDERAL
PROCURADORIA DA REPÚBLICA NO MUNICÍPIO DE POUSO ALEGRE
</p>
<p>1º OFÍCIO
</p>
<p>IC Nº 1.22.013.000406/2015-15
</p>
<p>                        PROMOÇÃO DE ARQUIVAMENTO 
</p>
<p>Trata-se  de  inquérito  civil  instaurado  a  partir  de  encaminhamento  de
</p>
<p>sindicância investigativa instaurada no âmbito da Universidade Federal de Itajubá-MG –
</p>
<p>UNIFEI,  que  concluiu  pela  existência  de  irregularidades  no  “projeto  de  reforma  dos
</p>
<p>alimentadores em alta-tensão e iluminação externa” do campus UNIFEI/Itajubá-MG, cuja
</p>
<p>responsabilidade  foi  atribuída  ao  engenheiro  MÁRIO  MARINELLI  NETO,  responsável
</p>
<p>técnico pelo projeto.
</p>
<p>Conforme se depreende do relatório da Comissão de Sindicância de f. 55-
</p>
<p>56v, foram verificadas as seguintes situações:
</p>
<p>“I)  foram detectadas,  durante a fase de execução,  algumas fragilidades  no
projeto, cuja responsabilidade é do Engenheiro Sr. Mário Marinelli Neto;
II)  as  fragilidades  contribuíram  para  a  não  execução  do  projeto  conforme
proposto  originalmente,  o  que  determinou  a  necessidade  de  aditivo  ao
contrato;
III) uma vez que o projeto se mostrava ineficiente, foi necessária a supressão de
parte da linha 5, para que os recursos financeiros possibilitassem melhorias no
restante das instalações;
IV) algumas das fragilidades poderiam ser dirimidas, pelo menos em tese, caso o
Engenheiro Sr. Mário Marinelli Neto ainda estivesse no quadro de funcionários da
UNIFEI, ao longo da execução da obra;
V)  o  projeto  é,  unicamente,  de  responsabilidade  técnica  do  Engenheiro  Sr.
Mário  Marinelli  Neto;  de  forma  que  a  opinião  de  outros  especialistas  só  foi
buscada posteriormente, durante a fase de execução.”
</p>
<p>Diante  de  tais  constatações,  a  Comissão  de  sindicância  concluiu  pela
</p>
<p>remessa de cópia de seus trabalhos para o Ministério Público Federal, assim como sugeriu
</p>
<p>que projetos de tal monta fossem acompanhados de estudo prévio, por uma equipe de
</p>
<p>projeto,  evitando-se,  assim,  sua aprovação por  um único profissional.  Tal  equipe seria
</p>
<p>composta  por  consultores  e  especialistas  da  própria  instituição,  desde  as  fases  de
</p>
<p>planejamento, elaboração e execução, evitando-se, dessa forma, que fragilidades sejam
</p>
<p>encontradas apenas ao longo da execução implicando na necessidade de aditivos para
</p>
<p>continuidade na execução do projeto (f. 56v).
</p>
<p>Instado a se manifestar a respeito, o Sr. Mário Marinelli apresentou defesa
</p>
<p>subscrita por seu procurador (f. 65-81) aduzindo, em síntese, que o projeto técnico por ele
</p>
<p>elaborado  era  exequível,  colaborando  com  o  melhor  custo-benefício  para  a</p>
<p />
</div>
<div class="page"><p />
<p>MINISTÉRIO PÚBLICO FEDERAL
PROCURADORIA DA REPÚBLICA NO MUNICÍPIO DE POUSO ALEGRE
</p>
<p>1º OFÍCIO
</p>
<p>administração, além de contribuir para construção da identidade estética do Campus.
</p>
<p>Disse, ainda, que a empresa contratada não detinha condições técnicas suficientes para
</p>
<p>executar  o  projeto,  bem  como  não  ter  havido  a  devida  fiscalização  dos  serviços
</p>
<p>prestados  pela  contratada.  Indicou,  por  fim,  diversas  normas  técnicas,  as  quais
</p>
<p>compunham o projeto e que subsidiavam a sua execução.
</p>
<p>Assim, diante das informações acostadas aos autos, verificou-se que para
</p>
<p>sua análise seria necessário conhecimento técnico profundo, carecendo, portanto, de
</p>
<p>perícia técnica, o que foi requerido às f. 99-100.
</p>
<p>A  pedido  do Setor  de  Perícias  do MPF,  solicitou-se  mais  informações  à
</p>
<p>UNIFEI,  quais  sejam,  plantas,  planilhas  de  quantitativos  e  orçamentárias  com  as
</p>
<p>respectivas  pesquisas  de  mercado;  caderno  de  especificações  e  contrato  e  termos
</p>
<p>aditivos (f. 111-170 e 178-182).
</p>
<p>Nesse passo, foi emitido o Parecer Técnico nº 2047 – SEAP de f. 185-189, no
</p>
<p>qual o perito em engenharia elétrica apresentou as seguintes conclusões:
</p>
<p>“ 34. Após as análises acima elaboradas, em suma aponta-se os seguintes
fatos:
</p>
<p>i) Há falhas no projeto quanto a desenhos e descrição de detalhes, o que
suscitou problemas de entendimento na execução;
</p>
<p>ii)  Há responsabilidade da empresa contratada em não se  posicionar
tecnicamente  na  questão  das  caixas  de  derivação  que  poderiam
funcionar mesmo sob presença de água;
</p>
<p>iii) As justificativas para não instalação de trecho do poste é COERENTE;
</p>
<p>iv)  As  justificativas  para  alteração  de  especificação  das  caixas  de
derivação  subterrânea  mostram-se  razoáveis  devido  à  conjuntura  de
eventos descritos nas análises;
</p>
<p>v) Há erro em quantitativo de materiais, o que resultou em necessidade
de aditivo;
</p>
<p>vi)  Há  falha  em  não  conter  planilha  atualizada  dos  materiais  após  o
aditivo;
</p>
<p>vii)  Há  falha  em  não  conter  projeto  “As  Built”,  sendo  este  de
responsabilidade da empresa contratada e da fiscalização de cobrar,
pois é indispensável o registro exato do executado na obra.
</p>
<p>35.  Diante  do  relatado  neste  documento,  sugere-se  que  as  próximas
contratações  sejam  mais  exigentes  no  que  tange  às  informações
pertinentes ao projeto, descrição de equipamentos e seus ajustes, bem
como detalhamento de projeto, onde devem conter não só os itens a
serem executados, mas também trechos existentes que possam interferir
na instalação diretamente ou indiretamente para que, dessa forma, não</p>
<p />
</div>
<div class="page"><p />
<p>MINISTÉRIO PÚBLICO FEDERAL
PROCURADORIA DA REPÚBLICA NO MUNICÍPIO DE POUSO ALEGRE
</p>
<p>1º OFÍCIO
</p>
<p>permitam dúvidas durante a execução.
</p>
<p>36. Recomenda-se também uma maior ação em prover os registros de
modificações da obra executada, seja na forma de gestão de contrato
ou fiscalização da obra. Essas exigências, por exemplo, podem constar
de foram explicita nos editais de licitação e também de contrato.”
</p>
<p>Diante do Parecer Técnico expedido pelo expert do MPF, o representado
</p>
<p>reiterou sua defesa conforme f. 195-199.
</p>
<p>Consoante se verifica do relatório de f. 55-56v, a Comissão de sindicância
</p>
<p>instaurada  no  âmbito  da  UNIFEI  verificou  a  ocorrência  de  fragilidades  no  projeto
</p>
<p>elaborado pelo engenheiro Mário Marinelli Neto, e que, em razão dessas fragilidades, foi
</p>
<p>necessário  suprimir  a  execução  na  linha  05,  a  fim  de  que  os  recursos  financeiros
</p>
<p>pudessem cobrir as modificações no restante das instalações.
</p>
<p>No mesmo relatório, contudo, a Comissão de Sindicância esclareceu que,
</p>
<p>durante a execução das obras,  algumas fragilidades poderiam ter sido dirimidas pelo
</p>
<p>próprio representado, porém, este foi desligado dos quadros da UNIFEI.
</p>
<p>Frise-se que o investigado, engenheiro Mário Marinelli Neto, autuou apenas
</p>
<p>no  projeto  “de reforma dos  alimentadores  em alta-tensão  e  iluminação externa”  do
</p>
<p>campus UNIFEI/Itajubá-MG. 
</p>
<p>A seu turno, o representado, no bojo do presente feito, ao apresentar suas
</p>
<p>justificativas,  reiterou  que o  projeto  era  inteiramente  exequível,  atribuindo  à empresa
</p>
<p>executora do projeto deficiência técnica para implementá-lo. Nesse ponto, o Parecer
</p>
<p>firmado pelo perito do MPF é claro ao informar que houve responsabilidade da empresa
</p>
<p>contratada em não se posicionar tecnicamente nas questões das caixas de derivações
</p>
<p>que poderiam funcionar mesmo sob a presença de água.
</p>
<p>Além  disso,  o  perito  do  MPF  consignou  que  houve  falha  por  parte  da
</p>
<p>empresa contratada, visto que não foi confeccionado o projeto “As Buit”, bem como da
</p>
<p>fiscalização da obra, posto que não exigiu da contratada a apresentação do referido
</p>
<p>projeto.
</p>
<p>Como  se  vê,  existiam  falhas  no  projeto,  como  a  falta  de  desenhos,
</p>
<p>descrição de detalhes e erro no quantitativo de material. Quanto a isso, o representado
</p>
<p>justificou-se da seguinte forma:</p>
<p />
</div>
<div class="page"><p />
<p>MINISTÉRIO PÚBLICO FEDERAL
PROCURADORIA DA REPÚBLICA NO MUNICÍPIO DE POUSO ALEGRE
</p>
<p>1º OFÍCIO
</p>
<p>“(…)  Na  época  o  reitor  fez  uma  reunião  na  reitoria  com  todos  os
integrantes  do  departamento  de  obras  da  qual  o  réu  era  lotado,  e
enfatizou o período curto para a confecção de todos os processos de
compra  em  pauta,  comparando  com  outras  universidades  onde
apresentou a UNIFEI em penúltima na lista de na aquisição de vens em
relação a várias universidades brasileiras, estando sujeita a não receber
verbas no ano seguinte por não conseguir gastar o recurso disponível. Isso
contribuiu muito para a confecção deste processo com desenhos a parte
da norma citada, conforme citadas pelo perito, entretanto enfatizamos
que  todo  o  detalhamento  está  na  ND5.3,  norma  esta  definida  no
memorial  descritivo,  confeccionada conforme NBR 14039.  (...)”.  (f.  194-
199).
</p>
<p>Nesse  particular,  deve-se  destacar  que  o  parecer  do  perito  do  MPF
</p>
<p>corrobora os argumentos apresentados por Mário Marinelli, vejamos:
</p>
<p> “(…)  Em  termo  gerais,  é  verdadeiro  afirmar  que  a  solução  técnica
proposta  no  projeto  é  conceitualmente  válida  e  atende  de  forma
satisfatória o objeto do contrato”. As especificações dos materiais estão
condizentes com o proposto pelo projeto.”
</p>
<p>Vale dizer, também, que a perícia constatou que durante a obra foram
</p>
<p>realizadas  alterações  no projeto  inicial,  resultando em supressão de parte  do projeto
</p>
<p>(linha 5), não execução de equipamento (poste com transformador) e modificação de
</p>
<p>especificação de equipamento (caixa de derivação subterrânea).
</p>
<p>A supressão de parte do projeto (linha 5) deu-se em razão da necessidade
</p>
<p>de poupar recursos para implementar as modificações pretendidas. Com relação a não
</p>
<p>execução do equipamento (poste com transformador), o perito informou que o poste em
</p>
<p>questão já existia e, segundo o projeto, teria como escopo a instalação de chave de
</p>
<p>manobra  para  os  transformadores  contidos  no  poste  e  ligação  subterrânea  a  ser
</p>
<p>instalada. O perito afirmou que um poste com dois transformadores (figura 1 da f. 187v)
</p>
<p>consiste em um arranjo pouco usual,  contudo existe norma da CEMIG que autoriza e
</p>
<p>explicita como ficaria esta instalação.
</p>
<p>A última alteração no projeto, isto é, a instalação de caixa de derivação
</p>
<p>na superfície (o projeto previa a caixa subterrânea), decorreu em razão de que, no local
</p>
<p>onde seria instalada existe um lençol freático alto, de modo que o solo estaria sujeito a
</p>
<p>constantes inundações.
</p>
<p>Pois bem, após detida análise de todo o material trazido aos autos, o MPF
</p>
<p>não vislumbrou a possibilidade de se imputar ao investigado qualquer conduta culposa
</p>
<p>que pudesse ter acarretado o aditivo contratual no projeto. </p>
<p />
</div>
<div class="page"><p />
<p>MINISTÉRIO PÚBLICO FEDERAL
PROCURADORIA DA REPÚBLICA NO MUNICÍPIO DE POUSO ALEGRE
</p>
<p>1º OFÍCIO
</p>
<p>Embora  o  perito  tenha  registrado  que  houve  falhas  e  deficiências  no
</p>
<p>projeto elaborado pelo investigado,  e que tais  situações contribuíram para que fosse
</p>
<p>gerado um  aditivo  contratual,  não  é  possível  atribuir  exclusivamente  ao  investigado,
</p>
<p>culpa sobre todas as modificações ocorridas no projeto inicial.
</p>
<p>Nesse passo, importa registrar que de acordo com as declarações do Sr.
</p>
<p>Ederson  da  Silva  Teixeira  –  Diretor  de  obras  da  UNIFEI  (f.  39),  restou  claro  que  o
</p>
<p>representado pretendia,  no  decorrer  da obra,  fornecer  os  detalhamentos  técnicos  à
</p>
<p>empresa executora, vejamos:
</p>
<p>“(…)  Durante  esta  visita,  o  representante  da  empresa,  Sr.  João  Adilson  de
Oliveira, indagou ao Eng.º. Mário Marinelii Neto, autor do projeto, sobre a falta
de detalhamentos  no  projeto  e  o  Eng.º  Mário  então  lhe  respondeu  que  os
detalhamentos  seriam  feitos  e  fornecidos  por  ele  no  decorrer  da  obra,  de
acordo com a necessidade.”
</p>
<p>Então,  de  acordo  com  as  declarações  transcritas  acima,  pode-se
</p>
<p>constatar que não houve nenhum óbice, seja por parte da empresa contratada, seja por
</p>
<p>parte do Diretor de obras, que os detalhamentos técnicos fossem fornecidos no decorrer
</p>
<p>da obra. Ocorre, porém, que o investigado foi desligado dos quadros da UNIFEI antes que
</p>
<p>isso pudesse ter sido realizado, o que, por certo, o impediu de suprir os detalhamentos ora
</p>
<p>anunciados no Relatório da Comissão de sindicância.
</p>
<p>No mesmo sentido, colhe-se das declarações do Sr. Geraldo Majela Ribeiro
</p>
<p>de Souza, fiscal da obra em comento (f. 44), que ao ser indagado pela Comissão de
</p>
<p>sindicância  se  a  falta  de  detalhamento  e  previsão  do  posicionamento  de  chaves
</p>
<p>seccionadoras seriam fragilidades do projeto, a testemunha informou que sim, porém, em
</p>
<p>relação  às  chaves  seccionadoras,  caberia  ao  responsável  técnico  buscar  solução
</p>
<p>durante a execução, o que não ocorreu devido ao afastamento do mesmo do quadro
</p>
<p>de funcionários da Universidade. 
</p>
<p>Na  mesma  oportunidade,  Geraldo  Majela  Ribeiro  informou  que  a
</p>
<p>metragem dos cabos não foi  erro de projeto, mas sim de lançamento na planilha de
</p>
<p>materiais.
</p>
<p>Nesse contexto, às f. 207, o procurador oficiante considerou: 
</p>
<p>“(…)  Ante  o  exposto,  malgrado  não  se  ter  por  constatado  as
irregularidades noticiadas, é de se ter em conta que os serviços técnico-
administrativos  executados  no  acompanhamento  de  projetos  e
execução de obras de médio e de grande porte na UNIFEI ressentem-se
da  adoção  de  cautelas  mínimas  necessárias  para  se  prevenir</p>
<p />
</div>
<div class="page"><p />
<p>MINISTÉRIO PÚBLICO FEDERAL
PROCURADORIA DA REPÚBLICA NO MUNICÍPIO DE POUSO ALEGRE
</p>
<p>1º OFÍCIO
</p>
<p>irregularidades  e/ou  focos  de  ineficiência  no  desempenho  de  tais
misteres. Tais  medidas  foram apontadas  no  Relatório  da  Comissão  de
sindicância de f. 55-56 e no Parecer Técnico nº 2047 – SEAP de f. 185-189.
Ante o exposto, expeça-se recomendação à UNIFEI   para que,   em razão  
dos fatos constatados nesse inquérito civil, no prazo de 90 (noventa) dias,
adote  maiores  cautelas  em  obras  de  médio  e  grande  porte,    como  
aquelas medidas sugeridas pela Comissão de sindicância e pelo Perito do
MPF     (...)”
</p>
<p>A Recomendação foi encaminhada à Universidade Federal de Itajubá –
</p>
<p>UNIFEI com o seguinte teor: 
</p>
<p>RECOMENDAR, nos termos do artigo 6°, inciso XX, da Lei Complementar
n.º 75/93, à Universidade Federal de Itajubá - UNIFEI, que, adote, no prazo
de 90 (noventa) dias, nas obras de médio e grande porte, cautelas no
sentido de:
</p>
<p>1) implementar  o acompanhamento e estudo desde o início, por parte
de uma equipe de projeto, evitando que estes sejam aprovados por um
único  profissional.  Tal  equipe  será  composta  por  consultores  e
especialistas  da  própria  instituição  desde  as  fases  de  planejamento,
elaboração e execução, evitando-se dessa forma que fragilidades sejam
encontradas apenas ao longo da execução implicando na necessidade
de aditivos para continuidade na execução do projeto;
</p>
<p>2) nas contratações de obras, a UNIFEI deverá ser mais exigente no que
tange às informações pertinentes de projeto, descrição de equipamentos
e seus ajustes, bem como detalhamento de projeto, onde devem conter
não só os itens a serem executados, mas também trechos existentes que
possam interferir na instalação diretamente ou indiretamente para que,
dessa forma, não se permitam dúvidas durante a execução.
</p>
<p>Por  meio  do  ofício  nº  051/2018-Reitoria-UNIFEI,  a  Universidade  juntou
</p>
<p>documentos e prestou os seguintes esclarecimentos: 
</p>
<p>“[…]  informamos  que  acatamos  as  Recomendações  do  Ministério
Público,  contidas  na  Recomendação  Nº  02/2018 (IC  Nº
1.22.013.000406/2015-15) e nomeamos a “Comissão para aprovação de
projetos elaborados pela Diretoria de Obras e Infraestrutura”, conforme
Portaria Nº 390, de 13 de março de 2018, anexa”.
</p>
<p>É o breve relatório.
</p>
<p>Pois bem, da análise das informações prestadas pela Universidade Federal
</p>
<p>de  Itajubá  (ofício  nº  051/2018-Reitoria-UNIFEI)  pode-se  considerar  que  a  Universidade
</p>
<p>acatou as Recomendações feitas pelo  parquet. A providência tomada pela UNIFEI, no
</p>
<p>sentido de nomear uma comissão para aprovação de projetos elaborados pela Diretoria
</p>
<p>de Obras, tal como expresso na Recomendação, evita que os projetos sejam aprovados
</p>
<p>por um único profissional e, ainda, que eventuais “fragilidades” sejam detectadas apenas
</p>
<p>durante a execução dos projetos.</p>
<p />
</div>
<div class="page"><p />
<p>MINISTÉRIO PÚBLICO FEDERAL
PROCURADORIA DA REPÚBLICA NO MUNICÍPIO DE POUSO ALEGRE
</p>
<p>1º OFÍCIO
</p>
<p>Assim,  considerando que as providências assinaladas na Recomendação
</p>
<p>expedida  pelo    parquet   foram  atendidas  pela  Universidade  Federal  de  Itajubá,  as  
</p>
<p>investigações  não  merecem  prosseguir  e  o  arquivamento  do feito  é  medida que se
</p>
<p>impõe. 
</p>
<p>Diante do exposto, nos termos do artigo 62, inciso IV, da Lei Complementar
</p>
<p>n.º 75/93, determino o   ARQUIVAMENTO   dos presentes autos, submetendo-o à apreciação  
</p>
<p>da 1ª Câmara de Coordenação e Revisão do Ministério Público Federal.
</p>
<p>Desnecessária a notificação do representante.
</p>
<p>Pouso Alegre (MG), 25 de abril de 2018
</p>
<p>LUCAS DE MORAIS GUALTIERI
Procurador da República
</p>
<p>O:\PSA\gabinete\[Gab1] LUCAS\Assessoria\RLS\Dr. Lucas\Extrajudiciais\Civel\Arquivamento\250418_RLS_IC 1.22.013.000406.2015-
15_(arquiv_recomendação acatada).odt</p>
<p />
</div>
</body></html>