<?xml version="1.0" encoding="UTF-8"?>
<html xmlns="http://www.w3.org/1999/xhtml">
<head>
<meta name="date" content="2016-04-25T16:40:20.086000000" />
<meta name="meta:paragraph-count" content="29" />
<meta name="meta:word-count" content="411" />
<meta name="Table-Count" content="3" />
<meta name="meta:initial-author" content="MPF " />
<meta name="initial-creator" content="MPF " />
<meta name="tika_batch_fs:relative_path" content="68853763.odt" />
<meta name="generator" content="LibreOffice/5.0.3.2$Windows_x86 LibreOffice_project/e5f16313668ac592c1bfb310f4390624e3dbfb75" />
<meta name="Word-Count" content="411" />
<meta name="dcterms:created" content="2011-07-05T14:09:57.59" />
<meta name="language" content="en-US" />
<meta name="dcterms:modified" content="2016-04-25T16:40:20.086000000" />
<meta name="Last-Modified" content="2016-04-25T16:40:20.086000000" />
<meta name="nbPara" content="29" />
<meta name="Last-Save-Date" content="2016-04-25T16:40:20.086000000" />
<meta name="meta:object-count" content="0" />
<meta name="meta:character-count" content="2709" />
<meta name="Paragraph-Count" content="29" />
<meta name="nbImg" content="5" />
<meta name="meta:save-date" content="2016-04-25T16:40:20.086000000" />
<meta name="Edit-Time" content="PT23H20M31S" />
<meta name="modified" content="2016-04-25T16:40:20.086000000" />
<meta name="meta:image-count" content="5" />
<meta name="Image-Count" content="5" />
<meta name="nbCharacter" content="2709" />
<meta name="nbObject" content="0" />
<meta name="Content-Length" content="92669" />
<meta name="nbPage" content="2" />
<meta name="X-TIKA:digest:MD5" content="04d192165d11c043dd6d355f49db6b22" />
<meta name="Object-Count" content="0" />
<meta name="nbWord" content="411" />
<meta name="Content-Type" content="application/vnd.oasis.opendocument.text" />
<meta name="X-Parsed-By" content="org.apache.tika.parser.DefaultParser" />
<meta name="X-Parsed-By" content="org.apache.tika.parser.odf.OpenDocumentParser" />
<meta name="dc:language" content="en-US" />
<meta name="meta:creation-date" content="2011-07-05T14:09:57.59" />
<meta name="meta:table-count" content="3" />
<meta name="Creation-Date" content="2011-07-05T14:09:57.59" />
<meta name="xmpTPg:NPages" content="2" />
<meta name="resourceName" content="68853763.odt" />
<meta name="Character Count" content="2709" />
<meta name="editing-cycles" content="130" />
<meta name="Page-Count" content="2" />
<meta name="tika:file_ext" content="odt" />
<meta name="nbTab" content="3" />
<meta name="meta:page-count" content="2" />
<title></title>
</head>
<body><table><tr>	<td><p />
</td>	<td><p />
<p><b>Ministério Público Federal</b></p>
<p>Procuradoria da República em Picos</p>
<p />
</td></tr>
</table>
<p />
<p>Rua São Sebastião, nº 1105, Canto da Várzea, Picos-PI, CEP 64600-156</p>
<p>Telefone: (89) 3415 4900</p>
<p />
<table><tr>	<td><p />
</td>	<td><p />
</td></tr>
</table>
<p />
<p />
<p>Rua São Sebastião, nº 1105, Canto da Várzea, Picos-PI, CEP 64600-156</p>
<p>Telefone: (89) 3415 4900</p>
<p />
<table><tr>	<td><p />
</td>	<td><p />
</td></tr>
</table>
<p />
<p />
<p>Rua São Sebastião, nº 1105, Canto da Várzea, Picos-PI, CEP 64600-156</p>
<p>Telefone: (89) 3415 4900</p>
<p />
<p />
<p>PROCEDIMENTO PREPARATÓRIO Nº 1.27.001.000438/2015-73</p>
<p />
<p />
<p>PROMOÇÃO DE ARQUIVAMENTO</p>
<p><b>	</b></p>
<p>	Trata-se de Procedimento Preparatório instaurado a partir da representação de Magna Fernanda dos Santos Ibiapina, assistente social do Instituto dos Rins, e Débora Leal Barbosa Hipólito, assistente social do Centro de Terapia Renal, ambos localizados no Município de Picos, noticiando atraso no repasse de recursos referentes ao Tratamento Fora de Domicílio (TFD), realizado pelo Ministério da Saúde e pelo Governo do Estado do Piauí.</p>
<p>Para instruir o feito, este órgão ministerial oficiou a Secretaria de Estado da Saúde do Piauí (SESAPI), para prestar esclarecimentos.</p>
<p>Às fls. 21/22, a Secretaria de Estado, por intermédio da 9ª Coordenação Regional de Saúde, ponderou que o atraso nos repasses está diretamente ligado ao momento de recessão vivido pelo Estado e a problemas de ordem técnica. Contudo,  asseverou que os repasses referentes a novembro e dezembro de 2015 já haviam sido realizados (informação constante de documento datado de 29 de fevereiro de 2016).</p>
<p>Às fls. 27/35, a SESAPI, via gabinete do Secretário Estadual de Saúde, corroborou as informações da 9ª Coordenação Regional de Saúde, acrescentando que (em documento datado de 10 de março de 2016) a liberação de verbas de janeiro de 2016 já estava prevista, sob a cifra de R$ 669.395,90 (seiscentos e sessenta e nove mil, trezentos e noventa e cinco reais e noventa centavos).</p>
<p>Dessa forma, constata-se que os meses em atraso, noticiados na representação (outubro e novembro) já foram devidamente regularizados. Além disso, a SESAPI mostrou-se empenhada em cumprir as obrigações vindouras de forma regular.</p>
<p>	</p>
<p>		Ante o exposto, ausentes irregularidade a demandar a continuidade do feito, <b>promovo o arquivamento</b> do presente Procedimento Preparatório. </p>
<p>		Comunique-se ao representante acerca do presente despacho, cientificando-o da previsão inserta no § 3º do artigo 17 da Resolução 87/2006, do CSMPF. </p>
<p>		Decorrido o prazo legal, certifique a secretaria a eventual apresentação de arrazoado pelos representantes.</p>
<p>		Ato contínuo, encaminhem-se os autos, no prazo de 3 dias contados da ciência do representante, à 1ª Câmara – Direitos Sociais e Atos Administrativos em Geral do MINISTÉRIO PÚBLICO FEDERAL, para fins de controle revisional. </p>
<p>		</p>
<p>		Picos, 25 de abril de 2016.</p>
<p> </p>
<p />
<p />
<p><b>MARIA CLARA LUCENA DUTRA DE ALMEIDA BRITO</b></p>
<p>Procuradora da República</p>
<p><i>ph</i></p>
</body></html>