<?xml version="1.0" encoding="UTF-8"?>
<html xmlns="http://www.w3.org/1999/xhtml">
<head>
<meta name="pdf:PDFVersion" content="1.4" />
<meta name="xmp:CreatorTool" content="Writer" />
<meta name="access_permission:modify_annotations" content="true" />
<meta name="access_permission:can_print_degraded" content="true" />
<meta name="tika_batch_fs:relative_path" content="68949650.pdf" />
<meta name="language" content="pt-BR" />
<meta name="dcterms:created" content="2018-04-27T19:22:11Z" />
<meta name="dc:format" content="application/pdf; version=1.4" />
<meta name="pdf:docinfo:creator_tool" content="Writer" />
<meta name="access_permission:fill_in_form" content="true" />
<meta name="pdf:encrypted" content="false" />
<meta name="Content-Length" content="119269" />
<meta name="X-TIKA:digest:MD5" content="a082ece4b448d1c6807c597f02172da8" />
<meta name="Content-Type" content="application/pdf" />
<meta name="X-Parsed-By" content="org.apache.tika.parser.DefaultParser" />
<meta name="X-Parsed-By" content="org.apache.tika.parser.pdf.PDFParser" />
<meta name="dc:language" content="pt-BR" />
<meta name="meta:creation-date" content="2018-04-27T19:22:11Z" />
<meta name="created" content="Fri Apr 27 16:22:11 BRT 2018" />
<meta name="access_permission:extract_for_accessibility" content="true" />
<meta name="access_permission:assemble_document" content="true" />
<meta name="xmpTPg:NPages" content="2" />
<meta name="Creation-Date" content="2018-04-27T19:22:11Z" />
<meta name="resourceName" content="68949650.pdf" />
<meta name="access_permission:extract_content" content="true" />
<meta name="access_permission:can_print" content="true" />
<meta name="tika:file_ext" content="pdf" />
<meta name="producer" content="LibreOffice 5.0" />
<meta name="access_permission:can_modify" content="true" />
<meta name="pdf:docinfo:producer" content="LibreOffice 5.0" />
<meta name="pdf:docinfo:created" content="2018-04-27T19:22:11Z" />
<title></title>
</head>
<body><div class="page"><p />
<p>_________________________________________________________________________________________
Referência: MPF/PR/RJ IC nº 1.30.001.005808/2015-73
</p>
<p>PROMOÇÃO DE ARQUIVAMENTO 
</p>
<p>Trata-se  de  procedimento  administrativo  instaurado  a  partir  de
</p>
<p>memorando encaminhado pelo Exmo. Procurador da República Dr. Thiago Lemos de Andrade
</p>
<p>em vista  do  desmembramento  do  Inquérito  Civil  nº  1.30.012.000328/2011-63,  referente  à
</p>
<p>desocupação irregular de espaços da UFRJ pelas empresas Atelier do Sabor 3 Ltda. e 1000
</p>
<p>Mark Buffet Ltda. 
</p>
<p>Às fls. 37/38, ofícios solicitando informações atualizadas acerca da efetiva
</p>
<p>desocupação, pela empresa 1000 MARK BUFFET LTDA., do imóvel pertencente à UFRJ, em
</p>
<p>cumprimento às decisões proferidas nos autos nº 2005.51.01.017447-0 e 2003.51.01.006653-5,
</p>
<p>bem como sobre a propositura de ação possessória em face da empresa ATELIER DO SABOR
</p>
<p>3 LTDA.
</p>
<p>Em resposta, às fls. 39/49, foi informado que quanto à empresa 1000MARK
</p>
<p>BUFFET, já existe ordem reintegratória, proferida nos processos judiciais, contudo, tal ordem
</p>
<p>nunca foi efetivada e os processos foram arquivados, assim, a UFRJ sugeriu a atuação da
</p>
<p>PRF-2, pedindo o seu desarquivamento.
</p>
<p>Relatório à fl. 52-53.
</p>
<p>À  fl.  81,  ofício  solicitando  esclarecimentos  acerca  do  andamento  dos
</p>
<p>processos  nos  autos  nº  2005.51.01.017447-0,  2003.51.01.006653-5  e  0080861-
</p>
<p>42.2016.4.02.5101 (reintegração de posse).
</p>
<p>Em  resposta,  à  fl.  82/89,  a  AGU  esclareceu  que  quanto  aos  autos  nº
</p>
<p>2005.51.01.017447-0,  2003.51.01.006653-5,  houve  desarquivamento  em  23/06/2017,
</p>
<p>solicitado pela Procuradoria Federal e, em 06/09/2017 foi exarada nova ordem de reintegração
</p>
<p>de posse no imóvel, com diligência negativa. 
</p>
<p>Acerca do processo nº 0080861-42.2016.4.02.5101, há informação nos autos
</p>
<p>judiciais (fl. 284 dos autos judiciais), de que o imóvel foi retomado com êxito (fl. 89, do IC).
</p>
<p>Constata-se, portanto, da análise dos autos, que já houve a reintegração de
</p>
<p>posse do imóvel discutido nos autos do processo nº 0080861-42.2016.4.02.5101; que no bojo
</p>
<p>do processo 2003.51.01.006653-5,  há sentença,  declarando a extinção da  execução face o</p>
<p />
</div>
<div class="page"><p />
<p>cumprimento  da  obrigação;  por  fim,  quanto  ao  processo  2005.51.01.017447-0,  que  este
</p>
<p>encontra-se com baixa, uma vez que a posse também foi reintegrada. 
</p>
<p>Sendo assim,  tendo em vista que todas as providências foram tomadas e
</p>
<p>todos  os  imóveis  em análise  foram reintegrados,  promovo  o  arquivamento do  presente
</p>
<p>Inquérito Civil, nos termos do art. 9º, caput, da Lei nº 7.347/85. 
</p>
<p>Encaminhe-se  o  presente  procedimento  à  1ª  Câmara  de  Coordenação  e
</p>
<p>Revisão, para fins de ciência e registro.
</p>
<p>Rio de Janeiro, 24 de abril de 2018.
</p>
<p>Original assiando
</p>
<p>MARIA CRISTINA MANELLA CORDEIRO
Procuradora da República</p>
<p />
</div>
</body></html>