<?xml version="1.0" encoding="UTF-8"?>
<html xmlns="http://www.w3.org/1999/xhtml">
<head>
<meta name="date" content="2016-03-07T15:00:31.679000000" />
<meta name="meta:paragraph-count" content="28" />
<meta name="meta:word-count" content="837" />
<meta name="Table-Count" content="0" />
<meta name="tika_batch_fs:relative_path" content="69021844.odt" />
<meta name="generator" content="LibreOffice/4.3.7.2$Windows_x86 LibreOffice_project/8a35821d8636a03b8bf4e15b48f59794652c68ba" />
<meta name="Word-Count" content="837" />
<meta name="dcterms:created" content="2015-02-19T16:16:49.33" />
<meta name="dcterms:modified" content="2016-03-07T15:00:31.679000000" />
<meta name="Last-Modified" content="2016-03-07T15:00:31.679000000" />
<meta name="nbPara" content="28" />
<meta name="Last-Save-Date" content="2016-03-07T15:00:31.679000000" />
<meta name="meta:object-count" content="0" />
<meta name="meta:character-count" content="5562" />
<meta name="Paragraph-Count" content="28" />
<meta name="nbImg" content="2" />
<meta name="meta:save-date" content="2016-03-07T15:00:31.679000000" />
<meta name="Edit-Time" content="PT14H24M51S" />
<meta name="modified" content="2016-03-07T15:00:31.679000000" />
<meta name="meta:image-count" content="2" />
<meta name="Image-Count" content="2" />
<meta name="nbCharacter" content="5562" />
<meta name="nbObject" content="0" />
<meta name="Content-Length" content="75773" />
<meta name="nbPage" content="3" />
<meta name="X-TIKA:digest:MD5" content="ae392687413828cc1eb4b45181744173" />
<meta name="Object-Count" content="0" />
<meta name="nbWord" content="837" />
<meta name="Content-Type" content="application/vnd.oasis.opendocument.text" />
<meta name="X-Parsed-By" content="org.apache.tika.parser.DefaultParser" />
<meta name="X-Parsed-By" content="org.apache.tika.parser.odf.OpenDocumentParser" />
<meta name="meta:creation-date" content="2015-02-19T16:16:49.33" />
<meta name="meta:table-count" content="0" />
<meta name="Creation-Date" content="2015-02-19T16:16:49.33" />
<meta name="xmpTPg:NPages" content="3" />
<meta name="resourceName" content="69021844.odt" />
<meta name="Character Count" content="5562" />
<meta name="editing-cycles" content="32" />
<meta name="Page-Count" content="3" />
<meta name="tika:file_ext" content="odt" />
<meta name="nbTab" content="0" />
<meta name="meta:page-count" content="3" />
<title></title>
</head>
<body><p />
<p />
<p />
<p />
<p />
<p />
<p />
<p />
<p />
<p>Procedimento Preparatório 1.17.000.002931/2015-84</p>
<p />
<p />
<p />
<p><b><u>PROMOÇÃO DE ARQUIVAMENTO</u></b></p>
<p />
<p>Trata-se de representação encaminhada via Sala de Atendimento ao Cidadão por Rosane Alves da Silva Bergamashi e seu cônjuge Almir Bergamaschi noticiando que a Farmácia da Prefeitura Municipal de Serra supostamente não está fornecendo com regularidade os medicamentos prescritos por Flávia Lírio Coutinho, contratada pela FUNASA, nos autos da execução da ACP nº 2001.50.01.006065-0.</p>
<p>A noticiante relata que as receitas médicas são elaboradas a cada bimestre, sendo que da última receita, protocolizada no dia 23 de novembro de 2015, das 5 caixas de Seroquel (quetiapina 200 mg) prescritas, apenas uma caixa do medicamento foi disponibilizada, quantidade suficiente para apenas 14 dias. Ainda, foram disponibilizadas duas caixas de 30 comprimidos do medicamento Alprazolam 2mg, das 120 drágeas prescritas.</p>
<p>Informa que os demais medicamentos não foram fornecidos, inclusive o analgésico Dimorf 10mg, a base de morfina, que deve ser consumido, pelo menos, 4 vezes ao dia.</p>
<p>Ademais, relata que as receitas dos talonários branco carbonato, azul e amarelo ficam retidas na Farmácia da Prefeitura, e, devido a sua condição financeira, a Noticiante não dispõe de recursos para adquirir os medicamentos no comércio.</p>
<p>Informa, também, que o complemento alimentar para pacientes diabéticos (Glucerna), prescrito em razão de frequentes náuseas e vômitos que acometem a Representante, igualmente não vem sido fornecido, sob a alegação de escassez no mercado.</p>
<p>No entanto, embora a justificativa da Prefeitura, o cônjuge da representante relata que diligenciou junto às farmácias estabelecidas na Serra, bem como telefonou para a distribuidora do complemento, oportunidade na qual, foi informado que há disponibilidade imediata do produto no mercado.</p>
<p>Por fim, a Representante afirma que é portadora, dentre outras doenças, de diabetes e de neoplastia no pâncreas e atualmente realiza três sessões semanais de imunoterapia com interferon, sendo que a abstinência do medicamento Seroquel causa, imediatamente, crise convulsiva e a consequente internação hospitalar. O medicamento Dimorf é o único remédio eficaz para as dores ocasionadas pelo câncer.</p>
<p>Com efeito, foi expedido ofício à Prefeitura de Serra para que se manifestasse acerca do não fornecimento dos medicamentos às vítimas da contaminação.</p>
<p>Em resposta, fls. 15-16 e anexos, o Município, por meio de seu Procurador Municipal, informou que foi realizada audiência no dia 27.01.2016, com este Procurador da República, com o representante legal da FUNASA e os representantes do Município de Serra, tendo como objeto de discussão, dentre outros, o não fornecimento de medicamentos pelo município de Serra, (termo de audiência em anexo).</p>
<p>Durante a audiência, a Prefeitura explicou que a não entrega dos medicamentos se deu por problemas orçamentários vivenciados no ano de 2015, que foram responsáveis pelos atrasos na disponibilização nos últimos meses.</p>
<p>Ao final da audiência, no que se refere ao atraso ou ao não fornecimento dos medicamentos às vítimas do Malathion, restou decidido, pelo MM. Juiz, que, dentro do prazo de 15 (quinze) dias, o referido Município deveria regularizar a entrega dos medicamentos, prazo este estimado pelo próprio Procurador Municipal em audiência.</p>
<p>Posteriormente, não medindo esforços, esta Procuradoria da República entrou em contato telefônico com a noticiante do presente procedimento para averiguar se de fato houve a entrega dos medicamentos pelo Município de Serra. Momento em que a representante confirmou o restabelecimento dos medicamentos que lhe foram prescritos em virtude da contaminação do Malathion, certidão em anexo.</p>
<p>Pois bem.</p>
<p>Conforme noticiado pelos representantes, a situação das vítimas da contaminação do “Malathion” foi resolvida por meio da Ação Civil Púbica nº 2001.50.01.006065-0 proposta pelo Ministério Público Federal em defesa do direito coletivo das vítimas, que tramitou na 3ª Vara Federal Cível de Vitória/ES.</p>
<p>Ao final do processo, a sentença transitou em julgado no sentido de que cada vítima teria o direito de receber um valor a título de indenização, bem como a FUNASA deveria prestar atendimento integral e amplamente adequado aos vitimados.</p>
<p>No presente procedimento, a representante reclama do não fornecimento dos medicamentos por farmácia do Município de Serra, visto que a mesma foi vítima do Malathion.</p>
<p>Nada obstante a reclamação, observa-se que foi realizada audiência específica para se descobrir o real motivo do não fornecimento dos medicamentos, ficando claro que o motivo do atraso se deu por problemas orçamentários acometidos ao Município de Serra no ano de 2015.</p>
<p>Ademais, nota-se que o referido município cumpriu com o decidido em audiência, restabelecendo a entrega dos medicamentos dentro do prazo legal estabelecido e cumprindo com a sua obrigação determinada na sentença da Ação Civil Púbica nº 2001.50.01.006065-0.</p>
<p>Sendo assim, considerando que o objeto dos autos foi solucionado com o efetivo restabelecimento nas entregas dos medicamentos às vítimas do Malathion, determino o <b>ARQUIVAMENTO</b> do presente feito. </p>
<p>Notifique-se a representante dos termos da presente decisão, para, querendo, interpor recurso administrativo à 1ª Câmara de Coordenação e Revisão, no prazo de dez dias, nos termos do art. 5º, <i>caput </i>e § 1º, da Resolução nº 23/2007 do CNMP. </p>
<p>Com ou sem recurso, remetam-se os autos à 1ª Câmara de Coordenação e Revisão, com fundamento no art. 10º da Resolução nº 23/2007 do CNMP.</p>
<p />
<p />
<p />
<p />
<p>Vitória/ES, 07 de março de 2016.</p>
<p />
<p />
<p />
<p><b>CARLOS VINICIUS SOARES CABELEIRA</b></p>
<p><b>Procurador da Repúblic</b>a</p>
<p> rsa</p>
</body></html>