<?xml version="1.0" encoding="UTF-8"?>
<html xmlns="http://www.w3.org/1999/xhtml">
<head>
<meta name="date" content="2016-07-19T17:12:07.635000000" />
<meta name="meta:paragraph-count" content="25" />
<meta name="meta:word-count" content="519" />
<meta name="Table-Count" content="0" />
<meta name="tika_batch_fs:relative_path" content="69059445.odt" />
<meta name="generator" content="LibreOffice/4.4.5.2$Windows_x86 LibreOffice_project/a22f674fd25a3b6f45bdebf25400ed2adff0ff99" />
<meta name="Word-Count" content="519" />
<meta name="dcterms:created" content="2013-02-05T15:38:17.18" />
<meta name="dcterms:modified" content="2016-07-19T17:12:07.635000000" />
<meta name="Last-Modified" content="2016-07-19T17:12:07.635000000" />
<meta name="nbPara" content="25" />
<meta name="Last-Save-Date" content="2016-07-19T17:12:07.635000000" />
<meta name="meta:object-count" content="0" />
<meta name="meta:character-count" content="3427" />
<meta name="Paragraph-Count" content="25" />
<meta name="nbImg" content="2" />
<meta name="meta:save-date" content="2016-07-19T17:12:07.635000000" />
<meta name="Edit-Time" content="PT10H55M2S" />
<meta name="modified" content="2016-07-19T17:12:07.635000000" />
<meta name="meta:image-count" content="2" />
<meta name="Image-Count" content="2" />
<meta name="nbCharacter" content="3427" />
<meta name="nbObject" content="0" />
<meta name="Content-Length" content="121767" />
<meta name="nbPage" content="2" />
<meta name="X-TIKA:digest:MD5" content="f1125594a98ec6da68f16bc1ca56fff7" />
<meta name="Object-Count" content="0" />
<meta name="nbWord" content="519" />
<meta name="Content-Type" content="application/vnd.oasis.opendocument.text" />
<meta name="X-Parsed-By" content="org.apache.tika.parser.DefaultParser" />
<meta name="X-Parsed-By" content="org.apache.tika.parser.odf.OpenDocumentParser" />
<meta name="meta:creation-date" content="2013-02-05T15:38:17.18" />
<meta name="meta:table-count" content="0" />
<meta name="Creation-Date" content="2013-02-05T15:38:17.18" />
<meta name="xmpTPg:NPages" content="2" />
<meta name="resourceName" content="69059445.odt" />
<meta name="Character Count" content="3427" />
<meta name="editing-cycles" content="102" />
<meta name="Page-Count" content="2" />
<meta name="tika:file_ext" content="odt" />
<meta name="nbTab" content="0" />
<meta name="meta:page-count" content="2" />
<title></title>
</head>
<body><p>    </p>
<p>Av. General Penha Brasil, 1255, São Francisco - CEP 69.305-130 </p>
<p>Boa Vista – RR, Fone: (95) 3198-2000, Fax: (95) 3198-2033</p>
<p>Site: <a href="http://www.prrr.mpf.gov.br/">www.prrr.mpf.gov.br</a></p>
<p>G:\Gabinetes\PR-RR - 3º OFICIO\2016\4. PROCEDIMENTOS ADMINISTRATIVOS\Cível\PRDC\Arquivamento\964-2015-83 - ausencia de irregularidade- concurso professor UFRR.odt</p>
<p />
<p><b>MINISTÉRIO PÚBLICO FEDERAL<br />
PROCURADORIA DA REPÚBLICA </b>NO ESTADO DE RORAIMA</p>
<p>PR-RR – 3º OFÍCIO</p>
<p>  </p>
<p>Procedimento Preparatório n° 1.32.000.000964/2015-83</p>
<p />
<p />
<p><b>PROMOÇÃO DE ARQUIVAMENTO</b></p>
<p />
<p>Trata-se de Procedimento Preparatório autuado para apurar possível favorecimento pessoal de candidato no concurso regido pelo Edital 188/2015-PROGESP, da Universidade Federal de Roraima.</p>
<p>Segundo representação, a banca do concurso foi composta exclusivamente por professores da própria Instituição, o que poderia ter facilitado alguns candidatos que também lecionavam na IES. Ainda, foi relatada a participação no concurso de pessoas sem formação na área exigida em Edital.</p>
<p>Oficiado, a instituição informou que (i) não houve impugnação ao concurso; (ii) quatro candidatos foram aprovados e apenas um classificado e (iii) a exigência de comprovação de formação é feita somente no ato da posse no cargo, conforme estabelecido no art. 19, p. único, Decreto n° 6944 e Súmula 22 da AGU.</p>
<p><b>É o que importa relatar.</b></p>
<p>Da detida análise dos autos, observa-se a inexistência de indícios de irregularidade no Edital 188/2015-PROGESP, da Universidade Federal de Roraima, bem como não foi comprovado possível favorecimento pessoal de candidatos.</p>
<p>Embora o único candidato classificado, dentre os quatro aprovados, tivesse vínculo anterior com a Universidade, como professor substituto, tal fato, por si só, não induz à presença de eventuais irregularidades.</p>
<p>Como constata-se da documentação acostada às fls. 13/31, o processo de seleção para o cargo de Professor do Ensino Básico, Técnico e Tecnológico observou aos critérios de publicidade estabelecidos em lei, com ampla divulgação do resultado.</p>
<p>Ademais, em consulta ao Currículo Lattes do candidato aprovado não foi possível identificar nenhuma relação anterior ao exercício do cargo efetivo (posse em novembro/2015) com integrantes da banca do concurso (fl. 16), conforme currículo anexo. </p>
<p>Por fim, a exigência de comprovação de formação academia somente na data da posse, e não no ato de inscrição na seleção, atende a critérios legais, como comprovado pela UFRR (art. 19, p. único, Decreto n° 6944 e Súmula 22 da AGU).</p>
<p>			Desta feita, ausente qualquer razão jurídica para a manutenção do presente feito em instrução, em honra ao princípio da eficiência (CF/88, art. 37, caput). </p>
<p>			Posto isso, promovo o <b>ARQUIVAMENTO</b> do presente procedimento e, em atenção ao §1º do artigo 17 da Resolução CSMPF nº 87, de 2006, determino a cientificação do representante. Não sendo possível a localização, determino, independente de novo despacho, a cientificação por edital.</p>
<p>			<b>Junte-se</b> aos autos o documento anexo.</p>
<p>			Remetam-se os autos à 1ª Câmara de Coordenação e Revisão do Ministério Público Federal, no prazo de 03 (três) dias, para a necessária apreciação desta promoção de arquivamento, em cumprimento ao disposto no inc. IV do art. 62 da LC 75/93 c/c o §1º do art. 9º da Lei n.º 7.347/85, artigo 10, §2º, da Resolução CNMP nº 23/2007, artigo 17, §2º, da Resolução CSMPF nº 87, de 03 de agosto de 2006, e Portaria PGR/MPF nº 653, de 30 de outubro de 2012.</p>
<p>	Boa Vista-RR, 19 de julho de 2016.</p>
<p />
<p />
<p />
<p>ÉRICO GOMES DE SOUZA</p>
<p>Procurador da República</p>
<p>		</p>
</body></html>