<?xml version="1.0" encoding="UTF-8"?>
<html xmlns="http://www.w3.org/1999/xhtml">
<head>
<meta name="pdf:PDFVersion" content="1.4" />
<meta name="xmp:CreatorTool" content="Writer" />
<meta name="access_permission:modify_annotations" content="true" />
<meta name="access_permission:can_print_degraded" content="true" />
<meta name="tika_batch_fs:relative_path" content="69086746.pdf" />
<meta name="language" content="pt-BR" />
<meta name="dcterms:created" content="2017-10-23T18:10:16Z" />
<meta name="dc:format" content="application/pdf; version=1.4" />
<meta name="pdf:docinfo:creator_tool" content="Writer" />
<meta name="access_permission:fill_in_form" content="true" />
<meta name="pdf:encrypted" content="false" />
<meta name="Content-Length" content="139411" />
<meta name="X-TIKA:digest:MD5" content="729c02dcbc1599abb47f8f80ea9353a2" />
<meta name="Content-Type" content="application/pdf" />
<meta name="X-Parsed-By" content="org.apache.tika.parser.DefaultParser" />
<meta name="X-Parsed-By" content="org.apache.tika.parser.pdf.PDFParser" />
<meta name="dc:language" content="pt-BR" />
<meta name="meta:creation-date" content="2017-10-23T18:10:16Z" />
<meta name="created" content="Mon Oct 23 16:10:16 BRST 2017" />
<meta name="access_permission:extract_for_accessibility" content="true" />
<meta name="access_permission:assemble_document" content="true" />
<meta name="xmpTPg:NPages" content="2" />
<meta name="Creation-Date" content="2017-10-23T18:10:16Z" />
<meta name="resourceName" content="69086746.pdf" />
<meta name="access_permission:extract_content" content="true" />
<meta name="access_permission:can_print" content="true" />
<meta name="tika:file_ext" content="pdf" />
<meta name="producer" content="LibreOffice 4.4" />
<meta name="access_permission:can_modify" content="true" />
<meta name="pdf:docinfo:producer" content="LibreOffice 4.4" />
<meta name="pdf:docinfo:created" content="2017-10-23T18:10:16Z" />
<title></title>
</head>
<body><div class="page"><p />
<p>MINISTÉRIO PÚBLICO FEDERAL
PROCURADORIA DA REPÚBLICA NO MUNICÍPIO DE IMPERATRIZ
</p>
<p>GABINETE DO 3º OFÍCIO
</p>
<p>Inquérito Civil 1.19.001.000541/2015-95
</p>
<p>Despacho
</p>
<p>1. Trata-se de inquérito civil iniciado para “apurar possíveis irregularidades no uso dos
</p>
<p>imóveis  do Programa Minha Casa  Minha Vida,  nos conjuntos Itamar  Guará  I  e  II,  em
</p>
<p>Imperatriz/MA,  tais  como  ocupação  irregular,  abandono,  comercialização  e  locação  de
</p>
<p>imóveis”.
</p>
<p>2. Ainda em 2015, houve uma primeira identificação de casas cujos titulares estariam
</p>
<p>descumprimento as regras do PMCMV por meio de abandono ou por meio de “aluguel”,
</p>
<p>“cessão”, ou “venda” a terceiros (fls. 82/84).
</p>
<p>3. Em reunião realizada em junho de 2016, tanto a Caixa Econômica Federal quanto o
</p>
<p>Município  de  Imperatriz,  por  meio  da  Secretaria  de  Regularização  Fundiária,  se
</p>
<p>comprometeram a realizar visitações ao empreendimento para adequar o uso dos imóveis às
</p>
<p>regras estabelecidas no Programa Minha Casa Minha Vida.
</p>
<p>4. Assim, ambos se comprometeram em, realizadas as vistorias, procederem a rescisão
</p>
<p>dos contratos em que houve descumprimento das regras do programa, além de identificarem
</p>
<p>os reais beneficiários da locação de imóveis por terceiros que nem sequer adquirentes dos
</p>
<p>imóveis seriam. 
</p>
<p>5. Nova  vistoria  foi  realizada  em  setembro  de  2017  e  outras  casas  e  respectivos
</p>
<p>titulares  foram identificados  descumpridos  regras  do  programa  por  meio  de  “aluguel”,
</p>
<p>“cessão”, “venda” a terceiros e por meio de abandono (fls. 160). 
</p>
<p>6. O descumprimento das regras do programa minha casa minha vida não caracteriza
</p>
<p>improbidade administrativa, já que não se trata de agentes públicos e porque nada indica o
</p>
<p>envolvimento de destes. 
</p>
<p>7. Pelo contrário, os atores públicos tem realizado as ações que lhes cabem. A CAIXA
</p>
<p>informa que já ajuizou demandas judiciais para a retomada de 15 moradias  (fls. 150) em
</p>
<p>razão da primeira vistoria levada a cabo pela Prefeitura Municipal de Imperatriz.
</p>
<p>8. Agora, com a informação de que novos 13 beneficiários estariam descumprimento
</p>
<p>as regras do programa, de posse de tais informações, a CAIXA ajuizará novamente, novas
</p>
<p>ações para retomada dos imóveis. 
</p>
<p>Rua Rafael de Almeida Ribeiro, 750 – Bairro Bacuri – Imperatriz/MA  - CEP 65.916-900 – Fone: (99) 3529-7310
www.prma.mpf.mp.b  r
</p>
<p>1 de 2</p>
<p />
<div class="annotation"><a href="http://www.prma.mpf.mp.br/">http://www.prma.mpf.mp.br/</a></div>
<div class="annotation"><a href="http://www.prma.mpf.mp.br/">http://www.prma.mpf.mp.br/</a></div>
</div>
<div class="page"><p />
<p>  
</p>
<p>PROCURADORIA DA REPÚBLICA NO MUNICÍPIO DE IMPERATRIZ / MA
</p>
<p>9. Ademais, novas irregularidades muito provavelmente voltarão a ser constatadas
</p>
<p>em toda fiscalização que venha a ser realizada até que finalmente a propriedade dos
</p>
<p>imóveis  seja  consolidada  na  propriedade  do  adquirentes.  Isto,  contudo,  não  pode
</p>
<p>implicar  um dever  de  fiscalização,  por  parte  do  Ministério  Público  Federal,  que  se
</p>
<p>estenda ao longo de todos os anos em que o contrato de financiamento ainda estiver
</p>
<p>sendo adimplido. 
</p>
<p>10. Assim, uma vez que o direito a moradia vem sendo realizado e que a fiscalização
</p>
<p>do  programa  já  foi  realizada  em  duas  rodadas  de  vistorias,  promovo  o
</p>
<p>ARQUIVAMENTO  destes  autos,  em  razão  da  ausência  de  irregularidades  na  parte
</p>
<p>estatal do PMCMV. 
</p>
<p>11. À  Secretaria,  para  a  remessa  dos  autos  à  1ª  CCR  para  análise  e  eventual
</p>
<p>homologação do arquivamento deste procedimento.
</p>
<p>Imperatriz, 23 de outubro de 2017.
</p>
<p>HENRIQUE DE SÁ VALADÃO LOPES
PROCURADOR DA REPÚBLICA
</p>
<p>Rua Rafael de Almeida Ribeiro, 750 – Bairro Bacuri – Imperatriz/MA  - CEP 65.916-900 – Fone: (99) 3529-7310
www.prma.mpf.mp.b  r
</p>
<p>2 de 2</p>
<p />
<div class="annotation"><a href="http://www.prma.mpf.mp.br/">http://www.prma.mpf.mp.br/</a></div>
<div class="annotation"><a href="http://www.prma.mpf.mp.br/">http://www.prma.mpf.mp.br/</a></div>
</div>
</body></html>