<?xml version="1.0" encoding="UTF-8"?>
<html xmlns="http://www.w3.org/1999/xhtml">
<head>
<meta name="pdf:PDFVersion" content="1.4" />
<meta name="pdf:docinfo:title" content="Ref" />
<meta name="xmp:CreatorTool" content="Writer" />
<meta name="access_permission:modify_annotations" content="true" />
<meta name="access_permission:can_print_degraded" content="true" />
<meta name="dc:creator" content="fernanda" />
<meta name="tika_batch_fs:relative_path" content="69216388.pdf" />
<meta name="language" content="pt-BR" />
<meta name="dcterms:created" content="2017-07-13T18:01:21Z" />
<meta name="dc:format" content="application/pdf; version=1.4" />
<meta name="pdf:docinfo:creator_tool" content="Writer" />
<meta name="access_permission:fill_in_form" content="true" />
<meta name="pdf:encrypted" content="false" />
<meta name="dc:title" content="Ref" />
<meta name="Content-Length" content="88551" />
<meta name="X-TIKA:digest:MD5" content="c4fb0d911f0c4d5ee0a64d453cd387e0" />
<meta name="Content-Type" content="application/pdf" />
<meta name="pdf:docinfo:creator" content="fernanda" />
<meta name="X-Parsed-By" content="org.apache.tika.parser.DefaultParser" />
<meta name="X-Parsed-By" content="org.apache.tika.parser.pdf.PDFParser" />
<meta name="creator" content="fernanda" />
<meta name="dc:language" content="pt-BR" />
<meta name="meta:author" content="fernanda" />
<meta name="meta:creation-date" content="2017-07-13T18:01:21Z" />
<meta name="created" content="Thu Jul 13 15:01:21 BRT 2017" />
<meta name="access_permission:extract_for_accessibility" content="true" />
<meta name="access_permission:assemble_document" content="true" />
<meta name="xmpTPg:NPages" content="3" />
<meta name="Creation-Date" content="2017-07-13T18:01:21Z" />
<meta name="resourceName" content="69216388.pdf" />
<meta name="access_permission:extract_content" content="true" />
<meta name="access_permission:can_print" content="true" />
<meta name="tika:file_ext" content="pdf" />
<meta name="Author" content="fernanda" />
<meta name="producer" content="BrOffice.org 3.2" />
<meta name="access_permission:can_modify" content="true" />
<meta name="pdf:docinfo:producer" content="BrOffice.org 3.2" />
<meta name="pdf:docinfo:created" content="2017-07-13T18:01:21Z" />
<title>Ref</title>
</head>
<body><div class="page"><p />
<p>MINISTÉRIO PÚBLICO FEDERAL
PROCURADORIA DA REPÚBLICA NO ESTADO DO ESPÍRITO SANTO
</p>
<p>  Inquérito Civil nº 1.17.000.000043/2016-16 
</p>
<p>PROMOÇÃO DE ARQUIVAMENTO
</p>
<p> Trata-se de Inquérito Civil instaurado com o objetivo de monitorar 
</p>
<p>as medidas implementadas no Departamento de Contratos e Convênios (DCC) da 
</p>
<p>Universidade  Federal  do  Espírito  Santo  (UFES),  no  sentindo  de  otimizar  a 
</p>
<p>fiscalização de prestação de contas e contratos para melhora de sua eficiência.
</p>
<p>  
</p>
<p>Foram elencadas, após análise de documentação, algumas medidas 
</p>
<p>a  serem  implementadas  no  Departamento  para  melhoria  de  seu  desempenho 
</p>
<p>(listadas à fl. 153). 
</p>
<p>Em resposta aos itens elencados, essa Universidade, por meio do 
</p>
<p>Ofício  nº 500/2016/GR/UFES,  indicou efetivo  trabalho  para  otimizar  o  DCC. 
</p>
<p>Entretanto,  apontou  que  algumas  medidas  ainda  aguardam  efetivação, 
</p>
<p>principalmente quanto aos itens I, III e V listados no Ofício deste Parquet federal.
</p>
<p>Solicitou-se, então,  por meio  do Ofício  nº 841/2017,  informações 
</p>
<p>atualizadas a respeito da promoção de melhorias no Departamento de Contratos 
</p>
<p>e Convênios (DCC) no que tange à: 
</p>
<p>a)  Otimização  da  atuação  do  DCC  na  análise  das  prestações  de 
</p>
<p>contas pendentes (I); 
</p>
<p>b)  Implantação  dos  módulos  administrativos  do  Sistema  de 
</p>
<p>Informação  para  Ensino  (SIE)  para  atendimento  do  DCC,  com 
</p>
<p>enquadramento  das  fundações  como  “unidades  gestoras”  de 
</p>
<p>recursos, possibilitando-lhes que declarem previamente no sistema 
</p>
<p>os gastos a serem efetuados (III); e 
</p>
<p>                                                                                                                                                   ACVR  </p>
<p />
</div>
<div class="page"><p />
<p>MINISTÉRIO PÚBLICO FEDERAL
PROCURADORIA DA REPÚBLICA NO ESTADO DO ESPÍRITO SANTO
</p>
<p>c)  Publicação  de  resolução  contendo  todas  as  normas  e 
</p>
<p>procedimentos  relativos  à  prestação  de  contas  de  contratos  e 
</p>
<p>convênios gerenciados por fundações de apoio (V).
</p>
<p>Em resposta, às fls. 170/174, informou-se que, quanto à otimização 
</p>
<p>da  atuação  do  DCC  na  análise  das  prestações  de  contas  pendentes,  a 
</p>
<p>Administração  Central  da  UFES  aportou  recursos  e  aprimorou  as  condições 
</p>
<p>humanas e infraestruturais do DCC, mais particularmente da Divisão de Controle 
</p>
<p>de Prestação de Contas.
</p>
<p>Quanto à implantação dos módulos administrativos do Sistema de 
</p>
<p>Informação para Ensino (SIE) para atendimento do DCC,  com enquadramento 
</p>
<p>das  fundações  como  “unidades  gestoras”  de  recursos,  comunicou-se  que  o 
</p>
<p>Módulo de Contrato do SIE já se encontra instalado e em uso experimental. Nesse 
</p>
<p>sentido, indicou-se que com a exceção de alguns poucos contratos que estão em 
</p>
<p>fase  final  de  cadastramento,  todos  os  contratos,  convênios  e  termos  de 
</p>
<p>cooperação vigentes em 2017, celebrados entre a UFES e as Fundações de Apoio 
</p>
<p>desde  2010,  com respectivos  termos  aditivos,  estão  cadastrados  no  sistema  e 
</p>
<p>podem ser acessados publicamente pelo link: 
</p>
<p>&gt;https://administrativo.ufes.br/sistema/contratos/resumo-
</p>
<p>contratos-convenios-vigentes&lt;. 
</p>
<p>Quanto  à  publicação  de  resolução  contendo  todas  as  normas  e 
procedimentos  relativos  à  prestação  de  contas  de  contratos  e  convênios 
</p>
<p>gerenciados por fundações de apoio, consignou-se que o DCC concluiu a revisão 
</p>
<p>da proposta de normatização do contratos com Fundação de Apoio a ser adotada 
</p>
<p>pela UFES, cujos capítulos VIII e IX se dedicam à prestação de contas parcial e 
</p>
<p>final, respectivamente. Aduziu-se, ainda, que a proposta se encontra em fase de 
</p>
<p>análise prévia pelo presidente da Comissão de Legislação e Normas do Conselho 
</p>
<p>Universitário.
</p>
<p>                                                                                                                                                   ACVR  </p>
<p />
</div>
<div class="page"><p />
<p>MINISTÉRIO PÚBLICO FEDERAL
PROCURADORIA DA REPÚBLICA NO ESTADO DO ESPÍRITO SANTO
</p>
<p>Verifica-se, assim, que as providências e informações prestadas são, 
</p>
<p>em princípio, satisfatórias e que não há qualquer outra providência a ser adotada 
</p>
<p>por este órgão em relação à matéria.
</p>
<p>Dito isto, promovo o ARQUIVAMENTO do feito.  Remetam-se os 
</p>
<p>autos  à  apreciação  da  1ª  CCR,  para  os  fins  previstos  no  art.  62,  IV,  da  Lei  
</p>
<p>Complementar n.º 75/93.
</p>
<p>Vitória/ES, 13 de julho de 2017.
</p>
<p>ANDRÉ PIMENTEL FILHO
</p>
<p>                                     Procurador da República                                    
</p>
<p>                                                                                                                                                   ACVR  </p>
<p />
</div>
<ul>	<li>  Inquérito Civil nº 1.17.000.000043/2016-16 </li>
	<li>PROMOÇÃO DE ARQUIVAMENTO</li>
</ul>
</body></html>