<?xml version="1.0" encoding="UTF-8"?>
<html xmlns="http://www.w3.org/1999/xhtml">
<head>
<meta name="pdf:PDFVersion" content="1.4" />
<meta name="pdf:docinfo:title" content="EXCELENTÍSSIMO SENHOR DOUTOR JUIZ FEDERAL DA 1ª VARA DE VITÓRIA" />
<meta name="xmp:CreatorTool" content="Writer" />
<meta name="access_permission:modify_annotations" content="true" />
<meta name="access_permission:can_print_degraded" content="true" />
<meta name="dc:creator" content="PR-ES" />
<meta name="tika_batch_fs:relative_path" content="69320997.pdf" />
<meta name="language" content="pt-BR" />
<meta name="dcterms:created" content="2016-05-09T16:29:36Z" />
<meta name="dc:format" content="application/pdf; version=1.4" />
<meta name="pdf:docinfo:creator_tool" content="Writer" />
<meta name="access_permission:fill_in_form" content="true" />
<meta name="pdf:encrypted" content="false" />
<meta name="dc:title" content="EXCELENTÍSSIMO SENHOR DOUTOR JUIZ FEDERAL DA 1ª VARA DE VITÓRIA" />
<meta name="Content-Length" content="152069" />
<meta name="X-TIKA:digest:MD5" content="8ccab0e36b91f42306ca30797935817b" />
<meta name="Content-Type" content="application/pdf" />
<meta name="pdf:docinfo:creator" content="PR-ES" />
<meta name="X-Parsed-By" content="org.apache.tika.parser.DefaultParser" />
<meta name="X-Parsed-By" content="org.apache.tika.parser.pdf.PDFParser" />
<meta name="creator" content="PR-ES" />
<meta name="dc:language" content="pt-BR" />
<meta name="meta:author" content="PR-ES" />
<meta name="meta:creation-date" content="2016-05-09T16:29:36Z" />
<meta name="created" content="Mon May 09 13:29:36 BRT 2016" />
<meta name="access_permission:extract_for_accessibility" content="true" />
<meta name="access_permission:assemble_document" content="true" />
<meta name="xmpTPg:NPages" content="3" />
<meta name="Creation-Date" content="2016-05-09T16:29:36Z" />
<meta name="resourceName" content="69320997.pdf" />
<meta name="access_permission:extract_content" content="true" />
<meta name="access_permission:can_print" content="true" />
<meta name="tika:file_ext" content="pdf" />
<meta name="Author" content="PR-ES" />
<meta name="producer" content="LibreOffice 4.3" />
<meta name="access_permission:can_modify" content="true" />
<meta name="pdf:docinfo:producer" content="LibreOffice 4.3" />
<meta name="pdf:docinfo:created" content="2016-05-09T16:29:36Z" />
<title>EXCELENTÍSSIMO SENHOR DOUTOR JUIZ FEDERAL DA 1ª VARA DE VITÓRIA</title>
</head>
<body><div class="page"><p />
<p>MINISTÉRIO PÚBLICO FEDERAL
Procuradoria da República no Mato Grosso do Sul
</p>
<p>ARQUIVAMENTO MPF/PRMS/DVAOC Nº 035/2016
</p>
<p>Procedimento Preparatório nº 1.21.000.000086/2016-61
</p>
<p>Objeto da investigação:
</p>
<p>O  presente  Procedimento  Preparatório  foi  instaurado  visando  “Apurar
</p>
<p>suposta irregularidade nas eleições ocorridas nos dias 17 e 18 de novembro de 2015, no
</p>
<p>âmbito  do  Conselho  Regional  de  Contabilidade  do  Mato  Grosso  do  Sul,  envolvendo  a
</p>
<p>restrição ao exercício do direito ao voto e à possibilidade de impugnar o pleito”.
</p>
<p>Diligências realizadas:
</p>
<p>O procedimento em tela foi instaurado  a partir  da representação PR-MS-
</p>
<p>00024505/2015, formulada por Roberto Valentim Cieslak, noticiando que lhe foi cerceado o
</p>
<p>direito  ao  voto  nas  aludidas  eleições,  pelo  Conselho  Regional  de  Contabilidade,  com
</p>
<p>supedâneo no art. 2º, § 2º1, da Resolução CFC n. 1480/2015, porquanto estava inadimplente
</p>
<p>com a anuidade de 2015. Alegou o reclamante que não há na Constituição Federal ou no
</p>
<p>Decreto-Lei n. 9295/46 impedimento ao voto para os profissionais que estejam inadimplentes
</p>
<p>quanto  à  anuidade  do  exercício  em curso,  de  sorte  que  não  poderia  prevalecer  restrição
</p>
<p>imposta  por  resolução  em  contraste  com  a  legislação  em  vigor,  consoante  o  critério  de
</p>
<p>hierarquia das normas. A representação aludiu ainda a suposta irregularidade consistente em
</p>
<p>restringir a impugnação das fases do pleito eletivo apenas aos profissionais candidatos. 
</p>
<p>Instado  a  prestar  informações  acerca  dos  fatos,  o  Conselho  Federal  de
</p>
<p>Contabilidade esclareceu (às fls. 10 e 11) que os conselhos de fiscalização profissionais, a
</p>
<p>exemplo  dos  Conselhos  de  Contabilidade,  possuem  autonomia  legal  para  estabelecer
</p>
<p>1 Resolução CFC n. 1480/2015, art. 2º, § 2º: “Poderão votar somente o contador e o técnico em contabilidade que estiverem em 
situação regular perante o CRC, até 10 (dez) dias antes da data de início da eleição, inclusive quanto a débitos de qualquer 
natureza”.
</p>
<p> </p>
<p />
</div>
<div class="page"><p />
<p>MINISTÉRIO PÚBLICO FEDERAL
Procuradoria da República no Mato Grosso do Sul
</p>
<p>requisitos objetivos para a eleição dos seus cargos diretivos. Ademais, informou-se que essas
</p>
<p>eleições são regidas por estatutos próprios, tais como o Decreto-Lei n. 9.295/46 e o Decreto-
</p>
<p>Lei n. 1.040/69, os quais legitimam a edição de resoluções destinadas a regular a qualificação
</p>
<p>dos candidatos e eleitores, não podendo ser considerada medida restritiva que exorbite o poder
</p>
<p>dessa Autarquia a quitação de débitos como condicionante ao direito ao voto, uma vez que, ao
</p>
<p>contrário  do  sufrágio  universal  previsto  na  Constituição  Federal  para  os  cargos  eletivos
</p>
<p>públicos, trata-se a invocada eleição de um processo eleitoral de natureza associativa com
</p>
<p>regramento próprio à espécie, não sendo regido pelo Código Eleitoral Brasileiro, o qual, por
</p>
<p>sua vez, veda distinção de natureza financeira.
</p>
<p>Outrossim,  também foi  esclarecido  que  as  referidas  eleições  são  regidas
</p>
<p>pelas resoluções CFC n. 1440/2013 e CFC n. 1480/2015, e de acordo com o art. 14,  caput,
</p>
<p>desta última, qualquer contador ou técnico em contabilidade poderá impugnar o registro de
</p>
<p>chapa e seus integrantes no decorrer do pleito.
</p>
<p>No mesmo sentido foram as declarações prestadas pelo Conselho Regional
</p>
<p>de Contabilidade (às fls. 20-22), em atendimento às indagações ministeriais. Acrescentou-se,
</p>
<p>no entanto, que não houve impugnação de qualquer recurso relativo ao resultado da aludida
</p>
<p>eleição, seja referente à chapa única que fora registrada para concorrer ao pleito, seja quanto a
</p>
<p>ato  referente  à  própria  eleição,  sendo  constatado  como  único  incidente  questionamento
</p>
<p>enviado via e-mail pelo servidor Roberto Valentim Cieslak, o que não foi qualificado como
</p>
<p>como  impugnação,  por  não  se  adequar  ao  previsto  no  art.  14,  da  Resolução  CFC  n.
</p>
<p>1480/2015.
</p>
<p>Razões do arquivamento:
</p>
<p>Do  quanto  examinado,  verifica-se  que  não foi  constatada  qualquer
</p>
<p>irregularidade imputável aos Conselhos de Contabilidades, seja no âmbito Federal, seja no
</p>
<p>Regional, ao menos em relação à específica situação trazida ao conhecimento deste órgão
</p>
<p>ministerial por meio da representação em epígrafe, visto que essas autarquias são dotadas de
</p>
<p>autonomia administrativa, operacional e financeira, conforme manifestamente esclarecido por
</p>
<p>essas entidades e positivado no art. 26, inciso IV, do Decreto-Lei n. 200/672, o que as autoriza
</p>
<p>2 Art. 26, inciso IV, Decreto-Lei n. 200/67: “No que se refere à Administração Indireta, a supervisão ministerial visará a assegurar, 
essencialmente: IV - A autonomia administrativa, operacional e financeira da entidade”.
</p>
<p> </p>
<p />
</div>
<div class="page"><p />
<p>MINISTÉRIO PÚBLICO FEDERAL
Procuradoria da República no Mato Grosso do Sul
</p>
<p>estabelecer critérios próprios para eleições de seus cargos diretivos.  Ademais, não há que se
</p>
<p>falar  em irregularidades  concernentes  às  impugnações  referentes  às  mencionadas  eleições,
</p>
<p>visto  que  sequer  houve  impugnação  de  recurso  rejeitada  ou  à  qual  tenha  sido  negado
</p>
<p>seguimento. 
</p>
<p>Tem-se,  pois,  que  as  aventadas  irregularidades  não  se  confirmaram,  de
</p>
<p>modo que não há, no caso, justa causa para dar continuidade às apurações. 
</p>
<p>Por tais razões, promovo o arquivamento destes autos, nos termos do artigo
</p>
<p>9º da Lei nº 7.347/1985 e do artigo 17 da Resolução nº 87/2010 do Conselho Superior do 
</p>
<p>Ministério Público Federal.
</p>
<p>Providências:
</p>
<p>Ante o exposto, determino a adoção das seguintes providências:
</p>
<p>(1) Arquivar  o  presente  procedimento,  encaminhando-se  ofício  ao(s)
</p>
<p>representante(s),  a  fim de cientificá-lo(s) desta  promoção de arquivamento,  bem como da
</p>
<p>possibilidade de apresentar razões escritas ou documentos, que serão juntados aos autos, para
</p>
<p>apreciação da Procuradoria Federal, conforme o §3º do artigo 17 da Resolução do Conselho
</p>
<p>Superior do Ministério Público Federal nº 87/2010;
</p>
<p>(2) Remeter os  autos  à  1ª  Câmara  de  Coordenação  e  Revisão,  para
</p>
<p>apreciação deste arquivamento, de acordo com o §2º do artigo 17 da Resolução nº 87/2010 do
</p>
<p>Conselho Superior do Ministério Público Federal.
</p>
<p> Campo Grande/MS, 06 de maio de 2016.
</p>
<p>Danilce Vanessa Arte Ortiz Camy
Procuradora da República
</p>
<p>LDC
</p>
<p> </p>
<p />
</div>
</body></html>