<?xml version="1.0" encoding="UTF-8"?>
<html xmlns="http://www.w3.org/1999/xhtml">
<head>
<meta name="date" content="2016-01-28T17:57:03.079000000" />
<meta name="meta:paragraph-count" content="20" />
<meta name="meta:word-count" content="483" />
<meta name="Table-Count" content="0" />
<meta name="meta:initial-author" content="Anastácio Tahim Jr." />
<meta name="initial-creator" content="Anastácio Tahim Jr." />
<meta name="tika_batch_fs:relative_path" content="69355381.odt" />
<meta name="generator" content="LibreOffice/4.2.2.1$Windows_x86 LibreOffice_project/3be8cda0bddd8e430d8cda1ebfd581265cca5a0f" />
<meta name="Word-Count" content="483" />
<meta name="dcterms:created" content="2013-05-11T09:07:00" />
<meta name="dcterms:modified" content="2016-01-28T17:57:03.079000000" />
<meta name="Last-Modified" content="2016-01-28T17:57:03.079000000" />
<meta name="nbPara" content="20" />
<meta name="Last-Save-Date" content="2016-01-28T17:57:03.079000000" />
<meta name="meta:object-count" content="1" />
<meta name="meta:character-count" content="3234" />
<meta name="Paragraph-Count" content="20" />
<meta name="nbImg" content="0" />
<meta name="meta:save-date" content="2016-01-28T17:57:03.079000000" />
<meta name="dc:title" content="Procedimento Administrativo n" />
<meta name="modified" content="2016-01-28T17:57:03.079000000" />
<meta name="Edit-Time" content="PT39M4S" />
<meta name="meta:image-count" content="0" />
<meta name="Image-Count" content="0" />
<meta name="nbCharacter" content="3234" />
<meta name="nbObject" content="1" />
<meta name="Content-Length" content="62585" />
<meta name="nbPage" content="3" />
<meta name="X-TIKA:digest:MD5" content="449681680a81f037ef579b538ed197c0" />
<meta name="Object-Count" content="1" />
<meta name="nbWord" content="483" />
<meta name="Content-Type" content="application/vnd.oasis.opendocument.text" />
<meta name="X-Parsed-By" content="org.apache.tika.parser.DefaultParser" />
<meta name="X-Parsed-By" content="org.apache.tika.parser.odf.OpenDocumentParser" />
<meta name="meta:creation-date" content="2013-05-11T09:07:00" />
<meta name="meta:table-count" content="0" />
<meta name="Creation-Date" content="2013-05-11T09:07:00" />
<meta name="xmpTPg:NPages" content="3" />
<meta name="resourceName" content="69355381.odt" />
<meta name="Character Count" content="3234" />
<meta name="editing-cycles" content="13" />
<meta name="Page-Count" content="3" />
<meta name="tika:file_ext" content="odt" />
<meta name="nbTab" content="0" />
<meta name="meta:page-count" content="3" />
<title>Procedimento Administrativo n</title>
</head>
<body><p />
<p>Ministério Público Federal</p>
<p>Procuradoria da República no Estado do Ceará</p>
<p />
<p />
<p />
<p />
<p />
<p>Procedimento Preparatório n. ° 		1.15.000.000114/2016-47</p>
<p>Promoção de Arquivamento nº 	  090/2016 - MPF/PRCE/ANTJ</p>
<p />
<p />
<p />
<p />
<p />
<p>PROMOÇÃO</p>
<p />
<p />
<p />
<p />
<p />
<p>Cuida-se de procedimento preparatório, instaurado nesta Procuradoria da República, a partir de Representação formulada por Aline Ferreira da Conceição, por meio da qual declara ter tido problemas com a Caixa Econômica Federal – Agência Montese, pois, segundo a representante, devido ao despreparo do funcionário da referida agência, foi necessário que a estudante retornasse diversas vezes ao banco para complementação da documentação, o que acabou fazendo com que o prazo da conclusão do aditamento fosse perdido.</p>
<p />
<p>Eis o breve relato do necessário.</p>
<p />
<p>Analisando os presentes autos é possível constatar que a suposta irregularidade noticiada não tem abrangência coletiva, atinge apenas a esfera pessoal e patrimonial do representante, não se tratando, ademais, de direito indisponível ou direito individual homogêneo. Assim, vê-se que a demanda em questão trata de <b>interesse individual disponível</b>, não estando entre as incumbências atribuídas a este Ministério Público Federal. </p>
<p />
<p>Sobre o assunto, oportuno trazer à baila o enunciado n. 3, da 3ª Câmara de Coordenação e Revisão do Ministério Público Federal, <i>in verbis</i>:</p>
<p />
<p><i>ENUNCIADO N.º 3: "Quando, pelo exame da representação ou dos documentos presentes nos autos, restar inequívoco que a matéria objeto do feito é uma hipótese de lesão ou ameaça a direito individual disponível e não homogêneo, deve ser homologado o pedido de arquivamento, com fundamento na ilegitimidade da atuação do Ministério Público no caso sob análise.”</i></p>
<p />
<p>Outrossim, estabelece nossa Constituição da República que compete ao Ministério Público em geral<i> </i>a “defesa da ordem jurídica, do regime democrático e dos interesses sociais e individuais indisponíveis”, não sendo configurado, no caso em apreço, qualquer abrangência de ordem geral, nem tampouco é verificada a ocorrência de direito individual indisponível sendo violado.</p>
<p />
<p>Cabe ao representante, então, buscar a tutela individual de seus interesses, motivo pelo qual se remeterão os presentes autos à Defensoria Pública da União para análise, tendo em vista que a referida instituição tem como incumbência constitucional (art. 134 da CF/88) a orientação jurídica e a defesa, em todos os graus, dos necessitados.</p>
<p />
<p>Diante do exposto, e não havendo outras providências a serem tomadas por este <i>parquet</i>, decido pelo arquivamento<b> da representação</b>, e determino à Secretaria do Gabinete que: </p>
<p />
<p>1. informe ao noticiante sobre o presente indeferimento, <b><u>com cópia do presente despacho</u></b>, participando a este último que terá o prazo de 10 dias para, querendo, apresentar recurso dirigido ao 12º NTC, o qual, em caso de não retratação, será encaminhado à competente Câmara de Coordenação e Revisão/PFDC para apreciação; </p>
<p />
<p>2.  extraia cópia dos autos e encaminhe à Defensoria Pública da União, para que preste assistência judiciária à representante, se for o caso;</p>
<p />
<p>3.  após o prazo para recurso, remetam-se os autos à 1ª Câmara de Coordenação e Revisão do Ministério Público Federal para fins de homologação.</p>
<p />
<p>Fortaleza, 28 de janeiro de 2016.</p>
<p />
<p />
<p><b>Anastácio Nóbrega Tahim Júnior</b></p>
<p><b><i>Procurador da República</i></b></p>
</body></html>