<?xml version="1.0" encoding="UTF-8"?>
<html xmlns="http://www.w3.org/1999/xhtml">
<head>
<meta name="date" content="2017-02-02T12:50:15Z" />
<meta name="pdf:PDFVersion" content="1.5" />
<meta name="pdf:docinfo:title" content="0144_2016-28_Processo_Seletivo_Erro_Ausencia" />
<meta name="xmp:CreatorTool" content="PDFCreator 2.1.2.0" />
<meta name="access_permission:can_print_degraded" content="true" />
<meta name="subject" content="" />
<meta name="dc:format" content="application/pdf; version=1.5" />
<meta name="pdf:docinfo:creator_tool" content="PDFCreator 2.1.2.0" />
<meta name="access_permission:fill_in_form" content="true" />
<meta name="pdf:encrypted" content="false" />
<meta name="dc:title" content="0144_2016-28_Processo_Seletivo_Erro_Ausencia" />
<meta name="modified" content="2017-02-02T12:50:15Z" />
<meta name="cp:subject" content="" />
<meta name="pdf:docinfo:subject" content="" />
<meta name="pdf:docinfo:creator" content="PRAM" />
<meta name="meta:author" content="PRAM" />
<meta name="meta:creation-date" content="2017-02-02T12:50:15Z" />
<meta name="created" content="Thu Feb 02 10:50:15 BRST 2017" />
<meta name="access_permission:extract_for_accessibility" content="true" />
<meta name="Creation-Date" content="2017-02-02T12:50:15Z" />
<meta name="resourceName" content="69500122.pdf" />
<meta name="tika:file_ext" content="pdf" />
<meta name="Author" content="PRAM" />
<meta name="producer" content="PDFCreator 2.1.2.0" />
<meta name="pdf:docinfo:producer" content="PDFCreator 2.1.2.0" />
<meta name="Keywords" content="" />
<meta name="access_permission:modify_annotations" content="true" />
<meta name="dc:creator" content="PRAM" />
<meta name="tika_batch_fs:relative_path" content="69500122.pdf" />
<meta name="dcterms:created" content="2017-02-02T12:50:15Z" />
<meta name="Last-Modified" content="2017-02-02T12:50:15Z" />
<meta name="dcterms:modified" content="2017-02-02T12:50:15Z" />
<meta name="xmpMM:DocumentID" content="uuid:a464b86e-eba1-11e6-0000-608249887f21" />
<meta name="Last-Save-Date" content="2017-02-02T12:50:15Z" />
<meta name="pdf:docinfo:keywords" content="" />
<meta name="pdf:docinfo:modified" content="2017-02-02T12:50:15Z" />
<meta name="meta:save-date" content="2017-02-02T12:50:15Z" />
<meta name="Content-Length" content="64832" />
<meta name="X-TIKA:digest:MD5" content="bd837900406865ab4195197158fd15e2" />
<meta name="Content-Type" content="application/pdf" />
<meta name="X-Parsed-By" content="org.apache.tika.parser.DefaultParser" />
<meta name="X-Parsed-By" content="org.apache.tika.parser.pdf.PDFParser" />
<meta name="creator" content="PRAM" />
<meta name="dc:subject" content="" />
<meta name="access_permission:assemble_document" content="true" />
<meta name="xmpTPg:NPages" content="3" />
<meta name="access_permission:extract_content" content="true" />
<meta name="access_permission:can_print" content="true" />
<meta name="meta:keyword" content="" />
<meta name="access_permission:can_modify" content="true" />
<meta name="pdf:docinfo:created" content="2017-02-02T12:50:15Z" />
<title>0144_2016-28_Processo_Seletivo_Erro_Ausencia</title>
</head>
<body><div class="page"><p />
<p>PR/AM-00____________/2017
</p>
<p>MINISTÉRIO PÚBLICO FEDERAL
PROCURADORIA DA REPÚBLICA NO AMAZONAS
</p>
<p>4º OFÍCIO 
</p>
<p>Inquérito Civil nº 1.13.000.000144/2016-28
</p>
<p>Representante: Rafael Mikael Almeida
</p>
<p>Representado:  Instituto  Federal  de  Educação,  Ciência  e  Tecnologia  do
</p>
<p>Amazonas – IFAM
</p>
<p>PROMOÇÃO DE ARQUIVAMENTO
</p>
<p>Cuida-se de inquérito civil instaurado a partir de representação
</p>
<p>formulada por RAFAEL MIKAEL ALMEIDA, noticiando possíveis irregularidades
</p>
<p>no processo  seletivo  do  IFAM Edital  nº  25/2015,  para  preenchimento de
</p>
<p>vagas em cursos de pós-graduação.
</p>
<p>Em síntese,  a  representação  narra  a  suposta  ocorrência  de
</p>
<p>vícios no processo seletivo acima identificado, uma vez que foi publicada
</p>
<p>uma lista de candidatos aprovados no dia 07/12/2015, a qual  veio a ser
</p>
<p>cancelada no dia 09/12/2015. Em seguida, foi publicada nova lista, no dia
</p>
<p>10/12/2015. 
</p>
<p>Segundo  o  representante,  ambas  as  listas  apresentavam
</p>
<p>incoerências, com candidatos apresentando notas diferentes das que foram
</p>
<p>publicadas.
</p>
<p>Em resposta, o IFAM encaminhou o Memorando Eletrônico nº
</p>
<p>165/2016 – PROEN/Reitoria (11.01.01.04), em que esclarece que 
</p>
<p>“foi detectado um erro na importação dos arquivos das Notas
</p>
<p>do  ENEM,  pelo  fato  de  que  muitos  candidatos  não
</p>
<p>observaram  os  termos  estabelecidos  no  item  5.  DAS
</p>
<p>INSCRIÇÕES do supramencionado Edital: 
</p>
<p>5.1. As inscrições para o Processo Seletivo serão realizadas,
</p>
<p>Av. André Araújo, 358, Bairro Adrianópolis, CEP 69.057-025, Manaus
Tel./Fax: (92) 3182-3115 -  E-mail: pram-oficio4@mpf.mp.br</p>
<p />
</div>
<div class="page"><p />
<p>exclusivamente, via internet no período do dia 26 de outubro
</p>
<p>de  2015  a  13  de  novembro  de  2015,  de  acordo  com os
</p>
<p>seguintes procedimentos:  
</p>
<p>II. Preencher o Formulário de Inscrição de forma completa e
</p>
<p>anexar,  ao  final  da  inscrição,  o  Boletim  do  ENEM,
</p>
<p>comprobatória  da  participação  do  ENEM  2013  ou  (grifo
</p>
<p>nosso) de 2014, com o número da inscrição e notas obtidas
</p>
<p>em  cada  uma  das  provas  por  área  de  conhecimento  e
</p>
<p>redação e enviá-lo pela  internet.” (os trechos  importantes
</p>
<p>foram destacados).
</p>
<p>Aduz, ainda: “Muitos candidatos inseriram simultaneamente os
</p>
<p>2 (dois) Boletins do ENEM (de 2013 e de 2014) no mesmo arquivo, ficando
</p>
<p>difícil o sistema escolher qual boletim usar para processar os cálculos”.
</p>
<p>Assim, o instituto justifica a necessidade de ter havido nova
</p>
<p>publicação  da  lista  de  candidatos  aprovados,  uma  vez  que  o  sistema
</p>
<p>informatizado apresentou erros devido aos dados carregados pelos próprios
</p>
<p>candidatos. Apresenta, por fim, os cálculos pormenorizados das notas dos
</p>
<p>candidatos, com base nas informações fornecidas.
</p>
<p>Do  que  consta  nos  autos,  não  se  verifica  a  ocorrência  de
</p>
<p>qualquer vício no certame. O que houve foi um erro, proveniente do próprio
</p>
<p>sistema  de  inscrições,  o  qual  foi  posteriormente  corrigido  pelo  próprio
</p>
<p>órgão, por meio do exercício da autotutela.
</p>
<p>Não vislumbro a ocorrência de fraudes, ou ofensa dos princípios
</p>
<p>que  regem  a  administração  pública,  até  porque  não  há,  no  bojo  da
</p>
<p>representação,  a  demonstração  de  indícios  de  dolus  malus ou  qualquer
</p>
<p>outro ânimo de corromper a máquina pública por parte do IFAM.
</p>
<p>Não havendo prejuízo à administração ou aos administrados,
</p>
<p>convém encerrar o presente investigatório.
</p>
<p> 2/3</p>
<p />
</div>
<div class="page"><p />
<p>Pelo exposto, nos termos do art. 9º da Lei nº 7.347/1985, c/c
</p>
<p>art. 10 da Resolução CNMP nº 23/2007 e art. 17 da Resolução CSMPF nº
</p>
<p>87/2010, promovo o arquivamento deste procedimento.
</p>
<p>Em  obediência  ao  art.  17,  §  1º,  da  Resolução  CSMPF  nº
</p>
<p>87/2010,  oficie-se  o  interessado,  através  de  e-mail,  cientificando-o  do
</p>
<p>arquivamento e da previsão inserta no art. 17, § 3º da referida Resolução. 
</p>
<p>No prazo de 3 (três) dias, remetam-se os autos à colenda 1ª
</p>
<p>Câmara de Coordenação e Revisão, em consonância com o art. 17, § 1º, da
</p>
<p>Resolução CSMPF nº 87/2010.
</p>
<p> 
</p>
<p>Manaus/AM, 1º de fevereiro de 2017.
</p>
<p>Carlos Augusto Guarilha de Aquino Filho
</p>
<p>Procurador da República
</p>
<p> 3/3</p>
<p />
</div>
</body></html>