<?xml version="1.0" encoding="UTF-8"?>
<html xmlns="http://www.w3.org/1999/xhtml">
<head>
<meta name="pdf:PDFVersion" content="1.6" />
<meta name="xmp:CreatorTool" content="ScanPDFMaker 1.0" />
<meta name="access_permission:modify_annotations" content="true" />
<meta name="access_permission:can_print_degraded" content="true" />
<meta name="tika_batch_fs:relative_path" content="69512166.pdf" />
<meta name="dcterms:created" content="2017-09-15T08:33:44Z" />
<meta name="dc:format" content="application/pdf; version=1.6" />
<meta name="pdf:docinfo:creator_tool" content="ScanPDFMaker 1.0" />
<meta name="access_permission:fill_in_form" content="true" />
<meta name="pdf:encrypted" content="false" />
<meta name="Content-Length" content="1930897" />
<meta name="X-TIKA:digest:MD5" content="4ab7b9d5adfa6e876bcc76a05dc2181d" />
<meta name="Content-Type" content="application/pdf" />
<meta name="X-Parsed-By" content="org.apache.tika.parser.DefaultParser" />
<meta name="X-Parsed-By" content="org.apache.tika.parser.pdf.PDFParser" />
<meta name="meta:creation-date" content="2017-09-15T08:33:44Z" />
<meta name="created" content="Fri Sep 15 05:33:44 BRT 2017" />
<meta name="access_permission:extract_for_accessibility" content="true" />
<meta name="access_permission:assemble_document" content="true" />
<meta name="xmpTPg:NPages" content="4" />
<meta name="Creation-Date" content="2017-09-15T08:33:44Z" />
<meta name="resourceName" content="69512166.pdf" />
<meta name="access_permission:extract_content" content="true" />
<meta name="access_permission:can_print" content="true" />
<meta name="tika:file_ext" content="pdf" />
<meta name="producer" content="Samsung-M4080FX" />
<meta name="access_permission:can_modify" content="true" />
<meta name="pdf:docinfo:producer" content="Samsung-M4080FX" />
<meta name="pdf:docinfo:created" content="2017-09-15T08:33:44Z" />
<title></title>
</head>
<body><div class="page"><p />
</div>
<div class="page"><p />
</div>
<div class="page"><p />
</div>
<div class="page"><p />
</div>
</body></html>