<?xml version="1.0" encoding="UTF-8"?>
<html xmlns="http://www.w3.org/1999/xhtml">
<head>
<meta name="cp:revision" content="0" />
<meta name="date" content="1601-01-01T00:00:00Z" />
<meta name="dc:creator" content="PRCE" />
<meta name="tika_batch_fs:relative_path" content="69660126.doc" />
<meta name="meta:print-date" content="2016-06-16T17:14:53Z" />
<meta name="dcterms:created" content="2011-08-09T19:48:22Z" />
<meta name="dcterms:modified" content="1601-01-01T00:00:00Z" />
<meta name="Last-Modified" content="1601-01-01T00:00:00Z" />
<meta name="Last-Save-Date" content="1601-01-01T00:00:00Z" />
<meta name="meta:save-date" content="1601-01-01T00:00:00Z" />
<meta name="modified" content="1601-01-01T00:00:00Z" />
<meta name="Edit-Time" content="20670680000000" />
<meta name="Content-Length" content="26112" />
<meta name="X-TIKA:digest:MD5" content="e3c7163f8d54cc9464634880acfc4122" />
<meta name="Content-Type" content="application/msword" />
<meta name="X-Parsed-By" content="org.apache.tika.parser.DefaultParser" />
<meta name="X-Parsed-By" content="org.apache.tika.parser.microsoft.OfficeParser" />
<meta name="creator" content="PRCE" />
<meta name="meta:author" content="PRCE" />
<meta name="meta:creation-date" content="2011-08-09T19:48:22Z" />
<meta name="Last-Printed" content="2016-06-16T17:14:53Z" />
<meta name="Creation-Date" content="2011-08-09T19:48:22Z" />
<meta name="resourceName" content="69660126.doc" />
<meta name="Revision-Number" content="0" />
<meta name="tika:file_ext" content="doc" />
<meta name="Author" content="PRCE" />
<title></title>
</head>
<body><div class="header"><p class="título_1"><img src="embedded:image1.png" alt="image1.png" /></p>
<p class="título_1"><b>MINISTÉRIO PÚBLICO DA UNIÃO</b></p>
<p class="corpo_de_texto"><b> MINISTÉRIO PÚBLICO FEDERAL </b></p>
<p class="título_1"><b>PROCURADORIA DA REPÚBLICA NO ECSTADO DO CEARÁ</b></p>
</div>
<table><tbody><tr>	<td><p class="padrão">PR-CE-00024103/2016</p>
</td></tr>
</tbody></table>
<p class="padrão"><b>PROMOÇÃO DE ARQUIVAMENTO Nº 675/2016</b></p>
<p class="padrão"><b><u>IC. 1.15.000.000292/2016-78</u></b></p>
<p class="corpo_de_texto">Trata-se de PP instaurado no âmbito do 5º Ofício desta Procuradoria da República, a partir da representação sigilosa de fl. 02, em que a representante, na qualidade de cidadã e cadeirante, denuncia a ocorrência de problemas de saneamento básico e de pavimentação das ruas no Município de Pindoretama-CE, o que tem causado problemas em sua vida social, haja vista as dificuldades que tem de enfrentar para o deslocamento em cadeira de rodas.</p>
<p class="corpo_de_texto">Oficiado ao Município de Pindoretama-CE sobre o teor da representação(fl. 04), foi encaminhada a resposta de fls. 05/06, juntamente com os documentos de fls. 07/59, por meio da qual o Município informou que, em razão da falta de recursos próprios do Município, já foi protocolado um pedido junto ao Ministério das Cidades para a formalização de um convênio com o objetivo de pavimentação das ruas da cidade. E, quanto ao saneamento básico do Município, em razão da incompletude dos serviços públicos no Município, a partir de recursos da FUNASA, o MPF já tomou as medidas necessárias à responsabilização da ex-gestora municipal por prática de ato de improbidade administrativa (<i>vide </i>sentença de fls. 25/29).
</p>
<p class="corpo_de_texto">É o relato do essencial.</p>
<p class="corpo_de_texto">Da análise dos documentos carreados aos autos, observa-se que o MPF já tomou as medidas cabíveis com relação à não aplicação devida dos recursos da FUNASA no Município de Pindoretama-CE para a construção do sistema de esgotamento sanitário do referido município (fls. 25/29).
</p>
<p class="corpo_de_texto">No que concerne à outra irresignação constante na representação sigilosa de fl. 02, atinente à pavimentação das ruas da cidade de Pindoretama, observa-se que o Município já está a envidar esforços para sanar o problema de política pública local, conforme documentos de fls. 08/14, que já é objeto de acompanhamento pelo Ministério Público Estadual, conforme ofício de fl. 07.</p>
<p class="corpo_de_texto">Assim, não havendo mais nada a ser apurado no âmbito cível pelo MPF, <b>resolvo pelo arquivamento do feito</b>.
</p>
<p class="corpo_de_texto">Tratando-se de manifestação sigilosa, não há como oficiar ao representante.</p>
<p class="corpo_de_texto">Comunique-se à Câmara respectiva.</p>
<p class="corpo_de_texto">Fortaleza, 16 de junho de 2016.</p>
<p class="padrão"><b>OSCAR COSTA FILHO</b></p>
<p class="padrão">Procurador da República </p>
<div class="footer" />
<img src="embedded:image1.png" alt="image1.png" /></body></html>