<?xml version="1.0" encoding="UTF-8"?>
<html xmlns="http://www.w3.org/1999/xhtml">
<head>
<meta name="pdf:PDFVersion" content="1.6" />
<meta name="xmp:CreatorTool" content="ScanPDFMaker 1.0" />
<meta name="access_permission:modify_annotations" content="true" />
<meta name="access_permission:can_print_degraded" content="true" />
<meta name="tika_batch_fs:relative_path" content="69793500.pdf" />
<meta name="dcterms:created" content="2017-04-26T11:01:17Z" />
<meta name="dc:format" content="application/pdf; version=1.6" />
<meta name="pdf:docinfo:creator_tool" content="ScanPDFMaker 1.0" />
<meta name="access_permission:fill_in_form" content="true" />
<meta name="pdf:encrypted" content="false" />
<meta name="Content-Length" content="324658" />
<meta name="X-TIKA:digest:MD5" content="8f1984eebc947a659507d2adfdf49c09" />
<meta name="Content-Type" content="application/pdf" />
<meta name="X-Parsed-By" content="org.apache.tika.parser.DefaultParser" />
<meta name="X-Parsed-By" content="org.apache.tika.parser.pdf.PDFParser" />
<meta name="meta:creation-date" content="2017-04-26T11:01:17Z" />
<meta name="created" content="Wed Apr 26 08:01:17 BRT 2017" />
<meta name="access_permission:extract_for_accessibility" content="true" />
<meta name="access_permission:assemble_document" content="true" />
<meta name="xmpTPg:NPages" content="3" />
<meta name="Creation-Date" content="2017-04-26T11:01:17Z" />
<meta name="resourceName" content="69793500.pdf" />
<meta name="access_permission:extract_content" content="true" />
<meta name="access_permission:can_print" content="true" />
<meta name="tika:file_ext" content="pdf" />
<meta name="producer" content="Samsung-CLX-8640" />
<meta name="access_permission:can_modify" content="true" />
<meta name="pdf:docinfo:producer" content="Samsung-CLX-8640" />
<meta name="pdf:docinfo:created" content="2017-04-26T11:01:17Z" />
<title></title>
</head>
<body><div class="page"><p />
</div>
<div class="page"><p />
</div>
<div class="page"><p />
</div>
</body></html>