<?xml version="1.0" encoding="UTF-8"?>
<html xmlns="http://www.w3.org/1999/xhtml">
<head>
<meta name="date" content="2016-04-01T18:09:45.64" />
<meta name="meta:paragraph-count" content="77" />
<meta name="meta:word-count" content="3382" />
<meta name="Table-Count" content="1" />
<meta name="meta:initial-author" content="Procuradoria da República-MG" />
<meta name="initial-creator" content="Procuradoria da República-MG" />
<meta name="dc:creator" content="PGR PGR" />
<meta name="tika_batch_fs:relative_path" content="69922966.odt" />
<meta name="generator" content="BrOffice.org/3.2$Win32 OpenOffice.org_project/320m18$Build-9502" />
<meta name="Word-Count" content="3382" />
<meta name="dcterms:created" content="2005-07-26T11:21:00" />
<meta name="dcterms:modified" content="2016-04-01T18:09:45.64" />
<meta name="Last-Modified" content="2016-04-01T18:09:45.64" />
<meta name="nbPara" content="77" />
<meta name="Last-Save-Date" content="2016-04-01T18:09:45.64" />
<meta name="meta:object-count" content="0" />
<meta name="meta:character-count" content="22285" />
<meta name="Paragraph-Count" content="77" />
<meta name="nbImg" content="2" />
<meta name="meta:save-date" content="2016-04-01T18:09:45.64" />
<meta name="modified" content="2016-04-01T18:09:45.64" />
<meta name="Edit-Time" content="PT587H48M59S" />
<meta name="meta:image-count" content="2" />
<meta name="Image-Count" content="2" />
<meta name="nbCharacter" content="22285" />
<meta name="nbObject" content="0" />
<meta name="Content-Length" content="130361" />
<meta name="nbPage" content="12" />
<meta name="X-TIKA:digest:MD5" content="2dd52b6bff80bd671fadbe1cbbef75cd" />
<meta name="Object-Count" content="0" />
<meta name="nbWord" content="3382" />
<meta name="Content-Type" content="application/vnd.oasis.opendocument.text" />
<meta name="X-Parsed-By" content="org.apache.tika.parser.DefaultParser" />
<meta name="X-Parsed-By" content="org.apache.tika.parser.odf.OpenDocumentParser" />
<meta name="creator" content="PGR PGR" />
<meta name="meta:author" content="PGR PGR" />
<meta name="meta:creation-date" content="2005-07-26T11:21:00" />
<meta name="meta:table-count" content="1" />
<meta name="Creation-Date" content="2005-07-26T11:21:00" />
<meta name="xmpTPg:NPages" content="12" />
<meta name="resourceName" content="69922966.odt" />
<meta name="Character Count" content="22285" />
<meta name="editing-cycles" content="85" />
<meta name="Page-Count" content="12" />
<meta name="tika:file_ext" content="odt" />
<meta name="Author" content="PGR PGR" />
<meta name="nbTab" content="1" />
<meta name="meta:page-count" content="12" />
<title></title>
</head>
<body><p><b>Inquérito Civil Público n° 1.22.002.000079/2016-10</b></p>
<p />
<p />
<p />
<p><u>Promoção de Arquivamento</u> </p>
<p />
<p />
<p />
<p>Trata-se de Inquérito Civil Público instaurado para apurar supostas irregularidades praticadas por ocasião da realização do conurso publico de provas, regido pelo Edital n° 54, de 21/10/2015, para provimento de cargos da carreira de Técnico-Administrativo em Educação do Quadro de Pessoal Permanente do Instituto Federal de Educação, Ciência e Tecnologia do Triângulo Mineiro,. </p>
<p />
<p>O autor do documento n°. PRM-URA-MG-00000902/2016 (f. 91) <i>“questiona a ocorrência de interposição de recursos por pessoa estranha ao concurso e ausência de transparência consistente na não divulgação dos resultados dos recursos interpostos contra questões de prova do concurso regido pelo Edital n° 54/2015”</i>. </p>
<p />
<p>Já o autor do documento n°. PRM-URA-MG-00000970/2016 (f. 94/95) informa que <i>“sua filha participou do concurso público do IFTM regulado pelo Edital n° 054/2015, de 21/10/2015, que realizou as provas sendo classificada, que os gabaritos definitivos foram publicados nos editais 07 e 09/2016, que, posteriormente foram alterados pelo edital 014/2016, contrariando o edital 09/2016, que proíbe recursos contra o resultado dos gabaritos, que a nova classificação prejudicou vários candidatos, que entende que o concurso foi prejudicado tendo seu cronograma alterado e que deverá ser mantido o 1° gabarito definitivo do edital 09/2015 para assegurar a legalidade do concurso ou o cancelamento do mesmo”</i>. </p>
<p />
<p>Sobre o concurso para provimento de cargos do IFTM o autor do documento n°  PRM-URA-MG-00000905/2016 (f. 182/183) noticiou que <i>“a banca, após retificar inúmeras vezes o edital, divulgou o gabarito preliminar da prova objetiva e abriu prazo para o recurso. Os recursos foram analisados e a banca divulgou o gabarito definitivo (1ª vez publicado) e resultado provisório da primeira fase do concurso. Com tais informações abriu-se prazo para recurso (recurso contra o gabarito definitivo e o resultado provisório). […] Os recursos foram novamente analisados e as alterações realizadas. Alteração de questões do gabarito definitivo (2ª vez publicado). Anularam questões e trocaram alternativas devido aos recursos deferidos. […] Por duas vezes a banca alterou o cronograma do concurso, alterou as datas que sairiam os resultados faltando pouco menos de 40 minutos para meia noite do dia em que estipularam que seria divulgado o resultado provisório do concurso”</i>. </p>
<p />
<p>Da mesma forma o autor do documento n°  PRM-URA-MG-00000929/2016 (f. 246/247) noticiou possíveis falhas no concurso do IFTM, nos seguintes termos: <i>“O edital não teve na fase de impugnação, as cláusulas abusivas impugnadas. Cláusulas agora que surtem efeitos danosos aos candidatos. A banca publicou o gabarito preliminar em 20 de dezembro de 2015, e abriu prazo para recursos das questões. Após a interposição de recursos para discutir mérito das questões, a banca publicou retificação do edital para publicar o gabarito oficial e resultado da 1ª fase em 08/01/2015. Em 08/01/2015 foi publicado a divulgação dos gabaritos definitivos e resultado provisório da primeira fase, com base nos recursos e sem divulgar a justificativa para várias anulações de questões e trocas de letras de gabarito, abriu outro prazo para recursos em que discutiu mérito de questões novamente e outros recurso que foram aceitos. No dia 16/01, foi divulgada nova lista e novo gabarito alterado novamente mediante recursos interpostos […]. É sabido que o prazo para discutir mérito de questões deve ser no período inicial, pois várias trocas podem ser reflexo de fraude no concurso, principalmente quando não se dá ao candidato a justificativa dos recursos e de anulação de questões”</i>. </p>
<p />
<p>Por fim, o autor do documento n° PRM-URA-MG-00000804/2016 (f. 250/251) noticiou possível irregularidade no concurso do IFTM – Cargo Técnico Administrativo – Tecnólogo – Gestão RH – Gestão Pública, regido pelo Edital 54, de 21/10/2015 e alegou, em síntese, que <i>“o resultado provisório do concurso saiu no dia 20/12/2015, em que a representante foi classificada em 4° lugar. Entrou com recurso e no dia 15/01/2016 saiu o resultado de todos os recursos e publicação da lista classificatória oficial estando classificada em 1° lugar. No dia 26/01/2016 houve alteração do cronograma do concurso, divulgação de um novo gabarito e nova possibilidade para entrar com recursos. Neste último edital a representante voltou a estar classificada em 4° lugar”</i>. </p>
<p />
<p>Ante tais notícias de possíveis irregularidades, por meio do ofício 198/2016-PRM-URA/GAB-1OF (f. 259), este órgão ministerial solicitou informações ao Reitor do IFTM para: (i) detalhar as alterações realizadas após a divulgação do primeiro resultado definitivo do concurso regido pelo Edital n° 54, de 21/10/2015, bem assim, os motivos pelos quais tais alterações foram realizadas; (ii) apresentar os respectivos atos administrativos, eventuais cópias de recursos, reivindicações ou impugnações de candidatos, incluídas aquelas remetidas por correio eletrônico, apresentados contra o primeiro resultado definitivo; (iii) explicar porque foram admitidos e deferidos recursos apresentados pela candidata Thereza Carolina Gonçalves Vieira contra a prova de Técnico-Administrativo em Educação, embora esta tenha concorrido em outro concurso, o de Professor do Ensino Básico, Técnico e Tecnológico. </p>
<p />
<p>Por meio do Ofício 51/2016/MEC/IFTM/GAB-REI (f. 262), acompanhado do Memorando n° 040/2016/Comissão Organizadora do Concurso de Edital 054/2015, o IFTM informou que a empresa Pró-Município foi vencedora do Pregão Eletrônico 094/2014, sendo a responsável pela elaboração e aplicação da prova objetiva objeto do concurso público regido pelo edital 054/2015, bem assim, foi a responsável pela análise dos recursos interpostos contra a prova, pela logística de aplicação e demais fases do certame. Esclareceu que a empresa Pró-Município tem autonomia quanto à análise dos recursos e de seus deferimentos, não tendo o IFTM realizado qualquer interferência quanto ao posicionamento da banca e das ações de retificação do gabarito. Salientou que coube ao IFTM o acompanhamento contratual de todas as ações da empresa quanto à prestação do serviço contratado. </p>
<p />
<p>Verifica-se à f. 264 que a empresa Pro-Município esclareceu item por item das informações solicitadas pelo MPF por meio do ofício 198/2016-PRM-URA/GAB-1OF, conforme se vê: </p>
<p />
<p>“<b><u>SOBRE O ITEM (I) DO OFÍCIO 198/2016-PRM-URA/GAB-1OF</u> </b></p>
<p><b><u>I - Sobre a manifestação 20160005870 – Rejana Alves de Almeida</u></b> </p>
<p>1. O resultado provisório da primeira fase foi divulgado em 15 de janeiro de 2016 pelo edital 07 (disponível nos sites do PRO-MUNICÍPIO e do IFTM), e não em 20 de dezembro como erroneamente afirma a denunciante. </p>
<p>2. Neste resultado o nome da denunciante figura na primeira posição da lista (página 38 do edital). No entanto, esta posição não representa a classificação da candidata no certame, pois não foram aplicados, no resultado provisório, os critérios de desempate previsto no edital do certame (item 13.1) o que somente seria feito quando da divulgação do resultado final da primeira fase. </p>
<p>3. Em 15 de janeiro de 2016 foi divulgado o Edital 14, que retificava o Edital 07 (disponível nos sites do PRO-MUNICÍPIO e do IFTM). A retificação do gabarito que foi efetuada não foi devida a novos recursos apresentados pelos candidatos, mas por ter sido detectada pela própria organizadora uma inconsistência na informação divulgada. Tudo isso foi tornado público no Edital 14 que está disponível nos sites do PRO-MUNICÍPIO e do IFTM. </p>
<p>4. Com a retificação do gabarito, o resultado que havia sido divulgado anteriormente pelo Edital 07, <b><i><u>RESULTADO AINDA PROVISÓRIO CONVÉM SALIENTAR</u></i></b>, foi alterado o que motivou a abertura de novo prazo para recurso. Ao contrário do que a candidata quer induzir a que se conclua, não foi alterado nenhum resultado definitivo, mas provisório, e a reabertura do prazo de recurso era medida justa e necessária. </p>
<p>5. O edital 14 que divulgou o resultado final da primeira fase, como se tratava de resultado final, trazia, como de fato deveria trazer, os candidatos classificados após a aplicação dos critérios de desempate. Por esta razão a denunciante figura na quarta classificação dentro do cargo para o qual se inscreveu. </p>
<p>6. Todos os atos praticados estão em perfeita sintonia com o regulamento do concurso, sem que nenhuma regra do certame tenha sido alterada. </p>
<p><b>II – Sobre a manifestação 20160006202 – SIGILOSA</b> </p>
<p>1. Com relação a esta denúncia apresento as mesmas explicações acima com os acréscimos que se seguem. </p>
<p>2. A candidata afirma que as retificações de gabarito que foram feitas decorreram  de recursos de candidatos, o que não é verdade. A retificação foi feita em decorrência de a própria organizadora ter encontrado erros na informação divulgada através do Edital 07. </p>
<p>3. Todas as datas constantes do cronograma são passíveis de alteração. Os candidatos têm conhecimento deste fato. </p>
<p>4. A candidata solicitou que fossem divulgadas as notas de cada matéria e as datas de nascimento dos candidatos ainda no resultado provisório o que contraria o disposto no item 13.1 do regulamento do concurso que ela própria cita em sua argumentação. Como foi dito acima, isto só seria feito, como de fato foi, quando da divulgação da NOTA FINAL (entenda-se resultado final) da primeira fase. </p>
<p>5. A argumentação apresentada pela candidata com relação à questão 14 foi recusada pela banca. Quer a mesma impor seu pensamento que difere do que entende a banca. Há um questionamento feito sobre a Lei 8.112/90 que não envolve a EC 19. Este o cerne da discussão que julgamos encerrada quando divulgamos a resposta aos recursos e, posteriormente, o inteiro teor destas respostas (Edital 26, de 5 de fevereiro, disponível nos sites do PRÓ-MUNICÍPIO e do IFTM). </p>
<p><u>III. Sobre a manifestação 20160007163 – SIGILOSA</u> </p>
<p>1. As explicações acima fornecidas satisfazem ao que o(a) denunciante expõe neste caso. Nada a ser acrescentado. </p>
<p>I<b><u>V. Sobre a manifestação 20160006491 – SIGILOSA </u></b></p>
<p>1. A reclamação da candidata quanto à falta de transparência não procede. Os atos do concurso foram pautados pelo seu regulamento. A divulgação das justificativas das anulações e das manutenções de gabarito são feitas juntamente com o resultado oficial definitivo (item 17.9 do regulamento do concurso), o que efetivamente foi concretizado através do Edital 26, de 5 de fevereiro, disponível nos sites do PRÓ-MUNICÍPIO e do IFTM. </p>
<p>SOBRE O ITEM (II) DO OFÍCIO 198/2016-PRM-URA/GAB-1OF </p>
<p>1. Enfatizamos que NÃO FOI FEITA NENHUMA ALTERAÇÃO DE RESULTADO DEFINITIVO, MAS DE UM RESULTADO AINDA PROVISÓRIO, conforme exaustivamente explicado acima. </p>
<p>SOBRE O ITEM (III) DO OFÍCIO 198/2016-PRM-URA/GAB-1OF </p>
<p>1. Os recursos dos candidatos são apresentados através de sistema eletrônico. Envio-lhes os arquivos digitais (link de acesso). </p>
<p>2. Todos os editais contendo respostas aos recursos estão no site do PRÓ-MUNICÍPIO e do IFTM(Editais 7, 9, 14 e 21). </p>
<p>3. As justificativas das anulações e/ou manutenções de gabarito também estão disponíveis nos sites do PRÓ-MUNICÍPIO e do IFTM (Edital 26). </p>
<p>SOBRE O ITEM (IV) DO OFÍCIO 198/2016-PRM-URA/GAB-1OF </p>
<p>1. A candidata Thereza Carolina Gonçalves Vieira inscreveu-se duas vezes nos concursos promovidos pelo IFTM, conforme abaixo se discrimina, tendo optado, por razões que fogem ao nosso controle, por continuar apenas para o cargo Gestão, já que todas as provas dos dois concursos aconteceriam nos mesmos dias e horários. </p>
<p>2. Como prova disso, o nome da candidata figura na página 22, do Edital 20, de 5 de fevereiro (disponível nos sites do PRÓ-MUNICÍPIO e do IFTM) que divulgou o resultado definitivo da primeira fase do concurso PEBTT (disponível nos sites do PRÓ-MUNICÍPIO e do IFTM).</p>
<p>3. Quando a candidata apresentou recurso através do sistema eletrônico, na hora de preencher seus dados, o fez utilizando a inscrição para o cargo de TECNÓLOGO-FORMAÇÃO/GESTÃO DE RECURSOS HUMANOS OU GESTÃO PÚBLICA, OU LOGÍSITCA OU PROCESSOS GERENCIAIS OU SECRETARIADO (concursos TAE) e não os do cargo GESTÃO (concurso PEBTT). Inscrição 20314 – CAMPUS UBERABA – Cargo de TECNÓLOGO-FORMAÇÃO/GESTÃO DE RECURSOS HUMANOS OU GESTÃO PÚBLICA, OU LOGÍSTICA OU PROCESSOS GERENCIAIS OU SECRETARIADO (página 127 Edital 70, de 27 de novembro de 2015, disponível no site do (disponível nos sites do PRÓ-MUNICÍPIO e do IFTM); inscrição 20301- CAMPUS UBERABA -Cargo Gestão (página 42 do Edital 71, de 27 de novembro de 2015, disponível nos sites do PRÓ-MUNICÍPIO e do IFTM).”</p>
<p />
<p>Ainda, às f. 445, o autor do documento PRM-URA-MG-00001944/2016 noticiou que <i>“ocorreram indícios de irregularidades relativas às publicações de gabaritos, anulação de questão julgada favorável em recurso anteriormente interposto (conforme anexo I e anexo III, página 17) e também durante a publicação e retificação do gabarito definitivo, que acarretou alteração da classificação dos candidatos beneficiando pessoa que já trabalha no IFTM”</i>. </p>
<p />
<p>É o relatório dos autos. </p>
<p />
<p>O concurso público subordina-se aos princípios da legalidade, da vinculação ao instrumento convocatório e da isonomia. O edital do concurso é sua norma regente, é lei entre as partes. Assim, há um vínculo entre a Administração e os candidatos, igualmente ao descrito na Lei de Licitações Públicas, já que o escopo principal do certame é propiciar a toda a coletividade igualdade de condições no ingresso ao serviço público. Pactuam-se, dessa forma, normas preexistentes entre os dois sujeitos da relação editalícia. De um lado, a Administração e, do outro lado, os candidatos. Com isso, é defeso qualquer das condutas lineares e imparciais adotadas no certame. </p>
<p />
<p>No caso, o Edital 54/2015<span class="note">1  http://www.iftm.edu.br/concursos/editais/tecnico-administrativo/ </note>, de 21/10/2015, expedido pelo IFTM, estabeleceu as normas para a realização do concurso público para provimento de cargos da carreira de Técnico-Administrativo em Educação do quadro de pessoal permanente do IFTM. O subitem 1.1 estabeleceu que o concurso é regido pelo edital (54/2015) e promovido pelo IFTM, executado pela empresa PRÓ-MUNICÍPIO, sob a supervisão da Comissão Organizadora designada pelo Reitor do Instituto. O item 1.5 estabeleceu as regras para impugnação do edital. O anexo VI do edital estabeleceu o cronograma do concurso, por meio do qual foram previstas as datas para divulgação dos resultados e apresentação de recursos, entre outros eventos. </p>
<p />
<p>O item 17 (e subitens) fixou as regras para apresentação de recursos e estabeleceu que a Comissão Coordenadora do Processo Seletivo constitui última instância para recurso, sendo soberana em suas decisões. </p>
<p />
<p>Com efeito, ao aderir às normas do certame o candidato submete-se às exigências do edital, não podendo, pois, pretender tratamento diferenciado contra disposição expressa da lei interna a que se obrigou, uma vez que os parâmetros foram estabelecidos para todo e qualquer candidato, bem como, traçados dentro dos princípios do Direito Administrativo, primando pela forma igualitária de tratamento.</p>
<p />
<p>Nada obstante, os representantes alegam possíveis irregularidades na condução do certame. Contudo, verifica-se que cada uma das supostas irregularidades apontadas acerca da realização do concurso para provimento de cargos no IFTM foi esclarecida pela empresa responsável pelo evento (Pró-Município Serviços EIRELI - EPP). </p>
<p />
<p>Ao contrário do alegado, não foi aceito recurso contra o gabarito definitivo, mesmo porque conforme estabelece o subitem 17.11 do edital <i>”em nenhuma hipótese serão aceitos pedidos de revisão de recursos ou recurso contra gabarito oficial definitivo, bem como recurso contra o resultado final das demais fases e etapas”.</i> Aliás, o que ocorreu, em verdade, conforme informação da empresa responsável pelo certame, é que constatado erro/inconsistência na informação divulgada por meio do edital 07, procedeu-se à retificação do gabarito, conforme edital n°. 14. Assim, o ato que retificou o gabarito oficial então divulgado não se deu em razão de interposição de recursos, mas sim diante da constatação de erros/inconsistências. </p>
<p />
<p>Nesse contexto é sabido que a Administração Pública pode rever, de ofício, seus próprios atos, invalidando-os quando eivados de vícios que os tornem ilegais. Esse poder de auto revisão constitui princípio inerente ao direito administrativo, associando-se aos princípios da legalidade e do interesse público. Em verdade, a invalidação de atos ilegais não se apresenta no âmbito da discricionariedade administrativa, configurando-se como um dever, na medida em que a Administração, ao reconhecer ter agido em descompasso com os ditames legais, deverá promover o ajustamento necessário à extirpação da invalidade, sob pena de afronta ao princípio da legalidade. Ainda, no ponto, aplicável a Súmula 473 do STF: “A administração pode anular seus próprios atos, quando eivados de vícios que os tornam ilegais, porque deles não se originam direitos; ou revogá-los, por motivo de conveniência ou oportunidade, respeitados os direitos adquiridos, e ressalvada, em todos os casos, a apreciação judicial”. </p>
<p />
<p>No que se refere ao prazo para interposição de recurso, verifica-se que tendo sido apresentado o novo gabarito definitivo (Edital n° 14) adveio, por consequência, o resultado provisório. No caso, os recursos somente foram admitidos em razão do resultado provisório então publicado, não sendo, de forma alguma, admitidos recursos contra o gabarito definitivo (f. 264). </p>
<p />
<p>No que se refere ao recurso interposto por candidata não inscrita para o curso de cujas provas/questões impugnou, verifica-se em verdade que houve equívoco na inserção de dados, tendo a candidata informado o número da inscrição de curso diverso ao que efetivamente estava concorrendo. Ocorre, no caso, que tal equívoco não foi capaz de gerar prejuízos aos demais candidatos, pois as questões anuladas também o foram em razão de recursos apresentados por outros concorrentes ao cargo de Técnico. </p>
<p />
<p>Quanto ao cronograma, o anexo VI do edital n° 54 (f. 109) estabeleceu uma previsão de datas para realização das etapas do concurso, sendo, portanto, perfeitamente possível a alteração dos períodos então fixados. No ponto note-se a disposição contida no subitem 19.10: <i>“A inscrição no Concurso implica, desde a data de sua efetivação, no conhecimento e na tácita aceitação das condições estabelecidas, requisitos exigidos e demais critérios fixados no inteiro teor deste Edital e em seus Anexos, que se constituem em partes integrantes do mesmo, bem como de eventuais retificações que venham a se fazer necessárias, expedientes dos quais os candidatos não poderão, em hipótese alguma, alegar desconhecimento ou ilegalidade”</i>. Assim, se o edital estabeleceu previsão de datas para realização do certame é evidente que os prazos ali fixados eram passíveis de alteração. </p>
<p />
<p>No que se refere ao mérito das questões impugnadas, sabe-se que é responsabilidade da Administração Pública a análise dos critérios de formulação de questões, de correção de provas e atribuição de notas aos candidatos. Nesses casos, este órgão ministerial limita-se à análise da legalidade das normas instituídas no edital e dos atos praticados na realização do concurso, não sendo possível o exame dos critérios de formulação de questões, de correções de provas e de atribuição de notas aos candidatos. A propósito, o subitem 17.13 estabelece que: <i>“A Comissão Coordenadora do Processo Seletivo constitui última instância para recurso, sendo soberana em suas decisões, razão pela qual não caberão recursos administrativos adicionais”.  </i>Portanto, cabe à banca examinadora analisar o mérito das questões impugnadas. </p>
<p />
<p>Nesse sentido: </p>
<p />
<p>Ementa PROCESSUAL CIVIL E ADMINISTRATIVO. AGRAVO REGIMENTAL NO AGRAVO EM RECURSO ESPECIAL. CONCURSO PÚBLICO. POLÍCIA RODOVIÁRIA FEDERAL. REVISÃO DO GABARITO. ANULAÇÃO DA QUESTÃO. IMPOSSIBILIDADE. 1. A intervenção do Judiciário para controlar os atos de banca examinadora de concurso público restringe-se à averiguação da legalidade do procedimento, não sendo-lhe possível substituir a referida banca para reexaminar o conteúdo das questões formuladas, os critérios de correção das provas ou a resposta do gabarito final. Precedentes: AgRg no REsp 1260777 / SC, 2ª Turma, Rel. Min. Castro Meira, DJe de 16/03/2012; AgRg no RMS 21654 / ES, 6ª Turma, Rel. Min. Og Fernandes, DJe 14/03/2012; AgRg no REsp 1221807 / RJ; 2ª Turma, Rel. Min. Cesar Asfor Rocha, DJe 07/03/2012; AgRg no REsp 1301144 / RJ, 1ª Turma, Rel. Min. Teori Albino Zavascki, DJe de 30/03/2012. 2. Agravo regimental não provido. (STJ – SUPERIOR TRIBUNAL DE JUSTIÇA - AGARESP 201201167293 AGARESP – AGRAVO  REGIMENTAL NO AGRAVO EM RECURSO ESPECIAL – 187044 Relator(a) BENEDITO GONÇALVES Órgão julgador PRIMEIRA TURMA Fonte DJE DATA:10/08/2012 ..DTPB).</p>
<p />
<p>Quanto à alegada falta de transparência, verifica-se que todos os atos praticados na realização do certame estão em harmonia com o regulamento do concurso, com a publicação e divulgação dos resultados conforme previsto no edital. </p>
<p />
<p>Conclui-se, assim, pela ausência de quaisquer irregularidades do concurso realizado pelo IFTM por intermédio da empresa PRÓ-MUNICÍPIO, daí porque não há razões que justifiquem o prosseguimento deste procedimento. Esgota-se, portanto, a atuação do MPF no feito, motivo pelo qual determino o <b>arquivamento</b> do presente Inquérito Civil Público.  </p>
<p />
<p>Determino a expedição de ofício aos representantes identificados às f. 18, 246/247, 250/251 e 445, para  ciência da presente promoção de arquivamento e, querendo,  apresentar razões recursais no prazo de 10 (dez) dias úteis,  nos termos do art. 17, § § 1° e 3°, da Resolução 87/2006/CSMPF.  </p>
<p />
<p>Decorrido o prazo, determino o encaminhamento dos autos à 1ª Câmara de Coordenação e Revisão do Ministério Público Federal, para fins de reexame (art. 9º, § 3º, da LACP c/c art. 62, IV, da LC nº 75/93).</p>
<p />
<p>Uberaba, 07 de abril de 2016. </p>
<p />
<p />
<p />
<p />
<p><b>THALES MESSIAS PIRES CARDOSO </b></p>
<p><b>Procurador da República</b></p>
<p />
<p />
<p />
<p />
<p />
<p />
<p><b>MINISTÉRIO PÚBLICO FEDERAL</b></p>
<p><b>PROCURADORIA DA REPÚBLICA NO MUNICÍPIO DE UBERABA</b></p>
<p><b>GABINETE DO 2º OFÍCIO		</b></p>
<p />
<p />
<p />
<p />
<p />
<p><b>MINISTÉRIO PÚBLICO FEDERAL</b></p>
<p><b>PROCURADORIA DA REPÚBLICA NO MUNICÍPIO DE UBERABA</b></p>
<p><b>GABINETE DO 2º OFÍCIO</b></p>
<p><i>PRM-URA-MG-00002505/2016</i></p>
<p />
<table><tr>	<td><p>PROCURADORIA DA REPÚBLICA EM UBERABA</p>
<p>Av. Gabriela Castro Cunha, 340 – Vila Olímpica – Uberaba/MG – CEP 38066-000</p>
<p>PABX: (34) 3319-7900  |  Fax: (34) 3319-7940  |  E-mail: PRMG-URA@mpf.mp.br</p>
<p>http://www.prmg.mpf.mp.br/uberaba</p>
</td>	<td><p />
</td></tr>
</table>
<p><i>C:\RAQUEL\Raquel\Raquel\2016\Proc Administrativos\ARQUIVAMENTO_CONCURSO IFTM.odt</i></p>
</body></html>