<?xml version="1.0" encoding="UTF-8"?>
<html xmlns="http://www.w3.org/1999/xhtml">
<head>
<meta name="date" content="2016-04-15T16:21:10.86" />
<meta name="meta:paragraph-count" content="29" />
<meta name="meta:word-count" content="702" />
<meta name="Table-Count" content="0" />
<meta name="tika_batch_fs:relative_path" content="70017146.odt" />
<meta name="generator" content="LibreOffice/3.6$Windows_x86 LibreOffice_project/58f22d5-270d05a-e2abed1-ea17a85-9b5702" />
<meta name="Word-Count" content="702" />
<meta name="dcterms:created" content="2006-10-09T16:41:19" />
<meta name="language" content="pt-BR" />
<meta name="dcterms:modified" content="2016-04-15T16:21:10.86" />
<meta name="Last-Modified" content="2016-04-15T16:21:10.86" />
<meta name="nbPara" content="29" />
<meta name="Last-Save-Date" content="2016-04-15T16:21:10.86" />
<meta name="meta:object-count" content="1" />
<meta name="meta:character-count" content="4832" />
<meta name="Paragraph-Count" content="29" />
<meta name="nbImg" content="0" />
<meta name="meta:save-date" content="2016-04-15T16:21:10.86" />
<meta name="modified" content="2016-04-15T16:21:10.86" />
<meta name="Edit-Time" content="P1DT53M32S" />
<meta name="meta:image-count" content="0" />
<meta name="Image-Count" content="0" />
<meta name="nbCharacter" content="4832" />
<meta name="nbObject" content="1" />
<meta name="Content-Length" content="67960" />
<meta name="nbPage" content="2" />
<meta name="X-TIKA:digest:MD5" content="97475136fc7b0a134174c571335cc9c7" />
<meta name="Object-Count" content="1" />
<meta name="nbWord" content="702" />
<meta name="Content-Type" content="application/vnd.oasis.opendocument.text" />
<meta name="X-Parsed-By" content="org.apache.tika.parser.DefaultParser" />
<meta name="X-Parsed-By" content="org.apache.tika.parser.odf.OpenDocumentParser" />
<meta name="dc:language" content="pt-BR" />
<meta name="meta:creation-date" content="2006-10-09T16:41:19" />
<meta name="meta:table-count" content="0" />
<meta name="Creation-Date" content="2006-10-09T16:41:19" />
<meta name="xmpTPg:NPages" content="2" />
<meta name="resourceName" content="70017146.odt" />
<meta name="Character Count" content="4832" />
<meta name="editing-cycles" content="79" />
<meta name="Page-Count" content="2" />
<meta name="tika:file_ext" content="odt" />
<meta name="nbTab" content="0" />
<meta name="meta:page-count" content="2" />
<title></title>
</head>
<body><p>Procedimento Preparatório nº 1.34.003.000068/2016-09</p>
<p> </p>
<p />
<p />
<p />
<p />
<p />
<p />
<p />
<p><b>PROMOÇÃO DE ARQUIVAMENTO </b>nº   /2016</p>
<p><b>PRM-BAU-SP-</b>  /2016</p>
<p />
<p />
<p>			Trata-se de Procedimento Preparatório instaurado a partir da remessa do Ofício-Circular n.° 8/2015, pela Procuradoria Regional dos Direitos do Cidadão, através do qual encaminhou cópia do Ofício-Circular n.° 6/2015/PFDC/MPF e da Recomendação nº 06/GNK/PRAL/2010, contendo sugestão de atuação a favor do mais amplo e livre acesso à relação dos indivíduos beneficiários do programa nacional de distribuição de renda denominado “Programa Bolsa Família”, para as providências cabíveis a serem tomadas em relação aos municípios que integram a 32ª Subseção Judiciária dos Estado de São Paulo (fls. 02/06).</p>
<p />
<p>			Inicialmente cumpre destacar que os fatos objeto do procedimento em epígrafe, até recentemente, estavam sendo apurados no Procedimento Preparatório nº 1.34.003.000237/2015-11, o qual apurava a divulgação dos beneficiários do Programa Bolsa Família em todos os municípios integrantes da 32ª Subseção Judiciária de São Paulo.</p>
<p />
<p>			No entanto, visando o devido acompanhamento e fiscalização acerca da divulgação dos beneficiários do Programa Bolsa Família em todos os municípios integrantes da 32ª Subseção Judiciária do Estado de São Paulo, o referido procedimento foi desmembrado conforme cópia do despacho juntada à fl. 01, tendo sido autuado um procedimento preparatório para cada município integrante da 32ª Subseção Judiciária do Estado de São Paulo, sendo que os presentes autos tratam apenas do Município de Iaras/SP.</p>
<p />
<p>			Pois bem, como forma de se aferir as eventuais medidas adotadas para proporcionar transparência e controle social do “Programa Bolsa Família”, notadamente a publicidade da relação dos indivíduos beneficiários deste programa, foi expedido ofício ao município de Iaras/SP, conforme se constata à fl. 10.</p>
<p />
<p>			Em resposta, o município, através do Centro de Referência da Assistência Social, encaminhou o Ofício nº 172/2015, por meio do qual informou que havia tomado medidas necessárias para que a lista dos beneficiários do Programa Bolsa Família fosse afixada nos locais públicos mais frequentados, além de disponibilizá-la no site do município (fl. 11). </p>
<p />
<p>			No entanto, realizada pesquisa no site do Município de Iaras/SP, a assessoria do Gabinete de Avaré/SP não localizou link específico com as informações dos beneficiários, conforme se observa da certidão juntada à fl. 18.  </p>
<p />
<p>			Em razão disso, encaminhou-se recomendação ao referido município (fls. 19/20), recomendando: i) a publicidade das listas dos beneficiários  do Programa Bolsa Família através da sua afixação em locais públicos e de fácil acesso; ii) a atualização das informações relacionadas aos nomes dos beneficiários, no site do Município.  </p>
<p />
<p>			Em resposta, Centro de Referência da Assistência Social do município de Iaras/SP, encaminhou o Ofício nº 43/2016 (fl. 21), através do qual apresentou documentos que comprovam o efetivo cumprimento dos termos da recomendação expedida por este Órgão Ministerial (cópias de ofícios enviados à Prefeitura, à Câmara Municipal, à Secretaria de Assistência Social, à Secretaria de Saúde e à Coordenadoria do CRAS, com a lista dos beneficiários do Programa Bolsa Família, bem como tela do site do Município contendo ícone com a lista dos beneficiários ) – fls. 22/27.</p>
<p />
<p>			É o relatório do necessário. </p>
<p />
<p>			O arquivamento dos presentes autos é medida que se impõe. </p>
<p />
<p>			Da análise dos autos, verifica-se que o Município de Iaras/SP  adotou as medidas necessárias para possibilitar a adequada publicidade da relação dos beneficiários do programa nacional de transferência de renda denominado “Bolsa Família”, cumprindo, assim, o disposto no artigo 32, § 1º, do Decreto nº 5.209/04.</p>
<p />
<p>			Assim, considerando que o presente procedimento atingiu seu desiderato e que não se observa, neste momento, outras diligências necessárias, uma vez que se constatou que há acesso livre à relação dos indivíduos atendidos pelo Programa Bolsa Família”, no município de Paranapanema/SP, não resta outra alternativa senão determinar o arquivamento do feito.</p>
<p />
<p>			Diante do exposto, <u>determino o arquivamento destes autos, bem como seu envio para análise, ciência e homologação da Egrégia 1ª Câmara de Coordenação e Revisão do Ministério Público Federal </u>(artigos 59 e 62, inciso IV da Lei Complementar nº 75/93 e Resolução nº 40, de 31/03/1998 do CSMPF – D.J.U 07/05/98, pg. 72).</p>
<p />
<p>		</p>
<p>				Bauru, 25 de abril de 2016. </p>
<p />
<p />
<p />
<p> 		  <b>ANDRÉ LIBONATI</b></p>
<p>Procurador da República</p>
<p><b>MINISTÉRIO PÚBLICO FEDERAL</b></p>
<p />
<p />
<p><b> </b></p>
<p><b>MINISTÉRIO PÚBLICO FEDERAL</b></p>
<p>PROCURADORIA DA REPÚBLICA NO MUNICÍPIO DE BAURU/SP</p>
<p>Rua Alberto Segalla, 1-45, quadra H - Jardim Infante Dom Henrique CEP 17012-634 – Bauru/SP</p>
<p><a href="mailto:prm_bauru@prsp.mpf.gov.br"> <i>Tel: (14) 3235-4300 - </a><a href="mailto:prm_bauru@prsp.mpf.gov.br" /><b><i>e-mail: prm_bauru@prsp.mpf.gov.br</a></i></b></p>
<p />
<p />
<p>S2\crime\Arquivamento\03 - Promoção de arquivamento - Publicidade. Lista Bolsa Família.odt</p>
</body></html>