<?xml version="1.0" encoding="UTF-8"?>
<html xmlns="http://www.w3.org/1999/xhtml">
<head>
<meta name="pdf:PDFVersion" content="1.4" />
<meta name="xmp:CreatorTool" content="Writer" />
<meta name="access_permission:modify_annotations" content="true" />
<meta name="access_permission:can_print_degraded" content="true" />
<meta name="tika_batch_fs:relative_path" content="70043313.pdf" />
<meta name="language" content="pt-BR" />
<meta name="dcterms:created" content="2018-04-20T23:08:05Z" />
<meta name="dc:format" content="application/pdf; version=1.4" />
<meta name="pdf:docinfo:creator_tool" content="Writer" />
<meta name="access_permission:fill_in_form" content="true" />
<meta name="pdf:encrypted" content="false" />
<meta name="Content-Length" content="198678" />
<meta name="X-TIKA:digest:MD5" content="a2d14fda87c2fbcd7f494383c1f5ca51" />
<meta name="Content-Type" content="application/pdf" />
<meta name="X-Parsed-By" content="org.apache.tika.parser.DefaultParser" />
<meta name="X-Parsed-By" content="org.apache.tika.parser.pdf.PDFParser" />
<meta name="dc:language" content="pt-BR" />
<meta name="meta:creation-date" content="2018-04-20T23:08:05Z" />
<meta name="created" content="Fri Apr 20 20:08:05 BRT 2018" />
<meta name="access_permission:extract_for_accessibility" content="true" />
<meta name="access_permission:assemble_document" content="true" />
<meta name="xmpTPg:NPages" content="4" />
<meta name="Creation-Date" content="2018-04-20T23:08:05Z" />
<meta name="resourceName" content="70043313.pdf" />
<meta name="access_permission:extract_content" content="true" />
<meta name="access_permission:can_print" content="true" />
<meta name="tika:file_ext" content="pdf" />
<meta name="producer" content="LibreOffice 5.3" />
<meta name="access_permission:can_modify" content="true" />
<meta name="pdf:docinfo:producer" content="LibreOffice 5.3" />
<meta name="pdf:docinfo:created" content="2018-04-20T23:08:05Z" />
<title></title>
</head>
<body><div class="page"><p />
<p>PRM-TAB-AM                    /2018
</p>
<p>MINISTÉRIO PÚBLICO FEDERAL
PROCURADORIA DA REPÚBLICA NO AMAZONAS
</p>
<p>PROCURADORIA DA REPÚBLICA NO MUNICÍPIO DE TABATINGA
2° OFÍCIO
</p>
<p>Inquérito Civil n° 1.13.001.000026/2016-18
</p>
<p>PROMOÇÃO DE ARQUIVAMENTO
</p>
<p>1. Trata-se de inquérito civil (IC) instaurado perante esta procuradoria para
</p>
<p>apurar suposta ilegalidade em ação da ANATEL que resultou no fechamento da única
</p>
<p>emissora de rádio no município de São Paulo de Olivença/AM.
</p>
<p>2. Informação  prestada  pela  ANATEL  dá  conta  da  existência  de  3  outras
</p>
<p>emissoras  com  atuação  no  município.  Juntado  aos  autos,  ademais,  relatório  de
</p>
<p>fiscalização que resultou na interrupção cautelar do funcionamento da estação de rádio
</p>
<p>autuada (fls. 5/9).
</p>
<p>3. Posteriormente  solicitou-se  informação do membro do Ministério Público
</p>
<p>Estadual na obtenção de informações acerca da questão. O d. membro realizou a oitiva
</p>
<p>de Djaime Tavares,  presidente  da  associação  de moradores  do  bairro  Bonfim.  Nessa
</p>
<p>ocasião indicou-se não existiriam outras emissoras de rádio, bem como a tentativa de
</p>
<p>instalação de nova estação de rádio em São Paulo de Olivença, que ainda não recebeu o
</p>
<p>deferimento do ministério de Ciência, Tecnologia, Informação e Comunicações em razão
</p>
<p>de pendências técnicas cujas soluções são atualmente buscadas. Aduz, contudo, que “já
</p>
<p>tiveram 03 (três) pedidos seguidos negados, sendo que no último pedido o indeferimento
</p>
<p>se deu por alegada falta de documentos” que teriam sido enviados regularmente ao
</p>
<p>órgão (fl. 24).
</p>
<p>4. Contudo,  a  fiscalização  da  ANATEL  que  resultou  no  fechamento  da
</p>
<p>emissora de rádio da associação foi  legítima e não apresenta vícios perceptíveis  (fls.
</p>
<p>05/09).  Por  sua  vez,  a  associação  que  titularizava  a  rádio  cujo  funcionamento  foi
</p>
<p>interrompido  não  apontou  para  nenhum ato  específico  da  ANATEL,  ao  longo  de  sua
</p>
<p>fiscalização, que possa ter sua legalidade questionada.
</p>
<p>5. Ademais, os documentos trazidos pelo presidente da associação (fls. 28/43)
</p>
<p>L:\Processos\2º Oficio - Pablo Beltrand\Administrativos\Civel\Promoção de Arquivamento\2018\12) IC 26.2016-18 rádio são paulo olivença. legalidade 
fiscalização ANATEL.odt
</p>
<p>Rua Aires da Cunha, nº 48, Ibirapuera. CEP 69.640-000. Tabatinga/AM
Tel: (97) 3412-2209 Fax: (97) 3412-4631
</p>
<p>pram-prmtabatinga@mpf.mp.br</p>
<p />
</div>
<div class="page"><p />
<p>PRM-TAB-AM                    /2018
</p>
<p>MINISTÉRIO PÚBLICO FEDERAL
PROCURADORIA DA REPÚBLICA NO AMAZONAS
</p>
<p>PROCURADORIA DA REPÚBLICA NO MUNICÍPIO DE TABATINGA
2° OFÍCIO
</p>
<p>não indicam ato administrativo que padeça de ilegalidade perceptível de plano:
</p>
<p>“6. No documento, somente apresentou documentos:
</p>
<p>I - Memorial descritivo de mapeamento da área;
</p>
<p>II  -  Certidão do Cartório de Registro Civil,  informando que a entidade
</p>
<p>encontra-se registrada;
</p>
<p>III - Ata de fundação cm 1 11051 j 986 e de eleição em 02/12/2015, onde
</p>
<p>constam  os  cargos  de  presidente,  vice-presidente,  secretária,  vice-
</p>
<p>secretária, tesoureiro e vice-tesoureiro;
</p>
<p>IV - Estatuto social com as seguintes cláusulas:
</p>
<p>• art. 14°: são poderes da Associação: c) presidência, e d) diretoria
</p>
<p>•  art.  19  -  associação  será  administrada  por:  presidente,  vice-
</p>
<p>presidente,  secretária,  vice-secretária,  tesoureiro,  vice-tesoureiro  e
</p>
<p>presidente ou representante de grupos
</p>
<p>V - documentos de identidade de integrantes da diretoria.
</p>
<p>7. Os documentos apresentados merecem as seguintes considerações:
</p>
<p>7.1  O  estatuto  apresentado  continua  a  apresentar  incoerências,  em
</p>
<p>especial entre os artigos 14, item "e" e 19, pois não há especificação das
</p>
<p>atribuições da presidência",  unia  vez que considerada órgão distinto  da
</p>
<p>diretoria.
</p>
<p>7.2  Além  de  não  terem  sido  apresentadas  as  razões  do  recurso
</p>
<p>administrativo, também não foi apresentado o Requerimento de Outorga,
</p>
<p>conforme exigência feita.” (fls. 29 e 30).
</p>
<p>6. Na  nota  técnica  nº  14045/2017/SEI-MCTIC  constam  ainda  os  seguintes
</p>
<p>fundamentos:
</p>
<p>“6.  Novamente  as  coordenadas  geográficas  estão  incompletas,  pois,
</p>
<p>segundo  Despacho  Interno  juntado  ao  processo  (1387698),  falta  ser
</p>
<p>L:\Processos\2º Oficio - Pablo Beltrand\Administrativos\Civel\Promoção de Arquivamento\2018\12) IC 26.2016-18 rádio são paulo olivença. legalidade 
fiscalização ANATEL.odt
</p>
<p>Rua Aires da Cunha, nº 48, Ibirapuera. CEP 69.640-000. Tabatinga/AM
Tel: (97) 3412-2209 Fax: (97) 3412-4631
</p>
<p>pram-prmtabatinga@mpf.mp.br</p>
<p />
</div>
<div class="page"><p />
<p>PRM-TAB-AM                    /2018
</p>
<p>MINISTÉRIO PÚBLICO FEDERAL
PROCURADORIA DA REPÚBLICA NO AMAZONAS
</p>
<p>PROCURADORIA DA REPÚBLICA NO MUNICÍPIO DE TABATINGA
2° OFÍCIO
</p>
<p>informado o endereço pretendido para instalação do sistema irradiante.
</p>
<p>7. Também foi solicitado que a Entidade alterasse o Estatuto ou a Ata de
</p>
<p>Eleição  para  que  ambos  os  documentos  apresentassem  a  mesma
</p>
<p>nomenclatura dos cargos que formam a diretoria. A Associação juntou ao
</p>
<p>processo alteração do Estatuto que não é suficiente para o cumprimento da
</p>
<p>exigência,  já  que  na  Ata  de  Eleição  tais  cargos  são  denominados
</p>
<p>PRESIDENTE,  VICE-DIRETOR  PRESIDENTE.  DIRETORA  SECRETÁRIA  e
</p>
<p>DIRETOR TESOUREIRO. Agora Estatuto alterado os prevê como: GERENTE.
</p>
<p>ASSISTENTE  e  SECRETÁRIO.  A  Entidade  ainda  manteve  o  art.  19  do
</p>
<p>Estatuto com a antiga previsão de composição da diretoria.
</p>
<p>8. Por fim, na NOTA TÉCNICA N° 16576/2016/SEI-MCTIC foi solicitado que a
</p>
<p>Associação  juntasse  ao  processo  um  novo  Requerimento  de  Outorga,
</p>
<p>contendo a qualificação completa e assinatura de todos os membros da
</p>
<p>Diretoria. Porém, tal documento deixou de ser anexado à manifestação da
</p>
<p>Entidade.” (fls. 35/36)
</p>
<p>7. Também  a  referida  nota  técnica  16576/2016/SEI-MCTIC  apresenta
</p>
<p>fundamentos diversos e válidos para o indeferimento administrativo (fls. 41/43).
</p>
<p>8. Eventual  impugnação  desses  atos  administrativos,  que  gozam  de
</p>
<p>presunção de  legitimidade,  deveria  ter  sido  corroborada por  elementos  mínimos  que
</p>
<p>dessem credibilidade à versão apresentada, o que não ocorreu.
</p>
<p>9. A existência de outras 3 estações habilitadas pela ANATEL para operar no
</p>
<p>município  de  São  Paulo  de  Olivença/AM (fl.  05),  ademais,  é  indicativo  de  a  referida
</p>
<p>agência  adotar  critérios  que  não  inviabilizam de  todo  a  participação  de  agentes  no
</p>
<p>serviço de radiodifusão, cabendo aos postulantes observar os requisitos legais.
</p>
<p>10. Assim, entendo que a ação da ANATEL, por tudo quanto aportou aos autos,
</p>
<p>aparenta ser válida. Por essa razão,  promovo o arquivamento do feito e submeto-o à
</p>
<p>apreciação da 1ª Câmara de Coordenação e Revisão para homologação ou determinação
</p>
<p>L:\Processos\2º Oficio - Pablo Beltrand\Administrativos\Civel\Promoção de Arquivamento\2018\12) IC 26.2016-18 rádio são paulo olivença. legalidade 
fiscalização ANATEL.odt
</p>
<p>Rua Aires da Cunha, nº 48, Ibirapuera. CEP 69.640-000. Tabatinga/AM
Tel: (97) 3412-2209 Fax: (97) 3412-4631
</p>
<p>pram-prmtabatinga@mpf.mp.br</p>
<p />
</div>
<div class="page"><p />
<p>PRM-TAB-AM                    /2018
</p>
<p>MINISTÉRIO PÚBLICO FEDERAL
PROCURADORIA DA REPÚBLICA NO AMAZONAS
</p>
<p>PROCURADORIA DA REPÚBLICA NO MUNICÍPIO DE TABATINGA
2° OFÍCIO
</p>
<p>de providências outras que entender cabíveis.
</p>
<p>11. Comunique-se  ao  interessado,  cujo  endereço  consta  às  fls.  23/24.  Na
</p>
<p>oportunidade, deverá ser informado a ele da possibilidade de, no futuro, vir a procurar
</p>
<p>novamente o Ministério Público Federal caso venham a surgir elementos sólidos a indicar
</p>
<p>algum vício no ato administrativo da ANATEL.
</p>
<p>Tabatinga/AM, 10 de março de 2018.
</p>
<p>Pablo Luz de Beltrand
Procurador da República
</p>
<p>L:\Processos\2º Oficio - Pablo Beltrand\Administrativos\Civel\Promoção de Arquivamento\2018\12) IC 26.2016-18 rádio são paulo olivença. legalidade 
fiscalização ANATEL.odt
</p>
<p>Rua Aires da Cunha, nº 48, Ibirapuera. CEP 69.640-000. Tabatinga/AM
Tel: (97) 3412-2209 Fax: (97) 3412-4631
</p>
<p>pram-prmtabatinga@mpf.mp.br</p>
<p />
</div>
</body></html>