<?xml version="1.0" encoding="UTF-8"?>
<html xmlns="http://www.w3.org/1999/xhtml">
<head>
<meta name="pdf:PDFVersion" content="1.4" />
<meta name="xmp:CreatorTool" content="Writer" />
<meta name="access_permission:modify_annotations" content="true" />
<meta name="access_permission:can_print_degraded" content="true" />
<meta name="dc:creator" content="pr/sp mpf" />
<meta name="tika_batch_fs:relative_path" content="70275136.pdf" />
<meta name="language" content="pt-BR" />
<meta name="dcterms:created" content="2017-02-24T21:42:42Z" />
<meta name="dc:format" content="application/pdf; version=1.4" />
<meta name="pdf:docinfo:creator_tool" content="Writer" />
<meta name="access_permission:fill_in_form" content="true" />
<meta name="pdf:encrypted" content="false" />
<meta name="Content-Length" content="82861" />
<meta name="X-TIKA:digest:MD5" content="a6d5ee8c6201096feed84e6e5564430b" />
<meta name="Content-Type" content="application/pdf" />
<meta name="pdf:docinfo:creator" content="pr/sp mpf" />
<meta name="X-Parsed-By" content="org.apache.tika.parser.DefaultParser" />
<meta name="X-Parsed-By" content="org.apache.tika.parser.pdf.PDFParser" />
<meta name="creator" content="pr/sp mpf" />
<meta name="dc:language" content="pt-BR" />
<meta name="meta:author" content="pr/sp mpf" />
<meta name="meta:creation-date" content="2017-02-24T21:42:42Z" />
<meta name="created" content="Fri Feb 24 18:42:42 BRT 2017" />
<meta name="access_permission:extract_for_accessibility" content="true" />
<meta name="access_permission:assemble_document" content="true" />
<meta name="xmpTPg:NPages" content="3" />
<meta name="Creation-Date" content="2017-02-24T21:42:42Z" />
<meta name="resourceName" content="70275136.pdf" />
<meta name="access_permission:extract_content" content="true" />
<meta name="access_permission:can_print" content="true" />
<meta name="tika:file_ext" content="pdf" />
<meta name="Author" content="pr/sp mpf" />
<meta name="producer" content="LibreOffice 5.0" />
<meta name="access_permission:can_modify" content="true" />
<meta name="pdf:docinfo:producer" content="LibreOffice 5.0" />
<meta name="pdf:docinfo:created" content="2017-02-24T21:42:42Z" />
<title></title>
</head>
<body><div class="page"><p />
<p>MINISTÉRIO PÚBLICO FEDERAL
Procuradoria da República no Estado de São Paulo
</p>
<p>Inquérito Civil nº 1.34.016.000092/2016-91
</p>
<p>PROMOÇÃO DE ARQUIVAMENTO
</p>
<p>Ementa: CONCURSO  PÚBLICO.  EDUCAÇÃO.  Cargo  de
professor  EBTT.  Notícia  de  irregularidades  nas  nomeações
efetuadas pelo IFSP – Instituto Federal de Educação, Ciência e
Tecnologia de São Paulo. 
</p>
<p>I - Relatório
</p>
<p>Trata-se de procedimento instaurado na Procuradoria da República
</p>
<p>no Município de Sorocaba a partir de notícia anônima que narra supostas irregularidades
</p>
<p>na nomeação de candidatos aprovados em concursos públicos realizados para os cargos
</p>
<p>de Professor  no Ensino Básico,  Técnico e Tecnológico (EBTT) e de Administrador em
</p>
<p>alguns  campi do  Instituto Federal de Educação, Ciência e Tecnologia de São Paulo
(IFSP) localizados no interior do Estado de São Paulo (fls. 03/04). 
</p>
<p>As irregularidades, segundo sugere o noticiante anônimo, referem-se
</p>
<p>ao fato de que as nomeações poderiam ter sido manipuladas com o intuito de beneficiar
</p>
<p>determinados candidatos (elencados por ele em sua notícia) que, embora regularmente
</p>
<p>classificados  nos  concursos,  estariam  sendo  nomeados  em  campi específicos  por  já
</p>
<p>deterem alguma função naquele local ou por terem vínculo de parentesco com pessoas
</p>
<p>que ali trabalham.
</p>
<p>IC nº 1.34.016.000092/2016-91 1</p>
<p />
</div>
<div class="page"><p />
<p>MINISTÉRIO PÚBLICO FEDERAL
Procuradoria da República no Estado de São Paulo
</p>
<p>Declinada a atribuição em favor desta Procuradoria da República em
</p>
<p>São Paulo – sob a justificativa de que as nomeações são realizadas pela Reitoria do IFSP,
</p>
<p>que se localiza  na Capital  do Estado,  nos  termos do despacho de fl.  17  –,  foi  então
</p>
<p>expedido  ofício  à  instituição de ensino  solicitando que se manifestasse sobre  os  atos
</p>
<p>eventualmente fraudulentos de nomeação dos candidatos (fl. 26).
</p>
<p>Em resposta (fls. 32/33), o IFSP esclareceu a situação de cada um
</p>
<p>dos candidatos referidos na notícia, informando qual teria sido o concurso em que ele foi
</p>
<p>aprovado e as razões da sua lotação em local diverso. Em regra, a justificativa dada para
</p>
<p>essa lotação em cargos de administração ou em campus diverso daquele para o qual o
</p>
<p>concurso foi prestado é o próprio interesse da Administração Pública, que teria o poder
</p>
<p>discricionário de nomear seus servidores da forma que melhor lhe convir. Além disso, em
</p>
<p>alguns casos, o IFSP mencionou a existência de uma “fila estadual”, cujo aproveitamento
</p>
<p>teria resultado na nomeação de alguns dos servidores para campus diverso. 
</p>
<p>Para  confirmar  suas  afirmações,  o  IFSP  juntou  os  documentos
</p>
<p>emitidos à época das nomeações que justificam a lotação pelo interesse da Administração
</p>
<p>de cada um dos servidores (fls. 34/40).
</p>
<p>É a breve síntese do presente procedimento. 
</p>
<p>II - Conclusão
</p>
<p>De início, importante consignar que o noticiante anônimo limitou sua
</p>
<p>denúncia à lotação dos candidatos, não mencionando alguma suposta irregularidade na
</p>
<p>própria realização do concurso público, com beneficiamento de determinadas pessoas.
</p>
<p>Dessa  forma,  partindo-se  do  pressuposto  de  que  as  pessoas
</p>
<p>mencionadas na notícia participaram regularmente de concurso público, tendo sido nele
</p>
<p>aprovadas,  a  discussão  acerca  da  sua  lotação  acaba  se  restringindo  à  esfera
</p>
<p>administrativa, configurando decisão da Administração Pública.
</p>
<p>Conforme  afirmado  pelo  IFSP  e  comprovado  pelos  documentos
</p>
<p>colacionados,  os servidores foram aproveitados no interesse da Administração Pública,
</p>
<p>IC nº 1.34.016.000092/2016-91 2</p>
<p />
</div>
<div class="page"><p />
<p>MINISTÉRIO PÚBLICO FEDERAL
Procuradoria da República no Estado de São Paulo
</p>
<p>sendo que muitos  deles,  por  já  prestarem serviços  em determinados locais,  ali  foram
</p>
<p>mantidos. 
</p>
<p>Considerando que a decisão sobre a lotação de servidores e o seu
</p>
<p>aproveitamento é ato discricionário do administrador público, não cabe a este Ministério
</p>
<p>Público questionar a conveniência e a oportunidade do ato, salvo em caso de evidente
</p>
<p>ilegalidade, situação essa que não foi verificada na instrução do presente procedimento.
</p>
<p>Além disso, é mencionada a existência de uma fila estadual, ou seja,
</p>
<p>candidatos aprovados em determinada cidade poderiam eventualmente ser aproveitados
</p>
<p>em outro Município. Tal prática é comumente adotada em concursos de instituições que
</p>
<p>abarquem mais de um polo de atuação, sem que isso configure ilegalidade.
</p>
<p>Tampouco se pode confrontar os dados trazidos pelo IFSP ou tentar
</p>
<p>buscar  informações  adicionais  junto  ao  noticiante,  uma  vez  que  se  trata  de  pessoa
</p>
<p>anônima, o que nos força a aceitar os esclarecimentos prestados pelo IFSP, posto que não
</p>
<p>padecem de qualquer irregularidade.
</p>
<p>Não se vislumbrando providências adicionais a serem tomadas por
</p>
<p>este  Ministério  Público,  portanto,  determino o  ARQUIVAMENTO do  presente  Inquérito
Civil, nos termos do art. 10 da Resolução nº 23/2007 do Conselho Nacional do Ministério
</p>
<p>Público,  devendo o  presente  relatório  ser  submetido  à  apreciação  da  1ª  Câmara  de
</p>
<p>Coordenação e Revisão do Ministério Público Federal. 
</p>
<p>Em tempo, esclareço que deixo de notificar o noticiante acerca da
</p>
<p>presente decisão por se tratar de notícia anônima.
</p>
<p>São Paulo, 22 de fevereiro de 2017.
</p>
<p>LISIANE BRAECHER
Procuradora da República
</p>
<p>IC nº 1.34.016.000092/2016-91 3</p>
<p />
</div>
</body></html>