<?xml version="1.0" encoding="UTF-8"?>
<html xmlns="http://www.w3.org/1999/xhtml">
<head>
<meta name="date" content="2017-03-20T18:11:11Z" />
<meta name="pdf:PDFVersion" content="1.4" />
<meta name="access_permission:modify_annotations" content="true" />
<meta name="access_permission:can_print_degraded" content="true" />
<meta name="tika_batch_fs:relative_path" content="70389523.pdf" />
<meta name="dcterms:created" content="2017-03-20T18:11:10Z" />
<meta name="Last-Modified" content="2017-03-20T18:11:11Z" />
<meta name="dcterms:modified" content="2017-03-20T18:11:11Z" />
<meta name="dc:format" content="application/pdf; version=1.4" />
<meta name="Last-Save-Date" content="2017-03-20T18:11:11Z" />
<meta name="access_permission:fill_in_form" content="true" />
<meta name="pdf:docinfo:modified" content="2017-03-20T18:11:11Z" />
<meta name="meta:save-date" content="2017-03-20T18:11:11Z" />
<meta name="pdf:encrypted" content="false" />
<meta name="modified" content="2017-03-20T18:11:11Z" />
<meta name="Content-Length" content="6676" />
<meta name="X-TIKA:digest:MD5" content="16416912990d1cc21a64f8e8d55d2fb4" />
<meta name="Content-Type" content="application/pdf" />
<meta name="X-Parsed-By" content="org.apache.tika.parser.DefaultParser" />
<meta name="X-Parsed-By" content="org.apache.tika.parser.pdf.PDFParser" />
<meta name="meta:creation-date" content="2017-03-20T18:11:10Z" />
<meta name="created" content="Mon Mar 20 15:11:10 BRT 2017" />
<meta name="access_permission:extract_for_accessibility" content="true" />
<meta name="access_permission:assemble_document" content="true" />
<meta name="xmpTPg:NPages" content="2" />
<meta name="Creation-Date" content="2017-03-20T18:11:10Z" />
<meta name="resourceName" content="70389523.pdf" />
<meta name="access_permission:extract_content" content="true" />
<meta name="access_permission:can_print" content="true" />
<meta name="tika:file_ext" content="pdf" />
<meta name="producer" content="iText® 5.5.9 ©2000-2015 iText Group NV (AGPL-version); modified using iText® 5.5.9 ©2000-2015 iText Group NV (AGPL-version)" />
<meta name="access_permission:can_modify" content="true" />
<meta name="pdf:docinfo:producer" content="iText® 5.5.9 ©2000-2015 iText Group NV (AGPL-version); modified using iText® 5.5.9 ©2000-2015 iText Group NV (AGPL-version)" />
<meta name="pdf:docinfo:created" content="2017-03-20T18:11:10Z" />
<title></title>
</head>
<body><div class="page"><p />
<p>PRM-RSD-RJ-00001524/2017
 
</p>
<p>Ref.: Inquérito Civil nº 1.30.008.000049/2016-73
 
 
 
PROMOÇÃO DE ARQUIVAMENTO
 
 
 
 
</p>
<p>Trata-se de inquérito civil instaurado objetivando apurar eventuais irregularidades relaciondas à
representação formulada por ROBERTA LADISLAU DE MEDEIROS, noticiando atraso no fornecimento, por parte do
Município de Resende/RJ, de leite especial denominado NEO CATE ADVANCED, para seu filho BALTAZAR DE
MEDEIROS GOMES (menor de idade), que sofre de alergia alimentar.
</p>
<p>Em 14 de março de 2016, ROBERTA LADISLAU DE MEDEIROS compareceu perante este
órgão ministerial, e formulou representação (fls. 04/05), nos seguintes termos:
</p>
<p>(…)
A Srª Roberta compareceu à PRM/Resende a fim de oferecer denúncia quanto ao não
fornecimento de leite especial, Neo Cate, a seu filho Baltazar de Medeiros Gomes.
Em 2015, a Srª Roberta já havia comparecido à PRM/Resende relatando esta ocorrência. Na
época, o MPF determinou à Prefeitura Municipal de Resende o oferecimento regular do Leite
especial. Em outubro de 2015, uma primeira remessa, com 8 latas foi recebida. Em novembro e
dezembro o fornecimento continuou regular, com 8 latas por mês.
Em janeiro de 2016, o marido da Srª Roberta, o Sr. Tiago compareceu à Prefeitura de Resende
a fim de retirar as latas fornecidas conforme determinado. Nesta data foi-lhe entregue 8 latas,
mas com vencimento em 03/02/2016.
Já em fevereiro de 2016, o Sr. Tiago comparecer novamente à Prefeitura Municipal de Resende
a fim de retirar as latas para utilização no mês de fev/2016. Só que não houve o fornecimento.
Os servidores alegaram que deveriam ser utilizadas as latas já entregues, mas só havia restado
uma única lata que já encontrava-se vencida.
Retornaram em março à Prefeitura, mas os servidores informaram novamente que não haveria
o fornecimento do leite neste mês, pois o dinheiro necessário para a compra estava empenhado.
E não deram qualquer previsão para a retirada .
A Srª Roberta tem contado com a colaboração de familiares para a compra das latas do leite
Neo Cate, com custo unitário de 179,00. Mas hoje já são necessárias 12 latas/mês, visto que o
alergista pediatra alterou sua dieta.
(...)
 
</p>
<p> 
Ressalte-se, inicialmente, que o atraso no fornecimento do referido produto alimentício já havia
</p>
<p>sido noticiado a este órgão ministerial, pela representante ROBERTA LADISLAU DE MEDEIROS, em outubro de 2015,
ensejando a instauração do Procedimento Preparatório nº 1.30.008.000199/2015-04, o qual restou arquivado, diante da
regularização do fornecimento (fls. 08/09).
</p>
<p>Pois bem. Nesta senda, foi encaminhada nova requisição, em 15 de março de 2016, dirigida à
Secretaria de Saúde do Município de Resende/RJ, para que apresentasse manifestação acerca dos fatos noticiados, bem como
para que informasse o número de pacientes que recebiam leite especial fornecido pela municipalidade, e esclarecesse se o
fornecimento do referido produto vinha se dando de forma regular (fl. 10).
</p>
<p>Em atendimento à requisição ministerial, a Secretaria de Saúde do Município de Resende/RJ
encaminhou, através do Ofício nº 082/2016 – SS, de 29 de março de 2016 (fl. 19), o Memo nº 019/2016 – SAF, de 30 de
março de 2016 (fl. 20), oriundo da Superintendência de Assistência Farmacêutica da referida secretaria, consignando as
seguintes informações, in verbis:
</p>
<p>(…)
A solicitação do protocolo administrativo nº 24135/2015 em nome de 
</p>
<p>Roberta Ladislau de Medeiros para atender o menor Baltazar de Medeiros Gomes, estamos
aguardando a entrega pelo fornecedor BELINUTRI DISTRIBUIDORA DE
MEDICAMENTOS LTDA ME.
</p>
<p>A conclusão do documento (nota de empenho 574/2016) foi realizada
14/03/2016, através do Processo Licitatório nº 6114/2015, onde o credor tem o prazo de 10
(dez) dias úteis para atender a entrega do produto.
</p>
<p>(...)
 
</p>
<p> 
Também em 15 de março de 2016, foi dirigida solicitação à representante ROBERTA
</p>
<p>LADISLAU DE MEDEIROS, para que apresentasse cópia do receituário médico do menor BALTAZAR DE MEDEIROS
GOMES (fls. 11/12).
</p>
<p>Em 29 de março de 2016, a representante ROBERTA LADISLAU DE MEDEIROS
compareceu perante este órgão ministerial e apresentou cópia do receituário médico do menor BALTAZAR DE MEDEIROS
GOMES (fls. 15/18).
</p>
<p>Posteriormente, em 26 de abril de 2016, foi encaminhado e-mail para a representante
ROBERTA LADISLAU DE MEDEIROS, acompanhado de cópia do Memo nº 019/2016 – SAF, de 30 de março de 2016 
(fl. 20), oriundo da Superintendência de Assistência Farmacêutica Secretaria de Saúde do Município de Resende/RJ, para
ciência, além do que foi consignado solicitação para que informasse se já havia ocorrido a regularização do fornecimento de
leite especial NEO CATE ADVANCED, pelo Município de Resende/RJ (fl. 22).
</p>
<p>Em resposta enviada, via e-mail, em 29 de abril de 2016, a representante ROBERTA
LADISLAU DE MEDEIROS consignou que, em 10 de abril de 2016, sua sogra havia “retirado” o leite, e que ocorrendo
qualquer interrupção no fornecimento, entraria em contato (fl. 22).
</p>
<p>Por sua vez, também em 26 de abril de 2016, nova requisição foi endereçada à Secretaria de
Saúde do Município de Resende/RJ, para que fosse esclarecido se já havia sido regularizado o fornecimento do leite especial
NEO CATE ADVANCED, tendo em conta os prazos mencionados no Memo nº 019/2016 – SAF, de 30 de março de 2016 
</p>
<p>Pág. 1 de 2</p>
<p />
</div>
<div class="page"><p />
<p>(fl. 20), oriundo da Superintendência de Assistência Farmacêutica da referida secretaria, bem como para que fosse informado
o número de pacientes que, na ocasião, recebiam leite especial fornecido pelo Município de Resende/RJ, eis que tais
informações não haviam sido encaminhadas em atendimento à requisição anterior. Também foi requisitado cópia do contrato
celebrado a partir do Procedimento Licitatório nº 6114/2015, bem como documentos que indicassem a quantidade do produto
licitada, e as datas previstas para entrega (fl. 24).
</p>
<p>Em atendimento à requisição ministerial, a Secretaria de Saúde do Município de Resende/RJ
encaminhou, através do Ofício nº 135/2016 – SS, de 03 de junho de 2016 (fl. 26), o Memo nº 031/2016 – SAF, de 03 de
junho de 2016 (fl. 27), oriundo da Superintendência de Assistência Farmacêutica da referida secretaria, consignando as
seguintes informações, in verbis:
</p>
<p>(…)
Em resposta ao Ofício nº PRM/RES/GAB-1/IMB/421/2016, esclarecemos
</p>
<p>que já houve a regularização do fornecimento do leite especial NEO CATE ADVANCED.
Quanto ao Ofício PRM/RES/GAB-1/IMB/182/2016, informamos que
</p>
<p>existem 2 (dois) pacientes atualmente que recebem o leite especial NEO CATE ADVANCED
(Processo administrativo nº 24135/2015 – Baltazar de Medeiros Gomes e Processo
administrativo nº 10213/2016 – Cecília Ribeiro Dalmaschio). O total de latas consumidas,
mensalmente, pelos 02 processo são 22 latas (Laudos em anexo).
</p>
<p>Segue cópia do contrato celebrado a partir do Procedimento Licitatório nº
6114/2015, Ata de Registro de Preço indicando o total de 200 latas adquiridas. Através do
empenho nº 786/2016 de 07/04/2016 foram empenhadas 100 latas garantindo um atendimento
por 04 meses. O restante da Ata de Registro de preço será empenhada de acordo com o
necessidade apontada pelo setor de Nutrição da PMR com a emissão de novos receituários.
</p>
<p>Em anexo seguem recibos comprovando os recebimentos.
(…)
 
</p>
<p> 
Acostados às fls. 28/41, constam os supracitados documentos que acompanharam o Memo nº
</p>
<p>031/2016 – SAF, de 03 de junho de 2016 (fl. 27), oriundo da Superintendência de Assistência Farmacêutica da Secretaria de
Saúde do Município de Resende/RJ.
</p>
<p>Tendo em conta o teor da última informação prestada pela Secretaria de Saúde do Município de
Resende/RJ, novo ofício foi dirigido, em 15 de setembro de 2016, à representante ROBERTA LADISLAU DE
MEDEIROS, para que informasse se o fornecimento do leite NEO CATE ADVANCED permanecia regular (fls. 46 e 49).
</p>
<p>Em 21 de setembro de 2016, a representante ROBERTA LADISLAU DE MEDEIROS
encaminhou resposta, via e-mail, consignando que o fornecimento estava correto (fl. 49).
</p>
<p>Eis o relatório.
Compulsando os autos, verifica-se que inexistem elementos que justifiquem o prosseguimento
</p>
<p>das apurações, tampouco a adoção de quaisquer medidas administrativas ou judiciais adicionais.
Com efeito, conforme demonstram as informações e documentos apresentados, ao longo das
</p>
<p>apurações, pela Secretaria de Saúde do Município de Resende/RJ e pela representante ROBERTA LADISLAU DE
MEDEIROS, observa-se que a municipalidade adotou as providências cabíveis (inclusive, demonstrando melhor
planejamento das aquisições, de modo a evitar interrupções eventuais) para regularizar o fornecimento de leite especial
denominado NEO CATE ADVANCED, para os munícipes que necessitam do produto, incluindo o filho da representante.
</p>
<p>Por todo o exposto, promovo o arquivamento do presente procedimento.
Notifique-se a representante – ROBERTA LADISLAU DE MEDEIROS – , nos termos do
</p>
<p>artigo 17, § 1º, da Resolução nº 87 de 06 de Abril de 2010 do Conselho Superior do Ministério Público Federal, e do
artigo 10, § 1º, da Resolução nº 23 de 17 de Setembro de 2007 do Conselho Nacional do Ministério Público.
</p>
<p>Após, encaminhe-se os autos à Egrégia 1ª Câmara de Coordenação e Revisão do
Ministério Público Federal, para os fins previstos no artigo 9º, da Lei Federal nº 7.347/85, observando-se o disposto no
artigo 10 da Resolução nº 23, de 17 de setembro de 2007, do Conselho Nacional do Ministério Público, e no artigo 4º,
inciso V, e artigo 17 da Resolução nº 87 de 06 de abril de 2010 do Conselho Superior do Ministério Público Federal.
</p>
<p>Resende, 15 de fevereiro de 2017.
 
 
IZABELLA MARINHO BRANT
Procuradora da República
 
</p>
<p>Pág. 2 de 2</p>
<p />
</div>
</body></html>