<?xml version="1.0" encoding="UTF-8"?>
<html xmlns="http://www.w3.org/1999/xhtml">
<head>
<meta name="date" content="2016-09-30T12:21:33.14" />
<meta name="meta:paragraph-count" content="43" />
<meta name="meta:word-count" content="842" />
<meta name="Table-Count" content="1" />
<meta name="meta:initial-author" content="Patricia" />
<meta name="initial-creator" content="Patricia" />
<meta name="tika_batch_fs:relative_path" content="70438817.odt" />
<meta name="generator" content="OpenOffice/4.0.1$Win32 OpenOffice.org_project/401m5$Build-9714" />
<meta name="Word-Count" content="842" />
<meta name="dcterms:created" content="2014-12-05T21:28:00Z" />
<meta name="dcterms:modified" content="2016-09-30T12:21:33.14" />
<meta name="Last-Modified" content="2016-09-30T12:21:33.14" />
<meta name="nbPara" content="43" />
<meta name="Last-Save-Date" content="2016-09-30T12:21:33.14" />
<meta name="meta:object-count" content="2" />
<meta name="meta:character-count" content="5591" />
<meta name="Paragraph-Count" content="43" />
<meta name="nbImg" content="0" />
<meta name="meta:save-date" content="2016-09-30T12:21:33.14" />
<meta name="dc:title" content="Ofício MPF/PRPE/AT nº 171 /2003" />
<meta name="modified" content="2016-09-30T12:21:33.14" />
<meta name="Edit-Time" content="P2DT19H47M59S" />
<meta name="meta:image-count" content="0" />
<meta name="Image-Count" content="0" />
<meta name="nbCharacter" content="5591" />
<meta name="nbObject" content="2" />
<meta name="Content-Length" content="87621" />
<meta name="nbPage" content="4" />
<meta name="X-TIKA:digest:MD5" content="eacf8127ff2a92fce3a9631da4387df7" />
<meta name="Object-Count" content="2" />
<meta name="nbWord" content="842" />
<meta name="Content-Type" content="application/vnd.oasis.opendocument.text" />
<meta name="X-Parsed-By" content="org.apache.tika.parser.DefaultParser" />
<meta name="X-Parsed-By" content="org.apache.tika.parser.odf.OpenDocumentParser" />
<meta name="meta:creation-date" content="2014-12-05T21:28:00Z" />
<meta name="meta:table-count" content="1" />
<meta name="Creation-Date" content="2014-12-05T21:28:00Z" />
<meta name="xmpTPg:NPages" content="4" />
<meta name="resourceName" content="70438817.odt" />
<meta name="Character Count" content="5591" />
<meta name="editing-cycles" content="347" />
<meta name="Page-Count" content="4" />
<meta name="tika:file_ext" content="odt" />
<meta name="nbTab" content="1" />
<meta name="meta:page-count" content="4" />
<title>Ofício MPF/PRPE/AT nº 171 /2003</title>
</head>
<body><p><b>Notícia de Fato nº 1.24.001.000054/2016-43</b></p>
<p><b>Órgão Revisor: 1ª CCR</b></p>
<p><b>Manifestação nº 170/2016</b></p>
<p />
<p />
<p><b><u>PROMOÇÃO DE ARQUIVAMENTO</u></b></p>
<p />
<p>Trata-se de Procedimento Preparatório instaurado a partir de envio, por parte do Ministério Público do Estado da Paraíba, dos autos de Procedimento deflagrado para a apuração de irregularidades na execução do Programa Minha Casa Minha Vida no Município de Areial/PB.</p>
<p>Por meio de representação feita ao <i>Parquet </i>Estadual, <b>Ozana dos Santos França</b> noticiou que ela e outras pessoas foram contempladas com unidades habitacionais do Programa Minha Casa Minha Vida, sob execução da Prefeitura Municipal de Areial/PB. No entanto, as residências foram entregues sem a instalação da rede de energia elétrica (fls. 02/05).</p>
<p><b>A Prefeitura Municipal de Areial/PB prestou esclarecimentos às fls. 08/10, informando que já solicitou à Energisa a instalação da rede de energia elétrica no Conjunto Vila Maria, local onde estão situadas as referidas unidades habitacionais.</b></p>
<p> <b>Ozana dos Santos França peticionou ao Ministério Público Estadual requerendo o arquivamento de sua reclamação em razão de o seu pleito já estar sendo tratado pela Energisa.  (fls. 11/16).</b></p>
<p>Foram juntados os ofícios enviados pela Energisa à Prefeitura Municipal de Areial/PB e a <b>Ozana dos Santos França</b> (fls. 17/20).</p>
<p>	Foi realizada audiência entre o <i>Parquet</i> Estadual, <b>Ozana dos Santos França</b> e o representante da Energisa, cujo termo consta às fls. 29/30.</p>
<p>Cópia de inicial de Ação Civil Pública sobre o Programa Minha Casa Minha Vida ajuizada pelo Ministério Público Federal às fls. 34/46.</p>
<p>Promoção de Arquivamento do Ministério Público do Estado da Paraíba às fls. 50/56.</p>
<p>Instada pelo <i>Parquet</i> Federal a prestar informações sobre a instalação de rede elétrica no Conjunto Vila Maria, a Energisa se manifestou às fls. 67/77.</p>
<p>Após, vieram os autos conclusos.</p>
<p>Da análise dos presentes autos, observa-se que os fatos que ensejaram a instauração deste Procedimento resumem-se à ausência de rede de distribuição de energia elétrica no local onde estão situadas residências construídas por meio do Programa Minha Casa Minha Vida no Município de Areial/PB.</p>
<p>Sobre a questão, o <b>art. 47, <i>caput,</i> da Resolução n° 414/2010</b> <b>da Agência Nacional de Energia Elétrica - ANEEL</b> estabelece que a distribuidora de energia elétrica <i>“é responsável pelos investimentos necessários e pela construção das redes e instalações de distribuição de energia elétrica para o atendimento das unidades consumidoras situadas em empreendimentos habitacionais”.</i></p>
<p>Outrossim, o <b>§ 5º do supracitado artigo</b> dispõe que o responsável pela implantação do empreendimento habitacional urbano de interesse social deve solicitar formalmente à distribuidora de energia elétrica as medidas necessárias para a construção de redes e instalações de distribuição de energia elétrica para o atendidamente das unidades habitacionais.</p>
<p>Nesse sentido, conclui-se, desde logo, que os fatos que ensejaram a instauração deste Procedimento não constituem indícios de malversação de recursos públicos federais, uma vez que, como acima demonstrado, o custeio da implantação da rede de distribuição de energia elétrica das residências referentes ao Programa Minha Casa Minha Vida é de responsabilidade da Energisa, empresa fornecedora de energia elétrica no Estado da Paraíba. Logo, a ausência da prestação do serviço em comento não é decorrente da aplicação indevida das verbas provenientes do aludido Programa.</p>
<p>Diante disso, o objeto do presente Procedimento cinge-se ao acompanhamento das medidas que são/foram adotadas pela Prefeitura Municipal de Areial/PB e pela Energisa para a implantação da rede de distribuição de energia elétrica nas residências situadas no Conjunto Vila Maria.</p>
<p>Às fls. 8/10 a Prefeitura Municipal de Areial/PB  havia informado que já tinha solicitado à Energisa a instalação da rede de energia elétrica no local.</p>
<p>Com efeito, a Energisa informou que a obra foi executada no dia 1/8/2016 (fl. 70), tendo, inclusive, juntado as fotografias de fls. 71/72, da quais se extrai que, de fato,  foi implantada a rede de distribuição de energia elétrica no Conjunto Vila Maria em Areial/PB.</p>
<p>Assim, tendo em vista a resolução do problema relativo à instalação da rede de distribuição de energia elétrica nas residências do Conjunto Vila Maria, o objeto do presente Procedimento foi exaurido, não havendo justa causa para o seu prosseguimento.</p>
<p>Ante o exposto, decido pelo <b>ARQUIVAMENTO</b> deste Procedimento Preparatório, nos termos do<b> art. 4º, inciso V c/c o art. 17, ambos da Resolução n° 87/2006 do Conselho Superior do Ministério Público Federal - CSMPF.</b></p>
<p>Não há necessidade de comunicação ao representante, uma vez que o presente Procedimento foi instaurado a partir do envio de documentos pelo Ministério Público do Estado da Paraíba.</p>
<p>Encaminhem-se os autos à 1ª CCR, para a apreciação da presente decisão, conforme disposto no <b>art. 62, IV, da Lei Complementar nº 75/93</b>, no <b>artigo 9º, § 1º, da Lei n.º 7.347/85</b>, no a<b>rt. 17, §2º da Resolução CSMPF nº 87/2006</b>, e na <b>Resolução CSMPF nº 148/2014. </b></p>
<p>Baixa na distribuição.  </p>
<p>Cumpra-se.</p>
<p>Campina Grande/PB, a 30 de setembro de 2016.</p>
<p />
<p><b><i>Acácia Soares Peixoto Suassuna</i></b></p>
<p><b>Procuradora da República </b></p>
<p><i>RTLJ</i></p>
<table><tr>	<td><p />
</td>	<td><p><b>MINISTÉRIO PÚBLICO FEDERAL</b></p>
<p>Procuradoria da República no Município de Campina Grande/PB</p>
</td></tr>
</table>
<p />
<p />
<p>Rua Cônsul Joseph Noujaim Habib Nacab, 705, Catolé</p>
<p>Campina Grande/PB – CEP: 58.410-260</p>
<p> Fone: (083) 2101-6100   / </p>
<p />
<p><b>MINISTÉRIO PÚBLICO FEDERAL</b></p>
<p>Procuradoria da República no Município de Campina Grande/PB</p>
<p />
<p />
<p>Rua Cônsul Joseph Noujaim Habib Nacab, 705, Catolé</p>
<p>Campina Grande/PB – CEP: 58.410-260</p>
<p>Fone: (083) 2101-6100</p>
</body></html>