<?xml version="1.0" encoding="UTF-8"?>
<html xmlns="http://www.w3.org/1999/xhtml">
<head>
<meta name="pdf:PDFVersion" content="1.4" />
<meta name="pdf:docinfo:title" content="ModeloSilvio" />
<meta name="xmp:CreatorTool" content="Writer" />
<meta name="access_permission:modify_annotations" content="true" />
<meta name="access_permission:can_print_degraded" content="true" />
<meta name="tika_batch_fs:relative_path" content="70695803.pdf" />
<meta name="language" content="pt-BR" />
<meta name="dcterms:created" content="2017-07-06T16:43:52Z" />
<meta name="dc:format" content="application/pdf; version=1.4" />
<meta name="pdf:docinfo:creator_tool" content="Writer" />
<meta name="access_permission:fill_in_form" content="true" />
<meta name="pdf:encrypted" content="false" />
<meta name="dc:title" content="ModeloSilvio" />
<meta name="Content-Length" content="88289" />
<meta name="X-TIKA:digest:MD5" content="53ff6ea11a6a6e9f5deb28c65b777da7" />
<meta name="Content-Type" content="application/pdf" />
<meta name="X-Parsed-By" content="org.apache.tika.parser.DefaultParser" />
<meta name="X-Parsed-By" content="org.apache.tika.parser.pdf.PDFParser" />
<meta name="dc:language" content="pt-BR" />
<meta name="meta:creation-date" content="2017-07-06T16:43:52Z" />
<meta name="created" content="Thu Jul 06 13:43:52 BRT 2017" />
<meta name="access_permission:extract_for_accessibility" content="true" />
<meta name="access_permission:assemble_document" content="true" />
<meta name="xmpTPg:NPages" content="3" />
<meta name="Creation-Date" content="2017-07-06T16:43:52Z" />
<meta name="resourceName" content="70695803.pdf" />
<meta name="access_permission:extract_content" content="true" />
<meta name="access_permission:can_print" content="true" />
<meta name="tika:file_ext" content="pdf" />
<meta name="producer" content="LibreOffice 5.0" />
<meta name="access_permission:can_modify" content="true" />
<meta name="pdf:docinfo:producer" content="LibreOffice 5.0" />
<meta name="pdf:docinfo:created" content="2017-07-06T16:43:52Z" />
<title>ModeloSilvio</title>
</head>
<body><div class="page"><p />
<p>MINISTÉRIO PÚBLICO FEDERAL
PROCURADORIA DA REPÚBLICA NO ESTADO DE SERGIPE
</p>
<p>Inquérito Civil nº 1.35.000.000615/2016-31
</p>
<p>PROMOÇÃO DE ARQUIVAMENTO Nº 051/2017 – 1º OCC/PRSE/MPF
</p>
<p>Trata-se de inquérito civil instaurado a partir de representação encaminhada
</p>
<p>por  JOSÉ BARBOSA SILVA NETO, na qual  é  noticiada  a  ocorrência  de possível  fraude no
</p>
<p>processo  seletivo  para  o  ingresso  no  Programa  de  Pós-Graduação  em Direito,  realizado  pela
</p>
<p>Universidade Federal de Sergipe, divulgado por meio do Edital PRODIR/POSGRAP nº 01/2016.
</p>
<p>Em suma, alega o representante: 
</p>
<p>(a) que  procedeu  inscrição  no  processo  seletivo  supracitado  para  a  matéria  Direito  Civil
</p>
<p>Contemporâneo  e  que  sua  inscrição  foi  deferida,  todavia  não  obteve  êxito  em ser  aprovado,
</p>
<p>entãoingressou com recurso administrativo, o qual foi indeferido; 
</p>
<p>(b) que, no mesmo processo seletivo, a candidata Jaqueline Menezes Pertile procedeu inscrição
</p>
<p>para  concorrer a vaga destinada  matéria Direito Civil Contemporâneo, todavia, constava naá lista
</p>
<p>de  aprovados  para  a  matéria  Constitucionalização  do  Direito  Penal,  ocorrendo  assim,  o
</p>
<p>remanejamento indevido, entre disciplinas, da inscrição da candidata; 
</p>
<p>(c) que o candidato Raphael Prado de Moraes Cunha Celestino não possuía currículo cadastrado no
</p>
<p>sistema lattles, porém quando saiu o resultado da seleção constava como se o referido candidato
</p>
<p>possuísse currículo cadastrado naquele sistema;
</p>
<p>(d) que o Professor Dr. Lucas Gonçalves da Silva exercia o cargo de Presidente da Comissão de
</p>
<p>Seleção  e  Admissão  do  referido  processo  seletivo,  todavia  ele  deveria  ter  sido  considerado
</p>
<p>impedido,  pois  o  representante  (  JOSÉ BARBOSA SILVA NETO)  e  a  candidata   Jaqueline
</p>
<p>Menezes  Pertile  pertencem  [sic]  à  faculdade  FANESE,  instituição  onde  o  referido  professor
</p>
<p>ministra aulas.
</p>
<p>Visando apurar os fatos alegados, foram expedidos ofícios à Universidade
</p>
<p>Federal de Sergipe-UFS, requisitando informações e documentos a respeitos dos fatos relatados
</p>
<p>(fls. 12/13 e 127/128), tendo  a referida instituição de ensino prestados os esclarecimentos devidos
</p>
<p>e encaminhado documentação (fls. 16/125 e 130/131).
</p>
<p>É o relatório.
</p>
<p>Rua José Carvalho Pinto, 280, Edifício Aracaju Boulevard, Jardins, Aracaju-SE, 49026-150
FONE: (79)3301-3779 – FAX: (79)3301-3787 – Site: https://www.prse.mpf.mp.br</p>
<p />
</div>
<div class="page"><p />
<p>MINISTÉRIO PÚBLICO FEDERAL
PROCURADORIA DA REPÚBLICA NO ESTADO DE SERGIPE
</p>
<p>As supostas ilegalidades noticiadas por JOSÉ BARBOSA SILVA NETO
</p>
<p>não restaram confirmadas.
</p>
<p>No  tocante  a  não  aprovação  do  representante  JOSÉ  BARBOSA  no
</p>
<p>processo seletivo supracitado, esse fato se deu em decorrência do referido candidato não ter obtido
</p>
<p>a pontuação necessária para ingresso no curso pretendido, conforme devidamente justificado pela
</p>
<p>UFS às fls. 18/21,vejamos a transcrição seguinte:
</p>
<p>“(…)  Em relação ao candidato  JOSÉ BARBOSA SILVA NETO, após  avaliação  de  seu
currículo lattes pela Comissão de Seleção, bem como nov crivo em grau recursal, constatou-se que a
pontuação do candidato  em muito  distanciava-se  dos  150 (cento  e  cinquenta) pontos  exigidos  no
edital.  O  currículo  lattes  apresentado  não  se  confirmava  quando  em  cotejo  com  os  documentos
comprobatórios juntados, o que inviabiliza o cômputo da pontuação (...)” (fls. 14).
</p>
<p>Com isso, não se verifica a ocorrência de irregularidade ou ilegalidade na
</p>
<p>não  aprovação  do  representante  na  seleção  do  referido  curso  de  Mestrado  oferecido  pela
</p>
<p>Universidade Federal de Sergipe.
</p>
<p>Em relação ao alegado remanejamento indevido da inscrição da candidata
</p>
<p>Jaqueline  Menezes  Pertile  da  matéria  Direito  Civil  Contemporâneo  para  a  matéria
</p>
<p>Constitucionalização do Direito  Penal,  esse fato  não ocorreu,  isso  porque a  referida  candidata
</p>
<p>procedeu inscrição para concorrer à vaga oferecida para  a matéria Constitucionalização do Direito
</p>
<p>Penal,  conforme  consta  da  documentação  de  fls.  93  e  131,  sendo  portanto  infundada  essa
</p>
<p>irregularidade noticiada.
</p>
<p>No tocante  à  alegação  de  que  o  candidato  Raphael  Prado  de  Moraes
</p>
<p>Cunha Celestino não possuía  currículo cadastrado no sistema  lattles  e depois esse currículo teria
</p>
<p>sido registrado, na realidade o que houve foi que o representante JOSÉ BARBOSA errou a grafia
</p>
<p>do nome do referido candidato ao proceder  a  pesquisa no sistema  lattles,  conforme consta  do
</p>
<p>documento juntado pelo representante no recurso apresentado à UFS (vide fls. 21 e 89).
</p>
<p>Por fim, o fato de o Professor Dr. Lucas Gonçalves da Silva, Presidente da
</p>
<p>Comissão de Seleção e Admissão do referido processo seletivo, lecionar em unidade educacional
</p>
<p>onde supostamente o representante e a candidata  Jaqueline Menezes Pertile estudam ou ministram
</p>
<p>aula não é fundamento suficiente para que o referido professor se declare suspeito ou para que seja
</p>
<p>anulado o mencionado certame, uma vez que não há provas de eventual favorecimento ou prejuízo
</p>
<p>Rua José Carvalho Pinto, 280, Edifício Aracaju Boulevard, Jardins, Aracaju-SE, 49026-150
FONE: (079) 3301-3700 - FAX: (079) 3301-3787
</p>
<p>2</p>
<p />
</div>
<div class="page"><p />
<p>MINISTÉRIO PÚBLICO FEDERAL
PROCURADORIA DA REPÚBLICA NO ESTADO DE SERGIPE
</p>
<p>causado aos referidos candidatos.
</p>
<p>Ante o exposto, inexistindo qualquer indicativo de ilegalidade ou mesmo
</p>
<p>irregularidade, o arquivamento é medida que se impõe.
</p>
<p>Mercê de todo o exposto, promovo o  ARQUIVAMENTO do presente
</p>
<p>Inquérito Civil, devendo se proceder à remessa dos autos à 1ª CCR, para fins do disposto no art.
</p>
<p>171, IV, da Lei Complementar nº 75/1993.
</p>
<p>Cientifique-se, assim, o representante para, querendo, ofertar manifestação
</p>
<p>por escrito sobre este arquivamento, nos termos do art. 17, § 3º, da Resolução nº 87 do CSMPF1. 
</p>
<p>Por  fim,  dê-se  baixa  da  investigação  junto  ao  sistema  de  cadastramento
</p>
<p>informático, para que, ato contínuo, seja encaminhada à 1ª CCR/MPF, a fim de ser realizada a
</p>
<p>necessária revisão da matéria.
</p>
<p>Aracaju/SE, em  06 de julho de 2017.
</p>
<p>EUNICE DANTAS
Procuradora da República
</p>
<p>1 Art.  17,  § 3º  -  Até que seja  homologada ou rejeitada a promoção de arquivamento pela Câmara de
Coordenação e Revisão ou pela Procuradoria Federal dos Direitos do Cidadão, poderão as associações civis
legitimadas ou quaisquer interessados apresentar razões escritas ou documentos, que serão juntadas aos
autos para apreciação, nos termos do art. 9º, § 2°, da Lei n° 7347/85.
</p>
<p>Rua José Carvalho Pinto, 280, Edifício Aracaju Boulevard, Jardins, Aracaju-SE, 49026-150
FONE: (079) 3301-3700 - FAX: (079) 3301-3787
</p>
<p>3</p>
<p />
</div>
<ul>	<li>PROMOÇÃO DE ARQUIVAMENTO Nº 051/2017 – 1º OCC/PRSE/MPF</li>
</ul>
</body></html>