<?xml version="1.0" encoding="UTF-8"?>
<html xmlns="http://www.w3.org/1999/xhtml">
<head>
<meta name="pdf:PDFVersion" content="1.4" />
<meta name="pdf:docinfo:title" content="ENCAMINHAMENTO DE PROCESSOS DO FUNDEF À PRR 5A REGIÃO" />
<meta name="xmp:CreatorTool" content="Writer" />
<meta name="Keywords" content="FUNDEF" />
<meta name="access_permission:modify_annotations" content="true" />
<meta name="access_permission:can_print_degraded" content="true" />
<meta name="subject" content="FUNDEF" />
<meta name="dc:creator" content="NCrim- PRCE" />
<meta name="tika_batch_fs:relative_path" content="70985704.pdf" />
<meta name="language" content="pt-BR" />
<meta name="dcterms:created" content="2018-08-17T13:46:52Z" />
<meta name="dc:format" content="application/pdf; version=1.4" />
<meta name="pdf:docinfo:creator_tool" content="Writer" />
<meta name="access_permission:fill_in_form" content="true" />
<meta name="pdf:docinfo:keywords" content="FUNDEF" />
<meta name="pdf:encrypted" content="false" />
<meta name="dc:title" content="ENCAMINHAMENTO DE PROCESSOS DO FUNDEF À PRR 5A REGIÃO" />
<meta name="Content-Length" content="94279" />
<meta name="X-TIKA:digest:MD5" content="e1b1efb33ac350a4b62b88af05777b60" />
<meta name="Content-Type" content="application/pdf" />
<meta name="pdf:docinfo:creator" content="NCrim- PRCE" />
<meta name="X-Parsed-By" content="org.apache.tika.parser.DefaultParser" />
<meta name="X-Parsed-By" content="org.apache.tika.parser.pdf.PDFParser" />
<meta name="creator" content="NCrim- PRCE" />
<meta name="dc:language" content="pt-BR" />
<meta name="meta:author" content="NCrim- PRCE" />
<meta name="dc:subject" content="FUNDEF" />
<meta name="meta:creation-date" content="2018-08-17T13:46:52Z" />
<meta name="created" content="Fri Aug 17 10:46:52 BRT 2018" />
<meta name="access_permission:extract_for_accessibility" content="true" />
<meta name="access_permission:assemble_document" content="true" />
<meta name="xmpTPg:NPages" content="3" />
<meta name="Creation-Date" content="2018-08-17T13:46:52Z" />
<meta name="resourceName" content="70985704.pdf" />
<meta name="access_permission:extract_content" content="true" />
<meta name="access_permission:can_print" content="true" />
<meta name="tika:file_ext" content="pdf" />
<meta name="meta:keyword" content="FUNDEF" />
<meta name="Author" content="NCrim- PRCE" />
<meta name="producer" content="LibreOffice 5.2" />
<meta name="access_permission:can_modify" content="true" />
<meta name="pdf:docinfo:producer" content="LibreOffice 5.2" />
<meta name="pdf:docinfo:created" content="2018-08-17T13:46:52Z" />
<title>ENCAMINHAMENTO DE PROCESSOS DO FUNDEF À PRR 5A REGIÃO</title>
</head>
<body><div class="page"><p />
<p>CLASSE: INQUÉRITO CIVIL
REPRESENTANTE: SINDICATO  DE  COMÉRCIO  VAREJISTA  DE  PRODUTOS  E
</p>
<p>FARMACÊUTICOS DO ESTADO DO CEARÁ
REPRESENTADO: FARMÁCIA PROGRESSO
PROCEDIMENTO Nº: 1.15.000.000954/2016-18
</p>
<p>PROMOÇÃO DE ARQUIVAMENTOPROMOÇÃO DE ARQUIVAMENTO  N°  1315/18N°  1315/18
</p>
<p>Trata-se  de  procedimento  preparatório  instaurado  a  partir  de  representação
</p>
<p>noticiando  suposta  fraude  no  Programa  Farmácia  Popular  praticada  pela  empresa  Farmácia
</p>
<p>Progresso,  consistente  no  credenciamento  indevido  de  clientes  para  posterior  venda  de  itens
</p>
<p>constantes na gratuidade do Ministério da Saúde.
</p>
<p>Ante a instrução do feito, o Departamento de Assistência Farmacêutica e Insumos
</p>
<p>Estratégicos  –  DAF/SCTIE/MS -  prestou  informações  quanto  ao  controle  e  ao  monitoramento
</p>
<p>realizado no âmbito do PFPB em relação às empresas informadas na representação. (fls. 41/59).
</p>
<p>Informou que, após realizar o controle e monitoramento previsto no art.  35 da
</p>
<p>Portaria  GM/MS  n°  111/2016,  foi  verificada  a  necessidade  de  solicitar  a  documentação
</p>
<p>comprobatória das transações realizadas no âmbito do PFPB pelas empresas LIRA &amp; BARROS
</p>
<p>COMERCIO  DE  PRODUTOS  FARMACEUTICOS  LTDA,  CNPJ:  00.193.427/0001-53  e
</p>
<p>VILANIA VITAL BARROS, CNPJ: 07.311.074/0001-98, conforme art.  36 da referida Portaria,
</p>
<p>mas a solicitação não foi atendida adequadamente, razão pela qual o DAF/SCTIE/MS suspendeu
</p>
<p>preventivamente a sua conexão com o sistema de vendas PFPB e reiterou a solicitação, estando, até
</p>
<p>o momento da resposta, esperando a documentação para a adoção de demais providências de sua
</p>
<p>competência.
</p>
<p>Aduziu  que  os  estabelecimentos  LIRA  &amp;  BARROS  COMERCIO  DE
</p>
<p>PRODUTOS  FARMACEUTICOS  LTDA,  VILANIA  VITAL  BARROS,  FARMACIA  F.  P.
</p>
<p>BARROS LTDA – ME, CNPJ: 09.148.128/0001-71, VILANIA VITAL BARROS e FARMACIA
</p>
<p>F. P. BARROS LTDA – ME, CNPJ: 09.148.128/0002-52 passaram pelo controle de monitoramento
</p>
<p>do  DAF/SCTIE/MS,  tendo  sido  verificados  indícios  ou  notícias  irregulares,  que  ensejaram  a</p>
<p />
</div>
<div class="page"><p />
<p>suspensão  preventiva  da  conexão  com  o  sistema  de  vendas  do  PFPB  e/ou  pagamentos  e  a
</p>
<p>solicitação para instauração de procedimento de averiguação dos fatos pelo DENASUS, com base
</p>
<p>no art. 38, parágrafos 2° e 3° da Portaria GM/MS n° 111/2016.
</p>
<p>Já  quanto  à  empresa  JR  FERREIRA  MEDICAMENTOS  ME,  referido
</p>
<p>departamento informou que até o momento da resposta não haviam sido verificados indícios de
</p>
<p>irregularidades na execução do PFPB, mas que seria solicitada documentação comprobatória das
</p>
<p>transações da empresa em dias selecionados a fim de verificar eventuais irregularidades.
</p>
<p>Por  fim,  foi  dito  que,  em  relação  aos  CNPJ  n°  11.067.818/0001-48  e
</p>
<p>12.913.783/0001-83, não foi encontrado registro junto ao PFPB.
</p>
<p>Atendendo nova requisição ministerial, o  DAF/SCTIE/MS informou (fls. 70-75)
</p>
<p>informou que solicitou ao Departamento Nacional de Auditoria do SUS – DENASUS -  instauração
</p>
<p>de procedimento de averiguação dos fatos nas empresas abaixo relacionadas, em razão de indícios
</p>
<p>de irregularidade e/ou irregularidades constatadas:
</p>
<p>LIRA &amp; BARROS COMERCIO DE PRODUTOS FARMACEUTICOS LTDA,
</p>
<p>CNPJ: 00.193.427/0001-53
</p>
<p>LIRA &amp; BARROS COMERCIO DE PRODUTOS FARMACEUTICOS LTDA,
</p>
<p>CNPJ 00.193.427/0002-34
</p>
<p>VILANIA VITAL BARROS, CNPJ: 07.311.074/0001-98
</p>
<p>VILANIA VITAL BARROS, CNPJ: 07.311.074/0002-79
</p>
<p>VILANIA VITAL BARROS, CNPJ: 14.733.702/0001-99
</p>
<p>FARMACIA F. P. BARROS LTDA – ME, CNPJ: 09.148.128/0001-71
</p>
<p>FARMACIA F. P. BARROS LTDA – ME, CNPJ: 09.148.128/0002-52
</p>
<p>JR FERREIRA MEDICAMENTOS ME, CNPJ 34.558.155/0001-60
</p>
<p>Ressaltou  ainda  que,  apesar  do  DENASUS  não  ter  instaurado  ainda  os
</p>
<p>procedimentos de averiguação dos fatos, o DAF/SCTIE/MS está adotando todas as providências
</p>
<p>necessárias ao controle e monitoramento das operações das empresas em questão, a fim de concluir
</p>
<p>o processo administrativo, para, se for o caso, aplicar as penalidades cabíveis, inclusive no que diz
</p>
<p>respeito às penalidades previstas no art. 87 de lei 8666/93.  
</p>
<p>Informou, por fim, que a conexão dos referidos estabelecimentos com o Sistema
</p>
<p>de Vendas do programa permanecem suspensas, até que seja comprovada a situação regular das
</p>
<p>empresas junto ao Programa de Farmácia Popular.</p>
<p />
</div>
<div class="page"><p />
<p>Com relação à empresa TEF Produtos Farmacêuticos, CNPJ  10.659.797/0001-97,
</p>
<p>não foi encontrado registro da empresa no PFPB.
</p>
<p>Diante das informações  apresentadas,  percebe-se que o órgão responsável pelo
</p>
<p>controle  e  monitoramento  do  Programa  de  Farmácia  Popular  está  adotando  as  providências
</p>
<p>administrativas cabíveis em relação às irregularidades encontradas, tendo sido, inclusive, suspenso a
</p>
<p>conexão dos estabelecimentos com o sistema de vendas do programa.
</p>
<p>Quanto ao aspecto criminal do objeto, já foi providenciada a remessa de cópia dos
</p>
<p>autos ao Núcleo Criminal da PR/CE para apurar a prática, em tese, de estelionato (fls. 64), o que
</p>
<p>ensejou a instauração da NF nº 1.15.000.002736/2017-91 .
</p>
<p>Dessa forma,  entendo não haver  motivação para o prosseguimento  deste  feito,
</p>
<p>razão pela qual promovo seu arquivamento, submetendo a presente decisão para apreciação da 1ª
Câmara de Coordenação e Revisão do Ministério Público Federal, conforme artigo 62, inciso IV da
</p>
<p>Lei Complementar nº 75, de 1993.
</p>
<p>Antes,  porém,  comunique-se  o  representante,  ressaltando  a  possibilidade  de
</p>
<p>interpor recurso da presente decisão no prazo de 10 (dez) dias,  nos termos do art.  17, § 3º, da
</p>
<p>Resolução nº 87/2006, do Conselho Superior do Ministério Público Federal – CSMPF.
</p>
<p>Fortaleza, 16 de agosto de 2018.
</p>
<p>FERNANDO ANTÔNIO NEGREIROS LIMA
                                 Procurador da República</p>
<p />
</div>
</body></html>