<?xml version="1.0" encoding="UTF-8"?>
<html xmlns="http://www.w3.org/1999/xhtml">
<head>
<meta name="date" content="2016-09-20T16:29:05.73" />
<meta name="meta:paragraph-count" content="20" />
<meta name="meta:word-count" content="424" />
<meta name="Table-Count" content="0" />
<meta name="tika_batch_fs:relative_path" content="71033103.odt" />
<meta name="generator" content="OpenOffice.org/3.2$Win32 OpenOffice.org_project/320m19$Build-9506" />
<meta name="Word-Count" content="424" />
<meta name="dcterms:created" content="2014-09-08T17:28:00.81" />
<meta name="dcterms:modified" content="2016-09-20T16:29:05.73" />
<meta name="Last-Modified" content="2016-09-20T16:29:05.73" />
<meta name="nbPara" content="20" />
<meta name="Last-Save-Date" content="2016-09-20T16:29:05.73" />
<meta name="meta:object-count" content="0" />
<meta name="meta:character-count" content="2822" />
<meta name="Paragraph-Count" content="20" />
<meta name="nbImg" content="1" />
<meta name="meta:save-date" content="2016-09-20T16:29:05.73" />
<meta name="modified" content="2016-09-20T16:29:05.73" />
<meta name="Edit-Time" content="PT06H41M58S" />
<meta name="meta:image-count" content="1" />
<meta name="Image-Count" content="1" />
<meta name="nbCharacter" content="2822" />
<meta name="nbObject" content="0" />
<meta name="Content-Length" content="30093" />
<meta name="nbPage" content="2" />
<meta name="X-TIKA:digest:MD5" content="3c384b3e7a90087ab36638dc4388bc79" />
<meta name="Object-Count" content="0" />
<meta name="nbWord" content="424" />
<meta name="Content-Type" content="application/vnd.oasis.opendocument.text" />
<meta name="X-Parsed-By" content="org.apache.tika.parser.DefaultParser" />
<meta name="X-Parsed-By" content="org.apache.tika.parser.odf.OpenDocumentParser" />
<meta name="meta:creation-date" content="2014-09-08T17:28:00.81" />
<meta name="meta:table-count" content="0" />
<meta name="Creation-Date" content="2014-09-08T17:28:00.81" />
<meta name="xmpTPg:NPages" content="2" />
<meta name="resourceName" content="71033103.odt" />
<meta name="Character Count" content="2822" />
<meta name="editing-cycles" content="72" />
<meta name="Page-Count" content="2" />
<meta name="tika:file_ext" content="odt" />
<meta name="nbTab" content="0" />
<meta name="meta:page-count" content="2" />
<title></title>
</head>
<body><p />
<p>Ref: PP nº 1.23.001.000181/2016-80;</p>
<p />
<p />
<p><b><u>PROMOÇÃO DE ARQUIVAMENTO</u></b></p>
<p />
<p />
<ul>	<li><p>Cuida-se de procedimento autuado a partir de representação em que o denunciante dá conta de possíveis irregularidades no atendimento da Agência da Caixa Econômica Federal – CEF em Parauapebas/PA, já que o número de senhas disponíveis para liberação do FGTS retido seria incompatível com a demanda.</p>
</li>
	<li><p>Diante disso, instada a se manifestar, a CEF prestou esclarecimentos à fl. 10. Esclareceu que as agências de Parauapebas são as que possuem o maior fluxo de atendimentos da Superintendência do Sul do Pará, conforme demonstrado pelo documento de fl. 11.</p>
</li>
	<li><p>Disse a empresa pública que, por conta de informações inverídicas que estão circulando sobre a liberação do FGTS-retido, a procura por atendimento aumentou em demasia. Em face a isso, a CEF se viu obrigada a limitar as senhas para atendimento apenas dessa demanda específica (não recusando/limitando qualquer outro tipo de atendimento).</p>
</li>
	<li><p>Como medida para melhoria no atendimento ao público, a CEF informou a implantação de um sistema de agendamento por telefone, em que o atendimento relativo ao FGTS-retido passa a ser efetuado com dia e horário marcados.</p>
</li>
	<li><p>Certo é que a CEF deve estar aparelhada e contar com estrutura de atendimento que permita o atendimento com excelência das demandas que lhe são destinadas. Assim, e considerando a alegado aumento inesperado de atendimentos relativos ao FGTS-retido devido a um boato, verifica-se que a CEF adotou sistemática para melhor atender ao público, de forma a não prejudicar nenhum atendimento.</p>
</li>
	<li><p>Desse modo, entendo como justificáveis as razões da empresa pública representada, ainda mais quando se verifica que vem adotando medidas para melhorar o atendimento.</p>
</li>
	<li><p> Assim, não há nenhuma irregularidade a ser apurada, de modo que não restou evidenciado prejuízo às pessoas que dependem de atendimento, e nem a bens, serviços ou interesses da União, de entidade autárquica ou empresa pública federal, a ensejar a atuação deste Ministério Público Federal.</p>
</li>
	<li><p>Considerando a patente ausência de Justa Causa na espécie, promovo o <b>ARQUIVAMENTO </b>do feito e determino sua remessa, com as homenagens de estilo, a 1ª CCR para exame, deliberação e homologação, em conformidade com o disposto na Resolução nº 23/2007/CNMP, artigo 10, §§ 1º e 2º.</p>
</li>
	<li><p><b><u>Comunique-se o representante</u></b> do presente arquivamento, em especial dando-lhe ciência do documento de fl. 10, em que a CEF informa a possibilidade de agendamento por telefone de atendimento sobre FGTS-retido.</p>
</li>
	<li><p>Proceda-se aos registros de praxe.</p>
</li>
</ul>
<p>Marabá/PA, 20 de setembro de 2016.</p>
<p> </p>
<p />
<p> <b>	  LILIAN MIRANDA MACHADO</b></p>
<p> Procuradora da República </p>
<p>IC</p>
<p />
<p><b>MINISTÉRIO PÚBLICO FEDERAL</b></p>
<p>Procuradoria da República no Município de Marabá</p>
<p />
</body></html>