<?xml version="1.0" encoding="UTF-8"?>
<html xmlns="http://www.w3.org/1999/xhtml">
<head>
<meta name="date" content="2018-04-02T19:10:56Z" />
<meta name="pdf:PDFVersion" content="1.4" />
<meta name="access_permission:modify_annotations" content="true" />
<meta name="access_permission:can_print_degraded" content="true" />
<meta name="tika_batch_fs:relative_path" content="71278231.pdf" />
<meta name="dcterms:created" content="2018-04-02T19:10:56Z" />
<meta name="Last-Modified" content="2018-04-02T19:10:56Z" />
<meta name="dcterms:modified" content="2018-04-02T19:10:56Z" />
<meta name="dc:format" content="application/pdf; version=1.4" />
<meta name="Last-Save-Date" content="2018-04-02T19:10:56Z" />
<meta name="access_permission:fill_in_form" content="true" />
<meta name="pdf:docinfo:modified" content="2018-04-02T19:10:56Z" />
<meta name="meta:save-date" content="2018-04-02T19:10:56Z" />
<meta name="pdf:encrypted" content="false" />
<meta name="modified" content="2018-04-02T19:10:56Z" />
<meta name="Content-Length" content="79829" />
<meta name="X-TIKA:digest:MD5" content="9be2e83f32ba120447658bf543e1f0ee" />
<meta name="Content-Type" content="application/pdf" />
<meta name="X-Parsed-By" content="org.apache.tika.parser.DefaultParser" />
<meta name="X-Parsed-By" content="org.apache.tika.parser.pdf.PDFParser" />
<meta name="meta:creation-date" content="2018-04-02T19:10:56Z" />
<meta name="created" content="Mon Apr 02 16:10:56 BRT 2018" />
<meta name="access_permission:extract_for_accessibility" content="true" />
<meta name="access_permission:assemble_document" content="true" />
<meta name="xmpTPg:NPages" content="3" />
<meta name="Creation-Date" content="2018-04-02T19:10:56Z" />
<meta name="resourceName" content="71278231.pdf" />
<meta name="access_permission:extract_content" content="true" />
<meta name="access_permission:can_print" content="true" />
<meta name="tika:file_ext" content="pdf" />
<meta name="producer" content="iText® 5.5.9 ©2000-2015 iText Group NV (AGPL-version); modified using iText® 5.5.9 ©2000-2015 iText Group NV (AGPL-version)" />
<meta name="access_permission:can_modify" content="true" />
<meta name="pdf:docinfo:producer" content="iText® 5.5.9 ©2000-2015 iText Group NV (AGPL-version); modified using iText® 5.5.9 ©2000-2015 iText Group NV (AGPL-version)" />
<meta name="pdf:docinfo:created" content="2018-04-02T19:10:56Z" />
<title></title>
</head>
<body><div class="page"><p />
<p> 
</p>
<p>IC nº 1.23.000.001377/2016-00
 
</p>
<p> 
 
</p>
<p>DESPACHO DE ARQUIVAMENTO
 
</p>
<p>Trata-se de procedimento instaurado a partir de manifestação
</p>
<p>apresentada por pessoa que solicitou o sigilo de seus dados, acompanhada de duas
</p>
<p>colegas, todas alunas do curso de graduação em Bacharelado em Ciência e
</p>
<p>Tecnologia na Universidade Federal do Pará - UFPA (Campus de Ananindeua), a
</p>
<p>quais narraram que:
</p>
<p> 
</p>
<p>QUE são alunas do curso de graduação em Bacharelado em
</p>
<p>Ciência e Tecnologia na Universidade Federal do Pará - UFPA
</p>
<p>(Campus de Ananindeua), desde o 1º semestre/2014 (primeira
</p>
<p>turma); QUE após uma reunião com a Coordenação do Curso e
</p>
<p>os representantes do centro acadêmico do citado curso com o
</p>
<p>Reitor da Universidade, os alunos foram informados da
</p>
<p>possibilidade de encerramento do curso; QUE, no início do curso,
</p>
<p>o então Diretor Pro Tempore, professor Wellington Fonseca,
</p>
<p>afirmou que os discentes, ao concluir a graduação, poderiam
</p>
<p>"migrar" para alguns cursos de engenharia, tendo em vista que o
</p>
<p>curso de Ciência e Tecnologia contém base acadêmica
</p>
<p>compatível com essas graduações; QUE, todavia, em reunião
</p>
<p>com a Coordenadora e com o Vice-Coordenador do Campus de
</p>
<p>Ananindeua, o representante do centro acadêmico foi informado
</p>
<p>que tal migração não seria possível, porque o ITEC-Instituto de
</p>
<p>Tecnologia (Campus do Guamá) estava criando embaraços;
</p>
<p>QUE, em contrapartida, um dos professores do curso de
</p>
<p>Engenharia Mecânica informou que a não aceitação dos
</p>
<p>concluintes em Ciência e Tecnologia não estavam conseguindo
</p>
<p>fazer a "migração" por dificuldades criadas pela Coordenação
</p>
<p>PR-PA-00015390/2018     
</p>
<p>MINISTÉRIO PÚBLICO FEDERAL
Procuradoria da República no Pará
</p>
<p>PROCURADORIA DA
REPUBLICA -
PARA/CASTANHAL
</p>
<p>Travessa Rua Dom Romualdo De Seixas Nº 1476 Ed. Evolution,
Umarizal - Cep 66055200 - Belém-PA
</p>
<p>Tel. (91)32990111 - Fax: - Email:Prpa-belem@mpf.mp.br
</p>
<p>Pág. 1 de 3</p>
<p />
</div>
<div class="page"><p />
<p>deste curso; QUE é requisito para formação a realização de
</p>
<p>estágio obrigatório, o que foi prometido aos discentes pelo
</p>
<p>Coordenador de Estágios que seria providenciado pela
</p>
<p>Universidade; QUE, no entanto, nenhuma providência foi tomada;
</p>
<p>QUE as empresas privadas não ofertam vagas de estágio, pois
</p>
<p>não reconhecem o citado curso como graduação; QUE em 2016
</p>
<p>a terceira turma de Ciência e Tecnologia, já aprovada em
</p>
<p>processo seletivo, iniciará o curso este semestre.
</p>
<p> 
</p>
<p>Instada a se manifestar, a UFPA, às fls. 08/34, apresentou os seguintes
</p>
<p>esclarecimentos acerca dos fatos relatados na denúncia:
</p>
<p> 
</p>
<p>Em resposta ao OFICIO N° 1550/2017 - GAB11-AND,
</p>
<p>informamos que o curso de graduação em Bacharelado em
</p>
<p>Ciência e Tecnologia possui locais para realização de Estágio,
</p>
<p>conforme pode ser constatado no documento emitido pela
</p>
<p>Direção da referida Faculdade e que está anexado a esse
</p>
<p>processo.
</p>
<p>Informamos ainda que, de acordo com a Resolução n° 4.663, de
</p>
<p>28 de abril de 2015 - CONSEPE, também em anexo, não é
</p>
<p>mencionada migração para cursos de engenharia, posto que a
</p>
<p>obrigatoriedade é oferecer e formar o discente em Bacharel em
</p>
<p>Ciência e Tecnologia, no período mínimo de 03 (três) anos. Por
</p>
<p>fim, informamos que no período de 06 à 09 de agosto do corrente
</p>
<p>ano, o curso receberá a Comissão de avaliadores do INEP para
</p>
<p>realizar a visita de reconhecimento do curso, conforme
</p>
<p>cronograma também em anexo. Colocamo-nos a disposição para
</p>
<p>demais esclarecimentos que se fizerem necessários.
</p>
<p> 
</p>
<p>A resposta fornecida pela UFPA foi encaminhada à representante, para
</p>
<p>PR-PA-00015390/2018     
</p>
<p>MINISTÉRIO PÚBLICO FEDERAL
Procuradoria da República no Pará
</p>
<p>PROCURADORIA DA
REPUBLICA -
PARA/CASTANHAL
</p>
<p>Travessa Rua Dom Romualdo De Seixas Nº 1476 Ed. Evolution,
Umarizal - Cep 66055200 - Belém-PA
</p>
<p>Tel. (91)32990111 - Fax: - Email:Prpa-belem@mpf.mp.br
</p>
<p>Pág. 2 de 3</p>
<p />
</div>
<div class="page"><p />
<p>ciência e eventual contra-argumentação, a qual, contudo, quedou-se inerte.
</p>
<p>Ademais, consultado o site do MEC 1, obteve-se a informação de que o
</p>
<p>curso foi reconhecido, por meio da Portaria nº 1188, na data de 27/11/2017 (fls. 34/39).
</p>
<p>Diante disso, considerando que o curso se encontra regular perante o
</p>
<p>MEC, bem como que inexiste norma legal que obrigue uma instituição de ensino a
</p>
<p>migrar seus alunos para outro curso e, ainda, considerando à ausência de resposta da
</p>
<p>pessoa representante, verifica-se que o objeto destes autos não mais subsiste.
</p>
<p>Assim, determino o ARQUIVAMENTO do presente procedimento, nos
</p>
<p>termos do art. 9° da Lei n° 7347/85 e do art. 17, caput, da Resolução n.º 87/2006, do
</p>
<p>CSMPF.
</p>
<p>Cientifique-se a representante, ressaltando que é possível a apresentação
</p>
<p>de recurso desta decisão, no prazo de 10 (dez) dias, caso entenda necessário, sem a
</p>
<p>necessidade de contratação de advogado particular para o ato.
</p>
<p>Cientifique-se a UFPA.
</p>
<p>Após, encaminhe-se o feito para a 1ª CCR, para a análise da presente
</p>
<p>promoção de arquivamento.
</p>
<p> 
</p>
<p>1http://emec.mec.gov.br/emec/consulta-
</p>
<p>cadastro/detalhamento/d96957f455f6405d14c6542552b0f6eb/NTY5/c1b85ea4d704f24
</p>
<p>6bcced664fdaeddb6/SU5URVJESVNDSVBMSU5BUiBFTSBDScpOQ0lBIEUgVEVDTk
</p>
<p>9MT0dJQQ==
Belém/PA,28 de março de 2018
</p>
<p> 
 
 
 
</p>
<p>- Assinatura Eletrônica -
</p>
<p>MARCELO SANTOS CORREA
</p>
<p>Procurador da República
</p>
<p>PR-PA-00015390/2018     
</p>
<p>MINISTÉRIO PÚBLICO FEDERAL
Procuradoria da República no Pará
</p>
<p>PROCURADORIA DA
REPUBLICA -
PARA/CASTANHAL
</p>
<p>Travessa Rua Dom Romualdo De Seixas Nº 1476 Ed. Evolution,
Umarizal - Cep 66055200 - Belém-PA
</p>
<p>Tel. (91)32990111 - Fax: - Email:Prpa-belem@mpf.mp.br
</p>
<p>Pág. 3 de 3</p>
<p />
</div>
</body></html>