<?xml version="1.0" encoding="UTF-8"?>
<html xmlns="http://www.w3.org/1999/xhtml">
<head>
<meta name="pdf:PDFVersion" content="1.4" />
<meta name="xmp:CreatorTool" content="Writer" />
<meta name="access_permission:modify_annotations" content="true" />
<meta name="access_permission:can_print_degraded" content="true" />
<meta name="tika_batch_fs:relative_path" content="71532621.pdf" />
<meta name="language" content="pt-BR" />
<meta name="dcterms:created" content="2018-04-11T20:58:27Z" />
<meta name="dc:format" content="application/pdf; version=1.4" />
<meta name="pdf:docinfo:creator_tool" content="Writer" />
<meta name="access_permission:fill_in_form" content="true" />
<meta name="pdf:encrypted" content="false" />
<meta name="Content-Length" content="111392" />
<meta name="X-TIKA:digest:MD5" content="8912a120cd4282747e97265ef7b58bc6" />
<meta name="Content-Type" content="application/pdf" />
<meta name="X-Parsed-By" content="org.apache.tika.parser.DefaultParser" />
<meta name="X-Parsed-By" content="org.apache.tika.parser.pdf.PDFParser" />
<meta name="dc:language" content="pt-BR" />
<meta name="meta:creation-date" content="2018-04-11T20:58:27Z" />
<meta name="created" content="Wed Apr 11 17:58:27 BRT 2018" />
<meta name="access_permission:extract_for_accessibility" content="true" />
<meta name="access_permission:assemble_document" content="true" />
<meta name="xmpTPg:NPages" content="10" />
<meta name="Creation-Date" content="2018-04-11T20:58:27Z" />
<meta name="resourceName" content="71532621.pdf" />
<meta name="access_permission:extract_content" content="true" />
<meta name="access_permission:can_print" content="true" />
<meta name="tika:file_ext" content="pdf" />
<meta name="producer" content="LibreOffice 5.0" />
<meta name="access_permission:can_modify" content="true" />
<meta name="pdf:docinfo:producer" content="LibreOffice 5.0" />
<meta name="pdf:docinfo:created" content="2018-04-11T20:58:27Z" />
<title></title>
</head>
<body><div class="page"><p />
<p>PR-BA-000___________/2018
</p>
<p>Inquérito Civil nº 1.14.000.001368/2016-10
</p>
<p>Arquivamento nº 16/2018
 
</p>
<p>PROMOÇÃO DE ARQUIVAMENTO
</p>
<p>Trata-se de inquérito civil instaurado para apurar inconsistências
</p>
<p>no manejo de verbas decorrentes de complementação do Fundo de Manutenção e
</p>
<p>Desenvolvimento  do  Ensino  Fundamental  e  de  Valorização  do  Magistério
</p>
<p>(FUNDEF), recebidas por meio de precatórios pagos pela União.
</p>
<p>A  abertura  desta  investigação  foi  motivada  por  02  (duas)
</p>
<p>finalidades  principais:  (I)  verificar  qual  destinação  tem  sido  conferida  pelos
</p>
<p>municípios  baianos  aos  recursos  decorrentes  do  FUNDEF  recebidos  no  Poder
</p>
<p>Judiciário; (II) constatar se, para o ingresso da demanda judicial, foram celebrados
</p>
<p>contratos advocatícios lesivos ao patrimônio público, possibilitando o recebimento
</p>
<p>de vultosos honorários contratuais em ações de parca complexidade (fls. 02/02-v).
</p>
<p>Eis  os  municípios  inseridos  no  presente  apuratório:  Lauro  de
</p>
<p>Freitas; Muniz Ferreira; Muritiba; Nazaré; Salinas da Margarida; Santo Amaro.
</p>
<p>Iniciadas  as  investigações,  encaminharam-se  ofícios  às
</p>
<p>municipalidades,  requerendo  informações  sobre  o  recebimento  de  verbas  do
</p>
<p>FUNDEF por intermédio de precatórios da União, bem como acerca de eventual
</p>
<p>contratação de  escritório  de  advocacia  para ingresso  da demanda judicial  (fls.
</p>
<p>05/10).
</p>
<p>Antes do aporte das respostas, o MPF complementou a diligência
</p>
<p>anteriormente realizada, encaminhando recomendações e novos questionamentos
</p>
<p>às entidades municipais, visando a que os municípios aplicassem as verbas do
</p>
<p>FUNDEF unicamente nas finalidades previstas no art. 2º da Lei nº 9.424/19961,
</p>
<p>bem assim que evitassem o pagamento  de  honorários  advocatícios contratuais
</p>
<p>lesivos ao erário (fls. 27/44). 
</p>
<p>1 Lei que regia o FUNDEF, hoje substituído pelo FUNDEB (Lei nº 11.494/2007).</p>
<p />
</div>
<div class="page"><p />
<p>Em  resposta  às  diligências  do  Parquet,  eis  os  pronunciamentos
</p>
<p>oferecidos pelas entidades municipais:
</p>
<p>(I) os municípios de Salinas da Margarida (fl. 156), Muniz Ferreira
</p>
<p>(fl. 158) e Santo Amaro (fls. 160/163) informaram não terem recebido valores do
</p>
<p>FUNDEF mediante precatórios pagos pela União;
</p>
<p>(II)  o  município  de  Muritiba  disse  ter  ingressado  com  a  ação
</p>
<p>ordinária  nº  2005.33.00.014504-7  contra  a  União,  para  fins  de  receber  a
</p>
<p>complementação  das  verbas  do  FUNDEF.  Segundo  o  município,  a  sentença
</p>
<p>favorável ao município ainda não havia transitado em julgado. Outrossim, “(...) a
</p>
<p>ação fora proposta pela Assessoria Jurídica do Município à época, não tendo sido
</p>
<p>realizada contratação de escritório de advocacia especificamente para interposição
</p>
<p>da  referida  demanda”  (fl.  46).  Às  fls.  47/115,  cópia  das  principais  peças  do
</p>
<p>processo;
</p>
<p>(III) o município de Nazaré não ajuizou demanda individual contra a
</p>
<p>União, mas disse que a União dos Municípios da Bahia (UPB) propôs, em favor de
</p>
<p>seus  associados,  a  ação  ordinária  nº  31459-97.2010.4.01.3300  contra  o  ente
</p>
<p>político federal, com vistas à percepção de recursos complementares do FUNDEF. A
</p>
<p>demanda foi movida pelo escritório de advocacia “Monteiro e Monteiro Advogados
</p>
<p>Associados”. 
</p>
<p>Informou a municipalidade, ainda, que estava em vias de formalizar
</p>
<p>a contratação, por meio de inexigibilidade de licitação, do referido ente jurídico para
</p>
<p>promover  futura  execução  dos  valores  devidos  ao  município.  Disse  que  os
</p>
<p>honorários advocatícios contratuais seriam fixados à razão de 20% (vinte por cento)
</p>
<p>do benefício percebido pela municipalidade (fls. 113/120);
</p>
<p>(IV) o município de Lauro de Freitas ingressou com a ação ordinária
</p>
<p>nº  2006.33.00.014777-4  contra  a  União,  com  o  objetivo  de  perceber  a
</p>
<p>complementação  de  valores  do  FUNDEF.  A  demanda  foi  movida  pela  própria
</p>
<p>Procuradoria do Município, não havendo, até então, o recebimento de recursos por
</p>
<p>meio de precatórios (fl. 174). Às fls. 175/220, principais peças processuais.
</p>
<p>Às fls. 24/26-v, consta o parecer nº 309/15 do Tribunal de Contas
</p>
<p>2de10</p>
<p />
</div>
<div class="page"><p />
<p>dos Municípios do Estado da Bahia (TCM), que estabelece, às municipalidades, a
</p>
<p>necessidade  de  se  utilizar  as  verbas  do  FUNDEF recebidas  por  precatórios  em
</p>
<p>finalidades atreladas à manutenção e desenvolvimento do ensino (art. 70, Lei nº
</p>
<p>9.394/96)2.
</p>
<p>Após o encarte  das respostas acima aludidas,  o  Parquet realizou
</p>
<p>análise acerca do objeto sob apuração, sintetizada a seguir (fls. 228/231):
</p>
<p>(I)  o  município  de  Muniz  Ferreira  realmente  não  havia  recebido
</p>
<p>precatórios  pagos  pela  União  quanto  ao  FUNDEF  (fl.  158),  mas  se  olvidou  de
</p>
<p>informar acerca da existência de demanda judicial proposta contra o ente político
</p>
<p>federal.
</p>
<p>Em consulta ao sítio eletrônico da Justiça Federal (fls. 234/235),
</p>
<p>constatou-se  que  referida  municipalidade  ajuizou  a  ação  ordinária  nº
</p>
<p>2005.33.00.015482-0 contra a União, que se encontra sobrestada, desde abril de
</p>
<p>2012,  aguardando  julgamento  de  recurso  representativo  da  controvérsia  no
</p>
<p>Supremo Tribunal Federal3. No TRF, o município foi beneficiado com o julgamento
</p>
<p>favorável de sua apelação, fazendo jus à complementação das verbas do FUNDEF;
</p>
<p>(II)  o  município  de  Santo  Amaro,  tal  qual  o  de  Muniz  Ferreira,
</p>
<p>também não relatou, às fls. 160/161, informações referentes à ação judicial movida
</p>
<p>contra  a  União  em relação ao  FUNDEF.  Em consulta  à internet  (fls.  232/233),
</p>
<p>verificou-se que o ente municipal propôs a ação ordinária nº 2003.33.00.030729-1,
</p>
<p>que se encontrava sobrestada, desde agosto de 2015, aguardando julgamento de
</p>
<p>recurso representativo da controvérsia no Superior Tribunal de Justiça4;
</p>
<p>(III)  a  demanda  ajuizada  pelo  município  de  Lauro  de  Freitas
</p>
<p>(2006.33.00.014777-4)  encontra-se  na  fase  de  execução,  o  que  motivou  a
</p>
<p>instauração do processo nº 0006126-36.2016.4.01.3300. Em agosto desse ano, foi
</p>
<p>ordenada a expedição de precatório para a municipalidade (fls. 236/237);
</p>
<p>(IV)  a  ação  proposta  pelo  município  de  Muritiba
</p>
<p>(2005.33.00.014504-7) foi apreciada pelo TRF1, cujo acórdão prolatado foi favorável
</p>
<p>ao ente público. O trânsito em julgado da decisão ocorreu em agosto de 2016, com
</p>
<p>2 Lei de Diretrizes e Bases da Educação Nacional.
3 Recurso Extraordinário nº 635.347.
4 Recurso Especial nº 1.492.221.
</p>
<p>3de10</p>
<p />
</div>
<div class="page"><p />
<p>determinação de remessa dos autos à origem (fls. 238/239-v);
</p>
<p>(V)  o  município  de  Nazaré  pretendeu  se  beneficiar  da  demanda
</p>
<p>ajuizada pela UPB, tombada sob o nº 31459-97.2010.4.01.3300, que se encontrava
</p>
<p>conclusa para relatório e voto no TRF (fl. 240). 
</p>
<p>Para tanto, buscou a municipalidade efetivar contrato de prestação
</p>
<p>de  serviço  com  o  escritório  “Monteiro  e  Monteiro  Advogados  Associados”,
</p>
<p>acordando-se o pagamento de honorários advocatícios à razão de 20% (vinte por
</p>
<p>cento) do benefício obtido no processo (fls. 113/120);
</p>
<p>(VI)  o  município  de  Salinas  da  Margarida  não  possui  nenhuma
</p>
<p>demanda ajuizada contra a União no que diz respeito ao recebimento de valores do
</p>
<p>FUNDEF, não havendo necessidade, portanto, de se adotar outra diligência perante
</p>
<p>citado ente público;
</p>
<p>Fixado o panorama investigativo, o MPF deu seguimento à marcha
</p>
<p>apuratória, expedindo os ofícios de fls. 241/245 às municipalidades representadas,
</p>
<p>à exceção do município de Salinas da Margarida.
</p>
<p>Eis os desdobramentos das diligências empreendidas:
</p>
<p>(I)  Instado  a  enviar  cópia  das  principais  peças  do  processo  nº
</p>
<p>15474-64.2005.4.01.3300  e  a  informar  se  utilizaria  os  recursos  do  FUNDEF
</p>
<p>unicamente na manutenção e desenvolvimento da educação (fl. 242), o município
</p>
<p>de Muniz Ferreira não apresentou pronunciamento conclusivo nos autos, a despeito
</p>
<p>da confirmação de recebimento do ofício e suas reiterações através do e-mail de fl.
</p>
<p>276;
</p>
<p>(II)  Indagado a enviar  cópia  das principais  peças do  processo nº
</p>
<p>30745-84.2003.4.01.3300  e  a  informar  se  utilizaria  os  recursos  do  FUNDEF
</p>
<p>unicamente na manutenção e desenvolvimento da educação (fl. 241), o município
</p>
<p>de Santo Amaro informou não ter sido possível reunir as petições solicitadas, visto
</p>
<p>que os autos se encontravam no TRF1, tratando-se de processo físico. No que tange
</p>
<p>à utilização dos valores do FUNDEF exclusivamente no ensino, a municipalidade
</p>
<p>não se pronunciou a respeito do tema (fl. 266);
</p>
<p>(III)  Oficiado  a  informar  se  utilizaria  os  recursos  do  FUNDEF
</p>
<p>4de10</p>
<p />
</div>
<div class="page"><p />
<p>unicamente na manutenção e desenvolvimento da educação (fl. 243), o município
</p>
<p>de Lauro de Freitas informou que “irá cumprir integralmente a recomendação nº
</p>
<p>02/2016, sem qualquer pagamento de honorários a advogados e com destinação
</p>
<p>legal e específica da verba que ainda será recebida pelo município”. Pontuou, ainda,
</p>
<p>que o cumprimento de sentença nº 6126-36.2016.4.01.3300 não contava com a
</p>
<p>presença  de  advogados  alheios  ao  quadro  da  Procuradoria  do  município,  cujos
</p>
<p>membros eram nomeados mediante concurso público (fls. 246/248);
</p>
<p>(IV)  Solicitado a encaminhar cópia do contrato firmado com a J.
</p>
<p>Pires  e  Advogados  S/C  e  a  informar  se  utilizaria  os  recursos  do  FUNDEF
</p>
<p>unicamente na manutenção e desenvolvimento da educação (fl. 244), o município
</p>
<p>de  Muritiba  pontuou  não  possuir  contrato  advocatício  firmado  com  a  referida
</p>
<p>sociedade no que tange ao cumprimento de sentença movido pela municipalidade5,
</p>
<p>bem como que a entidade atendia à Resolução nº 1346/2016 do TCM/BA, no que
</p>
<p>diz respeito à aplicação dos valores do FUNDEF no ensino (fl. 258);
</p>
<p>(V) Instigado a encaminhar cópia das principais peças do processo
</p>
<p>nº  31459-97.2010.4.01.3300  e  de  eventual  contrato  firmado  com o  Monteiro  e
</p>
<p>Monteiro Advogados Associados (fl. 245), o município de Nazaré informou não ter
</p>
<p>encontrado nenhuma informação referente à avença contratual supracitada, bem
</p>
<p>como que não seria possível reunir as petições solicitadas, visto que os autos se
</p>
<p>encontravam no TRF1, tratando-se de processo físico (fl. 278).
</p>
<p>É o relatório.
</p>
<p>A  análise  dos  autos  revela  a  necessidade  de  arquivamento  do
</p>
<p>presente  procedimento,  tendo  em  vista  a  ausência  de  irregularidades  aptas  a
</p>
<p>ensejar o ajuizamento de ação civil pública, não sendo o caso, também, de adoção
</p>
<p>de outras diligências neste inquérito civil, senão veja-se.
</p>
<p>Cinge-se  o  procedimento a:  (I)  verificar  qual  destinação tem sido
</p>
<p>conferida pelos municípios baianos aos recursos decorrentes do FUNDEF recebidos
</p>
<p>por meio de precatórios perante o Poder Judiciário; (II) constatar se, para o ingresso
</p>
<p>da demanda judicial, foram celebrados contratos advocatícios lesivos ao patrimônio
</p>
<p>5 Processo nº 42978-59.2016.4.01.3300.
</p>
<p>5de10</p>
<p />
</div>
<div class="page"><p />
<p>público, possibilitando o recebimento de vultosos honorários contratuais em ações
</p>
<p>de parca complexidade.
</p>
<p>Eis  a  situação  atual  de  cada  municipalidade  investigada  neste
</p>
<p>procedimento:
</p>
<p>(I) O processo nº 15474-64.2005.4.01.3300, movido pelo município
</p>
<p>de  Muniz  Ferreira,  ainda  se  encontra  sobrestado  no  TRF1,  no  aguardo  de
</p>
<p>julgamento do Recurso Extraordinário nº 635.347 pelo Supremo Tribunal Federal.
</p>
<p>Este último está concluso para o ministro relator desde o dia 11 de maio de 2015,
</p>
<p>consoante revelam os documentos em anexo.
</p>
<p>Nestes termos, apesar de a municipalidade ter sido agraciada, pelo
</p>
<p>TRF1, com decisão favorável à complementação do FUNDEF, inexiste previsão de
</p>
<p>retorno dos autos à primeira instância para fins de ajuizamento de cumprimento de
</p>
<p>sentença, o que deve ocorrer apenas após o julgamento do sobredito RE pelo STF.
</p>
<p>Assim,  considerando  o  sobrestamento  do  processo  no  TRF1  e  a
</p>
<p>inexistência de indicativos concretos de que o município de Muniz Ferreira aplicará
</p>
<p>os recursos do FUNDEF exclusivamente na educação, devem as questões relativas
</p>
<p>ao recebimento de precatório pela municipalidade ser enfrentadas em inquérito civil
</p>
<p>autônomo  vinculado a este Ofício, com extração de cópia das peças informativas
</p>
<p>pertinentes;
</p>
<p>(II) O processo nº 30745-84.2003.4.01.3300, movido pelo município
</p>
<p>de Santo Amaro, ainda se encontra sobrestado no TRF1, no aguardo de julgamento
</p>
<p>do Recurso Especial nº 1.492.221 pelo Superior Tribunal de Justiça.
</p>
<p>Em consulta ao sítio eletrônico da Corte da Cidadania, percebeu-se
</p>
<p>que, no dia 20 de março de 2018, o STJ publicou acórdão de julgamento do referido
</p>
<p>recurso repetitivo (cópia em anexo), de sorte que os processos judiciais sobrestados
</p>
<p>–  o  que  inclui  a  demanda  proposta  pelo  município  de  Santo  Amaro –  serão
</p>
<p>reapreciados pelos tribunais de origem, nos moldes do art.  1.040 do Código de
</p>
<p>Processo Civil.
</p>
<p>Desta forma, considerando que o processo sobrestado está em vias
</p>
<p>de retomar sua marcha processual e a inexistência de indicativos concretos de que
</p>
<p>o município de Santo Amaro aplicará os recursos do FUNDEF exclusivamente na
</p>
<p>6de10</p>
<p />
</div>
<div class="page"><p />
<p>educação, devem as questões pertinentes ao futuro recebimento de precatório pela
</p>
<p>municipalidade ser enfrentadas em inquérito civil autônomo vinculado a este Ofício,
</p>
<p>com extração de cópia das peças informativas pertinentes;
</p>
<p>(III)  o  cumprimento  de  sentença  nº  6126-36.2016.4.01.3300,
</p>
<p>proposto  pelo  município  de  Lauro  de  Freitas,  foi  julgado  procedente  em 17  de
</p>
<p>outubro de 2017 pela Juíza da 14ª Vara Federal da Seção Judiciária da Bahia. Em
</p>
<p>sua decisão,  a  Magistrada  fixou  expressamente  a  necessidade  de  se  utilizar  os
</p>
<p>valores do FUNDEF unicamente na manutenção e desenvolvimento da educação,
</p>
<p>sem direcionamento dos recursos para qualquer outra finalidade. Veja o trecho a
</p>
<p>seguir, extraído da sentença6:
</p>
<p>Quanto ao pleito da União, às fls. 576/592, no sentido de que
</p>
<p>seja desconsiderada a cláusula de reserva de honorários em favor
</p>
<p>do escrito contratado ou a declaração de sua nulidade, para que
</p>
<p>seja expedido precatório “única e exclusivamente, em benefício do
</p>
<p>município”,  por  se  tratar  de  verba  vinculada  ao  ensino
</p>
<p>fundamental, tem ela toda a razão. De fato, trata-se de recursos
</p>
<p>vinculados à finalidade educacional, não podendo, por esta razão,
</p>
<p>ser direcionado para qualquer outro fim.
</p>
<p>A contextualização dos fatos envolvendo o município de Lauro de
</p>
<p>Freitas permite concluir pela desnecessidade de se adotar outras diligências neste
</p>
<p>inquérito  civil,  haja  vista  o  quanto  decidido  no  processo  nº  6126-
</p>
<p>36.2016.4.01.3300,  considerando  a  destinação  dos  valores  do  FUNDEF
</p>
<p>especificamente para o custeio da educação básica;
</p>
<p>(IV)  o  cumprimento  de  sentença  nº  42978-59.2016.4.01.3300,
</p>
<p>proposto pelo município de Muritiba, encontra-se concluso para sentença desde o
</p>
<p>dia  12  de  setembro  de  2017  (espelho  em anexo).  Em julho  do  mesmo  ano,  o
</p>
<p>Magistrado  acolheu parcialmente  a  impugnação  proposta  pela  União,  fixando  o
</p>
<p>valor de R$ 7.433.661,20 (sete milhões, quatrocentos e trinta e três mil, seiscentos
</p>
<p>e  sessenta  e  um reais  e  vinte  centavos)  devidos  à  municipalidade,  além de  R$
</p>
<p>371.683,06 (trezentos e setenta e um mil, seiscentos e oitenta e três reais e seis
</p>
<p>centavos) a título de honorários advocatícios sucumbenciais (cópia em anexo).
</p>
<p>6 Página 09/11.
</p>
<p>7de10</p>
<p />
</div>
<div class="page"><p />
<p>Em análise à decisão judicial, todavia, não se identificou qualquer
</p>
<p>menção às finalidades em que serão utilizados os recursos de complementação do
</p>
<p>FUNDEF, a despeito de o feito se encontrar concluso para prolação de sentença. Por
</p>
<p>esta razão,  este Ofício, nos moldes que lhe facultam o art.  178, inc. I do CPC7,
</p>
<p>requereu  vista  dos  autos  perante  o  Juízo  Federal,  para  fins  de  análise  e
</p>
<p>oferecimento de manifestação, com o objetivo de resguardar a escorreita utilização
</p>
<p>das verbas educacionais, na forma do pronunciamento em anexo;
</p>
<p>(V) o município de Nazaré está a aguardar os desdobramentos da
</p>
<p>ação nº 31459-97.2010.4.01.3300, ajuizada pela UPB contra a União. Referido feito
</p>
<p>encontra-se  concluso  ao  relator  no  TRF1  desde  abril  de  2014,  no  aguardo  de
</p>
<p>relatório e voto (documentos em anexo).
</p>
<p>No primeiro grau de jurisdição, houve o indeferimento da petição
</p>
<p>inicial,  motivo  pelo  qual  o  processo  foi  extinto  sem  exame  de  mérito  (espelho
</p>
<p>processual em anexo). Lado outro, a atual gestão da municipalidade informou não
</p>
<p>ter encontrado nenhuma informação referente a eventual contrato firmado com a
</p>
<p>Monteiro  e  Monteiro  Advogados  Associados,  que  seria  celebrado  com  o  fito  de
</p>
<p>executar  valores  pertinentes  à  complementação  do  FUNDEF em uma  execução
</p>
<p>contra a fazenda pública (fl. 278).
</p>
<p>Nestes  termos,  verifica-se  que  o  município  de  Nazaré  necessita
</p>
<p>trilhar um longo caminho para receber os recursos do FUNDEF, notadamente em
</p>
<p>razão de o processo movido pela UPB encontrar-se paralisado no TRF há 04 (quatro)
</p>
<p>anos, no aguardo de julgamento da apelação manejada pela entidade, que busca
</p>
<p>reformar a sentença de improcedência proferida contra si na primeira instância.
</p>
<p>Deste modo, considerando o andamento da marcha processual do
</p>
<p>sobredito feito e a tramitação do inquérito civil nº 1.14.000.002541/2017-88 no 13º
</p>
<p>Ofício de Tutela Coletiva desta Procuradoria, que apura temática correlata ao objeto
</p>
<p>destes autos8, verifica-se que o cumprimento de sentença coletivo a ser ajuizado
</p>
<p>7 Art. 178.  O Ministério Público será intimado para, no prazo de 30 (trinta) dias, intervir como fiscal
da ordem jurídica nas hipóteses previstas em lei ou na Constituição Federal e nos processos que
envolvam:
I - interesse público ou social;
</p>
<p>8 Referido procedimento busca reunir elementos aptos a promover cumprimento de sentença coletivo
em favor  dos  municípios  da  Bahia,  a  partir  do  ajuizamento  da  ação  civil  pública  nº  50616-
27.1999.4.03.6100 pelo MPF em São Paulo, conforme revela o despacho nº 366/2017 do 13º Ofício
</p>
<p>8de10</p>
<p />
<div class="annotation"><a href="http://www.planalto.gov.br/ccivil_03/Constituicao/Constituicao.htm">http://www.planalto.gov.br/ccivil_03/Constituicao/Constituicao.htm</a></div>
</div>
<div class="page"><p />
<p>certamente  abarcará  a  situação  vivenciada  pela  municipalidade,  não  havendo,
</p>
<p>portanto, outras diligências a serem adotadas no presente procedimento;
</p>
<p>(VI)  o  município  de  Salinas da  Margarida  não propôs demandas
</p>
<p>contra a União com vistas à percepção de complementação do FUNDEF, consoante
</p>
<p>exposto no documento de fl. 156 e no despacho de fls. 228/231. Assim, inexiste
</p>
<p>risco  de  utilização  indevida  de  recursos  no  custeio  de  honorários  advocatícios
</p>
<p>contratuais, impondo-se o arquivamento do inquérito civil.
</p>
<p>Forte em tais razões, demonstrada a situação vivenciada por cada
</p>
<p>municipalidade investigada neste procedimento, esgotado o objeto sob apuração,
</p>
<p>determino:
</p>
<p>I)  o  ARQUIVAMENTO  em relação  aos  municípios  de  Salinas  da
</p>
<p>Margarida,  Nazaré  e  Lauro  de  Freitas,  uma vez  ausente  outras  irregularidades
</p>
<p>aptas a demandar a adoção de novas diligências pelo MPF;
</p>
<p>II) o  ARQUIVAMENTO  no que se refere ao município de  Muritiba,
</p>
<p>visto  que  as  próximas  medidas  serão  adotadas  pelo  Parquet no  bojo  do
</p>
<p>cumprimento de sentença nº 42978-59.2016.4.01.3300, atraindo a aplicação do
</p>
<p>enunciado nº 6 da 1ª Câmara de Coordenação e Revisão9;
</p>
<p>III) o ARQUIVAMENTO no que diz respeito aos municípios de Santo
</p>
<p>Amaro  e  Muniz  Ferreira,  com  instauração  de  02  (dois)  novos  inquéritos  civis
</p>
<p>vinculados a este Ofício, para prosseguimento das investigações, tendo em vista a
</p>
<p>especificidade  dos  fatos  relativos  às  municipalidades,  que  contam  com  ação
</p>
<p>ordinária em tramitação na Justiça Federal.
</p>
<p>Para a formação dos novos procedimentos,  deverão ser extraídas
</p>
<p>cópias do presente pronunciamento e das seguintes peças informativas:
</p>
<p>III.1)  Santo Amaro: fls. 160/161, 241 e 266; espelho atualizado do
</p>
<p>processo nº 31459-97.2010.4.01.3300, em primeiro e segundo graus; ementa do
</p>
<p>Acórdão prolatado no Recurso Especial nº 1.492.221;
</p>
<p>(em anexo).
9 Enunciado nº 6: cabível a homologação do arquivamento quando o objeto do procedimento ou do
</p>
<p>inquérito civil, inclusive sob a perspectiva territorial, esteja sob apreciação do Poder Judiciário e,
nas ações em trâmite na Justiça Federal,  atue o Ministério Público Federal  como (co)autor ou
interveniente.
</p>
<p>9de10</p>
<p />
</div>
<div class="page"><p />
<p>III.2)  Muniz  Ferreira:  fls.  158,  242 e  276;  espelho atualizado do
</p>
<p>processo  nº  15474-64.2005.4.01.3300;  espelho  atualizado  do  Recurso
</p>
<p>Extraordinário nº 635.347.
</p>
<p>Dispensada a comunicação do arquivamento ao representante, uma
</p>
<p>vez que este procedimento foi instaurado ex officio (fls. 02/02-v).
</p>
<p>Juntem-se aos autos os espelhos processuais e as decisões judiciais
</p>
<p>citados ao longo desta peça.
</p>
<p>Cumpridas todas  as diligências, remetam-se os autos à 1ª Câmara
</p>
<p>de Coordenação e Revisão, para análise deste procedimento.
</p>
<p>Salvador, 05 de abril de 2018.
</p>
<p>VANESSA GOMES PREVITERA
Procuradora da República
</p>
<p>E:\16º OFÍCIO TUTELA COLETIVA - Vanessa\2018\Arquivamento\16 - IC 1368-2016-10 - FUNDEF - Complementação precatórios União.odt
</p>
<p>10de10</p>
<p />
</div>
</body></html>