<?xml version="1.0" encoding="UTF-8"?>
<html xmlns="http://www.w3.org/1999/xhtml">
<head>
<meta name="pdf:PDFVersion" content="1.4" />
<meta name="xmp:CreatorTool" content="Writer" />
<meta name="access_permission:modify_annotations" content="true" />
<meta name="access_permission:can_print_degraded" content="true" />
<meta name="tika_batch_fs:relative_path" content="71642382.pdf" />
<meta name="language" content="pt-BR" />
<meta name="dcterms:created" content="2017-02-22T16:18:46Z" />
<meta name="dc:format" content="application/pdf; version=1.4" />
<meta name="pdf:docinfo:creator_tool" content="Writer" />
<meta name="access_permission:fill_in_form" content="true" />
<meta name="pdf:encrypted" content="false" />
<meta name="Content-Length" content="69799" />
<meta name="X-TIKA:digest:MD5" content="b0931cc36d748fc364c17cbb18aaad82" />
<meta name="Content-Type" content="application/pdf" />
<meta name="X-Parsed-By" content="org.apache.tika.parser.DefaultParser" />
<meta name="X-Parsed-By" content="org.apache.tika.parser.pdf.PDFParser" />
<meta name="dc:language" content="pt-BR" />
<meta name="meta:creation-date" content="2017-02-22T16:18:46Z" />
<meta name="created" content="Wed Feb 22 13:18:46 BRT 2017" />
<meta name="access_permission:extract_for_accessibility" content="true" />
<meta name="access_permission:assemble_document" content="true" />
<meta name="xmpTPg:NPages" content="2" />
<meta name="Creation-Date" content="2017-02-22T16:18:46Z" />
<meta name="resourceName" content="71642382.pdf" />
<meta name="access_permission:extract_content" content="true" />
<meta name="access_permission:can_print" content="true" />
<meta name="tika:file_ext" content="pdf" />
<meta name="producer" content="LibreOffice 5.1" />
<meta name="access_permission:can_modify" content="true" />
<meta name="pdf:docinfo:producer" content="LibreOffice 5.1" />
<meta name="pdf:docinfo:created" content="2017-02-22T16:18:46Z" />
<title></title>
</head>
<body><div class="page"><p />
<p>MINISTÉRIO PÚBLICO FEDERAL
Procuradoria da República em Cáceres – Mato Grosso
</p>
<p>Procedimento Preparatório n.° 1.20.001.000104/2016-31
</p>
<p>Despacho
</p>
<p>Trata-se de procedimento preparatório instaurado a partir das declarações de Anir
</p>
<p>de Souza Pereira, Carlos Oliveira, Orlando Delazari e Agnaldo José Dias, no sentido
</p>
<p>de  que  o  Programa  Luz  Para  Todos  não  atingiu  a  integralidade  dos  lotes  do
</p>
<p>Assentamento Santa Elina, situado no Município de Nova Lacerda/MT.
</p>
<p>Após  a  realização  de  diversas  diligências,  promoveu-se  o
</p>
<p>arquivamento das investigações às fls. 54/56, fundamentando-se: “não há conduta
</p>
<p>ilícita  imputável  à  Energiza  S/A  ou  à  ANEEL:  O  Plano  de  Universalização  foi
</p>
<p>elaborado, está sendo implantado e o prazo final para tanto é data de 31/12/2017.
</p>
<p>Até  lá,  os  representantes  deverão  ou  aguardar  ou  valer-se  do  procedimento
</p>
<p>previsto no art. 14, §5°, da Lei n.° 10.436/2002”.
</p>
<p>A 1ª Câmara de Coordenação e Revisão – Direitos Sociais e
</p>
<p>Atos  Administrativos  em Geral  determinou  o  retorno  dos  autos  à  PRM  para  a
</p>
<p>realização de diligências,  pois  entendeu que “não há nos autos documento que
</p>
<p>comprove  a  indispensável  notificação  do  Representante  acerca  da  decisão  de
</p>
<p>arquivamento” (fl. 52).
</p>
<p>Nesse  rumo,  determinou-se  fossem  cientificados  do
</p>
<p>arquivamento os representantes (fl.53).
</p>
<p>Não obstante, o assentamento agrário em que residente os
</p>
<p>representantes não é servido pelos correios, pelo que as correspondências em que
</p>
<p>se comunica o arquivamento do presente procedimento não forem entregues.
</p>
<p>Diante  disso,  determinou-se  fossem  os  representantes
</p>
<p>cientificados da promoção de arquivamento via contato telefônico (fl. 63).
</p>
<p>Rua 04, Quadra 02, Lote 03, Loteamento COC -1-
Cáceres – MT – CEP: 78200-000
Fone: (65) 3222-3205 - www.prmt.mpf.mp.br  CGN
I:\gab2\minutas\Cível\PP 1.20.001.000104-2016-31 - Encaminhar 1 CCR- Impossibilidade de cumpriur diligência-.odt</p>
<p />
<div class="annotation"><a href="http://www.prmt.mpf.mp.br/">http://www.prmt.mpf.mp.br/</a></div>
</div>
<div class="page"><p />
<p>MINISTÉRIO PÚBLICO FEDERAL
Procuradoria da República em Cáceres – Mato Grosso
</p>
<p>Contudo, conforme certidão de fl. 64, após as diversas tentativas de
</p>
<p>contatos  com  os  representantes  por  intermédio  dos  telefones  informados  na
</p>
<p>representação, não se obteve êxito, tendo sido as ligações direcionadas à caixa de
</p>
<p>mensagem.
</p>
<p>Portanto,  ante  a  impossibilidade  de  cumprimento  da
</p>
<p>diligência determinada, remetam-se os autos à Egrégia 1ª Câmara de Coordenação
</p>
<p>e  Revisão  do  Ministério  Público  Federal,  no  prazo  de  03  (três)  dias,  para  o
</p>
<p>necessário  reexame  desta  promoção  de  arquivamento,  em  cumprimento  ao
</p>
<p>disposto no inc. IV do art. 62 da LC nº. 75/93 c/c o § 1º do art. 9º da Lei nº.
</p>
<p>7.347/85.
</p>
<p>Cáceres/MT, 13 de fevereiro de 2017.
</p>
<p>Paloma Alves Ramos
Procuradora da República 
</p>
<p>Rua 04, Quadra 02, Lote 03, Loteamento COC -2-
Cáceres – MT – CEP: 78200-000
Fone: (65) 3222-3205 - www.prmt.mpf.mp.br  CGN
I:\gab2\minutas\Cível\PP 1.20.001.000104-2016-31 - Encaminhar 1 CCR- Impossibilidade de cumpriur diligência-.odt</p>
<p />
<div class="annotation"><a href="http://www.prmt.mpf.mp.br/">http://www.prmt.mpf.mp.br/</a></div>
</div>
</body></html>