<?xml version="1.0" encoding="UTF-8"?>
<html xmlns="http://www.w3.org/1999/xhtml">
<head>
<meta name="date" content="2016-09-30T11:54:56.187000000" />
<meta name="meta:paragraph-count" content="14" />
<meta name="meta:word-count" content="258" />
<meta name="Table-Count" content="0" />
<meta name="meta:initial-author" content="PROCURADORIA DA REPUBLICA - RO" />
<meta name="initial-creator" content="PROCURADORIA DA REPUBLICA - RO" />
<meta name="tika_batch_fs:relative_path" content="71898982.odt" />
<meta name="generator" content="LibreOffice/5.0.3.2$Windows_x86 LibreOffice_project/e5f16313668ac592c1bfb310f4390624e3dbfb75" />
<meta name="Word-Count" content="258" />
<meta name="dcterms:created" content="2013-06-27T16:45:00" />
<meta name="dcterms:modified" content="2016-09-30T11:54:56.187000000" />
<meta name="Last-Modified" content="2016-09-30T11:54:56.187000000" />
<meta name="nbPara" content="14" />
<meta name="Last-Save-Date" content="2016-09-30T11:54:56.187000000" />
<meta name="meta:object-count" content="0" />
<meta name="meta:character-count" content="1747" />
<meta name="Paragraph-Count" content="14" />
<meta name="nbImg" content="2" />
<meta name="meta:save-date" content="2016-09-30T11:54:56.187000000" />
<meta name="dc:title" content="Ofícioº / 99/PR/RO/GAB" />
<meta name="modified" content="2016-09-30T11:54:56.187000000" />
<meta name="Edit-Time" content="P24DT12H40M50S" />
<meta name="meta:image-count" content="2" />
<meta name="Image-Count" content="2" />
<meta name="nbCharacter" content="1747" />
<meta name="nbObject" content="0" />
<meta name="Content-Length" content="576910" />
<meta name="nbPage" content="1" />
<meta name="X-TIKA:digest:MD5" content="0067837369ecdf2ee162e074e6f22af4" />
<meta name="Object-Count" content="0" />
<meta name="nbWord" content="258" />
<meta name="Content-Type" content="application/vnd.oasis.opendocument.text" />
<meta name="X-Parsed-By" content="org.apache.tika.parser.DefaultParser" />
<meta name="X-Parsed-By" content="org.apache.tika.parser.odf.OpenDocumentParser" />
<meta name="meta:creation-date" content="2013-06-27T16:45:00" />
<meta name="meta:table-count" content="0" />
<meta name="Creation-Date" content="2013-06-27T16:45:00" />
<meta name="xmpTPg:NPages" content="1" />
<meta name="resourceName" content="71898982.odt" />
<meta name="Character Count" content="1747" />
<meta name="editing-cycles" content="61" />
<meta name="Page-Count" content="1" />
<meta name="tika:file_ext" content="odt" />
<meta name="nbTab" content="0" />
<meta name="meta:page-count" content="1" />
<title>Ofícioº / 99/PR/RO/GAB</title>
</head>
<body><p />
<p />
<p>Rua José Camacho – 3307 – Bairro Embratel – CEP 76820-886 – Porto Velho/RO</p>
<p />
<p>PRM-GMI-RO-00002818/2016</p>
<p />
<p />
<p />
<p />
<p />
<p>MINISTÉRIO PÚBLICO FEDERAL </p>
<p><b>Procuradoria da República no Município de Guajará-Mirim</b></p>
<p />
<p>Rua José Camacho – 3307 – Bairro Embratel – CEP 76820-886 – Porto Velho/RO</p>
<h1 />
<h1>PP Nº 1.31.002.000140/2016-10</h1>
<p />
<p><u>DESPACHO 95/2016</u></p>
<p />
<p>Cuida-se de procedimento instaurado com o fim de acompanhar regularização de obra em andamento da Fundação Universidade Federal de Rondônia – <i>Campus</i> Guajará-Mirim, a qual fora embargada pelo Corpo de Bombeiros Militar da mesma cidade, conforme e-mail enviado pelo próprio Comandante (fl. 01).</p>
<p>Colhe-se dos autos que tal embargo se deu a partir da notificação nº 6748, emitida no dia 23 de maio de 2016 em virtude de irregularidades documentais. Estas seriam consequência da não contemplação de todas as obras em andamento pelo Projeto de Prevenção Contra Incêndio e Pânico aprovado (fl. 06).</p>
<p>No entanto, dadas as circunstâncias da situação, e principalmente a despeito da necessidade de licitação para contratação de empresa apta a sanar tais dificuldades, o que acabaria por atrasar ainda mais as obras, a própria Diretoria de Engenharia e Arquitetura da Universidade elaborou projeto mais completo, submetendo-o à aprovação do Corpo de Bombeiro (fl. 12). Após averiguação, emitiu-se nova notificação, de nº 6716, a qual declarou desembargada a obra examinada, em razão da apresentação do novo projeto e sua respectiva certificação de aprovação (fl. 14). </p>
<p>Assim, por entender exaurido o objeto de apreciação em questão, o <b>MINISTÉRIO PÚBLICO FEDERAL promove o arquivamento</b> do presente procedimento, submetendo-o a apreciação da Egrégia 1º Câmara de Coordenação e Revisão</p>
<p />
<p>Porto Velho/RO, 29 de setembro de 2016</p>
<p />
<p>Bruno Olivo de Sales</p>
<p>Procurador<i> </i>da<i> </i>República</p>
</body></html>