<?xml version="1.0" encoding="UTF-8"?>
<html xmlns="http://www.w3.org/1999/xhtml">
<head>
<meta name="pdf:PDFVersion" content="1.4" />
<meta name="pdf:docinfo:title" content="Voto" />
<meta name="xmp:CreatorTool" content="Writer" />
<meta name="access_permission:modify_annotations" content="true" />
<meta name="access_permission:can_print_degraded" content="true" />
<meta name="dc:creator" content="Jeferson Azambuja Gomes" />
<meta name="tika_batch_fs:relative_path" content="71995072.pdf" />
<meta name="language" content="pt-BR" />
<meta name="dcterms:created" content="2017-09-14T18:58:22Z" />
<meta name="dc:format" content="application/pdf; version=1.4" />
<meta name="pdf:docinfo:creator_tool" content="Writer" />
<meta name="access_permission:fill_in_form" content="true" />
<meta name="pdf:encrypted" content="false" />
<meta name="dc:title" content="Voto" />
<meta name="Content-Length" content="126822" />
<meta name="X-TIKA:digest:MD5" content="45ce0c5e514004c58a2d24be216f4392" />
<meta name="Content-Type" content="application/pdf" />
<meta name="pdf:docinfo:creator" content="Jeferson Azambuja Gomes" />
<meta name="X-Parsed-By" content="org.apache.tika.parser.DefaultParser" />
<meta name="X-Parsed-By" content="org.apache.tika.parser.pdf.PDFParser" />
<meta name="creator" content="Jeferson Azambuja Gomes" />
<meta name="dc:language" content="pt-BR" />
<meta name="meta:author" content="Jeferson Azambuja Gomes" />
<meta name="meta:creation-date" content="2017-09-14T18:58:22Z" />
<meta name="created" content="Thu Sep 14 15:58:22 BRT 2017" />
<meta name="access_permission:extract_for_accessibility" content="true" />
<meta name="access_permission:assemble_document" content="true" />
<meta name="xmpTPg:NPages" content="3" />
<meta name="Creation-Date" content="2017-09-14T18:58:22Z" />
<meta name="resourceName" content="71995072.pdf" />
<meta name="access_permission:extract_content" content="true" />
<meta name="access_permission:can_print" content="true" />
<meta name="tika:file_ext" content="pdf" />
<meta name="Author" content="Jeferson Azambuja Gomes" />
<meta name="producer" content="LibreOffice 4.4" />
<meta name="access_permission:can_modify" content="true" />
<meta name="pdf:docinfo:producer" content="LibreOffice 4.4" />
<meta name="pdf:docinfo:created" content="2017-09-14T18:58:22Z" />
<title>Voto</title>
</head>
<body><div class="page"><p />
<p>MINISTÉRIO PÚBLICO FEDERAL
Procuradoria da República no Estado de Pernambuco
</p>
<p>1º Ofício da Tutela Coletiva
</p>
<p>Inquérito Civil n° 1.26.000.001665/2016-44
</p>
<p>Arquivamento nº          518  /2017
</p>
<p>O  procedimento  em  epígrafe,  instaurado  nesta  Procuradoria  de
</p>
<p>República, tem como objeto a apuração de possíveis irregularidades no Curso Técnico
</p>
<p>em Órteses e Próteses – Faculdade Estácio de Sá/Recife – curso inscrito no Programa
</p>
<p>PRONATEC do Governo Federal. As irregularidades consistem na grade curricular do
</p>
<p>curso, que se encontra incompleta ou deficiente, falta de expedição do certificado de
</p>
<p>conclusão e total omissão de fiscalização por parte do PRONATEC. 
</p>
<p>Instada  a  se  manifestar  a  cerca  do  teor  da  representação,  aduz  a
</p>
<p>universidade: 1) que a estrutura curricular do curso técnico oferecido contempla uma
</p>
<p>grade de 1200 horas, que é a quantidade exigida para a expedição de diplomas de cursos
</p>
<p>técnicos; 2) que no último módulo do curso são realizadas aulas práticas em oficina,
</p>
<p>além de, nos períodos anteriores, terem sido realizadas visitas técnicas; 3) que o técnico
</p>
<p>responsável possui todas as certificações; 4) que, após aprovada toda a documentação,
</p>
<p>como também aprovação em todas as disciplinas, a instituição providencia a referida
</p>
<p>expedição de diploma; 5) que houve a visita de representante do Conselho dos Técnicos
</p>
<p>de  Imobilização  Ortopédica  no  primeiro  módulo  do  curso,  não  havendo  nenhum
</p>
<p>pronunciamento acerca do curso ofertado. 
</p>
<p>Em  resposta  ao  Ofício  n°1169,  por  meio  do  qual  foram  solicitadas
</p>
<p>informações ao Ministério da Educação acerca das irregularidades, aduz este Ministério
</p>
<p>que compete às universidades a expedição dos diplomas, bem como o seu registro junto
</p>
<p>ao  Sistema  de  Informações  da  Educação  Profissional  e  Tecnológica,  sistema  este
</p>
<p>mantido pelo MEC. 
</p>
<p>Uma vez que limita-se a competência do Ministério da Educação, nesta
</p>
<p>temática, à gestão compartilhada do sistema e a análise do objeto do que tange à oferta
</p>
<p>de vagas, foi realizada pesquisa. Nesta, constatou-se que foram identificados 146 alunos
</p>
<p>matriculados no referido curso, com 41 diplomas validados. 
</p>
<p>É o que importa relatar.
</p>
<p>Av. Gov. Agamenon Magalhães, 1800, Espinheiro – Recife/PE. CEP: 52.021-170. Tel: (81) 21257300.</p>
<p />
</div>
<div class="page"><p />
<p>MINISTÉRIO PÚBLICO FEDERAL 2/3
</p>
<p>Consoante o arcabouço fático ora relatado, infere-se que consiste o caso
</p>
<p>em tela numa relação entre a Faculdade Estácio de Sá, na oferta de curso inscrito no
</p>
<p>PRONATEC, e os alunos inscritos neste curso, os quais reclamam irregularidades. 
</p>
<p>A competência  federal,  in  casu,  figura  na  caracterização  do  direito  à
</p>
<p>educação como direito eminentemente social, por meio do qual a Constituição Federal,
</p>
<p>para atingir a amplitude necessária ao alcance dos seus fins, admitiu que o ensino fosse
</p>
<p>livre  à  iniciativa  privada,  desde que  atendido  o cumprimento  das  normas  gerais  da
</p>
<p>educação  nacional  e  a  autorização  e  avaliação  de  qualidade  pelo  Poder  Público,
</p>
<p>consoante preconiza o art. 209 da CF/88:
</p>
<p>Art.  209.  O ensino  é  livre  à iniciativa  privada,  atendidas  as
seguintes condições:
I - cumprimento das normas gerais da educação nacional;
II - autorização e avaliação de qualidade pelo Poder Público.
</p>
<p>Observe-se que a instituição de ensino superior deve se sujeitar às regras
impostas  pela  União,  a  quem cabe  também fiscalizar  e  supervisionar  os  comandos
normativos que instituiu (art. 209, I da CF/88).
</p>
<p>Coube, então, à Lei 9.394/96 disciplinar a quem compete fiscalizar estas
normas gerais. Desse modo, nos termos do art. 16 da referida lei, a União é responsável
pela fiscalização das instituições de ensino superior, integrantes do sistema federal de
ensino:
</p>
<p>Art. 16. O sistema federal de ensino compreende:
I - as instituições de ensino mantidas pela União;
II  -  as  instituições  de  educação superior  criadas  e  mantidas
pela iniciativa privada;
III - os órgãos federais de educação
</p>
<p>Essa fiscalização de irregularidades no ensino superior se dá através da
descentralização das funções da União aos seus Ministérios,  tratando-se,  in casu,  do
Ministério  da  Educação  –  MEC.  Constata-se,  portanto,  que  a  competência  federal
limita-se às atividades investigatórias de competência do MEC, quais sejam a gestão
compartilhada do sistema e a análise do objeto do que tange à oferta de vagas. 
</p>
<p>Conclui-se,  portanto,  que  foi  exaurido  o  objeto  da  presente
</p>
<p>representação, uma vez que o MEC, ao realizar pesquisa no referido sistema (SISTEC),
</p>
<p>identificou-se que 146 alunos foram matriculados no referido curso, constando-se 41
</p>
<p>diplomas validados. </p>
<p />
</div>
<div class="page"><p />
<p>MINISTÉRIO PÚBLICO FEDERAL 3/3
</p>
<p> Desta forma, promovo o seu arquivamento, nos termos do art. 9.º, caput,
</p>
<p>da lei n.º 7.347/85 e do art. 17, caput, da Resolução n.º 87/2006, do Conselho Superior
</p>
<p>do Ministério Público Federal. 
</p>
<p>Determino a remessa dos autos à 1ª Câmara – Direitos Sociais e Atos
</p>
<p>Administrativos em Geral, para o necessário exame desta promoção, na forma do art.
</p>
<p>62, IV da Lei Complementar n.º 75/93, art. 9.º, § 1.º, da lei n.º 7.347/85 e do art. 17, §
</p>
<p>2.º, da Resolução n.º 87/2006, do Conselho Superior do Ministério Público Federal.
</p>
<p>Recife, 13 de setembro de 2017.
</p>
<p>Alfredo Carlos Gonzaga Falcão Júnior
</p>
<p>Procurador da República
</p>
<p>rf
</p>
<p>G:\G_AlfredoFalcao\Autos Administrativos\Arquivamento\2017\IC 1.26.000.001665.2016-44. Objeto esgotado.doc</p>
<p />
</div>
</body></html>