<?xml version="1.0" encoding="UTF-8"?>
<html xmlns="http://www.w3.org/1999/xhtml">
<head>
<meta name="date" content="2016-10-20T15:24:56Z" />
<meta name="pdf:PDFVersion" content="1.3" />
<meta name="pdf:docinfo:title" content="" />
<meta name="xmp:CreatorTool" content="PaperPort 11.0" />
<meta name="Keywords" content="" />
<meta name="access_permission:modify_annotations" content="true" />
<meta name="access_permission:can_print_degraded" content="true" />
<meta name="subject" content="" />
<meta name="pdfa:PDFVersion" content="A-1b" />
<meta name="tika_batch_fs:relative_path" content="72070741.pdf" />
<meta name="dcterms:created" content="2016-10-20T15:24:56Z" />
<meta name="Last-Modified" content="2016-10-20T15:24:56Z" />
<meta name="dcterms:modified" content="2016-10-20T15:24:56Z" />
<meta name="dc:format" content="application/pdf; version=1.3" />
<meta name="dc:format" content="application/pdf; version=&quot;A-1b&quot;" />
<meta name="Last-Save-Date" content="2016-10-20T15:24:56Z" />
<meta name="pdf:docinfo:creator_tool" content="PaperPort 11.0" />
<meta name="access_permission:fill_in_form" content="true" />
<meta name="pdf:docinfo:keywords" content="" />
<meta name="pdf:docinfo:modified" content="2016-10-20T15:24:56Z" />
<meta name="meta:save-date" content="2016-10-20T15:24:56Z" />
<meta name="pdf:encrypted" content="true" />
<meta name="modified" content="2016-10-20T15:24:56Z" />
<meta name="cp:subject" content="" />
<meta name="Content-Length" content="121920" />
<meta name="pdf:docinfo:subject" content="" />
<meta name="X-TIKA:digest:MD5" content="890c94a51188b446a76c466f37c78f00" />
<meta name="Content-Type" content="application/pdf" />
<meta name="pdf:docinfo:creator" content="" />
<meta name="X-Parsed-By" content="org.apache.tika.parser.DefaultParser" />
<meta name="X-Parsed-By" content="org.apache.tika.parser.pdf.PDFParser" />
<meta name="pdfaid:conformance" content="B" />
<meta name="dc:subject" content="" />
<meta name="meta:creation-date" content="2016-10-20T15:24:56Z" />
<meta name="created" content="Thu Oct 20 13:24:56 BRST 2016" />
<meta name="access_permission:extract_for_accessibility" content="true" />
<meta name="access_permission:assemble_document" content="true" />
<meta name="xmpTPg:NPages" content="2" />
<meta name="Creation-Date" content="2016-10-20T15:24:56Z" />
<meta name="resourceName" content="72070741.pdf" />
<meta name="access_permission:extract_content" content="true" />
<meta name="pdfaid:part" content="1" />
<meta name="access_permission:can_print" content="true" />
<meta name="tika:file_ext" content="pdf" />
<meta name="meta:keyword" content="" />
<meta name="producer" content="PaperPort 11.0" />
<meta name="access_permission:can_modify" content="true" />
<meta name="pdf:docinfo:producer" content="PaperPort 11.0" />
<meta name="pdf:docinfo:created" content="2016-10-20T15:24:56Z" />
<title></title>
</head>
<body><div class="page"><p />
</div>
<div class="page"><p />
</div>
</body></html>