<?xml version="1.0" encoding="UTF-8"?>
<html xmlns="http://www.w3.org/1999/xhtml">
<head>
<meta name="pdf:PDFVersion" content="1.4" />
<meta name="pdf:docinfo:title" content="TERMOS JURÍDICOS" />
<meta name="xmp:CreatorTool" content="Writer" />
<meta name="access_permission:modify_annotations" content="true" />
<meta name="access_permission:can_print_degraded" content="true" />
<meta name="dc:creator" content="PARTICULAR" />
<meta name="tika_batch_fs:relative_path" content="72342373.pdf" />
<meta name="language" content="pt-BR" />
<meta name="dcterms:created" content="2017-01-18T17:25:22Z" />
<meta name="dc:format" content="application/pdf; version=1.4" />
<meta name="pdf:docinfo:creator_tool" content="Writer" />
<meta name="access_permission:fill_in_form" content="true" />
<meta name="pdf:encrypted" content="false" />
<meta name="dc:title" content="TERMOS JURÍDICOS" />
<meta name="Content-Length" content="148434" />
<meta name="X-TIKA:digest:MD5" content="b4a92cc2d0e84c84e17f6f907ff0adb4" />
<meta name="Content-Type" content="application/pdf" />
<meta name="pdf:docinfo:creator" content="PARTICULAR" />
<meta name="X-Parsed-By" content="org.apache.tika.parser.DefaultParser" />
<meta name="X-Parsed-By" content="org.apache.tika.parser.pdf.PDFParser" />
<meta name="creator" content="PARTICULAR" />
<meta name="dc:language" content="pt-BR" />
<meta name="meta:author" content="PARTICULAR" />
<meta name="meta:creation-date" content="2017-01-18T17:25:22Z" />
<meta name="created" content="Wed Jan 18 15:25:22 BRST 2017" />
<meta name="access_permission:extract_for_accessibility" content="true" />
<meta name="access_permission:assemble_document" content="true" />
<meta name="xmpTPg:NPages" content="4" />
<meta name="Creation-Date" content="2017-01-18T17:25:22Z" />
<meta name="resourceName" content="72342373.pdf" />
<meta name="access_permission:extract_content" content="true" />
<meta name="access_permission:can_print" content="true" />
<meta name="tika:file_ext" content="pdf" />
<meta name="Author" content="PARTICULAR" />
<meta name="producer" content="LibreOffice 4.3" />
<meta name="access_permission:can_modify" content="true" />
<meta name="pdf:docinfo:producer" content="LibreOffice 4.3" />
<meta name="pdf:docinfo:created" content="2017-01-18T17:25:22Z" />
<title>TERMOS JURÍDICOS</title>
</head>
<body><div class="page"><p />
<p>Ministério Público Federal
Procuradoria da República no Estado de Mato Grosso do Sul
</p>
<p>Procedimento Preparatório n. 1.21.000.000936/2016-21
</p>
<p>PROMOÇÃO DE ARQUIVAMENTO N.° 007/2017/MPF/PRMS/CBPR10
</p>
<p>O procedimento preparatório em epígrafe foi  instaurado com o objetivo de
</p>
<p>“Apurar suposto uso indevido de veículos oficiais/desvio de função na UFMS, consistente
</p>
<p>na condução por terceiros e/ou por outros servidores de automóveis oficiais, embora haja
</p>
<p>servidores ocupantes do cargo de motorista oficial disponíveis para tanto”. 
</p>
<p>A investigação se originou a partir  de representação (fl.  3)  que informava
</p>
<p>possível  subutilização  dos  motoristas  da  Universidade  Federal  de  Mato  Grosso  do  Sul
</p>
<p>(UFMS), cargo em extinção, enquanto os veículos oficiais da instituição de ensino seriam
</p>
<p>utilizados por motoristas terceirizados ou mesmo por servidores de outras áreas da UFMS. 
</p>
<p>Em atenção à requisição Ministerial, a UFMS encaminhou a resposta de fls.
</p>
<p>7/8, bem como os documentos que formam o Anexo I. 
</p>
<p>É a exposição do necessário.
</p>
<p>As  informações  trazidas  pela  UFMS  indicam  que  a  instituição  segue  a
</p>
<p>legislação pertinente acerca da utilização de veículos oficiais. Nesse sentido, a instituição de
</p>
<p>ensino indicou que as normas de conduta e os princípios para a utilização de veículos
</p>
<p>oficiais da UFMS são estabelecidos na Resolução n°. 71/2013, cuja elaboração contou com
</p>
<p>amplo debate envolvendo os motoristas da Divisão de Transporte e Logística Sustentável.
</p>
<p>Noticiou,  também,  que  o  cargo  de  motorista  da  UFMS foi  extinto  por  meio  da  Lei  n°.
</p>
<p>9.632/98; e que, assim, como forma de evitar prejuízo à administração, aplicando a Lei n°.
</p>
<p>9.327/96,  a  instituição  autoriza  os  servidores  públicos  a  dirigirem  veículos  oficiais  na
</p>
<p>ausência de servidores ocupantes do cargo de motorista. 
</p>
<p>Destacou que, com a diminuição do quadro de servidores ocupantes do cargo
</p>
<p>de motorista, devido a aposentadoria e falecimento, bem como com a expansão promovida
</p>
<p>na  UFMS a partir  do  ano  de  2009  e,  consequentemente,  com o  aumento  da frota  de
</p>
<p>veículos oficiais, passou a contratar motoristas terceirizados e, excepcionalmente, conceder
</p>
<p>autorização para servidores conduzirem veículos oficiais. 
</p>
<p>(67) 3312-7200 – www.prms.mpf.mp.br
Av. Afonso Pena, 4444 – Vila Cidade, Campo Grande/MS – CEP 79020-907
</p>
<p>1/3</p>
<p />
</div>
<div class="page"><p />
<p>Ministério Público Federal
Procuradoria da República no Estado de Mato Grosso do Sul
</p>
<p>A autorização decorre também da limitação de despesas para concessão de
</p>
<p>diárias e passagens, promovida pela Portaria n°. 67/2016, de modo que, para não penalizar
</p>
<p>as atividades administrativas,  de ensino,  pesquisa e extensão,  concedeu-se autorização
</p>
<p>para  os  servidores  dirigirem  os  veículos.  Salientou  que  os  motoristas  apenas  viajam
</p>
<p>mediante o pagamento de diárias por meio oficial, sendo proibido o pagamento mediante
</p>
<p>arrecadação entre usuários.
</p>
<p>Também  pontuou  que  os  funcionários  terceirizados  contratados  para  os
</p>
<p>serviços de mão de obra e manutenção não desempenham a função de motorista, juntando
</p>
<p>cópia  do  contrato  n.  112/2015,  celebrado  entre  a  UFMS  e  a  empresa  Guatós  de
</p>
<p>trabalhadores terceirizados (fls. 30/49 – Anexo I). Acrescentou que as multas eventualmente
</p>
<p>recebidas em razão de infrações de trânsito são de responsabilidade do servidor que as
</p>
<p>cometer. Assim, não há prejuízo ao erário. 
</p>
<p>Ressaltou que a  concessão das autorizações não prejudica  os  motoristas
</p>
<p>servidores que continuam exercendo suas atividades internamente e em viagens, conforme
</p>
<p>demonstrado no relatório  das atividades dos motoristas (fls.  52/304 do Anexo I).  Nessa
</p>
<p>perspectiva, a utilização de motoristas terceirizados e as autorizações extraordinárias para
</p>
<p>utilização de veículos pelos servidores ocorrem, justamente por falta de mais motoristas
</p>
<p>para realizar todas as demandas da universidade e não implicam na ociosidade destes.
</p>
<p>Por derradeiro, quanto à menção de que muitos motoristas terceirizados são
</p>
<p>parentes de servidores, a UFMS esclareceu que, de fato, dois motoristas terceirizados são
</p>
<p>filhos de dois motoristas do quadro oficial. Todavia, tal situação não configura ilegalidade,
</p>
<p>haja vista que tais motoristas não são detentores de cargos de chefia ou direção. 
</p>
<p>Os parágrafos 4º a 6º do art. 2º da Resolução n. 23, de 17 de setembro de
</p>
<p>2007  do  Conselho  Nacional  do  Ministério  Público  (CNMP)  dispõem  que  o  órgão  do
</p>
<p>Ministério  Público  poderá  instaurar  procedimento  preparatório  para  complementar  as
</p>
<p>informações  que  julgue  necessárias  antes  de  instaurar  o  inquérito  civil,  visando  à
</p>
<p>identificação dos investigados ou do objeto das investigações.
</p>
<p>Após  a  análise  da  documentação  anexa,  não  se  observou  indicativo  de
</p>
<p>irregularidade que evidencie a subutilização dos motoristas oficiais da UFMS. Verifica-se,
</p>
<p>portanto, a inexistência de lesão aos direitos e interesses cuja proteção cabe a este órgão
</p>
<p>(67) 3312-7200 – www.prms.mpf.mp.br
Av. Afonso Pena, 4444 – Vila Cidade, Campo Grande/MS – CEP 79020-907
</p>
<p>2/3</p>
<p />
</div>
<div class="page"><p />
<p>Ministério Público Federal
Procuradoria da República no Estado de Mato Grosso do Sul
</p>
<p>ministerial  defender1, não se vislumbrando a necessidade da tomada de providência por
</p>
<p>parte do Ministério Público Federal.
</p>
<p>Diante  do  exposto,  o  arquivamento,  é  medida  que  se  impõe.  Dessarte,
</p>
<p>determino:
</p>
<p>I) a prorrogação do prazo deste procedimento preparatório por 90 (noventa)
</p>
<p>dias para fins de regularização no sistema único;
</p>
<p>II) a promoção de arquivamento do procedimento preparatório em apreço,
</p>
<p>com fulcro no art. 9º, caput, da Lei n.° 7.347/85 e no art. 17, caput, da Resolução CSMPF
</p>
<p>87/2010;
</p>
<p>III) a publicação, nos moldes do art. 16, § 1º, I, da mesma Resolução, na
</p>
<p>área disponível para consulta no site da Procuradoria da República em Mato Grosso do Sul;
</p>
<p>IV) a notificação do representante, pelo meio de contato informado, a fim
</p>
<p>de cientificá-lo desta promoção de arquivamento, bem como da possibilidade de apresentar
</p>
<p>razões escritas ou documentos, que serão juntados aos autos, para apreciação, conforme o
</p>
<p>§3º  do artigo  17 da  Resolução do Conselho  Superior  do  Ministério  Público  Federal  n.º
</p>
<p>87/2006;
</p>
<p>V)  a  cientificação  do(s)  interessado(s) sobre  a  presente  promoção  de
</p>
<p>arquivamento (por meio digital);
</p>
<p>VI)  a remessa  dos  autos,  no  prazo  de  3  (três)  dias,  à  1ª  Câmara  de
</p>
<p>Coordenação e Revisão para apreciação, na forma do art. 9º, § 1º, da Lei n.° 7.347/85 e do
</p>
<p>art. 17, § 2º, da Resolução n.° 87/2006 do CSMPF.
</p>
<p>Campo Grande/MS, 17 de janeiro de 2017.
</p>
<p>Davi Marcucci Pracucho
            Procurador da República
</p>
<p>MS
</p>
<p>1 Resolução n. 87, de 06 de abril de 2010, do Conselho Superior do Ministério Público Federal – CSMPF
Art. 1°  - O inquérito civil é procedimento investigatório, instaurado e presidido pelo Ministério Público,  destinado a
apurar a ocorrência de fatos que digam respeito ou acarretem danos efetivos ou potenciais a interesses que lhe incumba
defender, servindo como preparação para o exercício das atribuições inerentes às suas funções institucionais. (grifo
nosso)
</p>
<p>(67) 3312-7200 – www.prms.mpf.mp.br
Av. Afonso Pena, 4444 – Vila Cidade, Campo Grande/MS – CEP 79020-907
</p>
<p>3/3</p>
<p />
</div>
<div class="page"><p />
<p>Ministério Público Federal
Procuradoria da República no Estado de Mato Grosso do Sul
</p>
<p>PR-MS-00000819/2017 
</p>
<p>(67) 3312-7200 – www.prms.mpf.mp.br
Av. Afonso Pena, 4444 – Vila Cidade, Campo Grande/MS – CEP 79020-907
</p>
<p>4/3</p>
<p />
</div>
</body></html>