<?xml version="1.0" encoding="UTF-8"?>
<html xmlns="http://www.w3.org/1999/xhtml">
<head>
<meta name="date" content="2016-09-29T14:23:46.958000000" />
<meta name="meta:paragraph-count" content="43" />
<meta name="meta:word-count" content="1176" />
<meta name="Table-Count" content="0" />
<meta name="tika_batch_fs:relative_path" content="72522294.odt" />
<meta name="generator" content="LibreOffice/4.3.0.4$Windows_x86 LibreOffice_project/62ad5818884a2fc2e5780dd45466868d41009ec0" />
<meta name="Word-Count" content="1176" />
<meta name="dcterms:created" content="2012-08-21T16:03:41.36" />
<meta name="dcterms:modified" content="2016-09-29T14:23:46.958000000" />
<meta name="Last-Modified" content="2016-09-29T14:23:46.958000000" />
<meta name="nbPara" content="43" />
<meta name="Last-Save-Date" content="2016-09-29T14:23:46.958000000" />
<meta name="meta:object-count" content="0" />
<meta name="meta:character-count" content="7733" />
<meta name="Paragraph-Count" content="43" />
<meta name="nbImg" content="2" />
<meta name="meta:save-date" content="2016-09-29T14:23:46.958000000" />
<meta name="dc:title" content="petição normal" />
<meta name="Edit-Time" content="PT10H32M22S" />
<meta name="modified" content="2016-09-29T14:23:46.958000000" />
<meta name="meta:image-count" content="2" />
<meta name="Image-Count" content="2" />
<meta name="nbCharacter" content="7733" />
<meta name="nbObject" content="0" />
<meta name="Content-Length" content="133119" />
<meta name="nbPage" content="5" />
<meta name="X-TIKA:digest:MD5" content="eef57d60ede1fbd7b1ba1a34c8136fe2" />
<meta name="Object-Count" content="0" />
<meta name="nbWord" content="1176" />
<meta name="Content-Type" content="application/vnd.oasis.opendocument.text" />
<meta name="X-Parsed-By" content="org.apache.tika.parser.DefaultParser" />
<meta name="X-Parsed-By" content="org.apache.tika.parser.odf.OpenDocumentParser" />
<meta name="meta:creation-date" content="2012-08-21T16:03:41.36" />
<meta name="meta:table-count" content="0" />
<meta name="Creation-Date" content="2012-08-21T16:03:41.36" />
<meta name="xmpTPg:NPages" content="5" />
<meta name="resourceName" content="72522294.odt" />
<meta name="Character Count" content="7733" />
<meta name="editing-cycles" content="136" />
<meta name="Page-Count" content="5" />
<meta name="tika:file_ext" content="odt" />
<meta name="nbTab" content="0" />
<meta name="meta:page-count" content="5" />
<title>petição normal</title>
</head>
<body><p><b>MINISTÉRIO PÚBLICO FEDERAL</b></p>
<p>/</p>
<p />
<p />
<p> </p>
<p>PRM-RVD-GO-00004304/2016</p>
<p />
<p />
<p />
<p />
<p><b>MINISTÉRIO PÚBLICO FEDERAL</b></p>
<p><b>PROCURADORIA DA REPÚBLICA EM RIO VERDE/GO</b></p>
<p><b>1° OFÍCIO</b></p>
<p />
<p />
<p>  Telefone/Fax: (064) 3621-3632 – E-mail: prgo-prmrioverde@mpf.mp.br</p>
<p>Avenida Presidente Vargas, n.º 266, Centro Empresarial Le Monde Mercantil, </p>
<p>Jardim Marconal, sala 30, térreo, CEP: 75.901-551, Rio Verde-GO.</p>
<p>Procedimento Preparatório nº. 1.18.003.000243/2016-01</p>
<p />
<p />
<p />
<p><b>DECISÃO DE ARQUIVAMENTO </b></p>
<p />
<p>Trata-se de procedimento preparatório instaurado a partir de representação sigilosa noticiando, em síntese, que, não obstante o regime de trabalho preveja uma carga horária de 40 horas semanais, os servidores técnicos administrativos do Instituto Federal de Goiás, <i>campus </i>Jataí, vem cumprindo apenas 30 horas, fato este tratado com <i>“vistas grossas” (sic)</i> pelas direção-geral da unidade.</p>
<p>Afirma que a situação narrada além de contrariar a lei, prejudica o funcionamento de alguns departamentos em determinados horários.</p>
<p>Assevera que nos próximos anos, em decorrência da extinção de alguns cargos, vários servidores irão se aposentar e não haverá reposição de suas vagas, o que agravará a situação delineada.</p>
<p>Acrescenta ainda que, a maioria dos servidores registram o ponto de forma “pontual”, ou seja, mesmo chegando mais tarde, ou saindo mais cedo, sempre assinam o ponto como se tivessem chegando e saído pontualmente no horário pré-designado.</p>
<p>Ao fim, requer a atuação deste órgão ministerial a fim de que a instituição adote uma solução definitiva para coibir essa prática irregular (fl. 1).</p>
<p>Instada a se manifestar (fl. 2-v e 8), a Diretoria-Geral do IFG <i>campus</i> Jataí informou que, com relação ao regime de trabalho dos servidores técnico-administrativos em Educação, a unidade tem observado as orientações expressas na Portaria IFG nº. 540, de 09 de maio de 2012, e em seu respectivo anexo, os quais preveem que aludidos servidores poderão ter flexibilizada sua jornada de trabalho, em função do interesse público e em conformidade com o disposto nos Decretos nº. 1590/1995 e nº. 4836/2003.</p>
<p>Esclareceu que o art. 1º, §1º da prefalada Portaria dispõe que a flexibilização da jornada de trabalho, para o cumprimento de 6 horas diárias ininterruptas e 30 horas semanais, será autorizada pelo Reitor, e acompanhada pela Direção-Geral, no âmbito de cada <i>campus</i>, e pela Diretoria Executiva da Reitoria, assegurando o atendimento ininterrupto de todos os setores por todo o período estabelecido para funcionamento.</p>
<p>Aduziu que, amparada por tal regulamentação, os servidores da instituição que não ocupam funções de gestão ou cargos de direção perfazem jornada de trabalho diária de 6 horas, em um dos seguintes horários: 7 às 13 horas, 13 às 19 horas e 16:30 às 22:30 horas.</p>
<p>Explanou que, em decorrência de interesse institucional, já que o <i>campus </i>atende à comunidade em duas unidades, e com base na Portaria nº. 540/2012, por vezes, determinados servidores atuam de forma alternada nos dois prédios e/ou em turnos distintos.</p>
<p>De outro giro, quanto aos mecanismos de cumprimento das jornadas de trabalho, asseverou que a instituição realiza a coleta de ponto dos servidores diariamente, além de assegurar a publicidade dos horários de trabalhos dos mesmos. Salientou que tal publicidade é realizada mediante a disponibilização dos horários dos servidores nas portas de suas salas de trabalho.</p>
<p>Ademais, ressaltou que a escala de trabalho é definida em estrita observância aos interesses institucionais.</p>
<p>Por sua vez, a respeito da alegação de que a unidade ficaria sem servidores em alguns departamentos e em determinados horários, pontuou que a instituição possui em seu quadro funcional mais de 80 servidores técnico-administrativos efetivos, os quais estão lotados de forma a assegurar o pleno funcionamento dos setores e o atendimento irrestrito às necessidades da comunidade.</p>
<p>Ao fim, sustentou a improcedência das denúncias formuladas, assinalando que em quase trinta anos de atuação no município e no Sudoeste Goiano, a instituição acumula um histórico de credibilidade (fls. 9/11).</p>
<p>Acostou os documentos de fls. 12/28.</p>
<p><b>É o que importa relatar</b>.</p>
<p>Da análise das informações prestadas, bem como dos documentos acostados pela Diretoria-Geral do IFG <i>campus </i>Jataí, verifica-se que não há conjuntura fática a ensejar a atuação ministerial, isto porque, ao contrário do afirmado na representação, a redução da jornada de trabalho dos servidores técnico-administrativos de 40 para 30 horas semanais encontra respaldo normativo na Portaria IFG nº. 540/2012 e no decreto 1.590/1995</p>
<p>Do mesmo modo, no que pertine a alegação de que os servidores assinam o ponto de forma “pontual”, a instituição frisou, inclusive com registros fotográficos, que são adotados mecanismos de cumprimento das jornadas de trabalho, como por exemplo a coleta diária do ponto, bem como a divulgação dos horários dos servidores nas portas de suas salas de trabalho, facilitando a publicidade e permitindo a fiscalização do cumprimento da jornada de trabalho dos servidores por parte dos cidadãos. </p>
<p>Sem elementos na representação que demonstrem o não efetivo cumprimento da jornada e/ou condescendência da Administração com as supostas impontualidades a que se considerar a afirmação da Direção do IFG acerca das coletas diárias informação suficiente para constatar a regularidade.</p>
<p>Ademais, acerca da denúncia de que em determinados horários, não haveria servidores em alguns departamentos, a representada, com veemência, ressaltou que conta com mais de 80 servidores efetivos em seu quadro funcional, o que lhe permite garantir acesso/atendimento irrestrito à comunidade, ainda que haja redução da carga horária de 40 para 30 horas semanais.</p>
<p>Da análise do decreto 1590/1995 observa-se que é permitida a redução da jornada do servidor de oito para seis horas diárias acaso este se encontre em setor que deve fornecer atendimento ininterrupto ao público por doze horas diárias ou mais.</p>
<p>As escalas de funcionamento apresentadas pelo IFG demonstram que o requisito do art. 3º de doze horas de funcionamento ininterrupto em turnos de seis horas foi atendido. Por outro lado, a natureza de estabelecimento educacional com funcionamento em período integral e, portanto, a necessidade de prestar atendimento aos alunos ao longo de todo o dia justificam a adoção do regime excepcional de trabalho.</p>
<p>Assim, ao contrário do afirmado na representação não se constatou negligência do IFG/Jataí na fiscalização do cumprimento da jornada de trabalho dos servidores, mas redução da mesma para seis horas para adequação aos turnos ininterruptos de trabalho por 12 horas diárias ou mais na forma de decreto regulamentador da Lei 8.112/90.</p>
<p>Logo, não vislumbrando hipótese de atuação complementar nestes autos, determino o <b>ARQUIVAMENTO</b> deste procedimento preparatório.</p>
<p>Naturalmente, havendo notícia superveniente de irregularidades na prestação de serviços e/ou ilegalidade no cumprimento da jornada de trabalho por parte dos servidores do IFG, <i>campus</i> Jataí, será instaurado novo procedimento para o deslinde da questão.</p>
<p>Diante de tal cenário, <b>DETERMINO o arquivamento </b>deste PP, em razão de não ter vislumbrado interesse na adoção das medidas elencadas nos incisos I, II, III e IV do art. 4º da Resolução nº 87/06.</p>
<p>Em consonância com os termos do art. 10, §1º e §2º da Resolução do CNMP nº 23, de 17 setembro de 2007 (texto com as alterações adotadas pelas Resoluções nºs 35/2009, 59/2010 e 107/2014), encaminhe-se o feito à apreciação da 1ª Câmara de Coordenação e Revisão para que, se assim julgar cabível, homologue a presente decisão ou determine as providências julgadas pertinentes.</p>
<p>	Notifique-se o representante, com os cuidados para preservação do sigilo solicitado. Oficie-se ao representado com cópia desta decisão.</p>
<p>	Rio Verde/GO, 29 de setembro de 2016.</p>
<p />
<p />
<p><b>LINCOLN MENEGUIM</b></p>
<p>Procurador da República</p>
<p>LSS</p>
</body></html>