<?xml version="1.0" encoding="UTF-8"?>
<html xmlns="http://www.w3.org/1999/xhtml">
<head>
<meta name="date" content="2016-11-11T14:38:08.68" />
<meta name="meta:paragraph-count" content="36" />
<meta name="meta:word-count" content="488" />
<meta name="Table-Count" content="0" />
<meta name="meta:initial-author" content="brunoacioli" />
<meta name="initial-creator" content="brunoacioli" />
<meta name="tika_batch_fs:relative_path" content="72638286.odt" />
<meta name="generator" content="LibreOffice/3.5$Windows_x86 LibreOffice_project/165a79a-7059095-e13bb37-fef39a4-9503d18" />
<meta name="Word-Count" content="488" />
<meta name="dcterms:created" content="2006-04-03T16:07:00" />
<meta name="dcterms:modified" content="2016-11-11T14:38:08.68" />
<meta name="Last-Modified" content="2016-11-11T14:38:08.68" />
<meta name="nbPara" content="36" />
<meta name="Last-Save-Date" content="2016-11-11T14:38:08.68" />
<meta name="meta:object-count" content="0" />
<meta name="meta:character-count" content="3297" />
<meta name="Paragraph-Count" content="36" />
<meta name="nbImg" content="3" />
<meta name="meta:save-date" content="2016-11-11T14:38:08.68" />
<meta name="dc:title" content="Cuida-se de representação anônima, versando sobre possíveis irr" />
<meta name="modified" content="2016-11-11T14:38:08.68" />
<meta name="Edit-Time" content="P2DT8H45M5S" />
<meta name="meta:image-count" content="3" />
<meta name="Image-Count" content="3" />
<meta name="nbCharacter" content="3297" />
<meta name="nbObject" content="0" />
<meta name="Content-Length" content="36740" />
<meta name="nbPage" content="2" />
<meta name="X-TIKA:digest:MD5" content="747cea4471fcbef0d264753b9f1bdae0" />
<meta name="Object-Count" content="0" />
<meta name="nbWord" content="488" />
<meta name="Content-Type" content="application/vnd.oasis.opendocument.text" />
<meta name="X-Parsed-By" content="org.apache.tika.parser.DefaultParser" />
<meta name="X-Parsed-By" content="org.apache.tika.parser.odf.OpenDocumentParser" />
<meta name="meta:creation-date" content="2006-04-03T16:07:00" />
<meta name="meta:table-count" content="0" />
<meta name="Creation-Date" content="2006-04-03T16:07:00" />
<meta name="xmpTPg:NPages" content="2" />
<meta name="resourceName" content="72638286.odt" />
<meta name="Character Count" content="3297" />
<meta name="editing-cycles" content="355" />
<meta name="Page-Count" content="2" />
<meta name="tika:file_ext" content="odt" />
<meta name="nbTab" content="0" />
<meta name="meta:page-count" content="2" />
<title>Cuida-se de representação anônima, versando sobre possíveis irr</title>
</head>
<body><p><b>Procedimento Preparatório nº 1.16.000.0002483/2016-37</b></p>
<p />
<p />
<p><b>Promoção de Arquivamento nº  1633/2016</b></p>
<p />
<p />
<p>Trata-se de Procedimento Preparatório instaurado a partir do desmembramento do Inquérito Civil nº 1.16.000.003289/2013-26, visando apurar o suposto uso indevido do Brasão da República em documento de identificação emitido pela Associação dos Oficiais de Justiça Avaliadores Federais da Justiça do Trabalho da 2ª Região (AOJUSTRA).</p>
<p>No Despacho nº 11826/2016-MPF/PRDF/5º Ofício de Atos Administrativos (fl. 16) determinou-se a expedição de ofício à Associação dos Oficiais de Justiça Avaliadores Federais da Justiça do Trabalho da 2ª Região (AOJUSTRA) para que se manifestasse sobre o possível uso indevido do Brasão da República em carteira de identificação expedida aos seus associados, enviado cópia do referido documento, bem como de outros que entendesse pertinentes.</p>
<p>Em sua resposta (fls. 22/39), a AOJUSTRA informou, em síntese, que jamais emitiu documento de identificação a seus associados, tendo em vista que não há nenhuma previsão, em seu Estatuto Social (fls. 26/36), sobre tal emissão. A entidade disse, ainda, que para participar de votações em assembleias e para obter autorizações (procurações) para ações judiciais coletivas, os associados devem apresentar documento de identidade oficial, conforme previsto em lei.</p>
<p>Ressaltou, também, que todos os Oficiais de Justiça filiados à AOJUSTRA possuem identificação funcional fornecida pela administração do Tribunal a que pertencem, havendo nos referidos documentos o Brasão da República.</p>
<p>Informou que o endereço eletrônico oficial da entidade é <a href="http://www.aojustra.org.br/">www.aojustra.org.br</a>, sendo o logotipo ali utilizado o mesmo desde sua criação, o qual em nada se assemelha com o Brasão ou as Armas da República. </p>
<p>Por fim, esclareceu que o Brasão da República mencionado pela APOLESF (fl. 11) havia sido utilizado em seu blog, mas que já havia sido retirado.</p>
<p><b>É o relatório.</b></p>
<p>Em pesquisa realizada pela Assessoria deste gabinete na rede mundial de computadores, constatou-se que, de fato, a imagem juntada pela APOLESF contendo o Brasão da República e associada ao nome da AOJUSTRA foi retirada do <i>blog</i>: <a href="http://www.aojustra.blogspot.com.br/">aojustra.blogspot.com.br</a>. </p>
<p>Além disso, confirmou-se não ter havido o uso do Brasão da República em nenhuma página do sítio oficial da AOJUSTRA.</p>
<p>Pelo exposto<i>,</i> promovo o <b>ARQUIVAMENTO </b>do presente Procedimento Preparatório, com registros de praxe, submetendo-o à apreciação da 1ª Câmara de Coordenação e Revisão, para fins homologatórios/revisionais.</p>
<p>Antes, porém, comunique-se ao representante (APOLESF), cientificando-o, inclusive, da possibilidade de recorrer (art. 17, § 1º, da Resolução nº 87/2010 – CSMPF).</p>
<p />
<p>Brasília, 8 de novembro de 2016.</p>
<p />
<p />
<p />
<p><b>Marcia Brandão Zollinger</b></p>
<p><b>Procuradora da República</b></p>
<p />
<p><b>MINISTÉRIO PÚBLICO FEDERAL</b></p>
<p><b>PROCURADORIA DA REPÚBLICA NO DISTRITO FEDERAL</b></p>
<p><b>7º OFÍCIO DO PATRIMÔNIO PÚBLICO</b></p>
<p>SGAS QUADRA 604, LOTE 23, GABINETE 113 – BRASÍLIA (DF) – CEP 70200-640</p>
<p>FONE (61) 3313 5262</p>
<p />
<p />
<p><b>MINISTÉRIO PÚBLICO FEDERAL</b></p>
<p><b>PROCURADORIA DA REPÚBLICA NO DISTRITO FEDERAL</b></p>
<p><b>5º OFÍCIO DE ATOS ADMINISTRATIVOS</b></p>
<p>SGAS QUADRA 604, LOTE 23, GABINETE 114 – BRASÍLIA (DF) – CEP 70200-640</p>
<p>FONE (61) 3313-5262</p>
<p />
<p />
<p />
<p />
<p><b>MINISTÉRIO PÚBLICO FEDERAL</b></p>
<p><b>PROCURADORIA DA REPÚBLICA NO DISTRITO FEDERAL</b></p>
<p><b>5º OFÍCIO DE ATOS ADMINISTRATIVOS</b></p>
<p>SGAS QUADRA 604, LOTE 23, GABINETE 114 – BRASÍLIA (DF) – CEP 70200-640</p>
<p>FONE (61) 3313-5262</p>
<p />
</body></html>