<?xml version="1.0" encoding="UTF-8"?>
<html xmlns="http://www.w3.org/1999/xhtml">
<head>
<meta name="pdf:PDFVersion" content="1.4" />
<meta name="pdf:docinfo:title" content="Inquérito Policial n" />
<meta name="xmp:CreatorTool" content="Writer" />
<meta name="access_permission:modify_annotations" content="true" />
<meta name="access_permission:can_print_degraded" content="true" />
<meta name="dc:creator" content="Anastácio Tahim Jr." />
<meta name="tika_batch_fs:relative_path" content="72789339.pdf" />
<meta name="language" content="pt-BR" />
<meta name="dcterms:created" content="2017-04-03T16:26:30Z" />
<meta name="dc:format" content="application/pdf; version=1.4" />
<meta name="pdf:docinfo:creator_tool" content="Writer" />
<meta name="access_permission:fill_in_form" content="true" />
<meta name="pdf:encrypted" content="false" />
<meta name="dc:title" content="Inquérito Policial n" />
<meta name="Content-Length" content="122030" />
<meta name="X-TIKA:digest:MD5" content="030455bd561f0676e912d2d10a88a103" />
<meta name="Content-Type" content="application/pdf" />
<meta name="pdf:docinfo:creator" content="Anastácio Tahim Jr." />
<meta name="X-Parsed-By" content="org.apache.tika.parser.DefaultParser" />
<meta name="X-Parsed-By" content="org.apache.tika.parser.pdf.PDFParser" />
<meta name="creator" content="Anastácio Tahim Jr." />
<meta name="dc:language" content="pt-BR" />
<meta name="meta:author" content="Anastácio Tahim Jr." />
<meta name="meta:creation-date" content="2017-04-03T16:26:30Z" />
<meta name="created" content="Mon Apr 03 13:26:30 BRT 2017" />
<meta name="access_permission:extract_for_accessibility" content="true" />
<meta name="access_permission:assemble_document" content="true" />
<meta name="xmpTPg:NPages" content="6" />
<meta name="Creation-Date" content="2017-04-03T16:26:30Z" />
<meta name="resourceName" content="72789339.pdf" />
<meta name="access_permission:extract_content" content="true" />
<meta name="access_permission:can_print" content="true" />
<meta name="tika:file_ext" content="pdf" />
<meta name="Author" content="Anastácio Tahim Jr." />
<meta name="producer" content="LibreOffice 4.2" />
<meta name="access_permission:can_modify" content="true" />
<meta name="pdf:docinfo:producer" content="LibreOffice 4.2" />
<meta name="pdf:docinfo:created" content="2017-04-03T16:26:30Z" />
<title>Inquérito Policial n</title>
</head>
<body><div class="page"><p />
<p>Ministério Público Federal
Procuradoria da República no Estado do Ceará
</p>
<p>Procedimento Preparatório n.º 1.15.000.001832/2016-31
Promoção de Arquivamento nº       385/2017/MPF/PRCE/ANTJ
</p>
<p>PROMOÇÃO DE ARQUIVAMENTO Nº /2017
</p>
<p>Trata-se de procedimento preparatório instaurado a partir  da manifestação
</p>
<p>20160073038, em face do Instituto Federal de Educação, Ciência e Tecnologia do Ceará –
</p>
<p>IFCE, na qual os representantes denunciam que os aprovados para o cargo de Técnico em
</p>
<p>Secretariado estão sendo prejudicados, pois o Reitor do IFCE e o Pró-reitor de Gestão de
</p>
<p>pessoas desse Instituto estariam, de forma irregular, convocando para preencher as vagas
</p>
<p>que competem ao cargo de Técnico em Secretariado,  candidatos  aprovados para cargos
</p>
<p>diversos, que não atenderiam a Lei 7377/85.
</p>
<p>Os representantes atestam que estaria ocorrendo desvio de função, uma vez
</p>
<p>que outros servidores estariam exercendo as atribuições que competem somente ao cargo de
</p>
<p>Técnico em Secretariado. Ademais, declaram que de acordo com a Portaria nº 1282/GR,
</p>
<p>deveriam haver pelo menos 60 (sessenta) Técnicos em Secretariado, todavia, atualmente no
</p>
<p>IFCE,  existem apenas  25  (vinte  e  cinco)  Técnicos  em Secretariado  para  atenderem 30
</p>
<p>(trinta) campus.
</p>
<p>Desta feita, alegando que tal conduta denunciada constitui violação ao art. 9º,
</p>
<p>V, da Lei nº 1.079/1950, requer deste Órgão Ministerial as providências cabíveis.
</p>
<p>Instado a se manifestar acerca da representação, o IFCE informou no ofício
</p>
<p>332/2016/PROGEP/IFCE, quanto às alegações de suposto déficit de servidores Técnicos
</p>
<p>em Secretariado e de má distribuição dos cargos, que:</p>
<p />
</div>
<div class="page"><p />
<p>1)  De  acordo  com  o  Edital  nº  05/GR-IFCE/2014,  foram
</p>
<p>disponibilizadas 15 vagas para Técnico em Secretariado, sendo 13
</p>
<p>destinadas à ampla concorrência e 2 aos portadores de necessidades
</p>
<p>especiais. Observando o teor do artigo 16 do Decreto nº 6.944, de
</p>
<p>21/08/2009  c/c  Anexo  II  do  Edital  nº  05/GR-IFCE/2014,  foram
</p>
<p>homologados,  no  resultado  final  do  concurso,  o  total  de  50
</p>
<p>candidatos para o cargo de Técnico em Secretariado. No entanto,
</p>
<p>observa-se que até a presente data, o IFCE convocou 26 candidatos
</p>
<p>para as vagas do referido cargo, ou seja, 86% a mais do que fora
</p>
<p>previsto no Edital.
</p>
<p>2)  Consoante  Catálogo  Nacional  de  Cursos  Técnicos  do  MEC
</p>
<p>(CNCT), instituído pela  Portaria MEC nº 870, de 16 de julho de
</p>
<p>2008, o  Técnico em Secretariado tem como função  organizar a
</p>
<p>rotina diária e mensal da chefia ou direção para o cumprimento
</p>
<p>dos  compromissos  agendados;  estabelecer  os  canais  de
</p>
<p>comunicação  da  chefia  ou  direção;  controlar  e  arquivar
</p>
<p>documentos;  preencher  e  conferir  documentação  de  apoio  à
</p>
<p>gestão  organizacional,  utilizar  aplicativos  e  a  internet  na
</p>
<p>elaboração, orgnaização e pesquisa de informação. 
</p>
<p>3)  As atribuições  explanadas no item anterior não se confundem
</p>
<p>com as de competência dos ocupantes do cargo de  Assistente em
</p>
<p>Administração, uma vez que cabe a estes, de acordo com o Ofício
</p>
<p>Circular  nº  015/2005/CGGP/SAA/SE/MEC,  que  versa  sobre  a
</p>
<p>descrição  dos  cargos  técnico-administrativos  em  educação,  dar
</p>
<p>suporte administrativo e técnico nas áreas de recursos humanos,
</p>
<p>administração,  finanças  e  logística;  atender  usuários,
</p>
<p>fornecendo  e  recebendo  informações;  tratar  de  documentos
</p>
<p>variados, cumprindo todo o procedimento necessário; executar
</p>
<p>tarefas de mesma natureza e nível de complexidade, associadas
</p>
<p>ao ambiente organizacional.</p>
<p />
</div>
<div class="page"><p />
<p>4) Os denunciantes  não evidenciam quais  atribuições dos setores
</p>
<p>por  eles  mencionados  como  locais  carentes  de  Técnicos  em
</p>
<p>Secretariado,  seriam  inerentes  ao  referido  cargo  e  quais  as
</p>
<p>atividades que estariam sendo desempenhadas pelos Assistentes em
</p>
<p>Administração  que  seriam  de  competência  dos  Técnicos  em
</p>
<p>Secretariado.
</p>
<p>5)  As  atividades  desenvolvidas  nos  setores  destacados  pelos
</p>
<p>denunciantes (Coordenadoria  de  Controle  Acadêmico  e
</p>
<p>Coordenadoria de Registro Escolares) são essencialmente afetas ao
</p>
<p>cargo  de  Assistente  em  Administração,  uma  vez  que  envolvem
</p>
<p>rotinas administrativas referentes a:  atender solicitação de alunos
</p>
<p>(declarações,  históricos,  diplomas,  certificados);  atender
</p>
<p>solicitação de ex-alunos (certidão de tempo de estudo, histórico
</p>
<p>escolar,  2ª  via  de  diploma  e/ou  certificado,  etc);  atender  o
</p>
<p>público interno e externo que solicitam informações no balcão,
</p>
<p>telefone e e-mail; receber e analisar documentação de matrícula
</p>
<p>(técnicos  e  superiores);  cadastrar  alunos  novatos  no  sistema
</p>
<p>acadêmico;  ajuste  de  matrículas  (novatos  e  veteranos);
</p>
<p>organizar  e  arquivar  pastas  e  documentos  de  alunos
</p>
<p>matriculados por curso;  atualizar situação dos alunos a cada
</p>
<p>semestre (Evasão, Conclusão, Cancelamento de matrícula, etc);
</p>
<p>separar  e  arquivar  pastas  e  documentação  de  alunos  não
</p>
<p>matriculados;  atualizar  cadastro  de  aluno  no  Sistema
</p>
<p>Acadêmico; encaminhar pedidos de reingresso e reabertura de
</p>
<p>matrícula; analisar solicitação e expedir Certificado de Ensino
</p>
<p>Médio e Declaração de Proficiência dos alunos transferidos e
</p>
<p>graduados;  realizar  os  procedimentos  de  matrícula  e
</p>
<p>aproveitamento  de  disciplinas  dos  alunos  transferidos  e
</p>
<p>graduados; realizar os procedimentos referentes à transferência
</p>
<p>de  alunos  para  outras  instituições;  alimentar  os  diversos</p>
<p />
</div>
<div class="page"><p />
<p>sistemas  de  informação  do  MEC:  EDUCACENSO,  SISTEC,
</p>
<p>SISUGESTÃO E CENSUP.
</p>
<p>6) Os denunciantes confundem as atividades do cargo Técnico em
</p>
<p>Secretariado com as de competência dos Técnicos em Secretariado
</p>
<p>Escolar.  Ao  analisar-se  o  teor  do  Catálogo  Nacional  de  Cursos
</p>
<p>Técnicos do MEC, observa-se que as atribuições dos dois cargos
</p>
<p>são  bastante  distintas  apesar  de  a  nomenclatura  ser  parecida.
</p>
<p>Basicamente, o Técnico em Secretariado tem como foco a gestão e
</p>
<p>negócios, já o Técnico em Secretariado Escolar tem suas atribuições
</p>
<p>concernentes ao desenvolvimento educacional e social.
</p>
<p>Em resposta às informações prestadas pelo representado, o representante, às
</p>
<p>fls. 75/79, informou que:
</p>
<p>1)  As  espécies  Gestão  e  Negócios  e  Escolar  do  Técnico  em
</p>
<p>Secretariado se deram posteriormente ao Edital de 2014, por meio
</p>
<p>da Portaria nº 25 de 2015. Porém tal Portaria não se sobrepõe a uma
</p>
<p>Lei Nacional (Lei 7377/85), a qual não faz distinção entre espécies
</p>
<p>de  Técnicos  em  Secretariados,  não  podendo  haver  essa
</p>
<p>diferenciação.
</p>
<p>2)  Conforme  a  Lei  7377/85 são  atribuições  do  Técnico  em
</p>
<p>Secretariado  organização  de  manutenção  dos  arquivos  de
</p>
<p>secretaria;  classificação,  registro  e  distribuição  da
</p>
<p>correspondência; redação e datilografia de correspondência ou
</p>
<p>documentos  de  rotina,  inclusive  em  idioma  estrangeiro;
</p>
<p>execução de serviços típicos de escritório,  tais  como recepção,
</p>
<p>registro de compromissos, informações e atendimento telefônico.
</p>
<p>Já consoante o Edital nº 05/GR-IFCE/2014 tais atribuições são
</p>
<p>executar serviços de secretaria e escritório com a finalidade de
</p>
<p>assegurar  e  agilizar  o  fluxo  dos  trabalhos  administrativos,
</p>
<p>dentre outras atribuições, bem como assessorar nas atividades
</p>
<p>de ensino, pesquisa e extensão. </p>
<p />
</div>
<div class="page"><p />
<p>3)  Diante  disso,  a  lista  de  atividades  realizadas  pelos  setores
</p>
<p>denunciados apresentada pelo Pró-Reitor, constante nas fls. 57/58,
</p>
<p>está de encontro à referida Lei e ao referido Edital,  configurando
</p>
<p>desvio de função. 
</p>
<p>4)  Por  fim,  não  há  nenhuma  Lei  que  impeça  o  Técnico  em
</p>
<p>Secretariado de assumir  as  atribuições  dos  setores  de  Secretarias
</p>
<p>Acadêmicas  (ou  nas  Coordenadorias  de  Registros  Acadêmicos),
</p>
<p>cujas  atribuições  estão  sendo,  indevidamente,  executadas  pelos
</p>
<p>Assistentes em Administração, cargo que apenas deveria dar suporte
</p>
<p>ao Técnico em Secretariado nesses setores. 
</p>
<p>Nesse  contexto,  posteriormente,  o  representante  ratif icou  (fls.
</p>
<p>57/58)  que  as  atividades  que  estão  sendo  exercidas  pelos  Auxiliares  e
</p>
<p>Assistentes  em  Administração,  as  quais  seriam  inerentes  ao  Cargo  de
</p>
<p>Técnico em Secretariado,  são as  l istadas  anteriormente,  no i tem 5,  referente
</p>
<p>às informações prestadas pelo Instituto representado.
</p>
<p>Nessa perspectiva,  ante os esclarecimentos prestados pelo IFCE,
</p>
<p>tendo  em  vista  as  atividades  desempenhadas  nos  setores  denunciados,  as
</p>
<p>atribuições  inerentes  ao Cargo de Técnico em Secretariado e  as  funções  que
</p>
<p>competem  aos  Assistentes  em  Administração,  não  vislumbra-se
</p>
<p>irregularidades  no  exercício  das  atividades  por  ocupantes  de  outros  cargos
</p>
<p>apontadas e denunciadas pelo representante. 
</p>
<p>Portanto,  diante  do  exposto,  em  face  da  ausência  de
</p>
<p>irregularidade  na  conduta  do  IFCE,  não  observo  necessidade  de  continuar
</p>
<p>com o  presente  Inquérito  Civil  e,  não  havendo  outras  providências  a  serem
</p>
<p>tomadas  por  este  parquet ,  decido  pelo  arquivamento  dos  presentes  autos  e
</p>
<p>determino que:
</p>
<p>1. informe aos  noticiantes sobre a presente decisão,
</p>
<p>participando-lhes que terão o prazo de 10 dias para,  querendo,
</p>
<p>apresentar  recurso dirigido ao 12º NTC, o qual,  em caso de não</p>
<p />
</div>
<div class="page"><p />
<p>retratação, será encaminhado à competente Câmara de
</p>
<p>Coordenação e Revisão para apreciação;
</p>
<p>2. após o prazo para recurso,  remetam os autos à 1ª
</p>
<p>Câmara de Coordenação e Revisão do Ministério  Público
</p>
<p>Federal,  para fins de homologação.
</p>
<p>Fortaleza (CE), 03 de abril  de 2017.
</p>
<p>            ANASTÁCIO NÓBREGA TAHIM JÚNIOR
         Procurador da República</p>
<p />
</div>
</body></html>