<?xml version="1.0" encoding="UTF-8"?>
<html xmlns="http://www.w3.org/1999/xhtml">
<head>
<meta name="pdf:PDFVersion" content="1.4" />
<meta name="xmp:CreatorTool" content="Writer" />
<meta name="access_permission:modify_annotations" content="true" />
<meta name="access_permission:can_print_degraded" content="true" />
<meta name="tika_batch_fs:relative_path" content="73150575.pdf" />
<meta name="language" content="pt-BR" />
<meta name="dcterms:created" content="2017-04-24T20:42:23Z" />
<meta name="dc:format" content="application/pdf; version=1.4" />
<meta name="pdf:docinfo:creator_tool" content="Writer" />
<meta name="access_permission:fill_in_form" content="true" />
<meta name="pdf:encrypted" content="false" />
<meta name="Content-Length" content="83068" />
<meta name="X-TIKA:digest:MD5" content="6f151c464bebc9162a5caf65a3832dad" />
<meta name="Content-Type" content="application/pdf" />
<meta name="X-Parsed-By" content="org.apache.tika.parser.DefaultParser" />
<meta name="X-Parsed-By" content="org.apache.tika.parser.pdf.PDFParser" />
<meta name="dc:language" content="pt-BR" />
<meta name="meta:creation-date" content="2017-04-24T20:42:23Z" />
<meta name="created" content="Mon Apr 24 17:42:23 BRT 2017" />
<meta name="access_permission:extract_for_accessibility" content="true" />
<meta name="access_permission:assemble_document" content="true" />
<meta name="xmpTPg:NPages" content="1" />
<meta name="Creation-Date" content="2017-04-24T20:42:23Z" />
<meta name="resourceName" content="73150575.pdf" />
<meta name="access_permission:extract_content" content="true" />
<meta name="access_permission:can_print" content="true" />
<meta name="tika:file_ext" content="pdf" />
<meta name="producer" content="LibreOffice 4.4" />
<meta name="access_permission:can_modify" content="true" />
<meta name="pdf:docinfo:producer" content="LibreOffice 4.4" />
<meta name="pdf:docinfo:created" content="2017-04-24T20:42:23Z" />
<title></title>
</head>
<body><div class="page"><p />
<p>Procedimento Preparatório nº 1.23.006.000300/2016-54
</p>
<p>DESPACHO
</p>
<p>Trata-se de Procedimento Preparatório instaurado a partir representação de Diana
</p>
<p>Pacheco da Fonseca informando que se inscreveu no Programa Minha Casa Minha Vida para
</p>
<p>adquirir uma casa no Residencial Morada dos Ventos, e que não foi contemplada.
</p>
<p>Instado  a  se  manifestar,  o  Município  informou  que  cadastrou  5600  famílias
</p>
<p>interessadas em obter moradia no referido residencial, para um quantitativo de 1100 unidades
</p>
<p>habitacionais.
</p>
<p>O  critério  utilizado  para  a  seleção  dos  contemplados  foi  o  maior  número  de
</p>
<p>pessoas na família. Por esta razão, a requerente não foi selecionada.
</p>
<p>É função do Ministério Público zelar pelo efetivo respeito dos Poderes Públicos e
</p>
<p>dos serviços de relevância pública aos direitos assegurados na Constituição, promovendo as
</p>
<p>medidas necessárias a sua garantia.
</p>
<p>Porém, não vislumbro, neste caso, irregularidade ou ilegalidade que demandem a
</p>
<p>atuação deste Órgão.
</p>
<p>Pelo exposto, promovo o arquivamento do feito, submetendo-o à homologação da
</p>
<p>1ª CCR.
</p>
<p>Comunique-se ao representante com cópia deste despacho.
</p>
<p>Paragominas/PA, 24 de abril de 2017.
</p>
<p>Fabrizio Predebon da Silva
Procurador da República
</p>
<p>91) 3739-0813 e (91) 3739-0809 - www.prpa.mpf.gov.br - prmpgn@prpa.mpf.gov.br 
Rua Nagib Demaschik, nº 2, Bairro Parque das Américas - CEP 68.627-692 – Paragominas-PA</p>
<p />
<div class="annotation"><a href="http://www.prpa.mpf.gov.br/">http://www.prpa.mpf.gov.br/</a></div>
</div>
</body></html>