<?xml version="1.0" encoding="UTF-8"?>
<html xmlns="http://www.w3.org/1999/xhtml">
<head>
<meta name="pdf:PDFVersion" content="1.4" />
<meta name="xmp:CreatorTool" content="Writer" />
<meta name="access_permission:modify_annotations" content="true" />
<meta name="access_permission:can_print_degraded" content="true" />
<meta name="tika_batch_fs:relative_path" content="73246680.pdf" />
<meta name="language" content="pt-BR" />
<meta name="dcterms:created" content="2017-01-26T15:15:45Z" />
<meta name="dc:format" content="application/pdf; version=1.4" />
<meta name="pdf:docinfo:creator_tool" content="Writer" />
<meta name="access_permission:fill_in_form" content="true" />
<meta name="pdf:encrypted" content="false" />
<meta name="Content-Length" content="138871" />
<meta name="X-TIKA:digest:MD5" content="bc5d886ba92213a0852c3584480bd9c1" />
<meta name="Content-Type" content="application/pdf" />
<meta name="X-Parsed-By" content="org.apache.tika.parser.DefaultParser" />
<meta name="X-Parsed-By" content="org.apache.tika.parser.pdf.PDFParser" />
<meta name="dc:language" content="pt-BR" />
<meta name="meta:creation-date" content="2017-01-26T15:15:45Z" />
<meta name="created" content="Thu Jan 26 13:15:45 BRST 2017" />
<meta name="access_permission:extract_for_accessibility" content="true" />
<meta name="access_permission:assemble_document" content="true" />
<meta name="xmpTPg:NPages" content="4" />
<meta name="Creation-Date" content="2017-01-26T15:15:45Z" />
<meta name="resourceName" content="73246680.pdf" />
<meta name="access_permission:extract_content" content="true" />
<meta name="access_permission:can_print" content="true" />
<meta name="tika:file_ext" content="pdf" />
<meta name="producer" content="LibreOffice 4.4" />
<meta name="access_permission:can_modify" content="true" />
<meta name="pdf:docinfo:producer" content="LibreOffice 4.4" />
<meta name="pdf:docinfo:created" content="2017-01-26T15:15:45Z" />
<title></title>
</head>
<body><div class="page"><p />
<p>Av.  Agamenon Magalhães,  1800,
Espinheiro
Cep: 52.021-170
Recife – PE
Fone: 81-2125-7317
</p>
<p>PROCEDIMENTO PREPARATÓRIO N°: 1.26.000.002359/2016-25
</p>
<p>PROMOÇÃO DE ARQUIVAMENTO Nº 26/2017
</p>
<p>Trata-se  de  procedimento  preparatório  que  objetiva  apurar  suposta
</p>
<p>deficiência nos canais de elucidação de dúvidas do Sistema de Escrituração Digital das
</p>
<p>Obrigações Fiscais, Previdenciárias e Trabalhistas – eSocial1.
</p>
<p>No dia 02/08/2016, por meio do canal de atendimento ao cidadão pela
</p>
<p>internet, Maria Lúcia de S. M. e Silva noticiou ao Ministério Público Federal que os canais
</p>
<p>telefônicos do Ministério do Trabalho e Emprego (nº 158), Receita Federal do Brasil (nº
</p>
<p>135) e INSS (nº 145), assim como as orientações do site do eSocial (campo “Perguntas
</p>
<p>Frequentes”) não foram suficientes para afastar suas dúvidas sobre aspectos do eSocial.
</p>
<p>Nesse sentido, afirmou que, em 02/08/2016, buscou atendimento presencial perante o
</p>
<p>Ministério  do  Trabalho  e  Emprego,  mas  não  obteve  sucesso  em razão  da  greve  dos
</p>
<p>auditores do trabalho (profissionais que prestam atendimento do eSocial). Disse também
</p>
<p>que,  independentemente  da  greve  dos  auditores,  aquele  tipo  de  atendimento  só  era
</p>
<p>prestado às segundas-feiras, das 8h às 12h, o que considera insuficiente. Nesse contexto,
</p>
<p>requereu atuação ministerial  para que o Governo Federal  disponibilizasse um canal de
</p>
<p>acesso contínuo e acessível para esclarecer dúvidas sobre o eSocial (fls. 03/04).
</p>
<p>Como providência inicial, o Ministério Público Federal expediu ofícios ao
</p>
<p>Ministério  da Fazenda e  ao Ministério  do  Trabalho  e  Emprego (integrantes  do Comitê
</p>
<p>Diretivo do eSocial), solicitando informações acerca dos canais de atendimento ao público
</p>
<p>para  esclarecimento  de  dúvidas  do  eSocial,  indicando  os  meios  utilizados  (telefone,
</p>
<p>suporte  online,  atendimento  presencial),  a  capacitação  técnica  de  quem  presta  as
</p>
<p>1 Instituído pelo Decreto nº 8.373, de 11/12/2014.
                                                                1                                                                 Edson Virginio Cavalcante Júnior
</p>
<p>famgj                                                                                                                                                                                                         Procurador da República</p>
<p />
</div>
<div class="page"><p />
<p>Av.  Agamenon Magalhães,  1800,
Espinheiro
Cep: 52.021-170
Recife – PE
Fone: 81-2125-7317
</p>
<p>informações e os respectivos horários de atendimento (fls. 08/10).
</p>
<p>Sobre os canais de elucidação de dúvidas do eSocial, o Coordenador
</p>
<p>daquele  sistema no Ministério  do Trabalho  afirmou,  em suma:  a) que,  no  âmbito do
</p>
<p>Ministério  do  Trabalho,  houve  cursos  ministrados  por  Auditores-Fiscais  do  Trabalho,  e
</p>
<p>direcionados para capacitar os que prestam informações por meio do canal “Alô Trabalho”,
</p>
<p>pelo  telefone 158;  b) que a  equipe  desenvolvedora do eSocial  ministrou  cursos  para
</p>
<p>Auditores-Fiscais  do  Trabalho  de  todo  o  país  para  que  servissem  de  agentes
</p>
<p>disseminadores do projeto, capacitando-os para prestar informações presencialmente, nos
</p>
<p>plantões  de  consultas  trabalhistas  existentes  Brasil  afora; c) que  existem  correios
</p>
<p>eletrônicos  para  recebimento  de  consultas  pelo  cidadão,  quais  sejam,  o
</p>
<p>suporte@esocial.gov.br e o contato@esocial.gov.br; d) que, especificamente em Pernambuco,
</p>
<p>de  forma  experimental,  semanalmente  um  grupo  de  auditores-fiscais  vem  prestando
</p>
<p>assistência aos empregadores domésticos, iniciativa que deverá ser estendida para outras
</p>
<p>unidades do Ministério do Trabalho; e e) que os demais entes patrocinadores do eSocial
</p>
<p>também têm dado suporte aos usuários do eSocial, por canais próprios (fls. 15/18).
</p>
<p>Por  sua  vez,  o  Chefe  da  Divisão  de  Escrituração  Digital  da  Receita
</p>
<p>Federal  do  Brasil  assim  se  pronunciou  sobre  os  canais  de  elucidação  de  dúvidas  do
</p>
<p>eSocial:  a) que, no sítio do eSocial, além de um “Perguntão”, existe um manual muito
</p>
<p>detalhado e organizado, e que vem melhorando constantemente; b) que cada partícipe do
</p>
<p>eSocial possui canais próprios de atendimento ao usuário, continuamente ajustados para
</p>
<p>atendimento  da  demanda;  c) que  há  suporte  telefônico  ao  usuário  prestado  pelo
</p>
<p>Ministério  do  Trabalho  (nº  158),  INSS  (nº  135)  e  Caixa  Econômica  Federal  (nº
</p>
<p>08007260207);  d) que, no âmbito da Receita Federal do Brasil, há canal telefônico (nº
</p>
<p>146), cujo conteúdo relativo ao eSocial encontra-se em elaboração, para inserção; e) que
</p>
<p>quase todas as unidades  dos entes  intervenientes prestam atendimento presencial;  f)
</p>
<p>que, especificamente no âmbito da Receita Federal do Brasil, as unidades de atendimento
                                                                2                                                                 Edson Virginio Cavalcante Júnior
</p>
<p>famgj                                                                                                                                                                                                         Procurador da República</p>
<p />
<div class="annotation"><a href="mailto:suporte@esocial.gov.br">mailto:suporte@esocial.gov.br</a></div>
<div class="annotation"><a href="mailto:contato@esocial.gov.br">mailto:contato@esocial.gov.br</a></div>
</div>
<div class="page"><p />
<p>Av.  Agamenon Magalhães,  1800,
Espinheiro
Cep: 52.021-170
Recife – PE
Fone: 81-2125-7317
</p>
<p>ao público  estão  relacionadas  no  sítio  “http://idg.receita.fazenda.gov.br/contato/unidades-de-
</p>
<p>atendimento”; g) que, no intuito de uniformizar o atendimento, a Receita Federal do Brasil
</p>
<p>possui manual de procedimentos para cada serviço prestado pelas unidades presenciais,
</p>
<p>cujo  conteúdo  é  atualizado  por  uma  equipe  permanente,  possibilitando  não  só  a
</p>
<p>capacitação técnica dos servidores lotados no atendimento, como também a padronização
</p>
<p>da prestação de serviços;  h) que o contribuinte ainda tem à disposição o canal  “Fale
</p>
<p>Conosco”, pelo endereço “http://idg.receita.fazenda.gov.br/contato/fale-conosco/cidadao/esocial”,
</p>
<p>além da Ouvidoria; i) que as reclamações  sobre o sistema vem caindo mensalmente,
</p>
<p>conforme demonstrativos de utilização dos canais disponibilizados pela Receita Federal do
</p>
<p>Brasil e pelo INSS; e j) que o Comitê Gestor do eSocial pretende lançar novos tutoriais e,
</p>
<p>a  depender  de  disponibilidade  orçamentária  e  de  pessoal,  vem  trabalhando  para
</p>
<p>disponibilizar um suporte online integrado (fls.29/33). 
</p>
<p>É o que importa relatar.
</p>
<p>Pois bem, é intuitivo que, diante de um novo sistema de escrituração
</p>
<p>trabalhista/tributária/previdenciária, inúmeras dúvidas venham à tona por parte de seus
</p>
<p>usuários.  Ao poder público,  portanto, na condição de implementador do sistema, cabe
</p>
<p>disponibilizar canais de elucidação de dúvidas, aprimorando-os e, na medida do possível,
</p>
<p>expandindo-os. No caso dos autos, pelo que foi apurado, é esse o caminho que tem sido
</p>
<p>seguido pelo Executivo federal.
</p>
<p>Isso porque, como a própria representante afirma, especificamente na
</p>
<p>capital  pernambucana,  o  Ministério  do  Trabalho  (auditores-fiscais  do  trabalho)
</p>
<p>disponibiliza  atendimento  presencial  sobre  o  eSocial.  E  não  só.  Segundo  o  Chefe  da
</p>
<p>Divisão de Escrituração Digital da Receita Federal do Brasil,  aquela instituição também
</p>
<p>disponibiliza  atendimento  presencial  pelo  Centro  de  Atendimento  ao  Contribuinte,  no
</p>
<p>                                                                3                                                                 Edson Virginio Cavalcante Júnior
famgj                                                                                                                                                                                                         Procurador da República</p>
<p />
<div class="annotation"><a href="http://idg.receita.fazenda.gov.br/contato/fale-conosco/cidadao/esocial">http://idg.receita.fazenda.gov.br/contato/fale-conosco/cidadao/esocial</a></div>
<div class="annotation"><a href="http://idg.receita.fazenda.gov.br/contato/unidades-de-atendimento">http://idg.receita.fazenda.gov.br/contato/unidades-de-atendimento</a></div>
<div class="annotation"><a href="http://idg.receita.fazenda.gov.br/contato/unidades-de-atendimento">http://idg.receita.fazenda.gov.br/contato/unidades-de-atendimento</a></div>
</div>
<div class="page"><p />
<p>Av.  Agamenon Magalhães,  1800,
Espinheiro
Cep: 52.021-170
Recife – PE
Fone: 81-2125-7317
</p>
<p>endereço da Av. Alfredo Lisboa, nº 1152, térreo, Bairro do Recife, Recife/PE2.
</p>
<p>Esses  atendimentos  presenciais  são  complementados  por  suportes
</p>
<p>telefônico  (nºs  158,  135  e  08007260207)  e  eletrônico
</p>
<p>(http://idg.receita.fazenda.gov.br/contato/fale-conosco/cidadao/esocial,  suporte@esocial.gov.br e
</p>
<p>contato@esocial.gov.br), além da possibilidade de consulta a um manual, a um “Perguntão”
</p>
<p>e à Ouvidoria da Receita Federal do Brasil.
</p>
<p>Não bastasse  tal  aparato,  há notícias  de  desenvolvimento de  outras
</p>
<p>ferramentas de suporte – como o atendimento online –, além do constante aprimoramento
</p>
<p>das ferramentas já existentes.
</p>
<p>O  quadro  exposto,  sob  o  sentir  ministerial,  parece  dotado  de
</p>
<p>razoabilidade  e  adequação  diante  das  limitações  financeiras/pessoal  do  Estado,
</p>
<p>principalmente porque, a princípio, há notícias de aprimoramento e compromisso com a
</p>
<p>melhoria  dos  serviços  de  suporte  ao  usuário  de  um  sistema  ainda  novo  em  nossa
</p>
<p>realidade.
</p>
<p>Ante  o  exposto,  promovo  o  arquivamento deste  procedimento
</p>
<p>preparatório.
</p>
<p>À revisão (1ª CCR). Registros de praxe. Baixa na distribuição.
</p>
<p>Recife/PE, 24 de janeiro de 2017.
</p>
<p>EDSON VIRGINIO CAVALCANTE JÚNIOR
Procurador da República
</p>
<p>famgj
</p>
<p>2 Ver:“http://www.receita.fazenda.gov.br/Aplicacoes/ATBHE/UnidadesAtendimento/Unidades/InformacoesDasUnida
des.aspx?unidade=04052”.
</p>
<p>                                                                4                                                                 Edson Virginio Cavalcante Júnior
famgj                                                                                                                                                                                                         Procurador da República</p>
<p />
<div class="annotation"><a href="mailto:contato@esocial.gov.br">mailto:contato@esocial.gov.br</a></div>
<div class="annotation"><a href="mailto:suporte@esocial.gov.br">mailto:suporte@esocial.gov.br</a></div>
<div class="annotation"><a href="http://idg.receita.fazenda.gov.br/contato/fale-conosco/cidadao/esocial">http://idg.receita.fazenda.gov.br/contato/fale-conosco/cidadao/esocial</a></div>
</div>
<ul>	<li>Edson Virginio Cavalcante Júnior</li>
<ul>	<li>Procurador da República</li>
</ul>
</ul>
</body></html>