<?xml version="1.0" encoding="UTF-8"?>
<html xmlns="http://www.w3.org/1999/xhtml">
<head>
<meta name="pdf:PDFVersion" content="1.4" />
<meta name="pdf:docinfo:title" content="Exmo. Sr. Dr. Juiz Federal da Vara Única de Santo Ângelo" />
<meta name="xmp:CreatorTool" content="Writer" />
<meta name="access_permission:modify_annotations" content="true" />
<meta name="access_permission:can_print_degraded" content="true" />
<meta name="dc:creator" content="PROCURADORIA DA REPUBLICA" />
<meta name="tika_batch_fs:relative_path" content="73359193.pdf" />
<meta name="language" content="pt-BR" />
<meta name="dcterms:created" content="2016-11-28T15:26:58Z" />
<meta name="dc:format" content="application/pdf; version=1.4" />
<meta name="pdf:docinfo:creator_tool" content="Writer" />
<meta name="access_permission:fill_in_form" content="true" />
<meta name="pdf:encrypted" content="false" />
<meta name="dc:title" content="Exmo. Sr. Dr. Juiz Federal da Vara Única de Santo Ângelo" />
<meta name="Content-Length" content="71256" />
<meta name="X-TIKA:digest:MD5" content="87090a22a04c7eea48810b14a707d159" />
<meta name="Content-Type" content="application/pdf" />
<meta name="pdf:docinfo:creator" content="PROCURADORIA DA REPUBLICA" />
<meta name="X-Parsed-By" content="org.apache.tika.parser.DefaultParser" />
<meta name="X-Parsed-By" content="org.apache.tika.parser.pdf.PDFParser" />
<meta name="creator" content="PROCURADORIA DA REPUBLICA" />
<meta name="dc:language" content="pt-BR" />
<meta name="meta:author" content="PROCURADORIA DA REPUBLICA" />
<meta name="meta:creation-date" content="2016-11-28T15:26:58Z" />
<meta name="created" content="Mon Nov 28 13:26:58 BRST 2016" />
<meta name="access_permission:extract_for_accessibility" content="true" />
<meta name="access_permission:assemble_document" content="true" />
<meta name="xmpTPg:NPages" content="2" />
<meta name="Creation-Date" content="2016-11-28T15:26:58Z" />
<meta name="resourceName" content="73359193.pdf" />
<meta name="access_permission:extract_content" content="true" />
<meta name="access_permission:can_print" content="true" />
<meta name="tika:file_ext" content="pdf" />
<meta name="Author" content="PROCURADORIA DA REPUBLICA" />
<meta name="producer" content="BrOffice.org 3.2" />
<meta name="access_permission:can_modify" content="true" />
<meta name="pdf:docinfo:producer" content="BrOffice.org 3.2" />
<meta name="pdf:docinfo:created" content="2016-11-28T15:26:58Z" />
<title>Exmo. Sr. Dr. Juiz Federal da Vara Única de Santo Ângelo</title>
</head>
<body><div class="page"><p />
<p>PROCURADORIA DA REPÚBLICA NO MUNICÍPIO DE CRICIÚMA
</p>
<p>AO COORDENADOR DA 5ª CÂMARA DE COORDENAÇÃO E REVISÃO DO 
</p>
<p>MINISTÉRIO PÚBLICO FEDERAL 
</p>
<p>Inquérito Civil - IC
N.º 1.33.003.000279/2016-71
</p>
<p>                                 PROMOÇÃO DE ARQUIVAMENTO nº     /2016
</p>
<p>O  MINISTÉRIO  PÚBLICO  FEDERAL,  por  seu  procurador  da 
República,  no  exercício  de  suas  atribuições,  vem  perante  Vossa  Excelência, 
</p>
<p>expor e requerer o que segue:
</p>
<p>Trata-se de Inquérito Civil instaurado para verificar a inexistência 
</p>
<p>de iluminação no acesso sul ao município de Criciúma/SC.
</p>
<p>Conforme  disposto  nos  autos,  foi  verificado  in  loco por  esta 
</p>
<p>Procuradora, ao retornar de Araranguá, onde participou de audiências na Justiça 
</p>
<p>Federal daquela Comarca, que o viaduto de acesso da BR-101 no trecho entre 
</p>
<p>Criciúma e Forquilhinha encontrava-se na penumbra,  bem como os postes de 
</p>
<p>iluminação  existentes  nos  arredores  da  rodovia  supracitada  não  estavam  em 
</p>
<p>funcionamento.
</p>
<p>Em  razão  disso  foi  solicitado  informações  ao  Município  de 
</p>
<p>Criciúma acerca dos fatos constatados, tendo em vista que é incumbência deste 
</p>
<p>prezar pela ligação e manutenção da iluminação pública na BR-101, no âmbito de 
</p>
<p>Rua Raymundo Procópio Nunes, 40 – Pinheirinho – CEP: 88804-445 - Criciúma/SC,
FONE/FAX: (48) 3411-2500 – Endereço eletrônico: prsc-prmcriciuma@mpf.br.br 
</p>
<p>1</p>
<p />
</div>
<div class="page"><p />
<p>PROCURADORIA DA REPÚBLICA NO MUNICÍPIO DE CRICIÚMA
</p>
<p>seus  limites  territoriais,  vide  o  disposto  na  Ação  Civil  Pública  nº  5009044-
</p>
<p>03.2015.4.04.7204.
</p>
<p>Em resposta, foi informado através do memorando nº 1013/2016 
</p>
<p>do Município  de  Criciúma que o  problema ocorrido  no sistema de iluminação 
</p>
<p>ocorreu por uma descarga elétrica, mas que já havia sido feita a manutenção 
</p>
<p>necessária, de forma que o sistema já voltou a operar normalmente.
</p>
<p>Na  data  de  23.11.2016,  foi  constatado  pessoalmente  por  esta 
</p>
<p>Procuradora que a iluminação do viaduto de acesso da BR-101 no trecho entre 
</p>
<p>Criciúma e Forquilhinha realmente havia sido restabelecida.
</p>
<p>Assim, analisando o caso em apreço, verifica-se que o sistema de 
</p>
<p>iluminação do referido local já foi restabelecido, fato que enseja o arquivamento 
</p>
<p>do presente feito pelo fato de não haver outras irregularidades a serem sanadas.
</p>
<p>Ante  o  exposto,  o  Ministério  Público  Federal promove  o 
</p>
<p>ARQUIVAMENTO do  presente  Inquérito  Civil,  submetendo  esta  decisão  à 
apreciação  da  5ª  Câmara  de  Coordenação  e  Revisão  do  Ministério  Público 
</p>
<p>Federal, para ciência e eventual homologação.
</p>
<p> Criciúma/SC, 25 de novembro de 2016.
</p>
<p>PATRÍCIA MUXFELDT
Procuradora da República
</p>
<p>Rua Raymundo Procópio Nunes, 40 – Pinheirinho – CEP: 88804-445 - Criciúma/SC,
FONE/FAX: (48) 3411-2500 – Endereço eletrônico: prsc-prmcriciuma@mpf.br.br 
</p>
<p>2</p>
<p />
</div>
</body></html>