<?xml version="1.0" encoding="UTF-8"?>
<html xmlns="http://www.w3.org/1999/xhtml">
<head>
<meta name="pdf:PDFVersion" content="1.4" />
<meta name="pdf:docinfo:title" content="Ofício n" />
<meta name="xmp:CreatorTool" content="Writer" />
<meta name="access_permission:modify_annotations" content="true" />
<meta name="access_permission:can_print_degraded" content="true" />
<meta name="dc:creator" content="PROC. GERAL DA REPUBLICA" />
<meta name="tika_batch_fs:relative_path" content="73352562.pdf" />
<meta name="language" content="pt-BR" />
<meta name="dcterms:created" content="2018-08-02T15:45:33Z" />
<meta name="dc:format" content="application/pdf; version=1.4" />
<meta name="pdf:docinfo:creator_tool" content="Writer" />
<meta name="access_permission:fill_in_form" content="true" />
<meta name="pdf:encrypted" content="false" />
<meta name="dc:title" content="Ofício n" />
<meta name="Content-Length" content="116611" />
<meta name="X-TIKA:digest:MD5" content="c858ec45a97b618a228463d7d9a76ebf" />
<meta name="Content-Type" content="application/pdf" />
<meta name="pdf:docinfo:creator" content="PROC. GERAL DA REPUBLICA" />
<meta name="X-Parsed-By" content="org.apache.tika.parser.DefaultParser" />
<meta name="X-Parsed-By" content="org.apache.tika.parser.pdf.PDFParser" />
<meta name="creator" content="PROC. GERAL DA REPUBLICA" />
<meta name="dc:language" content="pt-BR" />
<meta name="meta:author" content="PROC. GERAL DA REPUBLICA" />
<meta name="meta:creation-date" content="2018-08-02T15:45:33Z" />
<meta name="created" content="Thu Aug 02 12:45:33 BRT 2018" />
<meta name="access_permission:extract_for_accessibility" content="true" />
<meta name="access_permission:assemble_document" content="true" />
<meta name="xmpTPg:NPages" content="2" />
<meta name="Creation-Date" content="2018-08-02T15:45:33Z" />
<meta name="resourceName" content="73352562.pdf" />
<meta name="access_permission:extract_content" content="true" />
<meta name="access_permission:can_print" content="true" />
<meta name="tika:file_ext" content="pdf" />
<meta name="Author" content="PROC. GERAL DA REPUBLICA" />
<meta name="producer" content="LibreOffice 6.0" />
<meta name="access_permission:can_modify" content="true" />
<meta name="pdf:docinfo:producer" content="LibreOffice 6.0" />
<meta name="pdf:docinfo:created" content="2018-08-02T15:45:33Z" />
<title>Ofício n</title>
</head>
<body><div class="page"><p />
<p>MINISTÉRIO PÚBLICO FEDERAL
</p>
<p>PROCURADORIA DA REPÚBLICA NO ESTADO DE MINAS GERAIS
</p>
<p>IC 1.22.000.003431/2016-81
</p>
<p>DECISÃO DE ARQUIVAMENTO
</p>
<p>Trata-se de Inquérito Civil instaurado no âmbito dessa Procuradoria a partir da
</p>
<p>manifestação nº 20160080300, tendo este órgão determinado o seu arquivamento pelos
</p>
<p>fundamentos  expostos  na  Decisão  de  Arquivamento  de  fls.  27/28,  a  qual  foi
</p>
<p>devidamente homologada pela 1ª Câmara de Coordenação e Revisão.
</p>
<p>Contudo,  nova representação  foi  feita  por  Vanusa  Lúcia  Borges,  a  partir  da
</p>
<p>manifestação  nº  20170063208,  visando  apurar  eventuais  irregularidades  no
</p>
<p>procedimento de aditamento de contratos do FIES, tendo-se assim novos fatos a serem
</p>
<p>apurados.
</p>
<p>De modo a instruir os autos, oficiou-se ao Fundo Nacional de Desenvolvimento
</p>
<p>da  Educação  (FNDE)  e  à  Representante  para  que  apresentassem  as  informações
</p>
<p>solicitadas por este Parquet, tendo esta última se mantido inerte.
</p>
<p>Por sua vez, o FNDE, mediante ofício n.º 12420/2018/Cosif/Cgfin/Digef-FNDE,
</p>
<p>alegou, em suma, que “o impedimento narrado pelo estudante se deu pela ausência de
pagamentos  dos  juros  trimestrais  que  estão  sob  sua  responsabilidade.  Segundo  os
</p>
<p>normativos de regência do FIES, a inadimplência é impedimento legal ao aditamento,
não  comportando  erro  no  sistema,  mas  sim  bloqueio/sanção  contratual  pelo  não
</p>
<p>cumprimento da obrigação avençada.”. 
</p>
<p>Sustentou ainda que  “a estudante tem adotado postura de aparente inércia e
irresponsabilidade  para  com  o  seu  contrato  de  financiamento,  ao  passo  que  não
</p>
<p>Av. Brasil, 1877 – Funcionários  – Belo Horizonte/MG – CEP 30140-007
(31) 2123-9058
</p>
<p>          H:\Dr. Fernando\ESTAGIÁRIOS\Matheus\Extrajudiciais\Arquivamento\Arquivamento IC 1.22.000.003431.2016-81. Fies. Vanusa.odt
                                                                                                               1</p>
<p />
</div>
<div class="page"><p />
<p>MINISTÉRIO PÚBLICO FEDERAL
</p>
<p>PROCURADORIA DA REPÚBLICA NO ESTADO DE MINAS GERAIS
</p>
<p>cumpre com o que lhe foi  imposto, tanto pela lei  de regência do Fies quanto pelos
</p>
<p>termos do contrato firmado junto ao Agente Financeiro.”
</p>
<p>Ante o exposto, bem como considerando o teor do art. 40 da Lei 9.784/99,  in
verbis:  quando  dados,  atuações  ou  documentos  solicitados  ao  interessado  forem
</p>
<p>necessários à apreciação de pedido formulado, o não atendimento no prazo fixado pela
Administração para a respectiva apresentação implicará arquivamento do processo, o
</p>
<p>qual deve ser aplicado analogicamente ao caso em tela, determino o arquivamento do
</p>
<p>Inquérito Civil em epígrafe. 
</p>
<p>Oficie-se, com cópia desta decisão, ao Representante, nos termos do art. 17 da
Resolução n. 87, de 03/08/2006, do Conselho Superior do Ministério Público Federal.
</p>
<p>Aguarde-se em secretaria pelo prazo recursal: 10 (dez) dias corridos, contados
</p>
<p>do recebimento do ofício.
</p>
<p>Caso não  haja  recurso  ou  em havendo,  mantida  a  decisão  de  arquivamento,
</p>
<p>remeta-se o Inquérito Civil em epígrafe à 1ª Câmara de Coordenação e Revisão, nos
</p>
<p>termos  do  Art.  9º,  §1º,  da  Lei  7.347/85  e  da  Resolução  Nº  87  de  03/08/2006,  do
</p>
<p>Conselho Superior do Ministério Público Federal.
</p>
<p>Cumpra-se.
</p>
<p>Belo Horizonte, 01 de agosto de 2018.
</p>
<p>FERNANDO DE ALMEIDA MARTINS
Procurador da República
</p>
<p>Av. Brasil, 1877 – Funcionários  – Belo Horizonte/MG – CEP 30140-007
(31) 2123-9058
</p>
<p>          H:\Dr. Fernando\ESTAGIÁRIOS\Matheus\Extrajudiciais\Arquivamento\Arquivamento IC 1.22.000.003431.2016-81. Fies. Vanusa.odt
                                                                                                               2</p>
<p />
</div>
<ul>	<li>DECISÃO DE ARQUIVAMENTO</li>
	<li>FERNANDO DE ALMEIDA MARTINS</li>
</ul>
</body></html>