<?xml version="1.0" encoding="UTF-8"?>
<html xmlns="http://www.w3.org/1999/xhtml">
<head>
<meta name="date" content="2016-11-11T16:06:49Z" />
<meta name="pdf:PDFVersion" content="1.7" />
<meta name="xmp:CreatorTool" content="OKI MC780" />
<meta name="access_permission:modify_annotations" content="true" />
<meta name="access_permission:can_print_degraded" content="true" />
<meta name="tika_batch_fs:relative_path" content="73415441.pdf" />
<meta name="dcterms:created" content="2016-11-11T15:58:14Z" />
<meta name="Last-Modified" content="2016-11-11T16:06:49Z" />
<meta name="dcterms:modified" content="2016-11-11T16:06:49Z" />
<meta name="dc:format" content="application/pdf; version=1.7" />
<meta name="xmpMM:DocumentID" content="uuid:2c7ab4d7-edad-4f38-9f93-58b4d7de7ea9" />
<meta name="Last-Save-Date" content="2016-11-11T16:06:49Z" />
<meta name="pdf:docinfo:creator_tool" content="OKI MC780" />
<meta name="access_permission:fill_in_form" content="true" />
<meta name="pdf:docinfo:modified" content="2016-11-11T16:06:49Z" />
<meta name="meta:save-date" content="2016-11-11T16:06:49Z" />
<meta name="pdf:encrypted" content="false" />
<meta name="modified" content="2016-11-11T16:06:49Z" />
<meta name="Content-Length" content="2570268" />
<meta name="X-TIKA:digest:MD5" content="6aeb79660ff9fe355ffaba32a0814462" />
<meta name="Content-Type" content="application/pdf" />
<meta name="X-Parsed-By" content="org.apache.tika.parser.DefaultParser" />
<meta name="X-Parsed-By" content="org.apache.tika.parser.pdf.PDFParser" />
<meta name="meta:creation-date" content="2016-11-11T15:58:14Z" />
<meta name="created" content="Fri Nov 11 13:58:14 BRST 2016" />
<meta name="access_permission:extract_for_accessibility" content="true" />
<meta name="access_permission:assemble_document" content="true" />
<meta name="xmpTPg:NPages" content="4" />
<meta name="Creation-Date" content="2016-11-11T15:58:14Z" />
<meta name="resourceName" content="73415441.pdf" />
<meta name="access_permission:extract_content" content="true" />
<meta name="access_permission:can_print" content="true" />
<meta name="tika:file_ext" content="pdf" />
<meta name="producer" content="SECnvtToPDF V1.0" />
<meta name="access_permission:can_modify" content="true" />
<meta name="pdf:docinfo:producer" content="SECnvtToPDF V1.0" />
<meta name="pdf:docinfo:created" content="2016-11-11T15:58:14Z" />
<title></title>
</head>
<body><div class="page"><p />
</div>
<div class="page"><p />
</div>
<div class="page"><p />
</div>
<div class="page"><p />
</div>
</body></html>