<?xml version="1.0" encoding="UTF-8"?>
<html xmlns="http://www.w3.org/1999/xhtml">
<head>
<meta name="pdf:PDFVersion" content="1.4" />
<meta name="xmp:CreatorTool" content="Writer" />
<meta name="access_permission:modify_annotations" content="true" />
<meta name="access_permission:can_print_degraded" content="true" />
<meta name="tika_batch_fs:relative_path" content="73519087.pdf" />
<meta name="language" content="pt-BR" />
<meta name="dcterms:created" content="2016-11-28T21:05:18Z" />
<meta name="dc:format" content="application/pdf; version=1.4" />
<meta name="pdf:docinfo:creator_tool" content="Writer" />
<meta name="access_permission:fill_in_form" content="true" />
<meta name="pdf:encrypted" content="false" />
<meta name="Content-Length" content="118363" />
<meta name="X-TIKA:digest:MD5" content="8a1f45329e4b15805548b74d0704f370" />
<meta name="Content-Type" content="application/pdf" />
<meta name="X-Parsed-By" content="org.apache.tika.parser.DefaultParser" />
<meta name="X-Parsed-By" content="org.apache.tika.parser.pdf.PDFParser" />
<meta name="dc:language" content="pt-BR" />
<meta name="meta:creation-date" content="2016-11-28T21:05:18Z" />
<meta name="created" content="Mon Nov 28 19:05:18 BRST 2016" />
<meta name="access_permission:extract_for_accessibility" content="true" />
<meta name="access_permission:assemble_document" content="true" />
<meta name="xmpTPg:NPages" content="2" />
<meta name="Creation-Date" content="2016-11-28T21:05:18Z" />
<meta name="resourceName" content="73519087.pdf" />
<meta name="access_permission:extract_content" content="true" />
<meta name="access_permission:can_print" content="true" />
<meta name="tika:file_ext" content="pdf" />
<meta name="producer" content="LibreOffice 3.6" />
<meta name="access_permission:can_modify" content="true" />
<meta name="pdf:docinfo:producer" content="LibreOffice 3.6" />
<meta name="pdf:docinfo:created" content="2016-11-28T21:05:18Z" />
<title></title>
</head>
<body><div class="page"><p />
<p>MINISTÉRIO PÚBLICO FEDERAL
PROCURADORIA DA REPÚBLICA EM JUAZEIRO DO NORTE
</p>
<p>Inquérito Civil n° 1.15.002.000392/2016-84
</p>
<p>ARQUIVAMENTO
</p>
<p>Trata-se  de  Notícia  de  Fato  instaurada  a  partir  do  Termo  de  Declaração  prestado  por  Felipe
</p>
<p>Vinícius Mendonça da Silva, narrando irregularidades relativas a três pessoas envolvendo a Prefeitura
</p>
<p>de Iguatu/CE. O presente procedimento se restringiu a análise da situação funcional da servidora Idene
</p>
<p>Samaritano Guerra Freitas em descompasso com o CNES.
</p>
<p>Na  representação  foi  apontado que  a  servidora  Idene  Samaritano  Guerra  Freitas,  médica
</p>
<p>anatomopatologista, consta no CNES como vinculada à unidade de saúde CEMEAR, porém não presta
</p>
<p>serviços neste estabelecimento, conforme declaração dos próprios funcionários deste estabelecimento,
</p>
<p>que a desconhecem.
</p>
<p>Buscando elucidar os fatos, a Secretária de Saúde de Iguatu/CE foi oficiada  para  se manifestar,
</p>
<p>devendo ainda esclarecer a lotação com ato formal de portaria e  encaminhar a lista de frequência dos
</p>
<p>dois últimos anos de exercício da servidora Idene Samaritano Guerra Freitas. Em resposta a secretária
</p>
<p>informou que a citada médica trabalha realizando leitura de lâminas por meio de microscópio, de acordo
</p>
<p>com a demanda do serviço do órgão, não assinando ponto, mas preenche relatórios de produção mensais
</p>
<p>enviados em anexo (fls. 47/71).
</p>
<p>Ocorre que na representação o declarante se expressa da seguinte forma: “(…) teve notícia, através
</p>
<p>de uma servidora da Prefeitura de Iguatu/CE que não deseja ser identificada, que a sra. Idene Samaritano
</p>
<p>Guerra Freitas, médica anatomopatologista, lotada na secretária de saúde do município, cujos serviços
</p>
<p>medicos deveriam ser prestados no CEMEAR, consoante dados colhidos no site do CNES, não tem
</p>
<p>cumprindo sua carga horária (...)”.
</p>
<p>O representante apenas repassou uma informação de terceiro não identificado, sem juntar qualquer
</p>
<p>tipo de documento comprobatório, apenas noticiou. Enquanto isso, a Secretária de Saúde de Iguatu/CE
</p>
<p>informou todo o contexto de contratação, função, horários, remuneração, relatório de produção, por
</p>
<p>Rua Jonas de Sousa Silva, nº 60 – Lagoa Seca – Juazeiro do Norte/CE  - CEP 63.040-140 
Fone: (88) 3571-1833 - www.prce.mpf.mp.br/juazeiro</p>
<p />
<div class="annotation"><a href="http://www.prce.mpf.mp.br/juazeiro">http://www.prce.mpf.mp.br/juazeiro</a></div>
</div>
<div class="page"><p />
<p>meio de documentos hábeis.  Dessa forma, resta esclarecido que a realidade não corrobora com as
</p>
<p>afirmações do noticiante, não havendo nenhuma justificativa para continuar com a investigação.
</p>
<p>Ante  o  exposto,  face  o  esgotamento  do  objeto,  conforme  os  motivos  acima  expendidos,
</p>
<p>determino o ARQUIVAMENTO dos presentes autos de Inquérito  Civil,  submetendo à respectiva
</p>
<p>homologação da Colenda 1ª Câmara de Coordenação e Revisão. 
</p>
<p>Juazeiro do Norte/CE, 24 de novembro de 2016.
</p>
<p>CELSO COSTA LIMA VERDE LEAL
Procuradora da República
</p>
<p>                                                                              2                                     </p>
<p />
</div>
</body></html>