<?xml version="1.0" encoding="UTF-8"?>
<html xmlns="http://www.w3.org/1999/xhtml">
<head>
<meta name="pdf:PDFVersion" content="1.4" />
<meta name="xmp:CreatorTool" content="Writer" />
<meta name="access_permission:modify_annotations" content="true" />
<meta name="access_permission:can_print_degraded" content="true" />
<meta name="tika_batch_fs:relative_path" content="73755373.pdf" />
<meta name="language" content="pt-BR" />
<meta name="dcterms:created" content="2018-05-24T16:16:55Z" />
<meta name="dc:format" content="application/pdf; version=1.4" />
<meta name="pdf:docinfo:creator_tool" content="Writer" />
<meta name="access_permission:fill_in_form" content="true" />
<meta name="pdf:encrypted" content="false" />
<meta name="Content-Length" content="120754" />
<meta name="X-TIKA:digest:MD5" content="3ba149f87ca99eaf606e7c6096a4b4ad" />
<meta name="Content-Type" content="application/pdf" />
<meta name="X-Parsed-By" content="org.apache.tika.parser.DefaultParser" />
<meta name="X-Parsed-By" content="org.apache.tika.parser.pdf.PDFParser" />
<meta name="dc:language" content="pt-BR" />
<meta name="meta:creation-date" content="2018-05-24T16:16:55Z" />
<meta name="created" content="Thu May 24 13:16:55 BRT 2018" />
<meta name="access_permission:extract_for_accessibility" content="true" />
<meta name="access_permission:assemble_document" content="true" />
<meta name="xmpTPg:NPages" content="9" />
<meta name="Creation-Date" content="2018-05-24T16:16:55Z" />
<meta name="resourceName" content="73755373.pdf" />
<meta name="access_permission:extract_content" content="true" />
<meta name="access_permission:can_print" content="true" />
<meta name="tika:file_ext" content="pdf" />
<meta name="producer" content="LibreOffice 5.3" />
<meta name="access_permission:can_modify" content="true" />
<meta name="pdf:docinfo:producer" content="LibreOffice 5.3" />
<meta name="pdf:docinfo:created" content="2018-05-24T16:16:55Z" />
<title></title>
</head>
<body><div class="page"><p />
<p>MINISTÉRIO PÚBLICO FEDERAL
      PROCURADORIA DA REPÚBLICA NO MUNICÍPIO DE JUIZ DE FORA/MG
</p>
<p>Gabinete do 3º Ofício
</p>
<p>Inquérito Civil.
AUTOS Nº 1.22.001.000331/2016-92.
</p>
<p>PROMOÇÃO DE ARQUIVAMENTO
</p>
<p>Trata-se de Inquérito Civil,  instaurado mediante representação
</p>
<p>(fl. 08) junto ao Ministério Público do estado de Minas Gerais por parte de Joyce de
</p>
<p>Souza  Lisboa  Leite  e  Alexandre  Mazzei  Leite,  pais  de  Eduardo  Mazzei  Leite,
</p>
<p>estudante do curso de Sistemas de Informação no IF Sudeste MG - campus Juiz de
</p>
<p>Fora - e dotado de deficiência auditiva. Relataram os pais que a instituição federal de
</p>
<p>ensino não proporcionava condições adequadas para o aprendizado de Eduardo,
</p>
<p>tendo em vista a condição especial que possui. Pelo fato da situação afetar interesse
</p>
<p>da União, vez que a Instituição de Ensino é Federal, o relato foi remetido a esta
</p>
<p>Procuradoria da República (fl. 03).
</p>
<p>Segundo  os  representantes,  diversos  são  os  problemas
</p>
<p>enfrentados  dentro  da  Instituição  de  Ensino  Federal,  tais  como:  (1)  o
</p>
<p>acompanhamento de Eduardo, em sala de aula era feito por parte de estagiário(a)
</p>
<p>Intérprete em Libras, o que não supria suas necessidades; além disso, há o fato de
</p>
<p>que  o  estagiário,  na  época  da  representação,  havia  pedido  demissão,  deixando
</p>
<p>Eduardo temporariamente sem auxílio. Ainda, os pais do aluno citaram que (2) o IF
</p>
<p>Sudeste não propiciava condições adequadas em relação à didática das disciplinas,
</p>
<p>e isso, segundo eles, ficou bem demonstrado quando ocorreu uma avaliação em que
</p>
<p>era  necessário  ouvir  um filme  em inglês,  o  que  é  impossível  para  Eduardo;  (3)
</p>
<p>ademais, o material didático para ele não é diferenciado do resto da turma, e não
</p>
<p>1 
 </p>
<p />
</div>
<div class="page"><p />
<p>MINISTÉRIO PÚBLICO FEDERAL
      PROCURADORIA DA REPÚBLICA NO MUNICÍPIO DE JUIZ DE FORA/MG
</p>
<p>Gabinete do 3º Ofício
</p>
<p>foram liberadas as filmagens das aulas, como solicitado pelos pais, o que geraria um
</p>
<p>ganho para Eduardo, posto que seria possível assisti-las mais calmamente em casa,
</p>
<p>especialmente por meio de leitura labial, habilidade que Eduardo possui. 
</p>
<p>Instaurada a Notícia de Fato, oficiou-se a Reitoria do IF Sudeste
</p>
<p>MG –  campus Juiz de Fora (fls. 14) para manifestação acerca dos fatos relatados
</p>
<p>pelos representantes. A resposta, constante em fls. 15/16, veio acompanhada de 8
</p>
<p>(oito)  anexos,  os  quais,  nas  palavras  do  Magnífico  Reitor  da  Instituição,  visam
</p>
<p>“deixar  manifesto  o  esforço  institucional  em  solucionar  a  questão,  dentro  das
</p>
<p>possibilidades legais e administrativas possíveis”.
</p>
<p>O primeiro anexo (fls. 17/24-v) é composto por um ofício interno
</p>
<p>da Instituição, encaminhado pelo Núcleo de Apoio às Pessoas com Necessidades
</p>
<p>Educacionais  Específicas  (NAPNE)  ao  Magnífico  Reitor,  datado  de  24/11/2016,
</p>
<p>relatando as condições peculiares de Eduardo e a sua difícil  relação interpessoal
</p>
<p>com os profissionais que o auxiliam; um e-mail da Sra. Joyce, mãe de Eduardo, à
</p>
<p>coordenadora do NAPNE, no qual relata problemas enfrentados pelo aluno dentro da
</p>
<p>sala  de  aula  e  solicita  apoio  e  compreensão  para  que  seja  obtido  melhor
</p>
<p>aproveitamento  das  aulas  por  parte  de  seu  filho.  Em  resposta  (fls.  23/24),  a
</p>
<p>Coordenadora  do  NAPNE  encaminha  o  posicionamento  dos  profissionais  que
</p>
<p>estavam acompanhando o aluno Eduardo naquele semestre, sendo destacado pela
</p>
<p>maioria  deles  dificuldades  do  aluno  em  manter-se  atento  durante  as  aulas  e  a
</p>
<p>necessidade deste se dedicar mais aos estudos extraclasse. Ademais, a Instituição
</p>
<p>disponibilizou aos pais de Eduardo as orientações que haviam sido passadas para
</p>
<p>os  professores  sobre  as  necessidades  educacionais  específicas  do  aluno  em
</p>
<p>questão.
</p>
<p>2 
 </p>
<p />
</div>
<div class="page"><p />
<p>MINISTÉRIO PÚBLICO FEDERAL
      PROCURADORIA DA REPÚBLICA NO MUNICÍPIO DE JUIZ DE FORA/MG
</p>
<p>Gabinete do 3º Ofício
</p>
<p>O  anexo  posterior  (fls.  25/27)  consiste  em  “Relatório
</p>
<p>Disciplinar/Registro  do  Funcionário  ou  Servidor”,  escrito  pela  estagiária  que
</p>
<p>acompanhou  o  aluno  Eduardo  com o  intuito  de  auxiliá-lo  em sala.  Constam no
</p>
<p>documento as razões que culminaram no pedido de demissão da estagiária, sendo
</p>
<p>as principais os supostos desacato e ofensas praticados por Eduardo contra sua
</p>
<p>pessoa, o qual lhe faltaria com respeito, fazia ameaças e taria chegado até mesmo a
</p>
<p>mandá-la sair de sala, alegando não precisar dela. 
</p>
<p>O  anexo  3  (fls.  28-32-v)  é  formado  por  uma compilação  dos
</p>
<p>diversos  encontros  ocorridos  entre  a  família  do  estudante  e  a  equipe
</p>
<p>multiprofissional  que o acompanha desde o seu ingresso na Instituição,  além de
</p>
<p>orientações didático-metodológicas para o acompanhamento do estudante.
</p>
<p>Em seguida, observa-se, no anexo 4 (fls. 33/36-v), um pedido,
</p>
<p>assinado pela mãe do aluno, para a professora de inglês, abordando-a sobre como
</p>
<p>ocorreu a prova em que foi necessário ouvir um filme e que resultou na reprovação
</p>
<p>de Eduardo, acompanhada da resposta por parte da docente. Nesta, a professora
</p>
<p>informou que buscava incansavelmente oferecer  ao  aluno Eduardo um ambiente
</p>
<p>salutar para seu desenvolvimento e que os materiais por ela utilizados em sala de
</p>
<p>aula  eram,  exclusivamente,  de  âmbito  visual  (vídeos  com  legendas,  imagens,
</p>
<p>figuras,  gravuras,  etc)  e  que  os  exercícios  exclusivamente  escritos,  sendo  as
</p>
<p>respostas  anotadas no  quadro  branco.  Além disso,  informou que concedeu  livre
</p>
<p>acesso  aos  intérpretes  e  igualmente  disponibiliza  a  estes  todos  os   materiais
</p>
<p>didáticos aplicados em sala de aula. Por fim, o documento narrou o comportamento
</p>
<p>temperamental do aluno, que supostamente vinha lhe prejudicando tanto em sua
</p>
<p>aprendizagem quanto nas relações de amizade com os demais alunos.  
</p>
<p>3 
 </p>
<p />
</div>
<div class="page"><p />
<p>MINISTÉRIO PÚBLICO FEDERAL
      PROCURADORIA DA REPÚBLICA NO MUNICÍPIO DE JUIZ DE FORA/MG
</p>
<p>Gabinete do 3º Ofício
</p>
<p>O quinto anexo (fls.  37/38-v) consiste no “Plano Individual  de
</p>
<p>Ensino” de Eduardo, por meio do qual a Instituição federal de ensino enfatiza as
</p>
<p>habilidades e dificuldades do aluno, bem como suas próprias falhas no atendimento
</p>
<p>de suas necessidades especiais. 
</p>
<p>O anexo de número 6 (fls. 39/52-v) é constituído pelo EDITAL Nº
</p>
<p>001,  DE  27  DE  ABRIL  DE  2016,  para  o  provimento  de  cargos  de  Técnicos
</p>
<p>Administrativos em Educação. São diversas áreas disponíveis,  e dentre elas são
</p>
<p>destinadas 2 (duas) vagas para o campus Juiz de Fora para o cargo de “Tradutor e
</p>
<p>Intérprete de Linguagem de Sinais”. Adiante, o penúltimo anexo (fls. 53/55) contém a
</p>
<p>homologação  do  resultado  do  certame  supracitado,  com  2(dois)  candidatos
</p>
<p>aprovados. 
</p>
<p>Por  fim,  o  derradeiro  anexo (fls.  56/71-v)  é  composto por  um
</p>
<p>ofício  do  Magnífico  Reitor  do  IF  Sudeste  MG  para  a  Secretaria  de  Educação
</p>
<p>Profissional e Tecnológica (SETEC), a fim de explicitar a necessidade de contratação
</p>
<p>temporária de tradutor/intérprete de libras e requisitar autorização para tal, tendo o
</p>
<p>intuito de “assegurar aos estudantes surdos ou com deficiência auditiva o acesso à
</p>
<p>educação”. Tal documento é acompanhado, ainda, de um parecer da Procuradoria-
</p>
<p>Geral  Federal  sobre  as  formas  juridicamente  válidas  de  admissão  imediata  de
</p>
<p>tradutor  e  intérprete  de  libras  –  TILS,  tanto  em  casos  de  aumentos  cíclicos  e
</p>
<p>transitórios de trabalho quanto no interregno de realização de concurso público. 
</p>
<p>Após a  nomeação de dois  TILS (fls.  76/77),  o  MPF agendou
</p>
<p>reunião com o aluno, seus pais e os representantes da instituição de ensino (fls. 73 e
</p>
<p>78), da qual, após melhor conhecimento da situação fática, resultou na expedição da
</p>
<p>Recomendação Ministerial nº 01, de 15 de maio de 2017 (fls. 84/86). O mencionando
</p>
<p>4 
 </p>
<p />
</div>
<div class="page"><p />
<p>MINISTÉRIO PÚBLICO FEDERAL
      PROCURADORIA DA REPÚBLICA NO MUNICÍPIO DE JUIZ DE FORA/MG
</p>
<p>Gabinete do 3º Ofício
</p>
<p>instrumento indicou ao Instituto Federal do Sudeste de Minas Gerais campus Juiz de
</p>
<p>Fora a realização de adaptações visando a melhor inserção e o pleno atendimento
</p>
<p>ao acadêmico surdo, como a antecipação do conteúdo a ser abordado para prévia
</p>
<p>análise  do  estudante,  a  contratação  de  outro  profissional  para  optimização  do
</p>
<p>acompanhamento, a adaptação no local e no tempo de aplicação de avaliações,
</p>
<p>bem como a disponibilização de meios diferenciados para o aprendizado, moldando-
</p>
<p>as  às  características  especiais  do  aluno.  Esta  Procuradora  disponibilizou-se,
</p>
<p>inclusive, para realização de reuniões mensais de acompanhamento, caso solicitada
</p>
<p>pelas partes. 
</p>
<p>No  primeiro  semestre  de  2017,  a  matrícula  de  Eduardo  foi
</p>
<p>trancada por  opção do próprio  aluno,  o qual  informou que pretendia retornar  no
</p>
<p>período seguinte. A instituição de ensino informou que procedeu com a realização
</p>
<p>das adaptações supramencionadas, sendo todas devidamente implementadas antes
</p>
<p>do início do segundo semestre de 2017 (fls. 92). 
</p>
<p>Contudo,  logo  após  a  abertura  do  período  letivo,  a  mãe  de
</p>
<p>Eduardo encaminhou e-mail a este Ofício relatando o suposto descumprimento da
</p>
<p>Recomendação nº 01, de 15 de maio de 2017, pelo campus de Juiz de Fora do IF
</p>
<p>sudeste  MG,  uma  vez  que  não  teria  sido  adotada  a  metodologia  correta  (fls.
</p>
<p>104/105). Por tal, oficiou-se a autarquia de ensino requisitando a comprovação do
</p>
<p>acatamento do instrumento (fls. 108).
</p>
<p>Em  resposta,  o  IF  Sudeste  MG  campus  Juiz  de  Fora
</p>
<p>encaminhou o Memorando nº 31/2017-CAE/NAI (fls. 110/ 136), o qual informa que a
</p>
<p>modalidade de tradução utilizada com o aluno, tradução sussurrada, foi escolhida
</p>
<p>em conversa realizada entre ele, sua mãe, a fonoaudióloga que o acompanha, a
</p>
<p>5 
 </p>
<p />
</div>
<div class="page"><p />
<p>MINISTÉRIO PÚBLICO FEDERAL
      PROCURADORIA DA REPÚBLICA NO MUNICÍPIO DE JUIZ DE FORA/MG
</p>
<p>Gabinete do 3º Ofício
</p>
<p>psicóloga  da  instituição  e  a  TILS  responsável,  sendo  realizadas  adaptações
</p>
<p>metodológicas  e  pedagógicas,  como  a  utilização  de  recursos  visuais  e  o
</p>
<p>acompanhamento  de  duas  TILS  por  aula/disciplinas  (fls.  110/110v).  Também  é
</p>
<p>informado a desídia de Eduardo com as disciplinas e o desdém com que tratava as
</p>
<p>tradutoras/intérpretes, muitas vezes as ignorando ou solicitando sua saída da sala
</p>
<p>de aula e até violências verbais, conforme os relatórios de práticas interpretativas de
</p>
<p>LIBRAS em sala de aula e atendimento junto ao aluno Eduardo Lisboa Mazzei Leite
</p>
<p>em fls. 111/115.
</p>
<p>Em  fls.  137/138  consta  certidão  com  conteúdo  de  conversa
</p>
<p>telefônica travada com a Procuradora Federal, Dra. Nádia Gomes Sarmento, Chefe
</p>
<p>da  Procuradoria  Federal  no  IF  Sudeste  MG,  na  qual  foram  reafirmadas  as
</p>
<p>dificuldades  supra,  elencando  as  dificuldades  enfrentadas  pelas  intérpretes  no
</p>
<p>relacionamento  com  o  aluno  em  razão  da  postura  por  este  adotada,  como  as
</p>
<p>solicitações aos professores para que dispensassem as intérpretes, a utilização de
</p>
<p>vocabulário inapropriado e posturas desrespeitosas. A Procuradora Federal informou
</p>
<p>também  que  o  aluno  demonstra  interesse  na  prática  do  bimodalismo  na
</p>
<p>tradução/interpretação, troca que só poderia ser realizada ante nova reunião com
</p>
<p>este e com a ora representante, porém os e-mails institucionais para sua realização
</p>
<p>foram  ignorados  pelo  discente.  No  mesmo  instrumento  também  foi  certificado
</p>
<p>contato telefônico travado com a denunciante, a qual informou o descumprimento da
</p>
<p>Recomendação  exarada  nestes  autos,  gerando  dificuldades  de  permanência  do
</p>
<p>aluno no curso (fls. 138). Ante tais divergências, realizou-se visita  in loco por parte
</p>
<p>de assessora desta Procuradora.
</p>
<p>Conforme ata de reunião confeccionada na inspeção (142/143),
</p>
<p>a instituição de ensino demonstrou a existência de material didático visual na prática
</p>
<p>6 
 </p>
<p />
</div>
<div class="page"><p />
<p>MINISTÉRIO PÚBLICO FEDERAL
      PROCURADORIA DA REPÚBLICA NO MUNICÍPIO DE JUIZ DE FORA/MG
</p>
<p>Gabinete do 3º Ofício
</p>
<p>pedagógica  dos docentes,  de  material  extraclasse,  com professores  e tutores,  a
</p>
<p>disponibilidade da mudança de tradução ou interpretação para melhor atender ao
</p>
<p>aluno,  a  concessão  de  tempo extra  nos  moldes  do  Exame  Nacional  do  Ensino
</p>
<p>Médio, qual seja, 25% (vinte e cinco por cento) além do regular para realização das
</p>
<p>provas  e  a  disponibilização  de  realização  de  avaliações  em  salas  separadas.
</p>
<p>Também  foi  pontuado  que  o  docente  Eduardo  demonstrava  desinteresse  nos
</p>
<p>acompanhamentos extraclasses, não comparecendo nos atendimentos ou deixando
</p>
<p>de  solicitar  qualquer  material  extra,  bem como sua  postura  indolente  quanto  as
</p>
<p>disciplinas e ríspidas com os profissionais que o acompanhavam.
</p>
<p>Comprovada  a  existência  de  estrutura  e  de  metodologia
</p>
<p>apropriadas  para  atender  ao  aluno,  por  óbvio  há  que  se  ter  também  conduta
</p>
<p>respeitosa  de  ambos  os  lados  para  que  o  conteúdo  ministrado  seja  realmente
</p>
<p>aprendido. Nesse ponto,  impossível  ao MPF avaliar  plenamente a veracidade de
</p>
<p>versões  ofertadas  por  um  lado  e  por  outro  lado  quanto  ao  tratamento  pessoal
</p>
<p>recebido  pelo  aluno,  necessitando  que  se  faça  avaliação  dentro  do  quanto
</p>
<p>colacionado aos autos e sob a luz da razoabilidade. Lado outro, há que se ressaltar
</p>
<p>que se o docente precisa de atenção especial, como de fato necessita, sua condição
</p>
<p>não  permite  eventuais  desvios  graves  de  conduta,  Tratar  iguais  como  iguais  e
</p>
<p>desiguais como desiguais também precisa da razoabilidade apontada.
</p>
<p>Mesmo  depois  dos  esforços  envidados  pelo  MPF,  e
</p>
<p>aparentemente pela instituição de ensino, o discente Eduardo Lisboa Mazzei Leite
</p>
<p>foi desligado do Instituto Federal de Educação Ciência e Tecnologia do Sudeste de
</p>
<p>Minas Gerais (fls. 154). Segundo a instituição, embora tenham sido oportunizadas ao
</p>
<p>acadêmico todas as possibilidades de desenvolvimento educacional e profissional, o
</p>
<p>mesmo não as aproveitou e infringiu, deliberadamente, o Regulamento de Conduta
</p>
<p>7 
 </p>
<p />
</div>
<div class="page"><p />
<p>MINISTÉRIO PÚBLICO FEDERAL
      PROCURADORIA DA REPÚBLICA NO MUNICÍPIO DE JUIZ DE FORA/MG
</p>
<p>Gabinete do 3º Ofício
</p>
<p>Discente do IF Sudeste MG, tornando impossível a convivência e o relacionamento
</p>
<p>saudável  entre  o  acadêmico  e  os  demais  servidores  públicos  da  instituição.  O
</p>
<p>afastamento  foi  realizado  através  do  processo  de  desligamento  n°
</p>
<p>23225.000137/2018-62  (anexo  I),  fundado  nos  processos  disciplinares
</p>
<p>23225.003173/2017-05,  23225.003183/2017-32,  23225.002734/2017-41,
</p>
<p>23225.000219/2017-26, cujos objetos são reiteradas condutas desrespeitosas contra
</p>
<p>os servidores e agressão física em face do diretor do  campus Juiz de Fora, faltas
</p>
<p>graves e gravíssimas, respectivamente, conforme os arts. 15, XXI e 17, III, IV do
</p>
<p>Regulamento de Conduta Discente do IF Sudeste MG (fls. xx do Anexo I).
</p>
<p>Note-se  que  não  há  o  depoimento  de  apenas  uma  ou  duas
</p>
<p>pessoas narrando as condutas mas diversas pessoas diferentes, inclusive o diretor
</p>
<p>da  unidade.  Supor  que  todos  estivessem,  deliberadamente,  em  conluio  para
</p>
<p>expulsar  o  estudante,  sem que  haja  qualquer  indício  de  tais  fatos,  a  não  ser  a
</p>
<p>palavra do mesmo, é um juízo que extrapola o atuar razoável que se exige do órgão
</p>
<p>ministerial.  Atuar na defesa do deficiente não pode se afastar da defesa do que
</p>
<p>parece ser justo, sendo certo que o procedimento de desligamento, cujas cópias se
</p>
<p>encontram  no  apenso,  não  trazem  qualquer  vício  que  possa  implicar  em  sua
</p>
<p>irregularidade. 
</p>
<p> Desta  forma,  pelos  motivos  declinados  e  por  inexistirem
</p>
<p>providências  a  serem  adotadas  no  caso  em  tela,  ainda  que  lamentando
</p>
<p>profundamente todo o ocorrido, o MPF promove o  ARQUIVAMENTO do presente
Inquérito Civil.
</p>
<p>Comuniquem-se  os  representantes  para  se  manifestarem,  no
</p>
<p>prazo de 10 (dez) dias, acerca desta promoção de arquivamento. Transcorrido o
</p>
<p>8 
 </p>
<p />
</div>
<div class="page"><p />
<p>MINISTÉRIO PÚBLICO FEDERAL
      PROCURADORIA DA REPÚBLICA NO MUNICÍPIO DE JUIZ DE FORA/MG
</p>
<p>Gabinete do 3º Ofício
</p>
<p>tempo sem manifestação ou se não houver interesse, por parte deles, em prosseguir
</p>
<p>com o procedimento, em consonância  com o disposto no art. 62, inciso IV, da Lei
</p>
<p>Complementar  n.  75/93,  remetam-se  os  autos  à  1ª  Câmara  de  Coordenação e
</p>
<p>Revisão do Ministério Público Federal, para apreciação e homologação da presente
</p>
<p>Promoção de Arquivamento.
</p>
<p>Juiz de Fora, 18 de maio de 2018.
</p>
<p>ZANI CAJUEIRO TOBIAS DE SOUZA
</p>
<p> PROCURADORA DA REPÚBLICA
</p>
<p>               
</p>
<p>9 
 </p>
<p />
</div>
</body></html>