<?xml version="1.0" encoding="UTF-8"?>
<html xmlns="http://www.w3.org/1999/xhtml">
<head>
<meta name="pdf:PDFVersion" content="1.4" />
<meta name="xmp:CreatorTool" content="Writer" />
<meta name="access_permission:modify_annotations" content="true" />
<meta name="access_permission:can_print_degraded" content="true" />
<meta name="tika_batch_fs:relative_path" content="73799778.pdf" />
<meta name="language" content="pt-BR" />
<meta name="dcterms:created" content="2017-02-21T18:12:17Z" />
<meta name="dc:format" content="application/pdf; version=1.4" />
<meta name="pdf:docinfo:creator_tool" content="Writer" />
<meta name="access_permission:fill_in_form" content="true" />
<meta name="pdf:encrypted" content="false" />
<meta name="Content-Length" content="100229" />
<meta name="X-TIKA:digest:MD5" content="3b0e6ecedb2359754d88855b34745cd0" />
<meta name="Content-Type" content="application/pdf" />
<meta name="X-Parsed-By" content="org.apache.tika.parser.DefaultParser" />
<meta name="X-Parsed-By" content="org.apache.tika.parser.pdf.PDFParser" />
<meta name="dc:language" content="pt-BR" />
<meta name="meta:creation-date" content="2017-02-21T18:12:17Z" />
<meta name="created" content="Tue Feb 21 15:12:17 BRT 2017" />
<meta name="access_permission:extract_for_accessibility" content="true" />
<meta name="access_permission:assemble_document" content="true" />
<meta name="xmpTPg:NPages" content="3" />
<meta name="Creation-Date" content="2017-02-21T18:12:17Z" />
<meta name="resourceName" content="73799778.pdf" />
<meta name="access_permission:extract_content" content="true" />
<meta name="access_permission:can_print" content="true" />
<meta name="tika:file_ext" content="pdf" />
<meta name="producer" content="BrOffice.org 3.2" />
<meta name="access_permission:can_modify" content="true" />
<meta name="pdf:docinfo:producer" content="BrOffice.org 3.2" />
<meta name="pdf:docinfo:created" content="2017-02-21T18:12:17Z" />
<title></title>
</head>
<body><div class="page"><p />
<p>Ref. Procedimento Preparatório MPF/PR/ES nº 1.17.000.001747/2016-06
</p>
<p>DECISÃO DE ARQUIVAMENTO
</p>
<p>Trata-se de Representação encaminhada via Sala de Atendimento ao 
</p>
<p>Cidadão noticiando que os editais dos concursos do IFES (Edital nº 02, de 31 de 
</p>
<p>Agosto  de  2016)  e  da  UFES (Edital  nº  126,  de  26  de  Agosto  de  2016),  foram 
</p>
<p>publicados  sem  que  houvesse,  de  pronto,  informação  a  respeito  da  formação 
</p>
<p>acadêmica  exigida,  bem  como  não  constava  o  conteúdo  programático,  fato  que 
</p>
<p>poderia prejudicar a isonomia dos certames na medida em que haveria concorrentes 
</p>
<p>que  poderiam  obter  tais  informações,  previamente,  em  detrimento  dos  demais 
</p>
<p>candidatos. 
</p>
<p>O noticiante alega que os Editais dos concursos supramencionados, 
</p>
<p>para  ingresso  no  Instituto  Federal  do  Espírito  Santo  (IFES)  e  na  Universidade 
</p>
<p>Federal do Espírito Santo (UFES), publicados ao final do mês de Agosto de 2016, 
</p>
<p>carecem  de  informações  básicas  como:  titulação  acadêmica  exigida  e  conteúdo 
</p>
<p>programático  do  certame.  Assevera  ainda,  que  essas  informações  podem  ser 
</p>
<p>obtidas  por  aqueles  que são  próximos  a  funcionários  das  das  duas  Instituições, 
</p>
<p>colocando os demais candidatos do certame em situação de desigualdade (ferindo a 
</p>
<p>isonomia).
</p>
<p>No entanto, ao acessar o sítio eletrônico de ambas, verifica-se que o 
</p>
<p>argumento do noticiante não merece prosperar, conforme demonstrar-se-á a seguir. 
</p>
<p>É o relatório no essencial.
</p>
<p>1</p>
<p />
</div>
<div class="page"><p />
<p>Primeiramente, quanto ao pedido de sigilo, indefiro-o por entender que, 
</p>
<p>no  presente  caso,  inexiste  justificativa  para  tal  medida.  Isso  porque,  diante  da 
</p>
<p>situação narrada, julga-se ausente qualquer perigo ao denunciante caso revelados 
</p>
<p>seus  dados  pessoais.  Assim,  determino  a  juntada  aos  autos  da  identificação 
</p>
<p>pertinente.  
</p>
<p>No que diz respeito à Universidade Federal do Espírito Santo (UFES), 
</p>
<p>observa-se que ao acessar no endereço eletrônico oficial do concurso em questão 
</p>
<p>(http://www.progep.ufes.br/content/concurso-taes-2016), é possível encontrar o Edital 
</p>
<p>de Abertura (Edital  nº 126, de 26 de Agosto de 2016)1 e as devidas retificações, 
</p>
<p>assim como os conteúdos programáticos atinentes às modalidades que constam do 
</p>
<p>certame. Ressalta-se que a titulação necessária se encontra dentro do instrumento 
</p>
<p>editalício,  enquanto  o  conteúdo  programático  está  no  endereço  eletrônico 
</p>
<p>supracitado,  em  arquivo  apartado,  mas  de  fácil  e  obrigatória  visualização  pelos 
</p>
<p>candidatos. 
</p>
<p>Os dados foram disponibilizados nos dias  30/08/2016  e  05/09/2016, 
</p>
<p>respectivamente. Considerando que as inscrições para o referido processo seletivo 
</p>
<p>tiveram início em 05/09/2016, não houve prejuízo aos candidatos do concurso. 
</p>
<p>Acerca do concurso para ingresso no Instituto Federal do Espírito Santo 
</p>
<p>(IFES), nota-se que, ao acessar o sítio eletrônico que informa sobre o concurso em 
</p>
<p>discussão  no  presente  procedimento2,  que  há  a  previsão  da  titulação  exigida, 
</p>
<p>conforme se constata da leitura do Edital nº 04, de 17 de outubro de 20163, bem 
</p>
<p>como do conteúdo programático, previsto no Edital nº 024, de 31 de agosto de 2016.
</p>
<p>1 Disponível em: http://progep.ufes.br/sites/default/files/Edital_n126_2016_UFES_ret2.pdf 
2 http://www.ifes.edu.br/processosseletivos/servidores/item/2099-concurso-publico-02-2016-  
</p>
<p>docentes-graduados-e-especialistas 
3 Disponível em: http://www.ifes.edu.br/images/stories/files/concurso_publico/2016/2016-02/Edital04-
</p>
<p>2016QuadrodeVagas-Retificado1.pdf 
4 Disponível em: http://www.ifes.edu.br/images/stories/files/concurso_publico/2016/2016-
</p>
<p>02/conteudo_bibliografia_edital_02_ok.pdf 
2</p>
<p />
<div class="annotation"><a href="http://progep.ufes.br/sites/default/files/Edital_n126_2016_UFES_ret2.pdf">http://progep.ufes.br/sites/default/files/Edital_n126_2016_UFES_ret2.pdf</a></div>
<div class="annotation"><a href="http://www.ifes.edu.br/images/stories/files/concurso_publico/2016/2016-02/conteudo_bibliografia_edital_02_ok.pdf">http://www.ifes.edu.br/images/stories/files/concurso_publico/2016/2016-02/conteudo_bibliografia_edital_02_ok.pdf</a></div>
<div class="annotation"><a href="http://www.ifes.edu.br/images/stories/files/concurso_publico/2016/2016-02/conteudo_bibliografia_edital_02_ok.pdf">http://www.ifes.edu.br/images/stories/files/concurso_publico/2016/2016-02/conteudo_bibliografia_edital_02_ok.pdf</a></div>
<div class="annotation"><a href="http://www.ifes.edu.br/images/stories/files/concurso_publico/2016/2016-02/Edital04-2016QuadrodeVagas-Retificado1.pdf">http://www.ifes.edu.br/images/stories/files/concurso_publico/2016/2016-02/Edital04-2016QuadrodeVagas-Retificado1.pdf</a></div>
<div class="annotation"><a href="http://www.ifes.edu.br/images/stories/files/concurso_publico/2016/2016-02/Edital04-2016QuadrodeVagas-Retificado1.pdf">http://www.ifes.edu.br/images/stories/files/concurso_publico/2016/2016-02/Edital04-2016QuadrodeVagas-Retificado1.pdf</a></div>
<div class="annotation"><a href="http://www.ifes.edu.br/processosseletivos/servidores/item/2099-concurso-publico-02-2016-docentes-graduados-e-especialistas">http://www.ifes.edu.br/processosseletivos/servidores/item/2099-concurso-publico-02-2016-docentes-graduados-e-especialistas</a></div>
<div class="annotation"><a href="http://www.ifes.edu.br/processosseletivos/servidores/item/2099-concurso-publico-02-2016-docentes-graduados-e-especialistas">http://www.ifes.edu.br/processosseletivos/servidores/item/2099-concurso-publico-02-2016-docentes-graduados-e-especialistas</a></div>
<div class="annotation"><a href="http://www.progep.ufes.br/content/concurso-taes-2016">http://www.progep.ufes.br/content/concurso-taes-2016</a></div>
</div>
<div class="page"><p />
<p>A partir da análise do Anexo I,  do Edital nº 02, de 31 de Agosto de 
</p>
<p>20165, verifica-se que as inscrições tiveram início em 17/10/2016, razão pela qual 
</p>
<p>não houve prejuízo aos candidatos do certame. 
</p>
<p>Sendo assim, devido à completa adequação da Universidade Federal 
</p>
<p>do Espírito Santo (UFES) e do Instituto Federal do Espírito Santo (IFES) ao princípio 
</p>
<p>da isonomia e da legalidade, considerando que todas as regras editalícias quanto ao 
</p>
<p>conteúdo programático e quanto à experiência profissional, estão claras e de forma 
</p>
<p>ostensiva  no  instrumento  convocatório,  resta  prejudicado  o  objeto  da  presente 
</p>
<p>demanda.
</p>
<p>Diante do exposto, determino o ARQUIVAMENTO do expediente.
</p>
<p>Dê-se  ciência  ao  denunciante  para  que,  querendo,  ofereça  razões 
</p>
<p>escritas contra o presente arquivamento no prazo de 10 (dez) dias.
</p>
<p>Remeta-se o procedimento à 1ª Câmara de Coordenação e Revisão (1ª 
</p>
<p>CCR), para os fins previstos no art. 62, IV, da Lei Complementar nº 75/93.
</p>
<p>Vitória/ES, 12 de janeiro de 2017.
</p>
<p>ELISANDRA DE OLIVEIRA OLÍMPIO
Procuradora da República
</p>
<p>TGS
</p>
<p>5 Disponível em: http://www.ifes.edu.br/images/stories/files/concurso_publico/2016/2016-
02/EditalDocente02-2016-Retificado5.pdf 
</p>
<p>3</p>
<p />
<div class="annotation"><a href="http://www.ifes.edu.br/images/stories/files/concurso_publico/2016/2016-02/EditalDocente02-2016-Retificado5.pdf">http://www.ifes.edu.br/images/stories/files/concurso_publico/2016/2016-02/EditalDocente02-2016-Retificado5.pdf</a></div>
<div class="annotation"><a href="http://www.ifes.edu.br/images/stories/files/concurso_publico/2016/2016-02/EditalDocente02-2016-Retificado5.pdf">http://www.ifes.edu.br/images/stories/files/concurso_publico/2016/2016-02/EditalDocente02-2016-Retificado5.pdf</a></div>
</div>
</body></html>