<?xml version="1.0" encoding="UTF-8"?>
<html xmlns="http://www.w3.org/1999/xhtml">
<head>
<meta name="pdf:PDFVersion" content="1.4" />
<meta name="xmp:CreatorTool" content="Writer" />
<meta name="access_permission:modify_annotations" content="true" />
<meta name="access_permission:can_print_degraded" content="true" />
<meta name="tika_batch_fs:relative_path" content="73858157.pdf" />
<meta name="language" content="pt-BR" />
<meta name="dcterms:created" content="2017-10-19T20:12:45Z" />
<meta name="dc:format" content="application/pdf; version=1.4" />
<meta name="pdf:docinfo:creator_tool" content="Writer" />
<meta name="access_permission:fill_in_form" content="true" />
<meta name="pdf:encrypted" content="false" />
<meta name="Content-Length" content="105964" />
<meta name="X-TIKA:digest:MD5" content="da21d8f781094291a344d3be822b5c0a" />
<meta name="Content-Type" content="application/pdf" />
<meta name="X-Parsed-By" content="org.apache.tika.parser.DefaultParser" />
<meta name="X-Parsed-By" content="org.apache.tika.parser.pdf.PDFParser" />
<meta name="dc:language" content="pt-BR" />
<meta name="meta:creation-date" content="2017-10-19T20:12:45Z" />
<meta name="created" content="Thu Oct 19 18:12:45 BRST 2017" />
<meta name="access_permission:extract_for_accessibility" content="true" />
<meta name="access_permission:assemble_document" content="true" />
<meta name="xmpTPg:NPages" content="7" />
<meta name="Creation-Date" content="2017-10-19T20:12:45Z" />
<meta name="resourceName" content="73858157.pdf" />
<meta name="access_permission:extract_content" content="true" />
<meta name="access_permission:can_print" content="true" />
<meta name="tika:file_ext" content="pdf" />
<meta name="producer" content="LibreOffice 4.2" />
<meta name="access_permission:can_modify" content="true" />
<meta name="pdf:docinfo:producer" content="LibreOffice 4.2" />
<meta name="pdf:docinfo:created" content="2017-10-19T20:12:45Z" />
<title></title>
</head>
<body><div class="page"><p />
<p>MINISTÉRIO PÚBLICO FEDERAL
PROCURADORIA DA REPÚBLICA NO CEARÁ
</p>
<p>9º OFÍCIO
</p>
<p>Ref: Inquérito Civil  nº 1.15.000.002410/2016-82
</p>
<p>Promoção de Arquivamento nº 125 /  2017
</p>
<p>Trata-se  de  inquérito  civi l  instaurado  em  face  de
</p>
<p>representação que  aponta  irregularidades  no  processo  de  consulta  à
</p>
<p>comunidade  acadêmica  para  eleição  de  reitor  e  diretores  do  IFCE,
</p>
<p>quais sejam:
</p>
<p>1)  ausência  de  autorização  do  MEC,  para  realização  do
processo  de  consulta,  conforme  estabelecido  no  art .  14  do
Decreto 6.986/2009;
</p>
<p>2)  nomeação  de  servidor  ocupante  de  cargo  de  direção,
para compor a presidência da respect iva Comissão Eleitoral
-  Francisco José Pontes Cavalcante (Resolução nº 37 de 02
de agosto de 2016);
</p>
<p>3)  não  inclusão  de  5  campi  no  processo  de  consulta,  quais
sejam: Aracat i,  Baturité,  Jaguaribe, Tauá e Tianguá;
</p>
<p>4)  cadastramento  para  votação  de  integrantes  de  campus
diverso  da  lotação  de  origem  (art .  28  do  Edital  001/2016).
Ex:  o  Reitor  do  IFCE  deve  votar  na  reitor ia,  onde  exerce
suas  at ividades,  sendo  que  ele  possui  cadastro  para
votação no campus Fortaleza;  a técnica  administrat iva Vera
Lúcia  Vieira  de  Queiroz  é  lotada  na  Reitor ia,  porém  votará
no Campus de Fortaleza;
</p>
<p>5)  o  reitor  do  IFCE  afastado,  já  que  candidato,  Virgí l io
Augusto  Sales  Araripe,  tem  se  ut i l izado  indevidamente  da
página  do  IFCE  (www.ifce.edu.br),  na  internet,  para
promover sua imagem (art.  33, V, Edital 001/2016);
</p>
<p>6)  estabelecimento  de  sanções  ao  exercício  do
contraditór io (arts.  17 e 41, inc. II I  do Edital 001/2016);
</p>
<p>7)  tratamento  diferenciado  entre  os  candidatos  a  Reitor
(art.  33,  VII I  e  XII I).  Ex:  enquanto  fora  autorizado  ao
Candidato  Virgí l io  Augusto  visitar  o  campus  de  Maracanaú,
</p>
<p>1</p>
<p />
</div>
<div class="page"><p />
<p>tal  fora  negado  ao  candidato  João  Tavares,  com  instrução
da Comissão Central;
</p>
<p>8)  vedação  ao  l ivre  acesso  dos  candidatos  ao  campus,  ao
estabelecer  regras  incompatíveis  com  a  at ividade
acadêmica.  Registra  que,  nesse  caso  específ ico,  os
candidatos  somente  podem  contatar  seus  eleitores  no
período  de  real ização  das  at ividades  acadêmicas.  Refere
ao que dispõe o art.  33 do Edital  001/2016;
</p>
<p>9)  período  exíguo  (10  dias  -  Anexo  I  do  Edital) ,  para
realização  da  campanha,  considerando  a  necessidade  de
visitação  a  27  unidades  em  todo  o  Estado  do  Ceará,  além
da  impossibi l idade  de  visitação  do  campus  nos  fer iados  e
f inais  de  semana,  quando  as  at ividades  acadêmicas  f icam
suspensas.
</p>
<p>Refere,  ainda,  à  prát ica  inadequada  da  Pro-Reitor ia  de
Gestão  de  Pessoas  em  nomear  servidores  em  períodos
próximos  às  eleições  para  Reitor,  o  que  levaria  os
nomeados a votarem no candidato da situação.
</p>
<p>Registra,  também,  a  prát ica  de  concessão  de  fér ias  a  Pro-
Reitores  nos  períodos  eleitorais,  de  modo  que  eles  far iam
campanha para o Reitor.
</p>
<p>Por  f im,  diz  da  ocorrência  da  concentração  de  inauguração
de  obras  em  favor  da  comunidade  acadêmica  no  período
próximo às eleições para reitor.
</p>
<p>O  MPF  requisitou  informações  ao  IFCE  às  f ls.  122  e  à
</p>
<p>Comissão  Eleitoral  à  f l.  123,  e  na  sequência  os  reiterou  às  f ls.  125  e
</p>
<p>127.
</p>
<p>O IFCE prestou informações às f ls.  133 e seguintes.
</p>
<p>Cient if icado  da  refer ida  resposta  o  not ic iante  apresentou
</p>
<p>argumentos às f ls.  255 e seguintes.
</p>
<p>De  início  observo  que  na  atual  data  já  é  f indo  o  processo
</p>
<p>de  escolha  do  reitor  e  diretores  em  questão,  o  que  termina  por  tornar
</p>
<p>sem ut i l idade o presente feito.
</p>
<p>Vale ainda observar que parte da irresignação do not ic iante
</p>
<p>foi  levada  a  conhecimento  do  poder  judic iár io  (processo  Nº  0811703-
</p>
<p>04.2016.4.05.8100,  que  decidiu  o  que  se  lhe  apresentava  do  seguinte
</p>
<p>modo:
</p>
<p>2</p>
<p />
</div>
<div class="page"><p />
<p>“Trata-se  de  ação  ordinária  aju izada  pelo  Sindicato  dos
Servidores  do  Inst i tuto  Federal  de  Educação,  Ciência  e
tecnologia  em  face  do  Inst i tuto  Federal  de  Educação,  Ciência  e
tecnologia  -  IFCE,  na  qual  se  requer  a  suspensão  do  processo
de  consulta  para  os  cargos  de  Reitor  e  Diretores  Gerais  do
IFCE,  até  que  o  MEC  divulgue  o  cronograma  previsto  no  art igo
14  do  Decreto  n.º  6.986/2009,  bem  como  que  seja  incluído  os
campi  de  Aracat i ,  Batur i té,  Jaguaribe,  Tauá  e  Tianguá,  os  quais
funcionam há mais de 05 (c inco)  anos.
</p>
<p>Relata  que  o  processo  de  escolha  de  dir igentes  dos  Inst i tutos
Federais  de  Educação,  Ciência  e  Tecnologia  encontra-se
regulado pela Lei  n.º  11.892/2008 e pelo Decreto  n.º  6.986/2009,
os  quais  estabelecem  que  a  nomeação  para  mandato  de  quatro
anos  dos  re i tores  e  d iretores-gerais  dos  campi  dos  Inst i tutos
será  precedida  de  processo  de  consulta  à  comunidade  escolar,
integrada  pelos  corpos  docente  e  d iscente  e  pelos  servidores
técnico-administrat ivos;  que  restou  prevista  a  regra  de
simultaneidade  da  escolha  de  re i tores  e  d iretores-gerais,  bem
como que a consulta só poderá ser  real izada após cinco anos da
implantação do campi .
</p>
<p>Aduz,  como  causa  de  pedir,  que,  ao  divulgar  a  Resolução  n.º
036,  de  04.07.2016,  o  IFCE deixou  de  fora  do  processo  selet ivo
os  campi  de  Aracat i ,  Batur i té,  Jaguaribe,  Tauá  e  Tianguá,  os
quais  foram  cr iados  através  da  Portar ia  n.º  1.366,  de  6  de
dezembro  de  2010,  do  Ministér io  da  Educação,  tendo  def lagrado
o  processo  de  consulta  para  os  cargos  de  Reitor  e  Diretores
Gerais  sem  que  o  MEC  tenha  divulgado  o  cronograma  para  ta l
ato,  conforme previsto no art igo 14 do Decreto n.º  6.986/2009.
</p>
<p>Indefer idos os benef íc ios da just iça gratui ta.
</p>
<p>Decisão  indefer iu  o  p le i to  antecipatór io  e  determinou  a  ci tação
da  parte  ré  após  a  comprovação  do  pagamento  das  custas
processuais.
</p>
<p>Instada,  a  parte  autora  apresentou  comprovante  de  pagamento
das custas processuais.
</p>
<p>O  IFCE  apresentou  contestação  na  qual  a lega,  prel iminarmente,
inépcia  da  in ic ia l  em  face  da  ausência  de  plausib i l idade  do
pedido  e  de  provas.  No  méri to,  pugnou  pela  improcedência  do
pedido.
</p>
<p>O sindicato  autor  apresentou  répl ica  na  qual  rat i f ica  os  todos  os
termos da in ic ia l .
</p>
<p>Era  o  que  cumpria  re latar.  Matér ia  exclusivamente  de  dire i to,
passo ao ju lgamento antecipado da l ide.
</p>
<p>FUNDAMENTOS
</p>
<p>Rejei to  a  prel iminar  de  inépcia  da  in ic ia l  aduzida  pelo  IFCE.  O
plei to  autoral  se  fundamenta  na  suposta  não  observância  de  um
comando  legal,  o  qual  não  exig ir ia  necessariamente  a
demonstração de preju ízo sof r ido ou maior d igressão probatór ia.
</p>
<p>Feita  essa  consideração,  ver i f ico  que  o  sindicato  autor  pugna,
por  um  lado,  pela  suspensão  do  processo  de  consulta  para  os
cargos  de  Reitor  e  Diretores  Gerais  dos  campi  de  Acaraú,
Canindé,  Cedro,  Crateús,  Crato,  Forta leza,  Iguatu,  Juazei ro  do
</p>
<p>3</p>
<p />
</div>
<div class="page"><p />
<p>Norte,  L imoeiro  do  Norte,  Maracanaú,  Quixadá  e  Sobral ,
def lagrado  pela  Resolução  n.º  036,  de  04.07.2016  do  Conselho
Superior  do IFCE até  que o MEC divulgue o cronograma previsto
no  art igo  14  do  Decreto  n.º  6.986/2009,  e,  por  outro  lado,  pela
inclusão  dos  campi  de  Aracat i ,  Batur i té,  Jaguar ibe,  Tauá  e
Tianguá, cr iados através da Portar ia n.º  1.366, de 6.12.2010.
</p>
<p>Ocorre  que  em  consulta  ao  si te  do  MEC  é  possível  observar  a
existência  de  um  cronograma  relat ivo  ao  processo  de  consulta
de  cargos  de  dir igentes  dos  Inst i tutos  Federais  de  Educação,
Ciência e Tecnologia  publ icado no SIMEC -  Sistema Integrado do
Ministér io da Educação - em 22.02.2016.
</p>
<p>Em  uma  consulta  rápida  a  este  cronograma  é  possível  observar
que  o  mandato  do  atual  re i tor  do  Inst i tuto  Federal  de  Educação,
Ciência  e  Tecnologia  do  Ceará  terminará  em  14.02.2017.
Também  é  possíve l  observar  que  os  mandatos  dos  atuais
dir igentes  de  grande  parte  dos  campi  l is tados  na  Resolução  n.º
036,  de  04.07.2016,  serão  conclu ídos  em 20.01.2017,  ta is  como
Cedro,  Crato,  Juazeiro  do  Norte,  Iguatu,  Limoeiro  do  Norte,
Sobral ,  Quixadá e Maracanaú.
</p>
<p>Por  outro  lado,  o  mesmo  cronograma  demonstra  que  os
mandatos  dos  atuais  d ir igentes  da  maior ia  dos  campi  ci tados  no
pedido de inclusão formulado pela  parte  autora serão f inal izados
apenas  em  23.04.2018,  ta is  como  Aracat i ,  Batur i té,  Jaguaribe  e
Tianguá.
</p>
<p>A diferença  temporal  entre  as  datas  de  expiração  dos  mandatos
dos  dir igentes  dos  campi  mencionados  just i f ica,  a  meu  ver,  a
inclusão  de  uns  e  a  exclusão  de  outros  do  processo  de  seleção
quest ionado.
</p>
<p>De  toda  sorte,  a  não  inclusão  de  campi  já  const i tuídos  há  mais
de  cinco  anos  poderia,  quando  muito,  fundamentar  pedido  para
que  fosse  suprida  ta l  omissão  com  a  def lagração  de  consulta
específ ica  no  campus  não  incluído,  mas,  de  modo  algum,
impl icar ia  na  suspensão  do  processo  de  consulta  já  in ic iado,
mormente  ante  a  proximidade  da  data  de  expiração  dos
mandatos  dos  atuais  d ir igentes  dos  campi  inclu ídos  na
Resolução n.º  036.
</p>
<p>O sindicato  autor,  c iente  de todas estas informações cont idas na
decisão  que  indefer iu  o  p le i to  antecipatór io,  não  apresentou
nenhuma  impugnação  específ ica,  l imitando-se  a  re i terar  toda  a
l inha  de  argumentação  apresentada  na  exordia l ,  de  modo  que
não  é  possível  observar  qualquer  i r regular idade  no  processo
selet ivo  em  debate  tute lável  mediante  o  contro le  jur isdic ional,
impondo-se a improcedência do pedido formulado.
</p>
<p>É  de  se  registrar,  por  f im,  que,  a  despeito  de  a  def lagração  do
processo  de  consulta  para  escolha  de  Reitor  e  Diretor-Geral
pelo  Conselho  Superior  do  IFCE  ter  ocorr ido  no  iníc io  de  ju lho
do  presente  ano,  com  a  divulgação  da  Resolução  n.º  036,  o
sindicato  autor  a ju izou a presente ação,  com pedido de tute la  de
urgência,  às  vésperas  da  real ização  de  mencionada  consulta,
prevista  para  o  d ia  14  de  setembro,  consoante  cronograma
anexado  na  úl t ima  página  do  documento  cujo  número
ident if icador  é  4058100.1671433.  Em  outras  palavras,  a  parte
autora  poderia  ter  submet ido  seu  ple i to  há  pelo  menos  t rês
</p>
<p>4</p>
<p />
</div>
<div class="page"><p />
<p>meses,  a  f im  de  ver  reconhecidas  eventuais  máculas  no
processo  de  consulta  em  debate,  deixando,  no  entanto,  para
fazê-lo às vésperas da real ização efet iva da mesma.
</p>
<p>DISPOSITIVO
</p>
<p>À luz do exposto,  ju lgo IMPROCEDENTE  a presente ação.
</p>
<p>(. . . ) ”
</p>
<p>De  resto  tentou  o  not ic iante  sugerir  condutas  que
</p>
<p>equivaler iam  a  algum  t ipo  de  abuso  de  poder  administrat ivo  com
</p>
<p>finalidade eleitoral,  em relação ao que observamos o seguinte:
</p>
<p>-  não  observamos  e  nem  o  not ic iante  nos  apontou  qualquer  vedação
</p>
<p>normativa  à  nomeação  de  servidor  ocupante  de  cargo  de  direção,  para
</p>
<p>compor a presidência da Comissão Eleitoral;
</p>
<p>-  o  art.  28  do  edital  determina  que  “Os  servidores  que  desempenham
</p>
<p>cargos  de  direção  ou  chef ia  votarão  nas  unidades  em  que  estão
</p>
<p>lotados” ,  o  que,  embora  possa  impl icar,  como  dito  pelo  not iciante,  em
</p>
<p>cadastramento  para  votação  de  integrantes  de  campus  diverso  da
</p>
<p>lotação  de  origem,  não  impl ica  em  qualquer  irregularidade,  mormente
</p>
<p>levando-se em conta que não se sabia como votariam os eleitores;
</p>
<p>-  não  há  indicações  de  que  seja  indevida  eventual  ut i l ização  da  página
</p>
<p>do  IFCE  na  internet  pelo  reitor  que  tentava  a  reeleição,  pois  como
</p>
<p>gestor  da  inst ituição  é  natural  que  tenha  maior  frequência  em  tal  site.
</p>
<p>Outrossim  o  not iciante  não  especif icou  postagens  que  entendia
</p>
<p>abusivas.
</p>
<p>-  as  normas  editalícias  que  exigiam  que  o  candidato  deveria  declarar
</p>
<p>ter  conhecimento  e  estar  de  acordo  com  o  edital  (art.  17)  e  que
</p>
<p>const ituía infração punível  com a cassação da candidatura a cr iação de
</p>
<p>dif iculdades  ao  trabalho  da  comissão  (art.  41,  II I)  não  implicam  em
</p>
<p>sanções ao exercício do contraditór io;
</p>
<p>-  quanto  ao  alegado  “tratamento  diferenciado  entre  os  candidatos  a
</p>
<p>Reitor  (art.  33,  VII I  e  XII I).  Ex:  enquanto  fora  autorizado  ao  Candidato
</p>
<p>Virgí l io  Augusto  visitar  o  campus  de  Maracanaú,  tal  fora  negado  ao
</p>
<p>5</p>
<p />
</div>
<div class="page"><p />
<p>candidato  João  Tavares,  com  instrução  da  Comissão  Central”,  é
</p>
<p>explicado  às  f ls.  149/150  que  o  deferimento  das  visitas  decorreria  de
</p>
<p>agendamento  prévio  que  não  fora  realizado  pelo  candidato  João
</p>
<p>Tavares;
</p>
<p>- restr ições ao l ivre acesso dos candidatos ao campus foram impostas a
</p>
<p>todos  os  candidatos,  pelo  que  não  se  apresenta  neste  ponto  qualquer
</p>
<p>tratamento privi legiado;
</p>
<p>-  de  modo  semelhante,  o  período  de  10  dias  para  real ização  da
</p>
<p>campanha era comum a todos os candidatos;
</p>
<p>-  quanto  à  alegada  “prát ica  inadequada  da  Pro-Reitor ia  de  Gestão  de
</p>
<p>Pessoas  em nomear  servidores  em períodos  próximos  às  eleições  para
</p>
<p>Reitor,  o que levaria os nomeados a votarem no candidato da situação”,
</p>
<p>não  há  levantamento  de  nomeações  real izadas,  nem vedação  a  tal  t ipo
</p>
<p>de ato  administrat ivo  na proximidade de eleições.  Ademais  a nomeação
</p>
<p>e  exoneração  de  servidores  é  procedimento  comum  de  gestão,  sendo
</p>
<p>de  se  presumir  a  boa  fé  ante  a  inexistência  de  indícios  em  sent ido
</p>
<p>contrário.  O  mesmo  se  aplica  à  inauguração  de  obras  em  favor  da
</p>
<p>comunidade acadêmica;
</p>
<p>-  mesmo  que  tenham  sido  concedidas  fér ias  a  Pro-Reitores  para
</p>
<p>real ização  de  campanha,  temos  que  a  campanha  é  ato  lícito,  mais
</p>
<p>atendendo  ao  interesse  público  a  realizada  nas  fér ias  do  que  a
</p>
<p>real izada em competição com o período laboral.
</p>
<p>Ante  o  exposto, decido ARQUIVAR  o  presente
</p>
<p>procedimento, determinando ao Secretário de Gabinete que:
</p>
<p>-  informe  a  presente  decisão  à  representante,  part ic ipando-
</p>
<p>lhe  que  terá  o  prazo  de  10  dias  para,  querendo,  apresentar
</p>
<p>recurso  dir igido  ao  9º  OTC,  o  qual,  em  caso  de  não
</p>
<p>retratação,  será  encaminhado  à  competente  Câmara  de
</p>
<p>Coordenação e Revisão para apreciação;
</p>
<p>-  após  o  prazo  para  recurso,  remeta  os  autos  à  1ª  Câmara
</p>
<p>de  Coordenação  e  Revisão  do  Ministér io  Públ ico  Federal
</p>
<p>6</p>
<p />
</div>
<div class="page"><p />
<p>para f ins de homologação;
</p>
<p>-  adote  as  providências  para  publicação  da  presente
</p>
<p>decisão no sít io  da Procuradoria da República  no Estado do
</p>
<p>Ceará, na internet.
</p>
<p>Fortaleza,  19 de outubro de 2017.
</p>
<p>MARCELO MESQUITA MONTE
</p>
<p>Procurador da Repúbl ica
</p>
<p>7</p>
<p />
</div>
</body></html>