<?xml version="1.0" encoding="UTF-8"?>
<html xmlns="http://www.w3.org/1999/xhtml">
<head>
<meta name="pdf:PDFVersion" content="1.4" />
<meta name="X-Parsed-By" content="org.apache.tika.parser.DefaultParser" />
<meta name="X-Parsed-By" content="org.apache.tika.parser.pdf.PDFParser" />
<meta name="access_permission:modify_annotations" content="true" />
<meta name="access_permission:can_print_degraded" content="true" />
<meta name="meta:creation-date" content="2017-04-26T12:27:09Z" />
<meta name="created" content="Wed Apr 26 09:27:09 BRT 2017" />
<meta name="tika_batch_fs:relative_path" content="73950855.pdf" />
<meta name="access_permission:extract_for_accessibility" content="true" />
<meta name="access_permission:assemble_document" content="true" />
<meta name="xmpTPg:NPages" content="4" />
<meta name="Creation-Date" content="2017-04-26T12:27:09Z" />
<meta name="resourceName" content="73950855.pdf" />
<meta name="dcterms:created" content="2017-04-26T12:27:09Z" />
<meta name="dc:format" content="application/pdf; version=1.4" />
<meta name="access_permission:extract_content" content="true" />
<meta name="access_permission:can_print" content="true" />
<meta name="access_permission:fill_in_form" content="true" />
<meta name="pdf:encrypted" content="false" />
<meta name="tika:file_ext" content="pdf" />
<meta name="Content-Length" content="591449" />
<meta name="access_permission:can_modify" content="true" />
<meta name="pdf:docinfo:created" content="2017-04-26T12:27:09Z" />
<meta name="X-TIKA:digest:MD5" content="d674ca9a70c6f7172831bef2e3033369" />
<meta name="Content-Type" content="application/pdf" />
<title></title>
</head>
<body><div class="page"><p />
<p>Mi~i$térioPúblico Federal
Procuradoria da República em Sergipe
</p>
<p>MPF _PRISE
</p>
<p>", __ I
'o"
</p>
<p>Procedimento Preparatório n" l.35.000.001689/2016-94
</p>
<p>Objeto: Apuração de irregularidad~5na nomeação de EAARATHYEMMANUELLESANTOSCOST~
para cargo em comissão do Conselho Regionalde Químicado 8' Região
</p>
<p>PROMOÇÃO DE ARQUIVAMENTO N° 016/2017/}"opCC-lCM
</p>
<p>EGRÉGIA1" CÂMARA DE COORDENAÇÃO E REVISÂO
DO MINISTÉRIO PÚBLICO FEDERAL
</p>
<p>Trata-se de procedimento administrativo instaurado a partir de representaçao sigilosa
</p>
<p>formulada através da S81a de Atendimento ao Cidadao noticiando suposta irregularidade na
, ,
</p>
<p>contratação da advogada Eaorathy Emanuelle. Santos Costa pelo Conselho Regional de
</p>
<p>Química da 8' Região,
</p>
<p>Ao final da Sua representaçao, a r&lt;opresentante anônima solicitou providências tanto
</p>
<p>no sentido de Se cancelar o vinculo da advogada com O Conselho em questão, quanto no
</p>
<p>sentido de se promover "o devido concurso público, nos termos do art, 37, inC/50fI da CF/88,
</p>
<p>para a contratiJção de servidor para a prestação dos serviços de a5sessoriaJúrídica~
</p>
<p>Como providência preliminar, foi o Conselho Regional de Química da 8· Regido_
</p>
<p>instado a se pronunciar sobre as supostas irregularidades enião noticiadas_
</p>
<p>Em seu arrazoado de fls, 07/10, instruido com a documentação de fls, 11/50, referido
</p>
<p>Conselho infLlrmou,em ,íntese, que em a90;lo de 2015 foi ,c"lizado p,ocf'dimento licitatório
</p>
<p>para a contratação de diversos sel'liços, dentre eles, o de assessori" juridica. Contudo,
</p>
<p>enquanto a contratação de alguns sel'liços logrou êxito, a licitação voltada" a contratação da
</p>
<p>Assessona Jundica restou prejudicada, mCJrmente aO fato de que o escritório vencedor
</p>
<p>apresentou proposta cobrando o valor mensal de R$3.390,OO,importância esta superior aO,
</p>
<p>que este órgão ppdelia suportar'; o que deu causa, 'em-consequência, a SUarevogação.
</p>
<p>Adicionalmente, informou ainda que a ausência de uma comissão permanente de
</p>
<p>licitação devidamente preparada inviaoiliwu a realização de novo procedimento licitatório
</p>
<p>Av, Boiro Mar, 1064, Treze de J\lIho, Aracaju-SE, 49020-010.
</p>
<p>T,lefone;17~)3l~1-J776_F,"-I7~1330l_J7~1
Si1O:ht'p,://www,p,,",mpf,mp,b' I E_m'i': p"e_yabinete3ac&lt;@,npLmp,br</p>
<p />
</div>
<div class="page"><p />
<p>MPF - PRlSE
Fls_
</p>
<p>Rub.MPF Proourodoliado República@mS@I9ip@
com tal objeto.
</p>
<p>I
Assim, face a todas estas circunstâncias e diante da essencialidade da assessoriajuridica,
</p>
<p>informou que' decidiu a presidente do Conselho "c:ontriltar em caráter emergencial é
</p>
<p>~emporárioo serviço de Assessoria Juridic.., tendo como bilse pill7l a contraprestação do
</p>
<p>serviço a importância de R$1.900.00. com supedâneo nas propostas apresentadas 110cf/1amf
</p>
<p>que não lograra êxjto~
</p>
<p>É o sucinto relatório.
</p>
<p>Diferente do afirmado pela presidente do Conselho em questão, a advogada EJarathy
</p>
<p>Emanuelle Santos Costa '1ão foi contratada em caráter emergencial e temporário, maS sim
</p>
<p>nomeada,para um cargo em comissao, o que, diga-se, não tem nenhuma vedação legal,já que
</p>
<p>se trata de cargo de livre nomeação e exoneraç~o. Além do que, sendo tal assessoria essencial
</p>
<p>para funcionamento do conselho e nao estando ela .em pleno funcionamento, principalmente
</p>
<p>por conta da revogação do procedimento licitotór(o anteriormente realizado, a principio,
</p>
<p>nenhum óbice h&lt;lpara que seja preenchido da forma 'que Q foi.
</p>
<p>Quanto à sua remuneração, entendo ser o seu valor módico e razoável, (Qnsi~erando os
</p>
<p>valore"s das propostas apresentadas no procedimento anteriormente deflagrado que variaram
</p>
<p>entre R$1,950,OOe R$7,OOO,OO.
</p>
<p>Por derradeiro, no que se re.ferea possibilidade de realízaçao de concurso público para o
</p>
<p>seu preenchimento, tal tema é bastante polêmico e está pendente de apreciação pelo STF,o que
</p>
<p>acaba por inviabilizar a obtençaode uma solução em sede ministerial.
</p>
<p>Paraevitar desnecessárias repetições, transcrevo o voto nO 3772/2016, da 1" CCR,da lavra
</p>
<p>do Procurador Regional da República Wellington Luísde Sousa Bonfim
</p>
<p>PROCEDIMENTO AOM1NISTRATlVO. CONSeLHOS DE FISCAUZAÇÃO PROFISSIONAL NATlIREZA
</p>
<p>JURIDICA. AUTARQUIA CORPORATIVA_ CONTRATAÇÃO DE PESSOAL REGIME ESTATUTARIO
</p>
<p>NECESSIDADEDE PRONUNCIAMENTO DO STFNOS AUTOS D~,ADC N° 361DF,
</p>
<p>L Solicitaçaa d. m,nile,tação da l' Cámara de Coordemçao e Revi,ão realizada pelo Fórum dos- ,
Conselhos Fedorai, de fiscalizaçao Profissional 110tocante ao regime de contratação de pe"o,1 a ser
aplicado ao; referidos consolho,_
</p>
<p>Av.Bei,. M". J 064, Tre,e de IlI'110,A""ju.SO:. ~9020.P10
"Ie",ne: 17J)3301-]77&amp;- .',x: 179)3301-3791
</p>
<p>Sit.: htlp&lt;://w.wwp" ...mpf,mQ,b' I E-mail: prse-;)JbinetoJo((@mpl.mp_br</p>
<p />
</div>
<div class="page"><p />
<p>MPF
MPF _ PRISE
</p>
<p>Fls.
</p>
<p>Rub.
</p>
<p>Proouradoria
da República
@m&gt;@rgipe
</p>
<p>2. N. 15' Se"ão Extraordinária re"lizada em 29/1)4/2014, o Colegiado da 1" CCR, j unJnimidade,
deliberou pela suspen,;;o do pre,e~te procedimento para ag,!ardar providências a 'erem v,,;,ul,das
pelo Grupo de Trabalho qu~ seria entaa criado com vistas ao estudo da, medidos necessária&gt; para
solucioror· aS dificuldades decorrentes da event~~1aplióção do regime e,ralUlário aos Cansel/iO,
Prof/5siona.is·· (fls. 1771.
</p>
<p>3. Contudo, por'ocasijo. do julgamento d. ADln n" 1.717/DF. o STFdedarou a incOi'lstituciOr\ali~"de
</p>
<p>do'art. 58 e seus parágrafos 1", 2°, 4', 5°. 6', 7" e 8', dõ Lei nO 9.649/98, afirmando'que os conselho,
de fiscali""çjo po;,uem natureza de autarquia de regime especial. No ental1to, o art. 58, I 3°, que
</p>
<p>submete o, empregaco, desse, conselhos a legislação trabalhista, permaneceu em v,gor, porquanto,
nesse ponto, o STF considerou prejudicada a ADln, por impugnar o art. 39 do CF, em Sua '.daçjo
originaria, que ja nao estava mais em vigor, pai, havia ,ido alte,ado· pela Emenda Con'titucional
</p>
<p>19/98.
4, Ocorre que o STF, ao apreci,r a ADln n" 2.135/DF, deferiu medida cautelar para ,uspender a
eficácia do art. 39, ","put", da Con'tituiç'o, com red'çoe dael" pela EC 19/98, em razão do
inconstitucionalidade formal, por oiensa ao art. 60, 1.29, da Cf/88, qw, e,ige votaçi;o em oois tumos
</p>
<p>em cada casa do Congresso Nacional, para aprovação de proposta de emendo à (onsti\ui,oo, Com
·isso, vDltou a viger a exigéncia de regime juddi,o único, previ,t. n. redaçoo original do art, 39 da
</p>
<p>.Constituiçeo da República, r",salvando-se o período compreendido entre a d'ta da publicaçoo eI. E(
19/98 (DOU de 5/6/98) e a d. declôraç.o de inconstitucion.lidade, ocorrida na ADln nó 2.135/DF, na
</p>
<p>sessJo de 2/8/07,
5. Desse modo, O ar! 58, I 3', da lei n' 9.649/98 voltou a conilitar com o art 39 da (onstitu'iç;;o
Federal (redaçoo originÓfia atualmente em_vigor). Em razoo disso, O Procurador-Gerol da República
,.solveu questionar a collstitucionalidade de". dispositivo le9al e tambéln 'do at1. 31 da Lei n"
</p>
<p>8,042/90 e do at1. 41 da L~in" 12.378/10, por incompatibilidade mate ria) com a Con'tituiç'o F~ôEr"l,
na ADln n' 5.367/0F, que foi apen,ada à ADC n" 36/DF, propa'ta p~lo Partido~" Re~ubliêa - PR
(decisão pllblicada no DJ. de 23/9/20iSI.
6, O PGR tambér(1 ajuizou a AOPF n' 36710F, n, qual ,u.tenta que n.o foram r~ce_p(ion"das pela
</p>
<p>Constituiç.lo da República, por incompatibilidade com o at1. 39, os ,eguintes dispo'itivo, le9ais: a)
art. 35 da Lei nO5,766171; b) .rt. 19 d. l.i n' 5.905173; o) art. 20 da lei n' 6.316/75; d) art, 22 da Lein'
6,530178: el art, 22 da Lein" 6.583/i8; n art, 28 d. Lein' 6,684179,
7. No ADPF nO 367fDF e n, ADIn n" 5.367/DF, o PGR formulou o. s.guintes pleitos: a) aprova,eo
de loi do criação de ca'gos público, para o. con,elhos de fiscalizaçáo de atividade, profissionai" "
f;m óe que 'e "d,,'o ~ re~;mc ju"d:'o e"'M",:o: ~) Oi') d:plom,{,) 10&gt;9"'(;')o 'o,{o".,) olobo,.do(,)
devera(ão) rEgular niio .6 a .strutura de cargos dos con.elhos profission"i', ma' também, entre
outros "'peetos, , situ'ção dos agentes públicos admitidos no, quadros aut;;rquioo, em
</p>
<p>descompasso com o art. 39 da CR c) suspensão de. concursos público, e de contrataçao de pessoal
por conselhos de iiscalizaçào proii;sienal, ate que seja(m) ap-cova'da(s) • '''''oior\õda(s) ,(,I lei(') de
estruturação ele '"'gos dessas entidades, a fim de noo perpetuar , situ,\"o atual de
incon,titucionaliqade: di declara,lia de inconstitucionalidade ,em pronúnci. de nulidade cas normas
impugnadas na ADln n" 5.367/DF, mantendo sua vigênda por 24 moso" tempo ,.zo;;v"1 por. que"
Presidente d. República tome providência, n.«"órias o inst,urar prooesso legislati'.'o sobre a
materia, con,oante O 811,61. , 1",11, a, da (R, e para que o (ongr.sso NaÔon.1 .prove a, leis
necessárias: e e) dedaração de não recepção, pel, Constituiç.o d. R.público, dos dispmitivos logai'
</p>
<p>indicados n,l ADP, n' 367/D~
</p>
<p>Av. Be;" Mor, 1064, Tr.,. d. Julho,Aracaju_SE.49020·010
T,leion.' (79)3301_3776_ F." (79)3301-3791
</p>
<p>S"., htt""'i~"M.Prs •. lnpf_mp.br E-m,]' prso-gabineteJocc@mpf.mp:"
</p>
<p>;</p>
<p />
</div>
<div class="page"><p />
<p>MPF _PRISE
</p>
<p>FIS'__ I
"~eMPF
</p>
<p>Procuradoria
do Repúblioa
@mS@,gip@
</p>
<p>a. É certo _que a jurisprudén,i. t~m ..e firmado no sentido, d~ que os conselhos d~ fiscaIL,a,ão
profissional, por pos&gt;uirem natureza especial, devem Se submeter aO regime jurídico admini'tr2.tivo,
razão pel. qual, além d. ter que realizar concurso público para comrôtaçao de pessoal sob o regime
estatutirio e promover licitação pa", contração de obra" serviços, compras e alienações {art. 37,
</p>
<p>incisos li e XXI, da CFI, devem respeitor o. princípios constitucionais da legalidade, imp."oalidade,
moralidado, publicidado e eficiência,
g. Ocorre que !ai, autarquia' não pos&lt;uem ,.rgo, ou quadro de pessoal cri"do, por lei, que, no,
termos do .rt. 61, , 1', inciso 11.alínea "8", da Constituição Federal, é de iniciativa privativa do
Presidente da República, 1"0 dificlllta, Cu me'mO impede, a observànci. do regime jurídico único por
.ssa, entidade, autárquioa.,
lO. ~.ssim, nõo s~ pode .,igir, n~st~ momento, que o, conselhos de fiscalização profissional adotem
</p>
<p>° regime e,tatutário, porque" ediçao de lei, aiando o, cargos e estabel€\ondo a, remuneraçõe, é o'
pressuposto necessário para tal exigência, pmvicóncia que n,o depende de uma atuação, pllra e
'imples, de tais .utarquias ou do Ministério Públi,o, por meio de outros instrumentos dE atuação,
</p>
<p>,ejam judiciais (como a ação [ivil pública) ou e'tr.judiciais (como o termo de aju,tamento de
conduta, a rocomendaç.lo, etc),
</p>
<p>11. Di.nte desse quadro de atuação institucional e da compl~,id.de que envolve" matéri., não há
outra providencia a Ser adotada, neste momento, a não ser aguardar o pronunciamento do STF no,
,,"tos da ADC nO 36/DF, da ADPF nO 367/DF e da ADln n· 5367 ID~, do qual, certamente, virá uma
,olução definitiva para a questão.
</p>
<p>PELOARQUIVAMENTO DO PROCEDIMENTO ADMINISTRATiVO,
</p>
<p>Destarte, diante de toda, e,tas considerações, e não se vislumbrando qualqu.er
</p>
<p>irregularidade que autorize a intervenç~o do MPF, entendo que o presente procedimento
</p>
<p>extrajudicial perdeu a sua utilidade, motivo pelo qual ponho termo ao mesmo, promovendo o
</p>
<p>seu ARQUIVAMENTO.
</p>
<p>Assim é que. com fulcro no ~rt. 9", §§ 10 e 30, da Lei n, 7347/85. C)C art. 62, inc IV. d. lei
</p>
<p>Complementar n, 75/93, regulamentodo pelo art. 6°, inc. lV e § l°, da Resolução n. 20/96 do
</p>
<p>Conselho Superior do Ministério Público Federal, submeto a presente PROMOÇÃO DE
</p>
<p>ARQUIVAMENTO para exame, deliberaçao e, se for o caso. homologação por parte deIS"
</p>
<p>Egrégia Cimara de Coordenação e Revi,ão,
</p>
<p>Em seguida,'dé-s.e baixa na distribuição e no controle processual,
</p>
<p>Aracaju/SE, 24 de abril de 2017. m
LEON~,~,i;~;i,;,,;o~··~~
</p>
<p>Pro urador da República
</p>
<p>Av.Se;" Mor,1064,T~'e de )ulho,~.'ocõj"-5E,4g020-0l0
Telefone:t79) 330'·3776 _ F,,, 17~13301-37~1
</p>
<p>$It.; ottps;//wwYI,prse.mpLmp:or [·ma;!:p·,,-g.bln,te3ccc@mpf.mp,br</p>
<p />
</div>
</body></html>