<?xml version="1.0" encoding="UTF-8"?>
<html xmlns="http://www.w3.org/1999/xhtml">
<head>
<meta name="pdf:PDFVersion" content="1.4" />
<meta name="pdf:docinfo:title" content="EXCELENTÍSSIMO SENHOR DOUTOR JUIZ FEDERAL DA 1ª VARA DE VITÓRIA" />
<meta name="xmp:CreatorTool" content="Writer" />
<meta name="access_permission:modify_annotations" content="true" />
<meta name="access_permission:can_print_degraded" content="true" />
<meta name="dc:creator" content="PR-ES" />
<meta name="tika_batch_fs:relative_path" content="73978745.pdf" />
<meta name="language" content="pt-BR" />
<meta name="dcterms:created" content="2016-12-15T21:02:43Z" />
<meta name="dc:format" content="application/pdf; version=1.4" />
<meta name="pdf:docinfo:creator_tool" content="Writer" />
<meta name="access_permission:fill_in_form" content="true" />
<meta name="pdf:encrypted" content="false" />
<meta name="dc:title" content="EXCELENTÍSSIMO SENHOR DOUTOR JUIZ FEDERAL DA 1ª VARA DE VITÓRIA" />
<meta name="Content-Length" content="145996" />
<meta name="X-TIKA:digest:MD5" content="88bfe69f6107a620756f80653686fc14" />
<meta name="Content-Type" content="application/pdf" />
<meta name="pdf:docinfo:creator" content="PR-ES" />
<meta name="X-Parsed-By" content="org.apache.tika.parser.DefaultParser" />
<meta name="X-Parsed-By" content="org.apache.tika.parser.pdf.PDFParser" />
<meta name="creator" content="PR-ES" />
<meta name="dc:language" content="pt-BR" />
<meta name="meta:author" content="PR-ES" />
<meta name="meta:creation-date" content="2016-12-15T21:02:43Z" />
<meta name="created" content="Thu Dec 15 19:02:43 BRST 2016" />
<meta name="access_permission:extract_for_accessibility" content="true" />
<meta name="access_permission:assemble_document" content="true" />
<meta name="xmpTPg:NPages" content="3" />
<meta name="Creation-Date" content="2016-12-15T21:02:43Z" />
<meta name="resourceName" content="73978745.pdf" />
<meta name="access_permission:extract_content" content="true" />
<meta name="access_permission:can_print" content="true" />
<meta name="tika:file_ext" content="pdf" />
<meta name="Author" content="PR-ES" />
<meta name="producer" content="LibreOffice 4.3" />
<meta name="access_permission:can_modify" content="true" />
<meta name="pdf:docinfo:producer" content="LibreOffice 4.3" />
<meta name="pdf:docinfo:created" content="2016-12-15T21:02:43Z" />
<title>EXCELENTÍSSIMO SENHOR DOUTOR JUIZ FEDERAL DA 1ª VARA DE VITÓRIA</title>
</head>
<body><div class="page"><p />
<p>MINISTÉRIO PÚBLICO FEDERAL
Procuradoria da República no Mato Grosso do Sul
</p>
<p>ARQUIVAMENTO MPF/PRMS/DVAOC N  º 120/2  016
</p>
<p>Procedimento Preparatório nº 1.21.000.001719/2016-58
</p>
<p>Objeto da investigação:
</p>
<p>“Apurar possíveis irregularidades do Programa Minha Casa Minha Vida,
</p>
<p>no que diz respeito ao atendimento dos ditames de publicidade e escolha de beneficiários
</p>
<p>previstos na legislação de regência.”
</p>
<p>Diligências realizadas:
</p>
<p>O  presente  procedimento  tem  como  origem  o  ICP  n°
</p>
<p>1.21.000.001498/2015-37, instaurado para “Apurar possíveis irregularidades na execução
</p>
<p>do Programa Minha Casa minha Vida – PMCMV no que diz respeito ao descumprimento
</p>
<p>das  normas  concernentes  ao  programa,  nesta  capital  e  em  todos  os  municípios  de
</p>
<p>atribuição  desta  procuradoria”.  As  irregularidades  identificadas  naqueles  autos
</p>
<p>envolvendo  o  município  de  Figueirão/MS,  e  que  ainda  remanesceram  para  fins  de
</p>
<p>apuração,  consistiram  em  indícios  de  irregularidades  referentes  ao  atendimento  dos
</p>
<p>critérios de publicidade.
</p>
<p>No apuratório de origem, a aludida municipalidade havia informado que
</p>
<p>fora contemplada com dois projetos habitacionais do PMCMV, dos quais os respectivos
</p>
<p>processos  seletivos  ainda  estavam  em  andamento.  Constatou-se  dessa  documentação
</p>
<p>inicial que, apesar de os critérios de priorização dos beneficiários seguirem os ditames da
</p>
<p>Portaria nº. 412/215, a publicidade era irregular, porquanto feita unicamente por “volante
</p>
<p>móvel”, método que seria insuficiente para consultas ulteriores.
</p>
<p> </p>
<p />
</div>
<div class="page"><p />
<p>MINISTÉRIO PÚBLICO FEDERAL
Procuradoria da República no Mato Grosso do Sul
</p>
<p>Como diligência inicial do presente procedimento (fl. 42), foi solicitado que
</p>
<p>aquela prefeitura esclarecesse se os atos de publicidade concernentes ao aludido programa,
</p>
<p>além de serem divulgados por “volante móvel”,  também seriam publicados em Diário
</p>
<p>Oficial  e  permaneceriam  disponíveis  para  consulta  da  população  no  sítio  eletrônico
</p>
<p>daquela municipalidade.
</p>
<p>Em sua resposta (fls. 44-50), a Prefeitura Municipal de Figueirão retificou a
</p>
<p>informação de que aquela urbe havia sido contemplada com dois programas habitacionais
</p>
<p>do programa em comento, porquanto, na verdade, apenas um projeto estava em execução,
</p>
<p>o qual foi iniciado em 2013, sendo que as divulgações das inscrições foram efetuadas
</p>
<p>naquele  mesmo ano (fl.  47).  Após  esse  período,  não  foram realizadas  novas  seleções
</p>
<p>naquela municipalidade.
</p>
<p>Ademais, acrescentou que não foram localizados registros de chamamento
</p>
<p>para a realização das inscrições para o ano de 2013, com a devida publicação no Diário
</p>
<p>Oficial,  não significando,  no entanto,  que a divulgação não foi  realizada.  Ocorre que,
</p>
<p>àquela época, o veículo oficial de Figueirão/MS era a empresa jornalística Rubem Teixeira
</p>
<p>Vasconcellos – ME1, não tendo sido localizados em seus arquivos qualquer documentação
</p>
<p>referente às inscrições do PMCMV.
</p>
<p>Razões de arquivamento:
</p>
<p>Analisando-se  a  documentação  que  instrui  o  presente  Inquérito  Civil
</p>
<p>Público, constata-se não haver motivos para a continuidade de sua tramitação.
</p>
<p>Inicialmente, cabe ressaltar que o Inquérito Civil Público que deu azo ao
</p>
<p>presente Procedimento Preparatório também deu origem a outros 11 (onze) apuratórios,
</p>
<p>todos voltados a apurar supostas irregularidades remanescentes identificadas no inquérito
</p>
<p>civil  de  origem,  em  relação  a  Prefeituras  localizadas  em  área  de  atribuição  desta
</p>
<p>Procuradoria  da  República,  tendo  estes  também  como  objeto:  Apurar  possíveis
</p>
<p>irregularidades  do  Programa  Minha  Casa  Minha  Vida,  no  que  diz  respeito  ao
</p>
<p>atendimento dos ditames de publicidade e escolha de beneficiários previstos na legislação
</p>
<p>1 Vide Decreto nº. 10/2013, de 07.02.2013 (fl. 46)
</p>
<p> </p>
<p />
</div>
<div class="page"><p />
<p>MINISTÉRIO PÚBLICO FEDERAL
Procuradoria da República no Mato Grosso do Sul
</p>
<p>de regência.
</p>
<p>Verifica-se  dos  autos  que  as  diligências  realizadas  no  bojo  do  presente
</p>
<p>procedimento preparatório constataram não haver, deveras, qualquer irregularidade a ser
</p>
<p>corrigida, porquanto não houve processo seletivo realizado no âmbito do PMCMV após
</p>
<p>iniciar-se  a  vigência  dos  normativos  que  regem,  atualmente,  a  matéria,  quais  sejam,
</p>
<p>Portaria nº.  412, de 06 de agosto de 2015, do Ministério das Cidades e o Decreto nº.
</p>
<p>14.158, de 15 de abril de 2015, da Secretaria de Estado de Habitação – SEHAB,  o que
</p>
<p>afasta o fundamento para o prosseguimento do presente feito.
</p>
<p>Por  tais  razões, promovo  o  arquivamento  destes  autos,  nos  termos  do
</p>
<p>artigo  9º  da  Lei  nº  7.347/1985 e do artigo  17  da  Resolução nº  87/2010 do Conselho
</p>
<p>Superior do Ministério Público Federal.
</p>
<p>Providências:
</p>
<p>Ante o exposto, determino a adoção das seguintes providências:
</p>
<p>(1) Arquivar  o  presente  procedimento,  sem  qualquer  comunicação
</p>
<p>formal ao representante, por ter sido instaurado de ofício;
</p>
<p>(2) Remeter os  autos  à  1ª  Câmara  de  Coordenação  e  Revisão  do
</p>
<p>Ministério Público Federal, para apreciação deste arquivamento, de acordo com o §2º do
</p>
<p>artigo 17 da Resolução nº 87/2010 do Conselho Superior do Ministério Público Federal.;
</p>
<p>Campo Grande/MS, 14 de dezembro de 2016.
</p>
<p>Pedro Paulo Grubits Gonçalves de Oliveira
Procurador da República
</p>
<p>LDC
</p>
<p> </p>
<p />
</div>
</body></html>