<?xml version="1.0" encoding="UTF-8"?>
<html xmlns="http://www.w3.org/1999/xhtml">
<head>
<meta name="date" content="2017-09-04T20:45:04Z" />
<meta name="pdf:PDFVersion" content="1.4" />
<meta name="access_permission:modify_annotations" content="true" />
<meta name="access_permission:can_print_degraded" content="true" />
<meta name="tika_batch_fs:relative_path" content="74213543.pdf" />
<meta name="dcterms:created" content="2017-09-04T20:45:03Z" />
<meta name="Last-Modified" content="2017-09-04T20:45:04Z" />
<meta name="dcterms:modified" content="2017-09-04T20:45:04Z" />
<meta name="dc:format" content="application/pdf; version=1.4" />
<meta name="Last-Save-Date" content="2017-09-04T20:45:04Z" />
<meta name="access_permission:fill_in_form" content="true" />
<meta name="pdf:docinfo:modified" content="2017-09-04T20:45:04Z" />
<meta name="meta:save-date" content="2017-09-04T20:45:04Z" />
<meta name="pdf:encrypted" content="false" />
<meta name="modified" content="2017-09-04T20:45:04Z" />
<meta name="Content-Length" content="97467" />
<meta name="X-TIKA:digest:MD5" content="1222233f6821988898ab12c2f1d4b7ac" />
<meta name="Content-Type" content="application/pdf" />
<meta name="X-Parsed-By" content="org.apache.tika.parser.DefaultParser" />
<meta name="X-Parsed-By" content="org.apache.tika.parser.pdf.PDFParser" />
<meta name="meta:creation-date" content="2017-09-04T20:45:03Z" />
<meta name="created" content="Mon Sep 04 17:45:03 BRT 2017" />
<meta name="access_permission:extract_for_accessibility" content="true" />
<meta name="access_permission:assemble_document" content="true" />
<meta name="xmpTPg:NPages" content="2" />
<meta name="Creation-Date" content="2017-09-04T20:45:03Z" />
<meta name="resourceName" content="74213543.pdf" />
<meta name="access_permission:extract_content" content="true" />
<meta name="access_permission:can_print" content="true" />
<meta name="tika:file_ext" content="pdf" />
<meta name="producer" content="iText® 5.5.9 ©2000-2015 iText Group NV (AGPL-version); modified using iText® 5.5.9 ©2000-2015 iText Group NV (AGPL-version)" />
<meta name="access_permission:can_modify" content="true" />
<meta name="pdf:docinfo:producer" content="iText® 5.5.9 ©2000-2015 iText Group NV (AGPL-version); modified using iText® 5.5.9 ©2000-2015 iText Group NV (AGPL-version)" />
<meta name="pdf:docinfo:created" content="2017-09-04T20:45:03Z" />
<title></title>
</head>
<body><div class="page"><p />
<p>PR-SC-00038750/2017
</p>
<p> 
 
 
</p>
<p>6º OFÍCIO
 
</p>
<p>NÚCLEO DE COMBATE À CORRUPÇÃO, PATRIMÔNIO PÚBLICO E CONTROLE DE ATOS
ADMINISTRATIVOS
</p>
<p> 
 
</p>
<p> 
 
Procedimento nº 1.33.000.002273/2016-68
</p>
<p> 
 
 
 
</p>
<p>EMENTA: 1ª CCR. SELEÇÃO PARA MESTRADO
U F S C .  C O N C E S S Ã O  B O L S A  D E  E S T U D O .
I R R E G U L A R I D A D E S .  F A V O R E C I M E N T O S .
CONSOLIDAÇÃO DA SITUAÇÃO PELO TEMPO.
ARQUIVAMENTO.
</p>
<p> 
 
</p>
<p> 
 
 
 
 
</p>
<p>PROMOÇÃO DE ARQUIVAMENTO
 
 
</p>
<p> 
Trata-se de Inquérito Civil instaurado mediante representação narrando
</p>
<p>irregularidades ocorridas na seleção de mestrado do Curso de Antropologia Social na UFSC,
bem como em relação a concessão de bolsas e fiscalização de desempenho dos alunos
bolsistas.
</p>
<p> 
Narra o representante (representação protocolada em setembro de 2016) que,
</p>
<p>quando participou do processo seletivo para Mestrado em Antropologia Social, no ano de
2013, não teve acesso as suas notas individuais e nem às provas corrigidas, tendo ficado em
17º lugar no processo seletivo, colocação que não foi contemplada com bolsa de estudo.
</p>
<p> 
Expedidos Ofícios e juntada documentação fornecida pela UFSC esclarecendo
</p>
<p>os tópicos investigados.
 
A questão da falta de publicidade em processos seletivos para pós-graduação
</p>
<p>em diversos cursos da UFSC já havia sido apurada em procedimento anterior, tendo sido
objeto da RECOMENDAÇÃO nº 16/2015 – PR/SC – MPF, expedida em 10 de março de
2015, data posterior ao dos fatos narrados pelo representante.
</p>
<p> 
Pelo que consta, a referida recomendação vem sendo cumprida adequadamente
</p>
<p>pela Universidade Federal de Santa Catarina, razão pela qual se restringiu o objeto deste
Inquérito Civil: concessão e fiscalização das Bolsas de Estudo.
</p>
<p> 
Questionado à UFSC sobre a regulamentação da concessão e fiscalização das
</p>
<p>Pág. 1 de 2</p>
<p />
</div>
<div class="page"><p />
<p>Bolsas, bem como a sua origem e se todos os alunos do Mestrado são obrigatoriamente
contemplados no decorrer do curso.
</p>
<p> 
Observado que, atualmente, a questão encontra-se bastante regulamentada e é
</p>
<p>alvo de fiscalização por parte da Comissão de Ensino PPGAS (fls. 131-133).
 
Infelizmente, conforme fica claro já nos Editais de seleção para o mestrado,
</p>
<p>nem todos os alunos possuem garantia de recebimento de bolsa, sendo as bolsas disponíveis –
oriundas da CAPES, CNPQ ou FAPESC – distribuídas conforme análise realizada pela
Comissão de Gestão, levando em conta critérios acadêmicos, sócio-econômico e de ações
afirmativas. Os resultados podem ser questionados, inclusive, por meio de recursos (fl. 132).
Não há mais distribuição aleatória ou por ligação com orientadores, visto que as bolsas não
ficam vinculadas a estes, em princípio.
</p>
<p> 
Assim, podem ocorrer casos como o do representante, que acabou por não ser
</p>
<p>contemplado, durante a realização do Mestrado, com uma bolsa de estudos.
 
Apurado ainda que, após o recebimento de bolsa, observado o período de 24
</p>
<p>meses de concessão máxima, os alunos devem obedecer critérios específicos para mantê-las,
como a apresentação de Relatório Anual, por exemplo.
</p>
<p> 
Boa parte da regulamentação específica elencada é posterior aos fatos
</p>
<p>apresentados na peça inicial, apontando para uma busca de maior imparcialidade e
transparência na concessão de bolsas.
</p>
<p> 
Assim, esgotado o objeto do presente Inquérito Civil, nada mais resta a
</p>
<p>averiguar.
 
Ante o exposto, promovo o ARQUIVAMENTO do Inquérito Civil nº 1.33.00
</p>
<p>0.002273/2016-68, com fulcro no artigo 62, IV, da Lei Complementar nº 75/93; artigos 4º, V
e 17 da Resolução nº 87/2010 do Conselho Superior do Ministério Público Federal, nos
termos da fundamentação exposta.
</p>
<p> 
Notifique-se a/o Representante da presente decisão, cientificando-a/o de que
</p>
<p>poderá apresentar, no prazo de 10 (dez) dias, razões escritas ou documentos, que serão
juntados aos autos para apreciação, nos termos do artigo 17, §§ 1º e 3º, da Resolução CSMPF
nº 87/2010.
</p>
<p> 
Passado o prazo estabelecido no parágrafo anterior, juntada a manifestação,
</p>
<p>venham os autos conclusos para análise. Não havendo manifestação do Representante,
remetam-se os autos à 1ª Câmara de Coordenação e Revisão do Ministério Público Federal,
para deliberação acerca da presente promoção de arquivamento.
</p>
<p> 
 
 
Florianópolis, 04 de setembro de 2017
</p>
<p> 
 
 
 
 
</p>
<p>DANIELE CARDOSO ESCOBAR
PROCURADORA DA REPÚBLICA
</p>
<p>Pág. 2 de 2</p>
<p />
</div>
</body></html>