<?xml version="1.0" encoding="UTF-8"?>
<html xmlns="http://www.w3.org/1999/xhtml">
<head>
<meta name="date" content="2018-07-24T18:50:15Z" />
<meta name="pdf:PDFVersion" content="1.4" />
<meta name="access_permission:modify_annotations" content="true" />
<meta name="access_permission:can_print_degraded" content="true" />
<meta name="tika_batch_fs:relative_path" content="74953109.pdf" />
<meta name="dcterms:created" content="2018-07-24T18:50:15Z" />
<meta name="Last-Modified" content="2018-07-24T18:50:15Z" />
<meta name="dcterms:modified" content="2018-07-24T18:50:15Z" />
<meta name="dc:format" content="application/pdf; version=1.4" />
<meta name="Last-Save-Date" content="2018-07-24T18:50:15Z" />
<meta name="access_permission:fill_in_form" content="true" />
<meta name="pdf:docinfo:modified" content="2018-07-24T18:50:15Z" />
<meta name="meta:save-date" content="2018-07-24T18:50:15Z" />
<meta name="pdf:encrypted" content="false" />
<meta name="modified" content="2018-07-24T18:50:15Z" />
<meta name="Content-Length" content="53428" />
<meta name="X-TIKA:digest:MD5" content="624be190dc0cdb1d65d4d39abb023bc1" />
<meta name="Content-Type" content="application/pdf" />
<meta name="X-Parsed-By" content="org.apache.tika.parser.DefaultParser" />
<meta name="X-Parsed-By" content="org.apache.tika.parser.pdf.PDFParser" />
<meta name="meta:creation-date" content="2018-07-24T18:50:15Z" />
<meta name="created" content="Tue Jul 24 15:50:15 BRT 2018" />
<meta name="access_permission:extract_for_accessibility" content="true" />
<meta name="access_permission:assemble_document" content="true" />
<meta name="xmpTPg:NPages" content="4" />
<meta name="Creation-Date" content="2018-07-24T18:50:15Z" />
<meta name="resourceName" content="74953109.pdf" />
<meta name="access_permission:extract_content" content="true" />
<meta name="access_permission:can_print" content="true" />
<meta name="tika:file_ext" content="pdf" />
<meta name="producer" content="iText® 5.5.9 ©2000-2015 iText Group NV (AGPL-version); modified using iText® 5.5.9 ©2000-2015 iText Group NV (AGPL-version)" />
<meta name="access_permission:can_modify" content="true" />
<meta name="pdf:docinfo:producer" content="iText® 5.5.9 ©2000-2015 iText Group NV (AGPL-version); modified using iText® 5.5.9 ©2000-2015 iText Group NV (AGPL-version)" />
<meta name="pdf:docinfo:created" content="2018-07-24T18:50:15Z" />
<title></title>
</head>
<body><div class="page"><p />
<p> 
</p>
<p>Inquérito Civil nº 1.29.000.003810/2016-10
 
 
 
 
 
</p>
<p>PROMOÇÃO DE ARQUIVAMENTO
 
</p>
<p>Trata-se de inquérito civil instaurado, em 7 de julho de 2017, para verificar a
</p>
<p>atividade fiscalizatória da PREVIC relacionada ao suposto não cumprimento de Plano de
</p>
<p>Benefícios da PETROS, no que diz respeito ao correto reajuste das rendas mensais dos
</p>
<p>benefícios do grupo dos beneficiários e assistidos "não repactuados".
</p>
<p>A fim de evitar desnecessária tautologia, reporto-me ao relatório que consta no
</p>
<p>despacho de fl. 27:
</p>
<p>"Em 29 de outubro de 2013 foi realizada reunião junto à Procuradoria Regional
</p>
<p>dos Direitos do Cidadão, nesta Procuradoria da República no Rio Grande do Sul, com os
</p>
<p>representantes James Chang e Jones Alcides e o Procurador da República Júlio Carlos
</p>
<p>Schwonke de Castro Júnior, ocasião na qual os representantes relataram diversas
</p>
<p>irregularidades envolvendo o Plano de Previdência Privada da Petrobrás (fls. 4/5). No mesmo
</p>
<p>ato foi juntada documentação (fls. 5v/9).
</p>
<p>Na sequência, a ata de reunião e a documentação geraram o expediente que foi
</p>
<p>distribuído ao 20º Ofício do Núcleo do Consumidor e da Ordem Econômica sob o n.º
</p>
<p>1.29.000.002583/2013-62, no qual o Procurador da República Estevan Gavioli da Silva, em 01
</p>
<p>de dezembro de 2014, instaurou procedimento preparatório cujo objeto foi "Apurar o possível
</p>
<p>descumprimento do contrato de previdência complementar praticada pela PETROS ao não
</p>
<p>repassar os reajustes concedidos aos funcionários da ativa aos aposentados" (fl. 10).
</p>
<p>Como medida instrutória, oficiou-se ao Diretor-Superintendente da
</p>
<p>Superintendência Nacional de Previdência Complementar (PREVIC), por meio do Ofício
</p>
<p>PR/RS-MPF n. º  8382/2014 ( f l .  12) .  Em resposta ,  por  meio  do Of íc io  n . º
</p>
<p>110/CGIG/DITEC/PREVIC (fl. 13), José Roberto Ferreira, Diretor de Análise Técnica, e
</p>
<p>Carlos Alberto de Paula, Diretor-Superintendente,  juntaram o Despacho n.º
</p>
<p>005/2015/CGIG/DITEC/PREVIC (fl. 14), subscrito por Mario Braccini Neto, Especialista em
</p>
<p>Previdência Complementar. Neste documento, o especialista informou que o processo de Cisão
</p>
<p>(Segregação de Massas) do Plano Petros do Sistema Petrobras se encontra ainda em trâmite no
</p>
<p>âmbito da PREVIC, sem decisão de caráter definitivo, tendo sido protocolado naquela
</p>
<p>autarquia no dia 14 de abril de 2014, sob o comando n.º 379816420 (processo n.º
</p>
<p>MINISTÉRIO PÚBLICO FEDERAL
PROCURADORIA DA REPÚBLICA NO RIO GRANDE DO SUL
</p>
<p>NÚCLEO DE CONTROLE DA ADMINISTRAÇÃO
</p>
<p>Pág. 1 de 4</p>
<p />
</div>
<div class="page"><p />
<p>44011.000227/2014-13). Ainda, juntou cópia do regulamento vigente do Plano Petros do
</p>
<p>Sistema Petrobras, aprovado pela Portaria nº 727, de 13 de dezembro de 2012.
</p>
<p>Às fls. 15/17, consta o Ofício de n.º 2417/2015/PF/PREVIC (fl. 15), por meio do
</p>
<p>qual o Procurador-Chefe da Procuradoria Federal da Superintendência Nacional de
</p>
<p>Previdência Complementar (PREVIC) encaminhou cópia digital integral do processo n.º
</p>
<p>44011.000227/2014-13.
</p>
<p>Em 31 de agosto de 2016 (fls. 2/3), o Procurador da República Estevan Gavioli
</p>
<p>da Silva determinou a alteração do objeto do procedimento n.º 1.29.000.002583/2013-62 para
</p>
<p>"Acompanhamento do processo de separação de massas do Plano Petros do Sistema Petrobras
</p>
<p>- PPSP, entre participantes e assistidos repactuados e não repactuados". Além disso, consignou
</p>
<p>o seguinte: "na notícia de fato que deu origem aos presentes autos, há menção de que a Petros
</p>
<p>estaria prejudicando beneficiários e assistidos não repactuados, por meio do expediente de os
</p>
<p>Patrocinadores fornecerem remuneração a funcionários ativos de forma dissimulada, de modo
</p>
<p>que ela não viesse a influir no valor mensal dos benefícios de tal grupo.
</p>
<p>Houve menção, também, de que, entre 2009 e 2010, teria ocorrido reajuste
</p>
<p>salarial apenas para empregados ativos dos Patrocinadores, sem o correspondente reajuste dos
</p>
<p>beneficiários e assistidos." Em razão disso, determinou a cisão do feito, com a instauração de
</p>
<p>novo inquérito civil, para o fim de "acompanhar a atividade fiscalizatória da PREVIC
</p>
<p>relacionada às notícias de não cumprimento de Plano de Benefícios da PETROS, no que diz
</p>
<p>respeito ao correto reajuste das rendas mensais dos benefícios do grupo dos beneficiários e
</p>
<p>assistidos "não repactuados"".
</p>
<p>Em cumprimento à determinação de cisão do feito, o Núcleo Cível Extrajudicial -
</p>
<p>NUCIVE desta Procuradoria da República no Rio Grande do Sul autuou novo expediente sob o
</p>
<p>n.º 1.29.000.003810/2016-10 (fl. 18).
</p>
<p>Na sequência, o Procurador da República Estevan Gavioli da Silva, por entender
</p>
<p>pela inexistência de relação de consumo entre as Entidades Fechadas de Previdência
</p>
<p>Complementar e os participantes de seus planos, na linha do enunciado de súmula n.º 563 do
</p>
<p>Superior Tribunal de Justiça, promoveu o declínio de atribuição para o Núcleo da Seguridade
</p>
<p>Social (fls. 19/21). Por sua vez, a Procuradora da República Suzete Bragagnolo, titular do
</p>
<p>Núcleo da Seguridade Social, em divergência quanto a sua atribuição para a atuação no feito,
</p>
<p>entendeu que o objeto de apuração orienta-se predominantemente sobre a atividade
</p>
<p>fiscalizatória da PREVIC, promovendo, desta forma, o declínio de atribuição para o Núcleo do
</p>
<p>Controle da Administração (fls. 24/25).
</p>
<p>Finalmente, o expediente n.º 1.29.000.003810/2016-10 foi distribuído a este 17º
</p>
<p>Ofício do Núcleo de Controle da Administração (fl. 26)."
</p>
<p>No âmbito deste 17º Ofício do Núcleo de Controle da Administração, oficiou-se
</p>
<p>à Superintendência Nacional de Previdência Complementar - PREVIC, requisitando
</p>
<p>informações sobre a suposta incorreção do reajuste das rendas mensais dos benefícios do grupo
</p>
<p>dos beneficiários e assistidos "não repactuados" do Plano de Benefícios da Fundação Petrobrás
</p>
<p>de Seguridade Social - Petros (fl. 30). A resposta sobreveio às fls. 31/34, e a complementação da
</p>
<p>resposta à fl. 36.
</p>
<p>Pág. 2 de 4</p>
<p />
</div>
<div class="page"><p />
<p>Em acréscimo, oficiou-se à PREVIC requisitando cópia das manifestações
</p>
<p>técnicas que antecederam a publicação das Portarias n.º 2.123/2008 e n.º 727/2012, bem como
</p>
<p>cópia da Portaria n.º 2.123/2008 (fl. 38). O atendimento à requisição ministerial consta nas fls.
</p>
<p>40/53.
</p>
<p>É o relato.
</p>
<p>Inicialmente, convém destacar que este inquérito civil está tramitando
</p>
<p>exclusivamente para o fim de verificar se a PREVIC está exercendo sua atividade fiscalizatória
</p>
<p>no tocante ao suposto não cumprimento de Plano de Benefícios da PETROS, no que diz respeito
</p>
<p>ao correto reajuste das rendas mensais dos benefícios do grupo dos beneficiários e assistidos
</p>
<p>"não repactuados". Da análise da documentação encaminhada, é possível concluir que a
</p>
<p>PREVIC procedeu à fiscalização do referido plano. Vejamos.
</p>
<p>Por meio da Nota Conjunta nº 10/2017/PREVIC (fls. 31/34), a PREVIC referiu
</p>
<p>que, a partir da análise da representação, concluiu que os fatos denunciados se referem ao índice
</p>
<p>de reajuste aplicável aos benefícios do Plano Petros do Sistema Petrobras - PPSP. Sobre o
</p>
<p>assunto, a PREVIC referiu que não identificou ilegalidade no reajuste dos benefícios pela
</p>
<p>Petros, bem como que: 1) "(...) o regulamento do Plano Petros do Sistema Petrobras, em vigor
</p>
<p>desde 13/12/2012, passou a dividir seus participantes em quatro grupos distintos, que teriam
</p>
<p>formas e períodos de reajuste também distintos, de acordo com a adesão ou não à repactuação
</p>
<p>e da forma como tal adesão ocorreu."; 2) "(...) o índice de correção fora alterado apenas para
</p>
<p>aqueles participantes que aderiram à repactuação, seja a que fora realizada em 2006, seja a
</p>
<p>realizada em 2012, que passaram a pertencer aos grupos I e III. Entretanto, para aqueles que
</p>
<p>optaram por não aderir ao novo contrato, e integram os grupos II e V, o índice de reajuste
</p>
<p>manteve-se o mesmo aplicado às tabelas salariais da patrocinadora."; 3) "(...) considerando
</p>
<p>que a Patrocinadora, no caso a Petrobras, é responsável por informar à PETROS índice de
</p>
<p>correção aplicado às tabelas salariais da Patrocinadora, base de cálculo para o reajuste dos
</p>
<p>benefícios do grupo II, faz-se necessário consultar a Petrobras para verificar se as
</p>
<p>gratificações que estão sendo pagas aos ativos fazem parte de sua remuneração, fato que foge
</p>
<p>da alçada da PREVIC que não é o seu órgão de supervisão."
</p>
<p>Ainda, por meio do Ofício nº 249/2018/PREVIC, a PREVIC encaminhou os
</p>
<p>seguintes documentos: 1) Análise Técnica nº 684/SPC/DETEC/CGAT (fl. 48), que culminou
</p>
<p>com a publicação da Portaria nº 2123/2008 (fl. 53), que aprovou as alterações propostas para o
</p>
<p>Regulamento do Plano Petros do Sistema Petrobras, dentre elas as alterações do índice adotado
</p>
<p>para o reajuste dos benefícios petros de índice de reajuste geral dos salários da Patrocinadora
</p>
<p>para variação do IPCA e índice para valorização dos salários de participação utilizados no
</p>
<p>cálculo do valor inicial do benefício petros de índice de reajuste geral dos salários da
</p>
<p>patrocinadora para variação do IPCA; 2) Nota nº 609/2012/CGAT/DITEC/PREVIC (fls. 41/42)
</p>
<p>e Parecer nº 188/2012/CGAT/DITEC/PREVIC (fls. 44/45), que culminaram com a publicação
</p>
<p>da Portaria nº 727/2012 (fl. 46v), que também aprovou as alterações propostas para o
</p>
<p>Regulamento do Plano Petros do Sistema Petrobras, dentre elas a alteração do índice adotado
</p>
<p>para o reajuste dos benefícios Petros.
</p>
<p>Dessa forma, considerando os apontamentos realizados pela PREVIC na Nota
</p>
<p>Pág. 3 de 4</p>
<p />
</div>
<div class="page"><p />
<p>Conjunta nº 10/2017/PREVIC (fls. 31/34), principalmente o de que não foi identificada
</p>
<p>irregularidade no reajuste das rendas mensais dos benefícios do grupo dos beneficiários e
</p>
<p>assistidos "não repactuados" do Plano de Benefícios da PETROS, bem como considerando que,
</p>
<p>nas duas alterações realizadas no Regulamento do Plano Petros do Sistema Petrobras (em 2008
</p>
<p>e 2012), a PREVIC analisou as propostas e aprovou as alterações, entendo que restou
</p>
<p>comprovado que a PREVIC está exercendo sua atividade fiscalizatória devidamente, razão pela
</p>
<p>qual não há motivos para a continuidade de tramitação deste expediente.
</p>
<p>Por fim, é importante frisar que não há qualquer indício, além da alegação
</p>
<p>constante na representação que originou este expediente, da existência de irregularidade
</p>
<p>praticada pela PREVIC no tocante à ausência de fiscalização do Plano de Benefícios da
</p>
<p>PETROS.
</p>
<p>Ante o exposto, determino o arquivamento do feito, adotando-se as seguintes
</p>
<p>providências:
</p>
<p>a) a notificação do representante com cópia do inteiro teor desta decisão, para
</p>
<p>que tenha ciência dos termos do arquivamento e, no prazo de 10 (dez) dias, se assim entender,
</p>
<p>apresente pronunciamento sobre o arquivamento, indicando fatos novos e/ou considerações que
</p>
<p>possam levar à alteração da posição apresentada pelo Ministério Público Federal;
</p>
<p>b) conclusão do feito, após a vinda da resposta, ou transcurso do prazo, para
</p>
<p>análise do pronunciamento dos representantes ou, no caso de silêncio ou manutenção da decisão
</p>
<p>de arquivamento, a remessa dos presentes autos, no prazo de três dias, à 1ª Câmara de
</p>
<p>Coordenação e Revisão do Ministério Público Federal, onde a presente decisão será submetida à
</p>
<p>análise, na forma do disposto no art. 62, IV, da Lei Complementar nº 75/93 e do art. 17, § 2º, da
</p>
<p>Resolução nº 87/2006 do Conselho Superior do Ministério Público Federal;
</p>
<p>c) as anotações e registros de estilo.
 
</p>
<p>Porto Alegre/RS, 24 de julho de 2018.
 
</p>
<p>(assinado digitalmente)
</p>
<p>ENRICO RODRIGUES DE FREITAS
</p>
<p>PROCURADOR DA REPÚBLICA
</p>
<p>Pág. 4 de 4</p>
<p />
</div>
</body></html>