<?xml version="1.0" encoding="UTF-8"?>
<html xmlns="http://www.w3.org/1999/xhtml">
<head>
<meta name="pdf:PDFVersion" content="1.4" />
<meta name="xmp:CreatorTool" content="Writer" />
<meta name="access_permission:modify_annotations" content="true" />
<meta name="access_permission:can_print_degraded" content="true" />
<meta name="tika_batch_fs:relative_path" content="74987760.pdf" />
<meta name="language" content="pt-BR" />
<meta name="dcterms:created" content="2018-07-20T17:43:17Z" />
<meta name="dc:format" content="application/pdf; version=1.4" />
<meta name="pdf:docinfo:creator_tool" content="Writer" />
<meta name="access_permission:fill_in_form" content="true" />
<meta name="pdf:encrypted" content="false" />
<meta name="Content-Length" content="186718" />
<meta name="X-TIKA:digest:MD5" content="425cf32a12ea4d58bda30d33bed25355" />
<meta name="Content-Type" content="application/pdf" />
<meta name="X-Parsed-By" content="org.apache.tika.parser.DefaultParser" />
<meta name="X-Parsed-By" content="org.apache.tika.parser.pdf.PDFParser" />
<meta name="dc:language" content="pt-BR" />
<meta name="meta:creation-date" content="2018-07-20T17:43:17Z" />
<meta name="created" content="Fri Jul 20 14:43:17 BRT 2018" />
<meta name="access_permission:extract_for_accessibility" content="true" />
<meta name="access_permission:assemble_document" content="true" />
<meta name="xmpTPg:NPages" content="4" />
<meta name="Creation-Date" content="2018-07-20T17:43:17Z" />
<meta name="resourceName" content="74987760.pdf" />
<meta name="access_permission:extract_content" content="true" />
<meta name="access_permission:can_print" content="true" />
<meta name="tika:file_ext" content="pdf" />
<meta name="producer" content="LibreOffice 6.0" />
<meta name="access_permission:can_modify" content="true" />
<meta name="pdf:docinfo:producer" content="LibreOffice 6.0" />
<meta name="pdf:docinfo:created" content="2018-07-20T17:43:17Z" />
<title></title>
</head>
<body><div class="page"><p />
<p>MINISTÉRIO PÚBLICO FEDERAL
PROCURADORIA DA REPÚBLICA NO MUNICÍPIO DE MANHUAÇU/MG
</p>
<p>Rua Professor Manoel do Carmo, nº 104, Centro, CEP: 36.900-000 – Manhuaçu/MG – Fone: (33) 3339-2150 – prmg-mnc-jur@mpf.mp.br
</p>
<p>Inquérito Civil n.º 1.22.020.000272/2016-24
</p>
<p>PROMOÇÃO DE ARQUIVAMENTO
</p>
<p>Trata-se de inquérito civil instaurado para apurar as dificuldades enfrentadas pelo
</p>
<p>município de Divino na compra de medicamentos  pelo preço máximo fixado pela  tabela  da
</p>
<p>Câmara de Regulação do Mercado de Medicamentos (CMED).
</p>
<p>De  acordo  com  a  representação  (fls.  06-08),  o  município  de  Divino  teria
</p>
<p>encontrado  dificuldades  em  procedimentos  de  compras  de  medicamentos,  que  restaram
</p>
<p>frustrados ou desertos, uma vez que os fornecedores que participaram dos certames públicos se
</p>
<p>mostraram desinteressados em fornecer os medicamentos licitados pelo preço máximo fixado
</p>
<p>pela  tabela  CMED.  Nem mesmo através  de  oferta  de  contratações  diretas,  por  dispensa  de
</p>
<p>licitações, o município conseguiu fechar os contratos. A secretária municipal de saúde disse que
</p>
<p>tal embaraço estava impedindo o município de cumprir as ordens judiciais no prazo assinalado,
</p>
<p>trazendo enormes transtornos aos pacientes que possuem ordem judicial, bem como aos demais
</p>
<p>usuários de saúde, por desabastecimento da farmácia básica municipal.
</p>
<p>Complementando as informações, o ex-prefeito de Divino informou (fl. 77) que
</p>
<p>até  o final  de seu mandato  (em dezembro/2016)  o município  não havia  conseguido sanar  o
</p>
<p>problema em relação a  alguns medicamentos,  deixando de fornecer  aos usuários  do SUS os
</p>
<p>produtos que não foram adquiridos dentro dos preços fixados na tabela. Salientou que, conforme
</p>
<p>orientação da ANVISA, representou junto à Secretaria Executiva da CMED contra as empresas
</p>
<p>que se recusaram a baixar  os  preços  nos  parâmetros  de sua tabela,  sendo elas,  as  empresas
</p>
<p>Distrimix  Distribuidora  de  Medicamentos  Ltda.,  Disk  Med  Pádua  Distribuidora  de
</p>
<p>Medicamentos  Ltda.,  Drogaria  BJM  Ltda.,  L&amp;R  Farma  Cosméticos  Ltda.  e  Globalmix
</p>
<p>Distribuidora de Medicamentos Correlatos Ltda.
</p>
<p>Instada a se manifestar, a Agência Nacional de Vigilância Sanitária confirmou (fls.
</p>
<p>78-79)  que  recebeu  a  representação  do  município,  o  que  considerou  “bastante  louvável”,  e
</p>
<p>informou ter solicitado outras informações antes de dar continuidade à investigação das possíveis
</p>
<p>1</p>
<p />
</div>
<div class="page"><p />
<p>Procuradoria
da República no
Município de Manhuaçu/MG
</p>
<p>irregularidades,  que  poderão  servir  de  base  para  a  instauração  de  processos  administrativos
</p>
<p>contra as empresas.
</p>
<p>Por fim, o município informou (fl.  75) que a atual gestão não têm encontrado
</p>
<p>dificuldades  na  aquisição  de  medicamentos  pelo  preço  máximo  fixado  pela  tabela  CMED,
</p>
<p>frisando  que  as  empresas  vencedoras  dos  processos  licitatórios  lançados  para  a  compra  de
</p>
<p>medicamentos apresentaram propostas com valores inferiores aos fixados pela tabela CMED.
</p>
<p>É a síntese do necessário. 
</p>
<p>A  Lei  nº  10.742/2003,  que  definiu  as  regras  de  regulação  para  o  setor
</p>
<p>farmacêutico, criou a Câmara de Regulação do Mercado de Medicamentos – CMED, órgão que
</p>
<p>tem por objetivos a adoção, implementação e coordenação de atividades relativas à regulação
</p>
<p>econômica  do  mercado de  medicamentos,  voltados  a  promover  a  assistência  farmacêutica  à
</p>
<p>população,  por  meio  de  mecanismos  que  estimulem  a  oferta  de  medicamentos  e  a
</p>
<p>competitividade do setor.
</p>
<p>No exercício de suas funções regulamentares, a CMED instituiu o Coeficiente de
</p>
<p>Adequação  de  Preço  –  CAP,  cuja  utilização  inicial  visava  ao  estabelecimento  de  preço  de
</p>
<p>produtos novos e novas apresentações a serem introduzidos no mercado nacional. Entretanto, por
</p>
<p>meio da Resolução CMED nº 4/2006 houve nova definição para o CAP, que passou a ser tido
</p>
<p>como um desconto mínimo obrigatório a ser aplicado sempre que forem realizadas vendas de
</p>
<p>medicamentos aos entes da administração pública direta e indireta da União, dos Estados, do
</p>
<p>Distrito  Federal  e  dos  Municípios  pelas  distribuidoras  e  pelas  empresas  produtoras  de
</p>
<p>medicamentos. Assim, a aplicação do CAP sobre o Preço de Fábrica (PF) resultará no Preço
</p>
<p>Máximo de Venda ao Governo (PMVG) (art. 1º, §2º).
</p>
<p>Portanto,  a  partir  da  Resolução  CMED  nº4/2006,  há  um preço  máximo  para
</p>
<p>compras governamentais de medicamentos, que deve ser observado em qualquer procedimento
</p>
<p>de licitação ou nas compras realizadas por força de decisão judicial, sendo o limite máximo de
</p>
<p>valor a partir do qual se deve iniciar o processo de negociação.
</p>
<p>Não  sendo  foi  possível  tal  negociação,  o  gestor  deverá  comunicar  o  fato  à
</p>
<p>Secretaria Executiva da Câmara de Regulação do Mercado de Medicamentos que poderá, “ante a
</p>
<p>notícia  de  descumprimento  por  parte  das  empresas  distribuidoras  na  aplicação  do  CAP e  a
</p>
<p>consequente inobservância do teto máximo do PMVG (Preço Máximo de Venda ao Governo),
</p>
<p>2</p>
<p />
</div>
<div class="page"><p />
<p>Procuradoria
da República no
Município de Manhuaçu/MG
</p>
<p>instaurar processo administrativo diretamente contra a empresa detentora do registro sanitário do
</p>
<p>medicamento no Brasil” (Comunicado nº 7, de 2 de agosto de 2011 da Câmara de Regulação do
</p>
<p>Mercado de Medicamentos).
</p>
<p>Nessa medida, é de se observar, em primeiro lugar, que, no caso em tela, não há
</p>
<p>que se falar em prejuízo aos cofres públicos pois os medicamentos não foram comprados pelos
</p>
<p>valores ofertados acima da tabela. Ao contrário, seguindo recomendação da ANVISA, o gestor
</p>
<p>do  município  representou  junto  à  Secretaria  Executiva  da  CMED,  órgão  responsável  pela
</p>
<p>instauração dos processos administrativos para apurar a ocorrência de infrações à regulação do
</p>
<p>mercado de medicamento e por impor as sanções administrativas às empresas.
</p>
<p>Por outro lado, a atual gestão afirmou que o problema foi sanado, não encontrando
</p>
<p>dificuldades na obtenção dos medicamentos pelo preço máximo estipulado na tabela, destacando
</p>
<p>que  tem  realizado  processos  licitatórios  para  as  compras  de  medicamentos,  nos  quais  as
</p>
<p>concorrentes estão apresentando propostas com valores inferiores aos fixados pela CMED.
</p>
<p> Dessa  forma,  considerando  que,  atualmente,  os  medicamentos  estão  sendo
</p>
<p>ofertados para a população e que a compra desses medicamentos estão obedecendo os parâmetros
</p>
<p>legais, verifica-se que a irregularidade inicialmente apontada, foi, portanto, sanada, acarretando a
</p>
<p>perda do objeto do presente procedimento.
</p>
<p>Ante o exposto,  não havendo outras providências a serem adotadas no âmbito
</p>
<p>desta unidade, promovo o ARQUIVAMENTO do presente inquérito civil, com fundamento no
</p>
<p>art.  no  art.  10,  caput,  da  Resolução n.º  23/07 do Conselho  Nacional  do  Ministério  Público
</p>
<p>(CNMP)1, e determino, por consequência, a adoção das seguintes providências: 
</p>
<p>Encaminhe-se cópia desta decisão ao noticiante (Resolução CNMP n° 23/07, art.
</p>
<p>10, §3°)2.
</p>
<p>Após comprovada a intimação do noticiante, remeta-se os autos, no prazo de 3
</p>
<p>(três)  dias,  à  1ª  Câmara  de  Coordenação  e  Revisão  do  Ministério  Público  Federal  para
</p>
<p>homologação desta decisão (Lei n.º 7.347/85, art. 9, § 1º3; Resolução CNMP n.º 23/07, art. 10, §§
</p>
<p>1 Art. 10. Esgotadas todas as possibilidades de diligências, o membro do Ministério Público, caso se convença da
inexistência  de  fundamento  para  a  propositura  de  ação  civil  pública,  promoverá,  fundamentadamente,  o
arquivamento do inquérito civil ou do procedimento preparatório. 
</p>
<p>2 Art. 10 (…) 
§3º  Até  a  sessão  do  Conselho  Superior  do  Ministério  Público  ou  da  Câmara  de  Coordenação  e  Revisão
respectiva,  para  que  seja  homologada  ou  rejeitada  a  promoção  de  arquivamento,  poderão  as  pessoas  co-
legitimadas  apresentar  razões  escritas  ou  documentos,  que  serão  juntados  aos  autos  do  inquérito  ou  do
procedimento preparatório. 
</p>
<p>3 Art.  § 1º Os autos do inquérito civil ou das peças de informação arquivadas serão remetidos, sob pena de se
</p>
<p>3</p>
<p />
</div>
<div class="page"><p />
<p>Procuradoria
da República no
Município de Manhuaçu/MG
</p>
<p>1º e 2°4; Resolução n.º 87/10 do Conselho Superior do Ministério Público Federal-CSMPF, art. 17,
</p>
<p>§ 2º5).
</p>
<p> Manhuaçu/MG, 17 de julho de 2018.
</p>
<p>FRANCISCO DE ASSIS FLORIANO E CALDERANO
Procurador da República
</p>
<p>incorrer em falta grave, no prazo de 3 (três) dias, ao Conselho Superior do Ministério Público. 
4 Art. 10 (…)
</p>
<p>§1º Os autos do inquérito civil ou do procedimento preparatório, juntamente com a promoção de arquivamento,
deverão ser remetidos ao órgão de revisão competente, no prazo de três dias, contado da comprovação da efetiva
cientificação pessoal dos interessados, através de publicação na imprensa oficial ou da lavratura de termo de
afixação de aviso no órgão do Ministério Público, quando não localizados os que devem ser cientificados. 
§2º A promoção de arquivamento será submetida a exame e deliberação do órgão de revisão competente, na
forma do seu Regimento Interno.
</p>
<p>5 Art. 17, § 2º - Os autos do inquérito civil ou do procedimento administrativo arquivados serão remetidos, no
prazo de 3 (três)  dias,  na forma do artigo 9º,  §  1º,  da Lei  7.347/85,  à  Câmara de Coordenação e Revisão
respectiva ou à Procuradoria Federal dos Direitos do Cidadão. 
</p>
<p>4</p>
<p />
</div>
</body></html>