<?xml version="1.0" encoding="UTF-8"?>
<html xmlns="http://www.w3.org/1999/xhtml">
<head>
<meta name="pdf:PDFVersion" content="1.4" />
<meta name="pdf:docinfo:title" content="Modelo Branco" />
<meta name="xmp:CreatorTool" content="Writer" />
<meta name="access_permission:modify_annotations" content="true" />
<meta name="access_permission:can_print_degraded" content="true" />
<meta name="tika_batch_fs:relative_path" content="75177702.pdf" />
<meta name="language" content="pt-BR" />
<meta name="dcterms:created" content="2017-10-30T15:38:31Z" />
<meta name="dc:format" content="application/pdf; version=1.4" />
<meta name="pdf:docinfo:creator_tool" content="Writer" />
<meta name="access_permission:fill_in_form" content="true" />
<meta name="pdf:encrypted" content="false" />
<meta name="dc:title" content="Modelo Branco" />
<meta name="Content-Length" content="117499" />
<meta name="X-TIKA:digest:MD5" content="642453a89c3a75aa1578a7ad054f5ccf" />
<meta name="Content-Type" content="application/pdf" />
<meta name="X-Parsed-By" content="org.apache.tika.parser.DefaultParser" />
<meta name="X-Parsed-By" content="org.apache.tika.parser.pdf.PDFParser" />
<meta name="dc:language" content="pt-BR" />
<meta name="meta:creation-date" content="2017-10-30T15:38:31Z" />
<meta name="created" content="Mon Oct 30 13:38:31 BRST 2017" />
<meta name="access_permission:extract_for_accessibility" content="true" />
<meta name="access_permission:assemble_document" content="true" />
<meta name="xmpTPg:NPages" content="4" />
<meta name="Creation-Date" content="2017-10-30T15:38:31Z" />
<meta name="resourceName" content="75177702.pdf" />
<meta name="access_permission:extract_content" content="true" />
<meta name="access_permission:can_print" content="true" />
<meta name="tika:file_ext" content="pdf" />
<meta name="producer" content="LibreOffice 5.3" />
<meta name="access_permission:can_modify" content="true" />
<meta name="pdf:docinfo:producer" content="LibreOffice 5.3" />
<meta name="pdf:docinfo:created" content="2017-10-30T15:38:31Z" />
<title>Modelo Branco</title>
</head>
<body><div class="page"><p />
<p>MINISTÉRIO PÚBLICO FEDERAL
PROCURADORIA DA REPÚBLICA NO MUNICÍPIO DE PASSO FUNDO/RS
</p>
<p>Inquérito Civil nº 1.29.004.002671/2016-77
</p>
<p>PRM-PFU-RS-00008813/2017
</p>
<p>Promoção de Arquivamento
</p>
<p>O presente inquérito civil foi instaurado a partir de documentação encaminhada
</p>
<p>pela  2ª  Promotoria  Especializada  de  Passo  Fundo,  mais  precisamente  cópia  do  Atendimento  nº
</p>
<p>00820.00298//2015, a  fim de verificar  eventual  violação do disposto na cláusula  segunda,  item 5, do
</p>
<p>Contrato nº 47/2013, firmado entre a entidade Obra Social Nossa Senhora da Glória – Fazenda Esperança
</p>
<p>Nossa Senhora Aparecida, no município de Passo Fundo/RS, e a Secretaria Nacional de Políticas Sobre
</p>
<p>Drogas – SENAD (órgão federal).
</p>
<p>Segundo noticia a representação que deu origem ao feito, a entidade Obra Social
</p>
<p>Nossa Senhora da Glória – Fazenda Esperança Nossa Senhora Aparecida, a qual atua na recuperação de
</p>
<p>pessoas drogadas (exclusivamente mulheres), cobraria um valor mensal dos familiares dos internados (um
</p>
<p>salário mínimo) mediante a aquisição mensal de uma cesta de produtos, o que seria vedado pelo contrato
</p>
<p>firmado entre a entidade e o SENAD.
</p>
<p>Entre  os  diversos  documentos  que  integram o  feito,  consta  cópia  do  citado
</p>
<p>contrato,  cuja  Cláusula  Segunda,  item  5,  assim  reza:  “Não  poderá  ser  exigido  qualquer  tipo  de
</p>
<p>contrapartida financeira, ou em bens, da pessoa acolhida e/ou de seus familiares quando da utilização dos
</p>
<p>serviços contratados no âmbito deste instrumento” (fs. 47/52).
</p>
<p>Instada  a  se  manifestar  sobre  tais  fatos,  a  entidade,  valendo-se  de
</p>
<p>correspondência datada de novembro de 2015, informou que  o Programa Terapêutico da Fazenda
</p>
<p>Esperança é inteiramente gratuito, não sendo cobrado qualquer valor dos acolhidos e/ou de
</p>
<p>sua família ou responsável. Aduziu, ainda, que não é cobrada mensalidade dos internados.
</p>
<p>Todavia, esclareceu que a entidade convida aos responsáveis pelos internados de
</p>
<p>participar voluntariamente do processo pedagógico da Fazenda Esperança, mediante a aquisição de
</p>
<p>uma cesta de produtos no valor de um salário mínimo.
</p>
<p>Rua Antônio Araújo, nº 720 – Centro – Passo Fundo/RS - CEP 99010-220
(54) 3317-7400 – (54) 3317-7401(fax) - www.prrs.mpf.mp.br
prrs-prm-pf@mpf.mp.br</p>
<p />
<div class="annotation"><a href="http://www.prrs.mpf.mp.br/">http://www.prrs.mpf.mp.br/</a></div>
</div>
<div class="page"><p />
<p>MINISTÉRIO PÚBLICO FEDERAL
PROCURADORIA DA REPÚBLICA NO MUNICÍPIO DE PASSO FUNDO/RS
</p>
<p>Ocorre  que  o  Manual  do  Procedimento  da  Entidade,  no  seu  Item  IX  –
</p>
<p>Procedimento da família durante a recuperação e participação no processo terapêutico prevê o seguinte:
</p>
<p>“Durante a recuperação, é incentivada a participação dos familiares nos grupos de autoajuda, 'Grupos
</p>
<p>Esperança  Viva',  e  encontros  específicos  promovidos  pela  entidade.  Os  pais  ou  responsáveis  devem
</p>
<p>colaborar com a Fazenda, adquirindo mensalmente uma cesta de produtos feitos pelos recuperandos,
</p>
<p>incentivando a descoberta de novas aptidões, bem como favorecer o retorno ao mercado de trabalho”.
</p>
<p>Ato  contínuo,  oficiou-se  à  SENAD/Brasília/DF  solicitando  fornecer  cópia  do
</p>
<p>Contrato nº 47/2013 e eventuais termos aditivos firmados, bem como se existia sanção administrativa
</p>
<p>aplicada pelo SENAD à instituição, tendo em conta o disposto na cláusula segunda, item 5, do Contrato nº
</p>
<p>47/2013 (f. 57). 
</p>
<p>A SENAD, órgão vinculado ao Ministério da Justiça e Cidadania,  por meio do
</p>
<p>Ofício nº 95/2016, de 30 de dezembro de 2016, informou que, caso confirmada a cobrança de valores,
</p>
<p>poderão  ser  aplicadas  sanções  administrativas,  conforme  disposto  na  Cláusula  Nona  do  Contrato  nº
</p>
<p>47/2013, podendo também ele ser rescindido. Anexo ao ofício, encaminhou cópia do Contrato nº 47/2013
</p>
<p>(fs. 59/62) e dos respectivos termos aditivos (fs. 63/65).
</p>
<p>Tendo em conta as informações prestadas pelo Ministério da Justiça (SENAD),
</p>
<p>solicitou-se  à  entidade  Obra  Social  Nossa  Senhora  da  Glória  –  Fazenda  Esperança  Nossa  Senhora
</p>
<p>Aparecida a relação das pessoas acolhidas para recuperação pela entidade em virtude do convênio firmado
</p>
<p>com a SENAD, nos anos de 2015 e 2016, especificando o nome completo e o período da internação (f. 68).
</p>
<p>Valendo-se de correspondência datada de 21 de fevereiro de 2017, a entidade
</p>
<p>encaminhou  a  relação  de  pessoas  acolhidas  no período  solicitado  (2015-2016)  conforme comprova  o
</p>
<p>documento das fls. 69/71.
</p>
<p>A partir da relação fornecida, oficiou-se, uma vez mais, à entidade solicitando
</p>
<p>informar quais das pessoas relacionadas no documento assinaram o Termo de Adesão Voluntária, devendo
</p>
<p>ser fornecida cópia do respectivo documento (f. 78).
</p>
<p>A entidade forneceu listagem com o nome das pessoas que assinaram e cópia
</p>
<p>dos respectivos termos, conforme comprovam os documentos das fs. 79/121.
</p>
<p>Por  amostragem,  selecionaram-se  os  nomes  de  7  integrantes  da  listagem
</p>
<p>Rua Antônio Araújo, nº 720 – Centro – Passo Fundo/RS - CEP 99010-220
(54) 3317-7400 – (54) 3317-7401(fax) - www.prrs.mpf.mp.br
prrs-prm-pf@mpf.mp.br</p>
<p />
<div class="annotation"><a href="http://www.prrs.mpf.mp.br/">http://www.prrs.mpf.mp.br/</a></div>
</div>
<div class="page"><p />
<p>MINISTÉRIO PÚBLICO FEDERAL
PROCURADORIA DA REPÚBLICA NO MUNICÍPIO DE PASSO FUNDO/RS
</p>
<p>fornecida pela entidade, a partir dos quais foram solicitados à ASSPA os respectivos dados cadastrais e
</p>
<p>endereços (f. 125).
</p>
<p>De posse dos dados qualificativos, oficiou-se às sete pessoas solicitando informar
</p>
<p>se, por força de sua internação ou de familiares, na entidade Obra Social Nossa Senhora da Glória –
</p>
<p>Fazenda da Esperança Nossa Senhora Aparecida, houve a imposição de assinatura do Termo de Adesão
</p>
<p>Voluntária, informando, da forma mais detalhada possível: a) se a assinatura do termo de adesão foi
</p>
<p>imposta como condicionante à sua internação; b) quem apresentou o termo de adesão e explicou as
</p>
<p>obrigações que seriam assumidas; c) se foi esclarecido que pela assinatura estaria obrigado a adquirir
</p>
<p>mensalmente uma cesta de produtos da entidade no valor de um salário-mínimo; d) se tinha condições, há
</p>
<p>época, de arcar com o valor da contribuição com recursos próprios (fs. 138/143 e 154/156).
</p>
<p>Ocorre que, dos ofícios enviados, mesmo considerando os reiterados, obteve-se
</p>
<p>resposta tão somente de duas ex-internas da entidade, os quais encaminharam suas explicações (fs. 149 e
</p>
<p>151). Nos demais casos, não foi encontrada a localização dos parentes dos ex-internos ou dos internos. 
</p>
<p>A ex-interna Carla Brandão, por e-mail datado de 03/03/2017, informou que a
</p>
<p>assinatura no termo de adesão não foi imposta como condicionante a sua internação na entidade; que ela
</p>
<p>e sua mãe não foram obrigadas a nada, tendo feito questão de adquirir a cesta de produtos como uma
</p>
<p>forma de contribuir com a instituição. Disse também que, na época em que ficou na entidade, havia cerca
</p>
<p>de 12 internas, sendo que apenas 4 adquiriram a cesta (f. 149).
</p>
<p>Já Neiva Chiarello informou que, por ocasião da internação de sua filha, Magda
</p>
<p>Chirello, assinou por vontade própria o termo de adesão, oportunidade na qual lhe foi explicado como
</p>
<p>funcionava a aquisição da cesta de produtos. Referiu que a cesta era adquirida mensalmente até a data
</p>
<p>em que Magda estivesse internada, sendo uma contribuição espontânea para a internação de sua filha,
</p>
<p>para que ela tivesse um tratamento adequado (f. 151).
</p>
<p>Dando continuidade à apuração dos fatos, oficiou-se novamente à entidade Obra
</p>
<p>Social  Nossa Senhora da Glória – Fazenda Esperança Nossa Senhora Aparecida solicitando informar o
</p>
<p>número de pessoas acolhidas pela entidade para recuperação no ano de 2017, especificando o nome
</p>
<p>completo, o período de internação e quais assinaram pessoalmente ou por meio de familiares o Termo de
</p>
<p>Adesão Voluntária (f. 162).
</p>
<p>A entidade, em resposta, forneceu a relação de pessoas internadas no ano de
</p>
<p>Rua Antônio Araújo, nº 720 – Centro – Passo Fundo/RS - CEP 99010-220
(54) 3317-7400 – (54) 3317-7401(fax) - www.prrs.mpf.mp.br
prrs-prm-pf@mpf.mp.br</p>
<p />
<div class="annotation"><a href="http://www.prrs.mpf.mp.br/">http://www.prrs.mpf.mp.br/</a></div>
</div>
<div class="page"><p />
<p>MINISTÉRIO PÚBLICO FEDERAL
PROCURADORIA DA REPÚBLICA NO MUNICÍPIO DE PASSO FUNDO/RS
</p>
<p>2017, no período de janeiro a setembro, indicando que foram 24 acolhidas no total, sendo que apenas 10
</p>
<p>delas assinaram o Termo de Adesão Voluntária (fs. 163/164). Cópia dos termos foram encaminhados em
</p>
<p>anexo ao ofício (fs. 165/174).
</p>
<p>É o relatório.
</p>
<p>Da  análise  pormenorizada  dos  documentos  que  integram  os  autos,  não  foi
</p>
<p>possível aferir que a entidade  Obra Social Nossa Senhora da Glória Fazenda Esperança Nossa Senhora
</p>
<p>Aparecida, no município de Passo Fundo/RS, efetuou cobranças indevidas de suas internas.
</p>
<p>Veja-se que a própria entidade informou que não cobra nenhuma mensalidade
</p>
<p>para acolhimento do dependente químico. Contudo, os internos e/ou os responsáveis pelos internos são
</p>
<p>convidados  a  participar  voluntariamente  do  processo  pedagógico  da  Fazenda  Esperança,  mediante  a
</p>
<p>aquisição de uma cesta de produtos no valor de 1 salário mínimo, cujos valores são aplicados na própria
</p>
<p>entidade, buscando auxiliar nos custos para sua manutenção.
</p>
<p>Ademais, o período de internação da maioria das pessoas que procura a entidade
</p>
<p>é bastante variável, existindo casos de pessoas que ficam dias e outras até mais de ano, sendo que, na
</p>
<p>média, gira em torno de 3 meses.
</p>
<p>Dessa  forma,  considerando  que  os  fatos  foram  totalmente  esclarecidos,  não
</p>
<p>tendo sido constatada qualquer irregularidade na execução do Contrato nº 47/2013,  firmado entre  a
</p>
<p>Secretaria Nacional de Políticas sobre Drogas – SENAD e a entidade Obra Social Nossa da Glória – Fazenda
</p>
<p>Esperança Nossa Senhora Aparecida, em especial a realização de cobranças indevidas pela entidade,  o
</p>
<p>MINISTÉRIO PÚBLICO FEDERAL promove o arquivamento do presente inquérito civil.
</p>
<p>Não há representante a ser cientificado.
</p>
<p>Encaminhem-se os autos à 1ª CCR/MPF para fins do disposto no artigo 62, inciso
</p>
<p>IV, da Lei Complementar nº 75/93.
</p>
<p>Passo Fundo/RS, 28 de outubro de 2017.
</p>
<p>Fernanda Alves de Oliveira
PROCURADORA DA REPÚBLICA
</p>
<p>Rua Antônio Araújo, nº 720 – Centro – Passo Fundo/RS - CEP 99010-220
(54) 3317-7400 – (54) 3317-7401(fax) - www.prrs.mpf.mp.br
prrs-prm-pf@mpf.mp.br</p>
<p />
<div class="annotation"><a href="http://www.prrs.mpf.mp.br/">http://www.prrs.mpf.mp.br/</a></div>
</div>
<ul>	<li>PROCURADORIA DA REPÚBLICA NO MUNICÍPIO DE PASSO FUNDO/RS</li>
	<li>PRM-PFU-RS-00008813/2017</li>
</ul>
</body></html>