<?xml version="1.0" encoding="UTF-8"?>
<html xmlns="http://www.w3.org/1999/xhtml">
<head>
<meta name="pdf:PDFVersion" content="1.4" />
<meta name="xmp:CreatorTool" content="Writer" />
<meta name="access_permission:modify_annotations" content="true" />
<meta name="access_permission:can_print_degraded" content="true" />
<meta name="tika_batch_fs:relative_path" content="75338706.pdf" />
<meta name="language" content="pt-BR" />
<meta name="dcterms:created" content="2017-03-22T21:05:14Z" />
<meta name="dc:format" content="application/pdf; version=1.4" />
<meta name="pdf:docinfo:creator_tool" content="Writer" />
<meta name="access_permission:fill_in_form" content="true" />
<meta name="pdf:encrypted" content="false" />
<meta name="Content-Length" content="101586" />
<meta name="X-TIKA:digest:MD5" content="20638d5344400c9c14e01a476ed1b9e2" />
<meta name="Content-Type" content="application/pdf" />
<meta name="X-Parsed-By" content="org.apache.tika.parser.DefaultParser" />
<meta name="X-Parsed-By" content="org.apache.tika.parser.pdf.PDFParser" />
<meta name="dc:language" content="pt-BR" />
<meta name="meta:creation-date" content="2017-03-22T21:05:14Z" />
<meta name="created" content="Wed Mar 22 18:05:14 BRT 2017" />
<meta name="access_permission:extract_for_accessibility" content="true" />
<meta name="access_permission:assemble_document" content="true" />
<meta name="xmpTPg:NPages" content="3" />
<meta name="Creation-Date" content="2017-03-22T21:05:14Z" />
<meta name="resourceName" content="75338706.pdf" />
<meta name="access_permission:extract_content" content="true" />
<meta name="access_permission:can_print" content="true" />
<meta name="tika:file_ext" content="pdf" />
<meta name="producer" content="LibreOffice 4.4" />
<meta name="access_permission:can_modify" content="true" />
<meta name="pdf:docinfo:producer" content="LibreOffice 4.4" />
<meta name="pdf:docinfo:created" content="2017-03-22T21:05:14Z" />
<title></title>
</head>
<body><div class="page"><p />
<p>MINISTÉRIO PÚBLICO FEDERAL
PROCURADORIA DA REPÚBLICA NO MUNICÍPIO DE CASCAVEL-PR
</p>
<p>Procedimento Administrativo n. 1.25.002.001275/2016-91
</p>
<p>ARQUIVAMENTO
</p>
<p>Trata-se de Procedimento Administrativo instaurado a partir do Ofício-
</p>
<p>circular n. 10/2016/1ª CCR/MPF, da 1ª Câmara de Coordenação e Revisão do MPF, no
</p>
<p>qual encaminha informações relacionadas a audiência pública realizada na Comissão
</p>
<p>de  Direitos  Humanos  do  Senado  Federal,  referente  ao  cumprimento  da  Lei
</p>
<p>12.802/2013, que trata sobre o exame de mamografia no âmbito do SUS. No referido
</p>
<p>Ofício, a 1ª CCR solicita:
</p>
<p>“que  sejam  oficiadas  às  Secretarias  Estaduais  e  Municipais  de
Saúde  para  que  informem  quais  as  unidades  de  saúde  e  as
respectivas quantidades  de  mamógrafos  registrados para  operar
via SUS, demonstrando as situações (se em operação ou, em caso
negativo, o motivo de estar inoperante), bem como avaliem se o
funcionamento e a capacidade instalada de mamógrafos no âmbito
do  SUS  –  MS,  em  sua  localidade,  encontram-se  dentro  dos
parâmetros fornecidos pelo Ministério da Saúde. Solicita-se, ainda,
informar  a  quantidade  técnica  dos  recursos  humanos  para  a
operação destes mamógrafos”.
</p>
<p>Como medida  de  instrução  inicial  dos  autos,  foram oficiados  a  Secretaria
</p>
<p>Municipal de Saúde e a 10ª Regional de Saúde.
</p>
<p>A Secretaria Municipal de Saúde relata que não dispõe dos equipamentos de
</p>
<p>mamografia e que os casos solicitados pela atenção primária são encaminhados aos serviços
</p>
<p>credenciados que compõem a rede estadual de média e alta complexidade (fl. 09).
</p>
<p>Por  outro  lado,  a  10ª  Regional  de  Saúde  de  Cascavel  descreve  sobre  a
</p>
<p>existência  de  5  (cinco)  aparelhos,  distribuídos  entre  os  hospitais  São  Lucas,  CEONC,
</p>
<p>UOPECCAN  e  Universitário,  todos  disponíveis  ao  SUS  e  em  funcionamento.  Quanto  à
</p>
<p>avaliação,  a  regional  esclarece  que  a  capacidade  instalada  está  dentro  dos  parâmetros
</p>
<p>fornecidos pelo Ministério da Saúde, com número de aparelhos superiores à demanda (fls.
</p>
<p>11-20):
</p>
<p>“Quanto  as  unidades  de  saúde  e  as  respectivas  quantidades  de
mamógrafos registrados para operar  via SUS,  no âmbito da 10ª
Regional de Saúde, segue tabela abaixo, conforme identificado no
Cadastro Nacional de Estabelecimentos de Saúdes – CNES.
</p>
<p>Unidade Equipamento SUS EM USO
</p>
<p>Hospital de Ensino São
Lucas
</p>
<p>1  Mamógrafo  com
estereotaxia
</p>
<p>SIM SIM
</p>
<p>H:\Gab Andressa\MINUTAS\PA 1275-2016-91-arquivamento-mamógrafos-EPA.odt
</p>
<p>-1-</p>
<p />
</div>
<div class="page"><p />
<p>MINISTÉRIO PÚBLICO FEDERAL
PROCURADORIA DA REPÚBLICA NO MUNICÍPIO DE CASCAVEL-PR
</p>
<p>Centro  Oncológico  de
Cascavel - CEONC
</p>
<p>2  Mamógrafo  com
estereotaxia
</p>
<p>SIM SIM
</p>
<p>Hospital  do  Câncer  de
Cascavel - UOPECCAN
</p>
<p>1 Mamógrafo com comando
simples
</p>
<p>SIM SIM
</p>
<p>Hospital  Universitário
do  Oeste  do  Paraná  -
HUOP
</p>
<p>1 Mamógrafo com comando
simples
</p>
<p>SIM SIM
</p>
<p>Quanto à avaliação do funcionamento e a capacidade instalada de
mamógrafos no âmbito do SUS, em Cascavel, e se encontram-se
dentro  dos  parâmetros  fornecidos  pelo  Ministério  da  Saúde,
informamos  que:  (…)  na  10ª  RS  a  estimativa  do  número  de
mamografias/ano  é  de  23.098.  E  o  número  de  mamógrafos
necessários  é  de  3,41.  Quanto  a  produção  de  mamografias,
informamos que na 10ª Regional de Saúde no ano de 2015 foram
realizados, no total, 44.805 exames. 
Quanto  à  quantidade  técnica  dos  recursos  humanos  para  a
operação  destes  mamógrafos,  informamos  que  o  Sistema  de
Cadastro Nacional  de Estabelecimentos de Saúde solicita que no
mínimo  os  estabelecimentos  possuam  um  dos  grupos  de
profissionais  citados  abaixo  para  aprovar  o  cadastro  do  serviço
especializado de diagnóstico por imagem/mamografia.
Grupo  01  –  Médico  em  radiologia  e  diagnóstico  por  imagem.
Técnico em radiologia e imagenologia;
Grupo  02  –  Médico  mastologista  e  técnico  em  radiologia  e
imagenologia;
Grupo 03 – Médico ginecologista e obstetra e técnico em radiologia
e imagenologia”
</p>
<p>Da informação enviada pela 10ª Regional de Saúde restou pendente o
</p>
<p>esclarecimento  sobre  a  existência  ou não  de  filas  para  realização  dos  exames de
</p>
<p>mamografia  no âmbito do SUS, bem como se o quantitativo de profissionais  para
</p>
<p>operação dos equipamentos está sendo suficiente para atender ao público interessado.
</p>
<p>Assim, foi expedido novo ofício solicitando os devidos esclarecimentos. Em resposta,
</p>
<p>através do Ofício 102/2017, fl. 23, foram prestadas as seguintes informações:
</p>
<p>“Informamos  que  todos  os  prestadores  de  serviço  contam  com
equipe técnica composta por atendentes, coordenadores de fluxo,
técnicos em mamografia,  médicos especializados em radiologia e
diretor responsável. Quanto à fila de espera, esclarecemos que os
ambulatórios dos hospitais que realizam o exame são responsáveis
pela  demanda  espontânea  e  respectivo  agendamento.
Salientamos que de acordo com os prestadores, nesta região
a  oferta  é  maior  que  a  procura,  inexistindo  demanda
reprimida”.
</p>
<p>É o relatório.
</p>
<p>H:\Gab Andressa\MINUTAS\PA 1275-2016-91-arquivamento-mamógrafos-EPA.odt
</p>
<p>-2-</p>
<p />
</div>
<div class="page"><p />
<p>MINISTÉRIO PÚBLICO FEDERAL
PROCURADORIA DA REPÚBLICA NO MUNICÍPIO DE CASCAVEL-PR
</p>
<p>Da análise  das  informações  constantes  dos  autos,  percebe-se  que  a
</p>
<p>quantidade de mamógrafos disponíveis na rede pública integrante da 10ª Regional de
</p>
<p>Saúde de Cascavel é superior ao preconizado na Portaria n. 1.631 de 1º de Outubro de
</p>
<p>2015. A quantidade necessária para a demanda estimada de 23.098 atendimentos
</p>
<p>seria  de  3,41  aparelhos  de  mamografia.  O  município  tem  disponível  5  (cinco)
</p>
<p>aparelhos distribuídos entre as unidades de saúde do município.
</p>
<p>Do mesmo modo, segundo a 10ª Regional de Saúde, não há filas para
</p>
<p>atendimento  e  realização  dos  exames  de  mamografia  na  área  de  abrangência  da
</p>
<p>Regional e o número de profissionais disponíveis para a realização do serviço é o que
</p>
<p>preconiza o Sistema de Cadastro Nacional de Estabelecimentos de Saúde.
</p>
<p>Ante o exposto, verifica-se que não há carência de equipamentos de
</p>
<p>mamografia e nem de atendimento à demanda apresentada no município, razão pela
</p>
<p>qual,  inexistindo  demais  diligências  a  serem  intentadas  no  presente  feito,  o
</p>
<p>arquivamento deste Procedimento Administrativo é medida que se impõe.
</p>
<p>Em observância ao disposto no art. 17, § 2º,  da Resolução 87/10 do
</p>
<p>Conselho Superior do Ministério Público Federal, remeta-se o presente à 1ª Câmara de
</p>
<p>Coordenação e Revisão do MPF, para fins do exercício da competência revisional.
</p>
<p>Cascavel, 22 de março de 2017.
</p>
<p>Andressa Caroline de Oliveira Zanette
Procuradora da República
</p>
<p>H:\Gab Andressa\MINUTAS\PA 1275-2016-91-arquivamento-mamógrafos-EPA.odt
</p>
<p>-3-</p>
<p />
</div>
</body></html>