<?xml version="1.0" encoding="UTF-8"?>
<html xmlns="http://www.w3.org/1999/xhtml">
<head>
<meta name="pdf:PDFVersion" content="1.4" />
<meta name="pdf:docinfo:title" content="MANDADO DE SEGURANÇA Nº 2001" />
<meta name="xmp:CreatorTool" content="Writer" />
<meta name="access_permission:modify_annotations" content="true" />
<meta name="access_permission:can_print_degraded" content="true" />
<meta name="dc:creator" content="Procuradoria da República-MG" />
<meta name="tika_batch_fs:relative_path" content="75346571.pdf" />
<meta name="language" content="pt-BR" />
<meta name="dcterms:created" content="2017-10-10T16:15:40Z" />
<meta name="dc:format" content="application/pdf; version=1.4" />
<meta name="pdf:docinfo:creator_tool" content="Writer" />
<meta name="access_permission:fill_in_form" content="true" />
<meta name="pdf:encrypted" content="false" />
<meta name="dc:title" content="MANDADO DE SEGURANÇA Nº 2001" />
<meta name="Content-Length" content="131535" />
<meta name="X-TIKA:digest:MD5" content="2849562915e7e9dfe4068374729e399c" />
<meta name="Content-Type" content="application/pdf" />
<meta name="pdf:docinfo:creator" content="Procuradoria da República-MG" />
<meta name="X-Parsed-By" content="org.apache.tika.parser.DefaultParser" />
<meta name="X-Parsed-By" content="org.apache.tika.parser.pdf.PDFParser" />
<meta name="creator" content="Procuradoria da República-MG" />
<meta name="dc:language" content="pt-BR" />
<meta name="meta:author" content="Procuradoria da República-MG" />
<meta name="meta:creation-date" content="2017-10-10T16:15:40Z" />
<meta name="created" content="Tue Oct 10 13:15:40 BRT 2017" />
<meta name="access_permission:extract_for_accessibility" content="true" />
<meta name="access_permission:assemble_document" content="true" />
<meta name="xmpTPg:NPages" content="3" />
<meta name="Creation-Date" content="2017-10-10T16:15:40Z" />
<meta name="resourceName" content="75346571.pdf" />
<meta name="access_permission:extract_content" content="true" />
<meta name="access_permission:can_print" content="true" />
<meta name="tika:file_ext" content="pdf" />
<meta name="Author" content="Procuradoria da República-MG" />
<meta name="producer" content="LibreOffice 5.2" />
<meta name="access_permission:can_modify" content="true" />
<meta name="pdf:docinfo:producer" content="LibreOffice 5.2" />
<meta name="pdf:docinfo:created" content="2017-10-10T16:15:40Z" />
<title>MANDADO DE SEGURANÇA Nº 2001</title>
</head>
<body><div class="page"><p />
<p>MINISTÉRIO PÚBLICO FEDERAL
PROCURADORIA DA REPÚBLICA EM MINAS GERAIS
</p>
<p>IC 1.22.000.004956/2016-33.
</p>
<p>DECISÃO
</p>
<p>1. Cuida-se de representação formalizada em 22/11/2016 por
</p>
<p>JOSÉ FERNANDES BATISTA OLIVEIRA. O representante afirma que transita
</p>
<p>com frequência pela BR-040, km 586,63, sentido Rio de Janeiro, no município
</p>
<p>de Itabirito/MG. Reclama contra o fato de já ter sido multado duas vezes, nos
</p>
<p>dias 21/09/2016 e 04/10/2016,  pelo radar  instalado no local,  por  exceder  o
</p>
<p>limite de velocidade de 60 km/h, apesar de inexistir sinalização da velocidade
</p>
<p>máxima permitida.  O representante afirma que havia uma placa sinalizando
</p>
<p>limite máximo de 80 km/h, mas a placa foi  simplesmente retirada e o radar
</p>
<p>passou a multar com base no limite de 60 km/h, sem nenhuma sinalização
</p>
<p>antes dele.
</p>
<p>2.  O  Ministério  Público  Federal  solicitou  informações  à
</p>
<p>concessionária  da  rodovia  e  ao  DNIT  (fls.  08  e  10).  O  DNIT  prestou
</p>
<p>esclarecimentos às fls. 12/16 e a concessionária pronunciou-se às fls. 25/31.
</p>
<p>3. O Procurador da República que originariamente presidia o
</p>
<p>presente  feito  declarou-se  suspeito,  alegando  que  também  teria  sido
</p>
<p>injustamente multado no mesmo local (fls. 17/17v). 
</p>
<p>4. Ao receber os autos, esta Procuradora da República solicitou
</p>
<p>esclarecimentos  adicionais  ao  DNIT  (fls.  32/32v  e  46/47),  os  quais  foram
</p>
<p>prestados às fls. 34/42v e fls. 49/60.
</p>
<p>5. É, em síntese, o relatório.
</p>
<p>H:\Laene\TUTELA COLETIVA\DESPACHOS\PP 1.22.000.004956-2016-33\(4) arquivamento DNIT multa radar 040 ausência de irregularidade 
(Gabriel).doc                                                                        1</p>
<p />
</div>
<div class="page"><p />
<p>MINISTÉRIO PÚBLICO FEDERAL
PROCURADORIA DA REPÚBLICA EM MINAS GERAIS
</p>
<p>6. No quadro probatório que se apresenta, é mister esclarecer
</p>
<p>devidamente a localização das placas R-19 de 60 km/h anteriores ao radar do
</p>
<p>Km 586,63 da Rodovia BR-040, sentido Rio de Janeiro, município de Itabirito.
</p>
<p>7.  No  documento  de  fl.  34,  datado  de  27/06/2017,  o  DNIT
</p>
<p>informou a existência de uma placa a 747 m do radar. Porém, no documento de
</p>
<p>fls. 49/50, datado de 06/09/2017, o DNIT informou que, em vistoria e filmagem
</p>
<p>realizados nos 800 m anteriores ao equipamento, foi constatada a existência de
</p>
<p>uma placa a 340 m e outra a 10 m do radar. Portanto, há divergência entre a
</p>
<p>primeira informação e a segunda.
</p>
<p>8.  Apesar  da  divergência,  a  primeira  informação  de  fl.  34,
</p>
<p>conforme explicado pelo DNIT à  fl.  49,  foi  prestada com base nos "estudos
técnicos elaborados por  empresa prestadora de serviços  para DNIT,  Consórcio  Supervias,
</p>
<p>através  do  contrato  TT-945/2010,  sob  a  gestão  da  Coordenação  Geral  de  Operações
</p>
<p>Rodoviárias/DIR/DNIT". Todavia, a segunda informação de fls. 49/50, além de mais
</p>
<p>recente, foi prestada com base em vistoria e filmagem realizadas no local,
no dia 25/08/2017  (v.  fls.  52, 53 e 60),  motivo pelo qual  prevalece sobre a
</p>
<p>primeira.
</p>
<p>9. Destarte, existe uma placa R-19 de 60 km/h a 340 m e outra
</p>
<p>a 10 m do radar. Portanto, a sinalização a 340 m do radar cumpre a exigência
</p>
<p>de distância entre 300 m e 1000 m prevista no art. 6º, §3º, c/c anexo IV da
</p>
<p>Resolução CONTRAN 396/2011.
</p>
<p>10. Ante o exposto, não se configura a irregularidade narrada
</p>
<p>na representação em apreço, motivo pelo qual determino o arquivamento dos
</p>
<p>autos.
</p>
<p>H:\Laene\TUTELA COLETIVA\DESPACHOS\PP 1.22.000.004956-2016-33\(4) arquivamento DNIT multa radar 040 ausência de irregularidade 
(Gabriel).doc                                                                        2</p>
<p />
</div>
<div class="page"><p />
<p>MINISTÉRIO PÚBLICO FEDERAL
PROCURADORIA DA REPÚBLICA EM MINAS GERAIS
</p>
<p>11. Cientifique-se o representante acerca da presente decisão
</p>
<p>de arquivamento, nos termos do art. 17, §§ 1º e 3º, da Resolução 87/2010 do
</p>
<p>Conselho Superior do Ministério Público Federal, informando-lhe que, no prazo
</p>
<p>de 15 dias, poderá apresentar,  caso queira,  razões escritas ou documentos
</p>
<p>para a apreciação da 1ª Câmara de Coordenação e Revisão, os quais poderão
</p>
<p>ser protocolizados nesta Procuradoria da República em Minas Gerais. O Ofício
</p>
<p>encaminhado  ao  representante  deverá  ser  acompanhado  de  cópia  desta
</p>
<p>decisão e dos documentos de fls. 12/16 e 34/42v e 49/60.
</p>
<p>12. Acautelem-se os autos em secretaria pelo prazo máximo de
</p>
<p>30 dias à espera de eventual manifestação do representante. Transcorrido este
</p>
<p>prazo,  faça-se  nova  conclusão  dos  autos  para  fim  de  exame  da  eventual
</p>
<p>manifestação do representante ou elaboração do ofício de encaminhamento do
</p>
<p>feito à 1ª Câmara de Coordenação e Revisão. 
</p>
<p> 
</p>
<p>Belo Horizonte, 05 de outubro de 2017.
</p>
<p>                 LAENE PEVIDOR LANÇA
                  Procuradora da República
</p>
<p>H:\Laene\TUTELA COLETIVA\DESPACHOS\PP 1.22.000.004956-2016-33\(4) arquivamento DNIT multa radar 040 ausência de irregularidade 
(Gabriel).doc                                                                        3</p>
<p />
</div>
</body></html>