<?xml version="1.0" encoding="UTF-8"?>
<html xmlns="http://www.w3.org/1999/xhtml">
<head>
<meta name="pdf:PDFVersion" content="1.4" />
<meta name="xmp:CreatorTool" content="Writer" />
<meta name="access_permission:modify_annotations" content="true" />
<meta name="access_permission:can_print_degraded" content="true" />
<meta name="tika_batch_fs:relative_path" content="75708872.pdf" />
<meta name="language" content="pt-BR" />
<meta name="dcterms:created" content="2017-05-11T13:57:48Z" />
<meta name="dc:format" content="application/pdf; version=1.4" />
<meta name="pdf:docinfo:creator_tool" content="Writer" />
<meta name="access_permission:fill_in_form" content="true" />
<meta name="pdf:encrypted" content="false" />
<meta name="Content-Length" content="267423" />
<meta name="X-TIKA:digest:MD5" content="8277b4480d3fba1c9d0c7b9c277ca964" />
<meta name="Content-Type" content="application/pdf" />
<meta name="X-Parsed-By" content="org.apache.tika.parser.DefaultParser" />
<meta name="X-Parsed-By" content="org.apache.tika.parser.pdf.PDFParser" />
<meta name="dc:language" content="pt-BR" />
<meta name="meta:creation-date" content="2017-05-11T13:57:48Z" />
<meta name="created" content="Thu May 11 10:57:48 BRT 2017" />
<meta name="access_permission:extract_for_accessibility" content="true" />
<meta name="access_permission:assemble_document" content="true" />
<meta name="xmpTPg:NPages" content="2" />
<meta name="Creation-Date" content="2017-05-11T13:57:48Z" />
<meta name="resourceName" content="75708872.pdf" />
<meta name="access_permission:extract_content" content="true" />
<meta name="access_permission:can_print" content="true" />
<meta name="tika:file_ext" content="pdf" />
<meta name="producer" content="LibreOffice 3.6" />
<meta name="access_permission:can_modify" content="true" />
<meta name="pdf:docinfo:producer" content="LibreOffice 3.6" />
<meta name="pdf:docinfo:created" content="2017-05-11T13:57:48Z" />
<title></title>
</head>
<body><div class="page"><p />
<p>MINISTÉRIO PÚBLICO FEDERAL
PROCURADORIA DA REPÚBLICA NO MUNICÍPIO DE IMPERATRIZ /MA
</p>
<p>GABINETE DO 2º OFÍCIO
</p>
<p>Procedimento Preparatório n. 1.19.001.000003/2017-62
</p>
<p>PROMOÇÃO DE ARQUIVAMENTO
</p>
<p>Trata-se  de  expediente  autuado a  partir  do  encaminhamento,  pelo  Ministério 
</p>
<p>Público Estadual, de cópia de procedimento administrativo no qual foram apurados problemas 
</p>
<p>relacionados  ao  fornecimento  de  medicamentos  antirretrovirais  no  âmbito  do  Programa 
</p>
<p>DST/AIDS do município de Imperatriz/MA. Segundo o despacho do membro do Ministério 
</p>
<p>Público  Estadual  que  encaminhou  a  documentação  a  esta  Procuradoria  da  República,  há 
</p>
<p>informação de desídia da União no fornecimento dos aludidos medicamentos. 
</p>
<p>Em  despacho  (fl.  44),  determinou-se  a  expedição  de  ofício  ao  Secretário 
</p>
<p>Municipal de Saúde e à Diretoria do Departamento de Vigilância, Prevenção e Controle das 
</p>
<p>IST, do HIV/AIDS e das Hepatites Virais do Governo Federal,  requisitando esclarecimentos 
</p>
<p>em relação ao estoque e  à  disponibilidade de medicamentos antirretrovirais,  bem como à 
</p>
<p>periodicidade  do  fornecimento  de  tais  medicamentos  pela  União  no âmbito  do  Programa 
</p>
<p>DST/AIDS no município de Imperatriz.
</p>
<p>Em resposta  (fls. 49-56), o município de Imperatriz  esclareceu que  dispunha de 
</p>
<p>todos os medicamentos necessários para atendimento dos pacientes do Programa DST/AIDS. 
</p>
<p>Explicou,  ainda,  como  se  dá a distribuição  dos  medicamentos  antirretrovirais.  Por  fim, 
</p>
<p>informou que houve falta de antirretrovirais na gestão de 2016, em Imperatriz (fl. 49).
</p>
<p>O Departamento de Vigilância, Prevenção e Controle das IST, do HIV/AIDS e das 
</p>
<p>Hepatites Virais (fls. 58-60), por sua vez, informou que, nos últimos meses, não havia registro 
</p>
<p>de falta de medicamentos antirretrovirais no município de Imperatriz. Ressalvou, porém, que, 
</p>
<p>Rua Rafael de Almeida Ribeiro, 750 – Bairro Bacuri – Imperatriz/MA  - CEP 65.916-900 – Fone: (99) 3529-7310
www.prma.mpf.mp.b  r  
</p>
<p>1 de 2</p>
<p />
<div class="annotation"><a href="http://www.prma.mpf.mp.br/">http://www.prma.mpf.mp.br/</a></div>
<div class="annotation"><a href="http://www.prma.mpf.mp.br/">http://www.prma.mpf.mp.br/</a></div>
</div>
<div class="page"><p />
<p>MPF
PROCURADORIA DA REPÚBLICA NO MUNICÍPIO DE IMPERATRIZ / MA
</p>
<p>no ano de 2016, a Unidade Dispensadora de Medicamentos (UDM) de Imperatriz apresentou 
</p>
<p>dificuldades estruturais, o que pode ter contribuído para eventual falha no fornecimento dos 
</p>
<p>fármacos,  mas,  atualmente,  a UDM tem desenvolvido suas atividades regulamentares.  Por 
</p>
<p>fim, ressaltou que o Ministério da Saúde tem realizado adequadamente as distribuições dos 
</p>
<p>medicamentos antirretrovirais para o Estado do Maranhão. 
</p>
<p>É o relatório. 
</p>
<p>Pois bem. Embora possa ter havido problema no fornecimento de medicamentos 
</p>
<p>antirretrovirais no município de Imperatriz em 2016, as informações colhidas indicam que se 
</p>
<p>tratou de falha episódica, já devidamente solucionada. No momento, segundo esclarecimentos 
</p>
<p>prestadas pelo município de Imperatriz (fl. 49) e pelo Departamento de Vigilância, Prevenção 
</p>
<p>e  Controle  das  IST,  do HIV/AIDS e  das  Hepatites  Virais (fls.  58-60),  o  fornecimento de 
</p>
<p>medicamentos antirretrovirais encontra-se normalizado. Além disso, esses órgãos elucidaram 
</p>
<p>adequadamente como se dá a distribuição, que se opera por meio do Sistema de Controle 
</p>
<p>Logístico de Medicamentos Antirretrovirais – SICLOM. Tal sistema é ferramenta estratégica 
</p>
<p>para  o  gerenciamento  da  distribuição,  controle  de  estoque  e  pedidos  de  suprimento  de 
</p>
<p>antirretrovirais, funcionando a partir de ações dos diversos entes federativos. 
</p>
<p>Nesse quadro, não há razões para o prosseguimento do feito. 
</p>
<p>Ante o exposto, promovo o arquivamento do procedimento preparatório. 
</p>
<p>Em cumprimento ao disposto no art. 17, § 2º, da Resolução 87/2006 do CSMPF, 
</p>
<p>remetam-se os autos à 1ª CCR. 
</p>
<p>Imperatriz, 10 de maio de 2017.
</p>
<p>Jorge Mauricio Porto Klanovicz
Procurador da República
</p>
<p>Rua Rafael de Almeida Ribeiro, 750 – Bairro Bacuri – Imperatriz/MA  - CEP 65.916-900 – Fone: (99) 3529-7310
www.prma.mpf.mp.br
</p>
<p>2 de 2</p>
<p />
<div class="annotation"><a href="http://www.prma.mpf.mp.br/">http://www.prma.mpf.mp.br/</a></div>
</div>
</body></html>