<?xml version="1.0" encoding="UTF-8"?>
<html xmlns="http://www.w3.org/1999/xhtml">
<head>
<meta name="date" content="2018-05-31T12:59:37Z" />
<meta name="pdf:PDFVersion" content="1.4" />
<meta name="access_permission:modify_annotations" content="true" />
<meta name="access_permission:can_print_degraded" content="true" />
<meta name="tika_batch_fs:relative_path" content="75851732.p7s" />
<meta name="dcterms:created" content="2018-05-31T12:59:37Z" />
<meta name="Last-Modified" content="2018-05-31T12:59:37Z" />
<meta name="dcterms:modified" content="2018-05-31T12:59:37Z" />
<meta name="dc:format" content="application/pdf; version=1.4" />
<meta name="Last-Save-Date" content="2018-05-31T12:59:37Z" />
<meta name="access_permission:fill_in_form" content="true" />
<meta name="pdf:docinfo:modified" content="2018-05-31T12:59:37Z" />
<meta name="meta:save-date" content="2018-05-31T12:59:37Z" />
<meta name="pdf:encrypted" content="false" />
<meta name="modified" content="2018-05-31T12:59:37Z" />
<meta name="Content-Length" content="89934" />
<meta name="X-TIKA:digest:MD5" content="14aee8fb50151a216a7dbdc19c32bea5" />
<meta name="Content-Type" content="application/pdf" />
<meta name="X-Parsed-By" content="org.apache.tika.parser.DefaultParser" />
<meta name="X-Parsed-By" content="org.apache.tika.parser.pdf.PDFParser" />
<meta name="meta:creation-date" content="2018-05-31T12:59:37Z" />
<meta name="created" content="Thu May 31 09:59:37 BRT 2018" />
<meta name="access_permission:extract_for_accessibility" content="true" />
<meta name="access_permission:assemble_document" content="true" />
<meta name="xmpTPg:NPages" content="2" />
<meta name="Creation-Date" content="2018-05-31T12:59:37Z" />
<meta name="resourceName" content="75851732.p7s" />
<meta name="access_permission:extract_content" content="true" />
<meta name="access_permission:can_print" content="true" />
<meta name="tika:file_ext" content="p7s" />
<meta name="producer" content="iText® 5.5.9 ©2000-2015 iText Group NV (AGPL-version); modified using iText® 5.5.9 ©2000-2015 iText Group NV (AGPL-version)" />
<meta name="access_permission:can_modify" content="true" />
<meta name="pdf:docinfo:producer" content="iText® 5.5.9 ©2000-2015 iText Group NV (AGPL-version); modified using iText® 5.5.9 ©2000-2015 iText Group NV (AGPL-version)" />
<meta name="pdf:docinfo:created" content="2018-05-31T12:59:37Z" />
<title></title>
</head>
<body><div class="page"><p />
<p> 
</p>
<p>IC 1.33.011.000009/2017-41
 
 
</p>
<p>PROMOÇÃO DE ARQUIVAMENTO
 
</p>
<p> 
</p>
<p>Trata-se de Inquérito Civil instaurado com base em representação formulada por
</p>
<p>Juliana Boscato Felippi, no Portal do Cidadão - Protocolo PRM-JRG-SC-00002423/2016, que
</p>
<p>noticia supostas irregularidades no seu atendimento na agência do INSS de Jaraguá do
Sul/SC nos dias 25 e 26/08/2016.
</p>
<p>Oficiado, o INSS prestou esclarecimentos afirmando que, por conta do não
</p>
<p>comparecimento de um dos agendamentos do dia 25, foi possível direcionar a cidadã para a
</p>
<p>perícia médica, acrescentando que as perguntas feitas à segurada fazem parte do atendimento
</p>
<p>normal para fins de atualização cadastral. A autarquia informou ainda que, por conta da
</p>
<p>impossibilidade da segurada passar pela avaliação naquele momento, a perícia foi finalizada
</p>
<p>apenas no dia seguinte, também seguindo o fluxo padrão de atendimento.
</p>
<p>É o relatório.
</p>
<p>Pois bem, verifica-se que a própria segurada, estando sob tratamento psiquiátrico,
</p>
<p>afirmou na representação que estava com o ânimo exaltado em razão dos questionamentos e
</p>
<p>solicitações de documentos durante o atendimento administrativo na autarquia.
</p>
<p>Do relatado pela própria cidadã, observa-se que em nenhum momento ela alega
</p>
<p>ter sido ofendida por servidores da autarquia, somente teria ficado indignada com os vários
</p>
<p>questionamentos e pedidos de documentos.
</p>
<p>Ocorre que tais pedidos de esclarecimentos fazem parte do fluxo de atendimento
</p>
<p>padrão no INSS, como o próprio órgão informou.
</p>
<p>No que diz respeito à perícia, verifica-se que a segurada foi encaixada na
</p>
<p>ausência de uma outra pessoa ao agendamento daquele dia. Não obstante a alegação de possível
</p>
<p>arbitrariedade na perícia médica, o INSS esclareceu que a perícia foi finalizada no dia seguinte
</p>
<p>por conta da impossibilidade da segurada de passar por avaliação naquele momento. Muito
</p>
<p>provavelmente a servidora tenha reagendado devido o ânimo exaltado da segurada.
</p>
<p>Desse modo, não se vislumbra a existência de ilegalidade hábil a exigir a atuação
</p>
<p>do Ministério Público Federal.
</p>
<p>Vale lembrar que eventual irresignação com o indeferimento do benefício poderá
</p>
<p>PRM-JRG-SC-00001566/2018   
</p>
<p>MINISTÉRIO PÚBLICO FEDERAL
PROCURADORIA DA REPUBLICA NO MUNICÍPIO DE JARAGUÁ DO SUL
</p>
<p> 
</p>
<p>   
</p>
<p>Pág. 1 de 2</p>
<p />
</div>
<div class="page"><p />
<p>ser pleiteado pela segurada diretamente na Justiça Federal, por se tratar de direito individual,
</p>
<p>que foge da atribuição deste Parquet Federal.
</p>
<p>Em face do exposto, tome-se as seguintes providências:
</p>
<p>1. Promova-se o arquivamento do presente Inquérito Civil perante a 1ª Câmara de
</p>
<p>Coordenação e Revisão - Direitos Sociais e Atos administrativos em geral, na forma
</p>
<p>preconizada no art. 9º, da Lei nº 7.347/85, bem como do art. 4º, § 4º, e art. 17, caput, ambos da
</p>
<p>Resolução nº 87/2010 do Conselho Superior do Ministério Público Federal e art. 10 da
</p>
<p>Resolução nº 23/2007 do Conselho Nacional do Ministério Público.
</p>
<p>2. Proceda-se à notificação da representante, preferencialmente por e-mail, acerca
</p>
<p>deste decisum, para que, querendo, manifeste-se nos termos do artigo 17, §3º, da Resolução n.º
</p>
<p>87/2010 do Conselho Superior do Ministério Público Federal.
</p>
<p>3. Aguarde-se manifestação pelo prazo de 10 (dez) dias.
</p>
<p>4. Em seguida, encaminhem-se os presentes autos à 1ª Câmara de Coordenação e
</p>
<p>Revisão do Ministério Público Federal - Direitos Sociais e Atos administrativos em geral, para
</p>
<p>fins de deliberação acerca da promoção de arquivamento, atentando-se para o prazo de 3 (três)
</p>
<p>dias, previsto no art. 9º, § 1º, da Lei nº 7.347/85 e art. 17, § 2º, da Resolução nº 87/2010 do
</p>
<p>Conselho Superior do Ministério Público Federal.
 
 
</p>
<p>Jaraguá do Sul, 31 de maio de 2018.
 
</p>
<p> 
</p>
<p>                  
CLAUDIO VALENTIM CRISTANI
</p>
<p>Procurador da República
 
 
 
</p>
<p>PRM-JRG-SC-00001566/2018   
</p>
<p>MINISTÉRIO PÚBLICO FEDERAL
PROCURADORIA DA REPUBLICA NO MUNICÍPIO DE JARAGUÁ DO SUL
</p>
<p> 
</p>
<p>   
</p>
<p>Pág. 2 de 2</p>
<p />
</div>
</body></html>