<?xml version="1.0" encoding="UTF-8"?>
<html xmlns="http://www.w3.org/1999/xhtml">
<head>
<meta name="pdf:PDFVersion" content="1.4" />
<meta name="pdf:docinfo:title" content="PROCESSO Nº 2001" />
<meta name="xmp:CreatorTool" content="Writer" />
<meta name="access_permission:modify_annotations" content="true" />
<meta name="access_permission:can_print_degraded" content="true" />
<meta name="tika_batch_fs:relative_path" content="75852644.pdf" />
<meta name="language" content="pt-BR" />
<meta name="dcterms:created" content="2018-03-19T12:07:27Z" />
<meta name="dc:format" content="application/pdf; version=1.4" />
<meta name="pdf:docinfo:creator_tool" content="Writer" />
<meta name="access_permission:fill_in_form" content="true" />
<meta name="pdf:encrypted" content="false" />
<meta name="dc:title" content="PROCESSO Nº 2001" />
<meta name="Content-Length" content="90088" />
<meta name="X-TIKA:digest:MD5" content="889a59639e2304db465b3fc947962f1c" />
<meta name="Content-Type" content="application/pdf" />
<meta name="X-Parsed-By" content="org.apache.tika.parser.DefaultParser" />
<meta name="X-Parsed-By" content="org.apache.tika.parser.pdf.PDFParser" />
<meta name="dc:language" content="pt-BR" />
<meta name="meta:creation-date" content="2018-03-19T12:07:27Z" />
<meta name="created" content="Mon Mar 19 09:07:27 BRT 2018" />
<meta name="access_permission:extract_for_accessibility" content="true" />
<meta name="access_permission:assemble_document" content="true" />
<meta name="xmpTPg:NPages" content="4" />
<meta name="Creation-Date" content="2018-03-19T12:07:27Z" />
<meta name="resourceName" content="75852644.pdf" />
<meta name="access_permission:extract_content" content="true" />
<meta name="access_permission:can_print" content="true" />
<meta name="tika:file_ext" content="pdf" />
<meta name="producer" content="LibreOffice 4.4" />
<meta name="access_permission:can_modify" content="true" />
<meta name="pdf:docinfo:producer" content="LibreOffice 4.4" />
<meta name="pdf:docinfo:created" content="2018-03-19T12:07:27Z" />
<title>PROCESSO Nº 2001</title>
</head>
<body><div class="page"><p />
<p>MINISTÉRIO PÚBLICO FEDERAL
Procuradoria da República Polo Cabo de Santo Agostinho/Palmares-PE
</p>
<p>Inquérito Civil nº 1.26.008.000001/2017-79.
</p>
<p>DESPACHO
</p>
<p>Trata-se  de  inquérito  civil  instaurado  nesta  Procuradoria  da
</p>
<p>República com base  em representação encaminhada por  José  Luiz  de  França
</p>
<p>Cardoso  de  Souza  e  outros,  a  fim  de  apurar  notícia  de  retirada  de  famílias
</p>
<p>moradoras de área invadida, situada na BR 101, Km 102-4, no município do Cabo
</p>
<p>de Santo Agostinho/PE, ordenada pela prefeitura e pelo DNIT.
</p>
<p>Aduzem  os  representantes  que  05  (cinco)  famílias  residem  e
</p>
<p>desenvolvem  atividades  profissionais  na  área  (jardinagem,  marcenaria,
</p>
<p>lanternagem  de  automóveis,  etc)  há  bastante  tempo  e,  não  obstante,
</p>
<p>recentemente  foram  notificados  pelo  DNIT  e  pela  prefeitura  a  fim  de  que
</p>
<p>desocupassem a área em questão, sob pena de demolição das edificações tidas
</p>
<p>como  irregulares.  Afirmam  já  ter  promovido  melhorias  na  região,  como
</p>
<p>terraplanagem e arborização e pugnam pela intervenção ministerial in casu.
</p>
<p>O  DNIT  informou,  em  apertada  síntese,  que  :  i.  quanto  as
</p>
<p>explicações alusivas as retiradas dessas ocupações, as mesmas estão atreladas a
</p>
<p>norma  de  proteção  aos  usuários  das  rodovias  analogamente,  aos  invasores
</p>
<p>dessas  áreas,  cujo  fim  é  para  uso  exclusivamente  rodoviário  e  quando
</p>
<p>indevidamente ocupadas o próprio invasor se expõe a iminentes riscos impostos
</p>
<p>pelo tráfego; ii. nesse seguimento rodoviário a faixa de domínio corresponde a 35
</p>
<p>metros para os 2 lados da rodovia, tendo como referência para essa medida o
</p>
<p>eixo central da pista (simples); iii. Deve-se cumprir o Decreto lei 6.766/79, o
</p>
<p>qual estabelece um adicional de 15 metros além da faixa de domínio chamado
</p>
<p>rb</p>
<p />
</div>
<div class="page"><p />
<p>MINISTÉRIO PÚBLICO FEDERAL
Procuradoria da República Polo Cabo de Santo Agostinho/Palmares-PE
</p>
<p>com área “non edificand” e iv. Sobre as inclusões dessas pessoas em programas
</p>
<p>assistenciais (habitacionais), essas programações não fazem parte do escopo do
</p>
<p>DNIT, fl.46.
</p>
<p>Na  sequência,  o  DNIT  comunicou,  em  síntese,  que:  i.  alguns
</p>
<p>infratores acataram a saída das áreas; ii. alguns ainda permanecem no local; iii.
</p>
<p>além da condição de  invasores  da faixa  de domínio  rodoviária,  alguns  foram
</p>
<p>indiciados  pela  autoridade  municipal,  como  transgressores  ambientais,  por
</p>
<p>criarem aves silvestres e iv. paralelamente a essas ações, o DNIT, oficiou à Celpe
</p>
<p>para o desligamento do fornecimento de energia elétrica, fl.49.
</p>
<p>A Prefeitura Municipal do Cabo de Santo Agostinho/PE informou, por
</p>
<p>meio do Ofício SMAJ nº 138/2017, que a ação de desocupação da área invadida é
</p>
<p>de responsabilidade do Departamento Nacional de Infraestrutura e Transporte –
</p>
<p>DNIT, tendo o Município apenas prestado apoio logístico em conjunto com o DNIT
</p>
<p>e a Polícia Rodoviária Federal no dia 25.4.2017, fl.50.
</p>
<p>À fl. 51 verifica-se documentação juntada pela Prefeitura do Cabo
</p>
<p>de  Santo  Agostinho  (Comunicação  Interna  nº  079/2017)  que  esclarece  o
</p>
<p>seguinte: i. a ocupação ao longo da faixa de domínio público da Rodovia BR-101,
</p>
<p>Km  102-4,  contraria  o  que  estabelece  o  inciso  III  do  artigo  4º  da  Lei  nº
</p>
<p>6.766/79, como também o inciso I do artigo 61 da Lei Municipal nº 3.109/15; ii.
</p>
<p>A ausência de licença de construção contraria o artigo 32 da Lei nº 1.520/89; iii.
</p>
<p>a ausência de licença de localização e funcionamento de atividade contraria os
</p>
<p>artigos 2º, 6º e 9º da Lei nº 1.521/89.
</p>
<p>O Termo de Representação nº 03/2017 formulado pelos senhores:
</p>
<p>José Luiz de França Cardoso de Souza, Laelcio Alves de Oliveira e José Ricardo da
</p>
<p>rb</p>
<p />
</div>
<div class="page"><p />
<p>MINISTÉRIO PÚBLICO FEDERAL
Procuradoria da República Polo Cabo de Santo Agostinho/Palmares-PE
</p>
<p>Silvas, noticia que foram destruídas todas as residências e galpões existentes, e
</p>
<p>que  em  seguida  retiraram  todos  os  bens  e  materiais  das  pessoas  que  lá
</p>
<p>habitavam, incluindo suas casas e colocaram tudo em caçambas e levaram para o
</p>
<p>lixo, fls.57/78.
</p>
<p>O  SESI  encaminhou,  por  meio  do  Ofício  GS  –  160/2017,
</p>
<p>documentação de regularidade da Unidade de Negócios do SESI localizada na BR
</p>
<p>101 – Sul Km 36,34700, Centro, fls. 85/86.
</p>
<p>O DNIT informou, por meio do Ofício nº11431/2017/COENGE-CAF-
</p>
<p>PE/SRE-PE-DNIT,  em  síntese,  que:  i.  de  acordo  com  a  equipe  técnica,
</p>
<p>participaram da ação a prefeitura do Cabo de Santo Agostinho, o DNIT, a PRF e
</p>
<p>alguns empregados do SESI; ii. Não havia qualquer galpão, mas apenas uma
</p>
<p>oficina feita de chapa bastante precária que foi desmontada e teve suas peças e
</p>
<p>equipamentos retirados pelo invasor; iii. Existiam, também, duas casas sendo
</p>
<p>uma delas  estava abandonada  com entulhos  e  lixo  e  a  outra  ocupada pelos
</p>
<p>pertences  do senhor  Laelcio  que os  retirou;  iv.  as  plantas  foram retiradas  e
</p>
<p>transportadas pelos invasores para lugar próprio e não houve nada levado ao
</p>
<p>lixo, sem autorização dos invasores; v. não houve ameaça por parte dos agentes
</p>
<p>policiais, mas apenas o pedido para que os invasores se retirassem do local de
</p>
<p>forma ordeira e sem tumulto, fls. 99/100.
</p>
<p>É o breve relatório.
</p>
<p>Em análise minuciosa do caso em questão, verifica-se de fato que já
</p>
<p>não há mais invasores na área objeto do presente inquérito.
</p>
<p>Conforme documentação acostada aos autos,  constata-se  que as
</p>
<p>rb</p>
<p />
</div>
<div class="page"><p />
<p>MINISTÉRIO PÚBLICO FEDERAL
Procuradoria da República Polo Cabo de Santo Agostinho/Palmares-PE
</p>
<p>pessoas estavam ocupando a área de forma irregular, fls. 101/108, não havendo
</p>
<p>ilegalidade a ser apurada.
</p>
<p>Por todo o exposto, conclui-se que o DNIT/PE atuou de uma forma
</p>
<p>regular em todo o processo de desocupação dos invasores da área (BR-101- km
</p>
<p>102,4), tendo em vista ser uma área “non edificand”.
</p>
<p> 
</p>
<p>Sendo  este  o  único  objeto  do  presente  procedimento,  não
</p>
<p>remanescem razões para o prosseguimento do feito.
</p>
<p>Forte nesses motivos, PROMOVO O ARQUIVAMENTO deste inquérito
</p>
<p>civil.
</p>
<p>Ciência  aos  representantes  ,  para  que,  querendo,  apresentem
</p>
<p>manifestação.
</p>
<p>Decorrido sem manifestação, à revisão (1ª CCR).
</p>
<p>Providências de praxe.
</p>
<p>Cabo de Santo Agostinho, 15 de março de 2018.
</p>
<p>Antônio Nilo Rayol Lobo Segundo
Procurador da República
</p>
<p>rb</p>
<p />
</div>
</body></html>