<?xml version="1.0" encoding="UTF-8"?>
<html xmlns="http://www.w3.org/1999/xhtml">
<head>
<meta name="date" content="2018-03-15T20:41:29Z" />
<meta name="pdf:PDFVersion" content="1.4" />
<meta name="access_permission:modify_annotations" content="true" />
<meta name="access_permission:can_print_degraded" content="true" />
<meta name="tika_batch_fs:relative_path" content="75863389.pdf" />
<meta name="dcterms:created" content="2018-03-15T20:41:28Z" />
<meta name="Last-Modified" content="2018-03-15T20:41:29Z" />
<meta name="dcterms:modified" content="2018-03-15T20:41:29Z" />
<meta name="dc:format" content="application/pdf; version=1.4" />
<meta name="Last-Save-Date" content="2018-03-15T20:41:29Z" />
<meta name="access_permission:fill_in_form" content="true" />
<meta name="pdf:docinfo:modified" content="2018-03-15T20:41:29Z" />
<meta name="meta:save-date" content="2018-03-15T20:41:29Z" />
<meta name="pdf:encrypted" content="false" />
<meta name="modified" content="2018-03-15T20:41:29Z" />
<meta name="Content-Length" content="409153" />
<meta name="X-TIKA:digest:MD5" content="c13e5a6f87f961426683f6af662d401a" />
<meta name="Content-Type" content="application/pdf" />
<meta name="X-Parsed-By" content="org.apache.tika.parser.DefaultParser" />
<meta name="X-Parsed-By" content="org.apache.tika.parser.pdf.PDFParser" />
<meta name="meta:creation-date" content="2018-03-15T20:41:28Z" />
<meta name="created" content="Thu Mar 15 17:41:28 BRT 2018" />
<meta name="access_permission:extract_for_accessibility" content="true" />
<meta name="access_permission:assemble_document" content="true" />
<meta name="xmpTPg:NPages" content="3" />
<meta name="Creation-Date" content="2018-03-15T20:41:28Z" />
<meta name="resourceName" content="75863389.pdf" />
<meta name="access_permission:extract_content" content="true" />
<meta name="access_permission:can_print" content="true" />
<meta name="tika:file_ext" content="pdf" />
<meta name="producer" content="iText® 5.5.9 ©2000-2015 iText Group NV (AGPL-version); modified using iText® 5.5.9 ©2000-2015 iText Group NV (AGPL-version)" />
<meta name="access_permission:can_modify" content="true" />
<meta name="pdf:docinfo:producer" content="iText® 5.5.9 ©2000-2015 iText Group NV (AGPL-version); modified using iText® 5.5.9 ©2000-2015 iText Group NV (AGPL-version)" />
<meta name="pdf:docinfo:created" content="2018-03-15T20:41:28Z" />
<title></title>
</head>
<body><div class="page"><p />
<p> 
 
</p>
<p>Autos nº 1.33.001.000014/2017-73
 
 
</p>
<p> 
</p>
<p>PROMOÇÃO DE ARQUIVAMENTO
 
</p>
<p> 
</p>
<p>Trata-se de inquérito civil instaurado com base no Ofício-circular n. 10/2016/1ª
</p>
<p>CCR/MPF, no qual a 1ª Câmara de Coordenação e Revisão solicita atuação conjunta a fim de
</p>
<p>envidar esforços na elaboração de levantamento sobre a situação de mamógrafos no âmbito do
</p>
<p>SUS em todo o país.
 
</p>
<p>Neste desiderato foi expedido ofício ao Município de Apiúna requisitando que
</p>
<p>informasse quais unidades de saúde possuem mamógrafos registrados para operar
</p>
<p>pelo SUS, com quantos aparelhos e se estão em operação ou inoperantes,
</p>
<p>especificando-se eventual motivo da inoperabilidade ou se a quantidade de uso
</p>
<p>alcança a capacidade instalada, se em operação. Questionou-se ainda o número de
</p>
<p>profissionais habilitados para o manuseio dos aparelhos, o número de pacientes
</p>
<p>atendidos e a quantidade de mulheres que aguarda a realização do exame.
 
</p>
<p>Em resposta foi informado através do Ofício nº 9/2017 que o Município de
</p>
<p>Apiúna não possui mamógrafo, sendo as pacientes encaminhadas ao Município de Pomerode,
</p>
<p>conforme pactuação entre os entes. Afirmou-se ainda que são realizados em média 30 exames
</p>
<p>por mês, havendo 36 pessoas aguardando em lista de espera.
 
</p>
<p>Complementando aqueles dados por provocação ministerial, o Ofício nº 10/2017
</p>
<p>indicou que os agendamentos e a fila de espera para realização das mamografias são geridos
</p>
<p>PRM-BNU-SC-00004510/2017        
</p>
<p>MINISTÉRIO PÚBLICO FEDERAL
PROCURADORIA DA REPÚBLICA NO MUNICÍPIO DE BLUMENAU-SC
</p>
<p>PROCURADORIA DA REPUBLICA
NO MUNICIPIO DE BLUMENAU-
</p>
<p>SC
</p>
<p>Rua XV de Novembro, 1305, 10º andar, Centro - CEP 89010-915 - Blumenau-SC
Fone/Fax: (47) 3321-1700 - prsc-prmblumenau@mpf.mp.br
</p>
<p>Pág. 1 de 3</p>
<p />
</div>
<div class="page"><p />
<p>pelo Software denominado "Criador" e que os dados acerca deste procedimento alimentam o
</p>
<p>sistema SISCAN WEB, de informações sobre o câncer. Sinalizou, por fim, que em 2016 foram
</p>
<p>agendados 290 exames em mulheres com idade entre 50 e 69 anos, sendo que o tempo médio
</p>
<p>para o atendimento desde o pedido inicial até a data de agendamento gira em torno de 60 dias.
 
</p>
<p>Os autos possuem cunho estritamente apuratório e visam explicitar o acesso a
</p>
<p>exames de mamografia no âmbito do SUS.
 
</p>
<p>Da instrução verificou-se que no Município de Apiúna não há nenhum aparelho
</p>
<p>para realização de referido exame, sendo os pacientes encaminhados para o Município vizinho,
</p>
<p>conforme pactuação.
 
</p>
<p>Por sua vez, segundo registrado à fl.1, foi instaurado procedimento diverso para o
</p>
<p>levantamento dos dados pertinentes ao município vizinho, de Pomerode, tendo o respectivo
</p>
<p>expediente sido distribuído para o 3º Ofício desta Procuradoria da República.
 
</p>
<p>Outrossim, conclui-se que a demanda do Município de Apiúna é regularmente
</p>
<p>atendida no prazo máximo de 60 dias.
 
</p>
<p>Portanto, exaurido o objeto do presente expediente e inexistindo outras
</p>
<p>providências passíveis de serem adotadas por este Órgão Ministerial, promovo o arquivamento
</p>
<p>do presente inquérito civil independentemente de notificação da parte interessada, tendo em
</p>
<p>conta que a instauração deu-se de Ofício.
 
</p>
<p>Remetam-se os autos à 1ª Câmara de Coordenação e
</p>
<p>Revisão para os fins previstos no art.  9º, § 1º, da Lei nº 7.347/85 e no
</p>
<p>PRM-BNU-SC-00004510/2017        
</p>
<p>MINISTÉRIO PÚBLICO FEDERAL
PROCURADORIA DA REPÚBLICA NO MUNICÍPIO DE BLUMENAU-SC
</p>
<p>PROCURADORIA DA REPUBLICA
NO MUNICIPIO DE BLUMENAU-
</p>
<p>SC
</p>
<p>Rua XV de Novembro, 1305, 10º andar, Centro - CEP 89010-915 - Blumenau-SC
Fone/Fax: (47) 3321-1700 - prsc-prmblumenau@mpf.mp.br
</p>
<p>Pág. 2 de 3</p>
<p />
</div>
<div class="page"><p />
<p>art. 10, § 1º, da Resolução nº 23, do Conselho Nacional do Ministério
</p>
<p>Público.
 
</p>
<p> 
</p>
<p>Blumenau, 15 de março de 2018.
 
</p>
<p> 
</p>
<p>RAFAELLA ALBERICI DE BARROS GONCALVES
Procuradora da República
</p>
<p> 
 
</p>
<p>PRM-BNU-SC-00004510/2017        
</p>
<p>MINISTÉRIO PÚBLICO FEDERAL
PROCURADORIA DA REPÚBLICA NO MUNICÍPIO DE BLUMENAU-SC
</p>
<p>PROCURADORIA DA REPUBLICA
NO MUNICIPIO DE BLUMENAU-
</p>
<p>SC
</p>
<p>Rua XV de Novembro, 1305, 10º andar, Centro - CEP 89010-915 - Blumenau-SC
Fone/Fax: (47) 3321-1700 - prsc-prmblumenau@mpf.mp.br
</p>
<p>Pág. 3 de 3</p>
<p />
</div>
</body></html>