<?xml version="1.0" encoding="UTF-8"?>
<html xmlns="http://www.w3.org/1999/xhtml">
<head>
<meta name="pdf:PDFVersion" content="1.4" />
<meta name="pdf:docinfo:title" content="MANDADO DE SEGURANÇA Nº 2001" />
<meta name="xmp:CreatorTool" content="Writer" />
<meta name="access_permission:modify_annotations" content="true" />
<meta name="access_permission:can_print_degraded" content="true" />
<meta name="dc:creator" content="Procuradoria da República-MG" />
<meta name="tika_batch_fs:relative_path" content="76070920.pdf" />
<meta name="language" content="pt-BR" />
<meta name="dcterms:created" content="2017-03-14T16:42:26Z" />
<meta name="dc:format" content="application/pdf; version=1.4" />
<meta name="pdf:docinfo:creator_tool" content="Writer" />
<meta name="access_permission:fill_in_form" content="true" />
<meta name="pdf:encrypted" content="false" />
<meta name="dc:title" content="MANDADO DE SEGURANÇA Nº 2001" />
<meta name="Content-Length" content="128432" />
<meta name="X-TIKA:digest:MD5" content="e0b54fbfce9c90b2d715d6d405795bf0" />
<meta name="Content-Type" content="application/pdf" />
<meta name="pdf:docinfo:creator" content="Procuradoria da República-MG" />
<meta name="X-Parsed-By" content="org.apache.tika.parser.DefaultParser" />
<meta name="X-Parsed-By" content="org.apache.tika.parser.pdf.PDFParser" />
<meta name="creator" content="Procuradoria da República-MG" />
<meta name="dc:language" content="pt-BR" />
<meta name="meta:author" content="Procuradoria da República-MG" />
<meta name="meta:creation-date" content="2017-03-14T16:42:26Z" />
<meta name="created" content="Tue Mar 14 13:42:26 BRT 2017" />
<meta name="access_permission:extract_for_accessibility" content="true" />
<meta name="access_permission:assemble_document" content="true" />
<meta name="xmpTPg:NPages" content="3" />
<meta name="Creation-Date" content="2017-03-14T16:42:26Z" />
<meta name="resourceName" content="76070920.pdf" />
<meta name="access_permission:extract_content" content="true" />
<meta name="access_permission:can_print" content="true" />
<meta name="tika:file_ext" content="pdf" />
<meta name="Author" content="Procuradoria da República-MG" />
<meta name="producer" content="BrOffice.org 3.2" />
<meta name="access_permission:can_modify" content="true" />
<meta name="pdf:docinfo:producer" content="BrOffice.org 3.2" />
<meta name="pdf:docinfo:created" content="2017-03-14T16:42:26Z" />
<title>MANDADO DE SEGURANÇA Nº 2001</title>
</head>
<body><div class="page"><p />
<p>MINISTÉRIO PÚBLICO FEDERAL
PROCURADORIA DA REPÚBLICA EM MINAS GERAIS
</p>
<p>PP n° 1.22.000.000305/2017-55.
</p>
<p>DECISÃO
</p>
<p>1. Cuida-se de representação nos seguintes termos (fl. 03):
</p>
<p>“Compareceu nesta PR-MG o cidadão acima identificado, relatando o que  
</p>
<p>se segue: - Que trabalha como corretor de imóveis em BH e região; - Que, à  
</p>
<p>sua revelia, o CRECI-MG iniciou processo para cancelar sua inscrição no  
</p>
<p>Conselho;  -  que  tomou  conhecimento  deste  processo  somente  em  
</p>
<p>dezembro de 2016, uma vez que havia se mudado; - que o atual morador  
</p>
<p>de seu antigo endereço conseguiu lhe encontrar e repassar a comunicação  
</p>
<p>do CRECI-MG datada de 13/12/2016; - que está preocupado a respeito da  
</p>
<p>legalidade  e  legitimidade  do  processo,  uma  vez  que  não  tomou  
</p>
<p>conhecimento dos atos do mesmo; - que houve recurso negado, embora  
</p>
<p>sequer  tenha  tido  conhecimento  de  processo,  muito  menos  de  recurso  
</p>
<p>interposto  no  mesmo;  Solicitação:  Solicita  ao  MPF  que  intervenha  e  
</p>
<p>investigue os fatos, uma vez que o processo corre a sua revelia, e corre o  
</p>
<p>risco de prejuízo no exercício da profissão.”
</p>
<p>2.  O Conselho Regional  de Corretores de Imóveis de Minas 
</p>
<p>Gerais foi oficiado e prestou esclarecimentos às fls. 11/64.
</p>
<p>3. É o sucinto relatório.
</p>
<p>4.  Em  manifestação,  esclareceu  o  Conselho  Regional  de 
</p>
<p>Corretores de Imóveis de Minas Gerais (fls. 11/64):
</p>
<p>“(...) 3. O Sr. Daniel Geraldo Rodrigues (CRECI 3451) inscreveu-se nos quadros  
</p>
<p>do CRECI/MG em data de 27/07/78, após o atendimento de todas as formalidades  
</p>
<p>legais,  e,  desde  aquela  época,  tornou-se  sabedor  das  obrigações  e  deveres 
</p>
<p>assumidos com a inscrição, dentre eles a obediência às regras da Lei n° 6.53078,  
</p>
<p>H:\Laene\TUTELA COLETIVA\DESPACHOS\NF 1.22.000.000305-2017-55\arquivamento CRECI cancelamento de inscrição ausência de ilegalidade-
irregularidade (Andréa).doc                                                                        1</p>
<p />
</div>
<div class="page"><p />
<p>MINISTÉRIO PÚBLICO FEDERAL
PROCURADORIA DA REPÚBLICA EM MINAS GERAIS
</p>
<p>do  Decreto  n°  81.871/78  e  do  Código  de  Ética  Profissional  dos  Corretores  de  
</p>
<p>Imóveis.
</p>
<p>O  Código  de  Ética  Profissional  dos  Corretores  de  Imóveis  foi  aprovado  
</p>
<p>através da Resolução-COFECI n° 326/92, e entrou em vigor em 08/07/1992, e tem  
</p>
<p>por objetivo fixar a forma pela qual deve se conduzir o Corretor de Imóveis, quando  
</p>
<p>no exercício profissional. (..)
</p>
<p>Quando a autuação é fundamentada em infração referente a inadimplência  
</p>
<p>para  com  o  pagamento  de  anuidades,  como  no  caso  do  Sr.  Daniel  Geraldo  
</p>
<p>Rodrigues, opinando a Assessoria Jurídica pelo prosseguimento do feito, antes de  
</p>
<p>distribuir  o  processo  à  Comissão  de  Ética  e  Fiscalização  Profissional  para  
</p>
<p>julgamento (artigo 25 CPD), o Presidente do CRECI profere nos autos despacho no  
</p>
<p>sentido  de  determinar  que  seja  expedida  correspondência,  com  Aviso  de  
</p>
<p>Recebimento, ao profissional autuado, dando-lhe ciência dos termos do processo e  
</p>
<p>instando-o a efetuar o pagamento do débito apurado no prazo de 15 (quinze) dias  
</p>
<p>contado do recebimento respectivo, ou, no mesmo prazo, apresentar a defesa que  
</p>
<p>tiver. Tudo consoante o previsto no artigo 2° e seu paragrafo único, do ATO CRECI -  
</p>
<p>4; REGIÃO/MG N° OO1/2031. (…)
</p>
<p>4. Salientamos que o processamento supracitado foi observado nos autos do  
</p>
<p>Processo Administrativo Disciplinar  (PAD) n°  027289/13,  movido  em face do  Sr.  
</p>
<p>Daniel Geraldo Rodrigues, tudo consoante comprova a documentação anexa (cópia  
</p>
<p>integral do PAD).
</p>
<p>Ainda, esclarecemos que o Auto de Infração n° 027289, que fundamenta o  
</p>
<p>supracitado PAD, foi assinado pelo Sr. Daniel Geraldo Rodrigues, que recebeu a 
</p>
<p>segunda via do documento no local da autuação. Portanto, inverídica é a alegação 
</p>
<p>de desconhecimento do processo.
</p>
<p>Também,  esclarecemos  que  em  momento  algum  o  Sr.  Daniel  Geraldo  
</p>
<p>Rodrigues  comunicou/solicitou  alteração  dos  seus  endereços  ao  CRECI/MG,  
</p>
<p>reputando-se,  portanto,  válida  as  notificações/ofícios  entregues  nos  endereços  
</p>
<p>cadastrados  junto  ao  Regional.  Ou  seja,  as  correspondências  pertinentes  foram  
</p>
<p>entregues nos endereços fornecidos ao Regional pelo próprio profissional, cabendo 
</p>
<p>a este manter seus dados cadastrais atualizados. (...)”
</p>
<p>5.  No caso em apreço, não há que se falar em ilegalidade, já 
</p>
<p>que,  a  primeira  vista,  não  se  observa  quaisquer  irregularidades  as  quais 
</p>
<p>poderiam viciar o processo administrativo disciplinar.
</p>
<p>H:\Laene\TUTELA COLETIVA\DESPACHOS\NF 1.22.000.000305-2017-55\arquivamento CRECI cancelamento de inscrição ausência de ilegalidade-
irregularidade (Andréa).doc                                                                        2</p>
<p />
</div>
<div class="page"><p />
<p>MINISTÉRIO PÚBLICO FEDERAL
PROCURADORIA DA REPÚBLICA EM MINAS GERAIS
</p>
<p>6. Ademais,  trata-se o presente caso de interesse individual, 
</p>
<p>para  cuja  defesa  em  juízo  o  Ministério  Público  Federal  não  dispõe  de 
</p>
<p>legitimidade  ad  causam ativa.  Caso  o  representante  pretenda  levar  sua 
</p>
<p>pretensão  ao  exame  do  Poder  Judiciário,  deverá  fazê-lo  mediante  a 
</p>
<p>competente ação individual, representado por advogado ou, se não dispor de 
</p>
<p>recursos para contratar um, assistido pela Defensoria Pública da União.  De 
</p>
<p>qualquer  sorte,  o  Ministério  Público  Federal,  por  zelo,  cuidou de diligenciar 
</p>
<p>perante o Conselho Regional de Corretores de Imóveis de Minas Gerais. Ante 
</p>
<p>o exposto, determino o arquivamento deste inquérito civil.
</p>
<p>7. Cientifique-se o representante acerca da presente decisão 
</p>
<p>de arquivamento, nos termos do art. 17, §§ 1º e 3º, da Resolução 87/2010 do 
</p>
<p>Conselho Superior do Ministério Público Federal, informando-lhe que, no prazo 
</p>
<p>de 15 dias, poderá apresentar, caso queira, razões escritas ou documentos, 
</p>
<p>para a apreciação da 1ª Câmara de Coordenação e Revisão, os quais poderão 
</p>
<p>ser protocolizados nesta Procuradoria da República em Minas Gerais. 
</p>
<p>8. Acautelem-se os autos em secretaria pelo prazo máximo de 
</p>
<p>30 dias à espera de eventual manifestação do representante. Transcorrido este 
</p>
<p>prazo,  faça-se  nova  conclusão  dos  autos,  para  fim  de  exame  da  eventual 
</p>
<p>manifestação do representante ou elaboração do ofício de encaminhamento do 
</p>
<p>feito à 1ª Câmara de Coordenação e Revisão. 
</p>
<p>Belo Horizonte, 13 de março de 2017.
</p>
<p>LAENE PEVIDOR LANÇA
                          PROCURADORA DA REPÚBLICA                           
</p>
<p>H:\Laene\TUTELA COLETIVA\DESPACHOS\NF 1.22.000.000305-2017-55\arquivamento CRECI cancelamento de inscrição ausência de ilegalidade-
irregularidade (Andréa).doc                                                                        3</p>
<p />
</div>
<ul>	<li>LAENE PEVIDOR LANÇA</li>
	<li>                          PROCURADORA DA REPÚBLICA                           </li>
</ul>
</body></html>