<?xml version="1.0" encoding="UTF-8"?>
<html xmlns="http://www.w3.org/1999/xhtml">
<head>
<meta name="pdf:PDFVersion" content="1.4" />
<meta name="xmp:CreatorTool" content="Writer" />
<meta name="access_permission:modify_annotations" content="true" />
<meta name="access_permission:can_print_degraded" content="true" />
<meta name="tika_batch_fs:relative_path" content="76185801.pdf" />
<meta name="language" content="pt-BR" />
<meta name="dcterms:created" content="2017-05-05T16:17:14Z" />
<meta name="dc:format" content="application/pdf; version=1.4" />
<meta name="pdf:docinfo:creator_tool" content="Writer" />
<meta name="access_permission:fill_in_form" content="true" />
<meta name="pdf:encrypted" content="false" />
<meta name="Content-Length" content="118537" />
<meta name="X-TIKA:digest:MD5" content="57b8ffb84093401a0f575bd5c7a31c62" />
<meta name="Content-Type" content="application/pdf" />
<meta name="X-Parsed-By" content="org.apache.tika.parser.DefaultParser" />
<meta name="X-Parsed-By" content="org.apache.tika.parser.pdf.PDFParser" />
<meta name="dc:language" content="pt-BR" />
<meta name="meta:creation-date" content="2017-05-05T16:17:14Z" />
<meta name="created" content="Fri May 05 13:17:14 BRT 2017" />
<meta name="access_permission:extract_for_accessibility" content="true" />
<meta name="access_permission:assemble_document" content="true" />
<meta name="xmpTPg:NPages" content="2" />
<meta name="Creation-Date" content="2017-05-05T16:17:14Z" />
<meta name="resourceName" content="76185801.pdf" />
<meta name="access_permission:extract_content" content="true" />
<meta name="access_permission:can_print" content="true" />
<meta name="tika:file_ext" content="pdf" />
<meta name="producer" content="LibreOffice 4.3" />
<meta name="access_permission:can_modify" content="true" />
<meta name="pdf:docinfo:producer" content="LibreOffice 4.3" />
<meta name="pdf:docinfo:created" content="2017-05-05T16:17:14Z" />
<title></title>
</head>
<body><div class="page"><p />
<p>MINISTÉRIO PÚBLICO FEDERAL
PROCURADORIA DA REPÚBLICA NO MUNICÍPIO DE GURUPI
</p>
<p>Procedimento Preparatório nº 1.36.002.000027/2017-21
</p>
<p>PROMOÇÃO DE ARQUIVAMENTO
</p>
<p>Trata-se  de  representação  formulada  por  Odair  Palumbo Fogo,
</p>
<p>pecuarista, proprietário da Fazenda Brejo do Rancho, zona rural, do Município
</p>
<p>de  Crixás  do Tocantins/TO,  noticiando a  demora  da instalação  de  Unidade
</p>
<p>Consumidora de Energia em sua propriedade, requerida em 2010 à Celtins
</p>
<p>(atual Energisa), sob a égide do Programa “Luz Para Todos”.
</p>
<p>Ocorre que a Energisa Distribuidora de Energia S/A esclareceu,
</p>
<p>via  ofício  de  fl.  12,  que  a  Resolução  ANEEL  nº  1.994  fixou  o  prazo  de
</p>
<p>atendimento para Crixás do Tocantins/TO para a data limite de dezembro de
</p>
<p>2018.  Assim,  apresentou  algumas  alternativas  ao  usuário:  a)  aguardar  o
</p>
<p>prazo;  b)  adiantar  recursos  para  a  distribuidora  executar  as  obras  e  ser
</p>
<p>restituído; c) executar as obras mediante terceiro habilitado e ser ressarcido.
</p>
<p>Ademais, verifica-se a existência da  Ação Civil Pública nº 4183-
</p>
<p>59.2014.4.01.4300, de âmbito regional, ajuizada pela DPU e DPE/TO em face
</p>
<p>da União, ANEEL, Eletrobrás, Eletronorte e Celtins (Energisa), com o objetivo
</p>
<p>de agilizar e efetivar a implantação do Programa “Luz para Todos” no
</p>
<p>Estado do Tocantins. Na referida ação, o MPF atua como custos legis.
</p>
<p>1
PROCURADORIA DA REPÚBLICA NO MUNICÍPIO DE GURUPI / TO
</p>
<p>Rua Deputado José de Assis ( Rua 10 ), nº.1531, Quadra 17, Lote 16A 
Centro, Gurupi / TO, CEP: 77405-160, tel (63) 3312-0706</p>
<p />
</div>
<div class="page"><p />
<p>MINISTÉRIO PÚBLICO FEDERAL
PROCURADORIA DA REPÚBLICA NO MUNICÍPIO DE GURUPI
</p>
<p>Dessa  forma,  não  há  justificativa  para  dar  continuidade  às
</p>
<p>investigações neste expediente, pois, como se comprova em anexo, além de
</p>
<p>vigente o prazo legal para a instalação da Unidade Consumidora de
</p>
<p>Energia (objeto do PP), a questão da demora na execução do Programa
</p>
<p>“Luz  Para  Todos”  está  judicializada e  sendo  acompanhada  pelo
</p>
<p>Ministério Público Federal na condição de fiscal da lei.
</p>
<p>Ante o exposto, o MINISTÉRIO PÚBLICO FEDERAL promove o
</p>
<p>ARQUIVAMENTO do presente procedimento preparatório.
</p>
<p>Comunique-se o representante para tomar ciência da íntegra do
</p>
<p>determinado,  informando-o sobre  a  possibilidade de  apresentar  recurso  no
</p>
<p>prazo de 10 (dez) dias.
</p>
<p>Remetam-se os autos à 1ª CCR, para fins de controle, na forma
</p>
<p>do disposto no art. 62, IV, da Lei Complementar nº 75/93 e do art. 17, § 2º,
</p>
<p>da Resolução nº 87/2010 do Conselho Superior do Ministério Público Federal.
</p>
<p>Promovam-se as anotações no Sistema Único e na Secretaria.
</p>
<p>Após, arquivem-se os autos.
</p>
<p>Gurupi/TO, 03 de maio de 2017.
</p>
<p>MARCELO JOSÉ DA SILVA
Procurador da República
</p>
<p>2
PROCURADORIA DA REPÚBLICA NO MUNICÍPIO DE GURUPI / TO
</p>
<p>Rua Deputado José de Assis ( Rua 10 ), nº.1531, Quadra 17, Lote 16A 
Centro, Gurupi / TO, CEP: 77405-160, tel (63) 3312-0706</p>
<p />
</div>
</body></html>