<?xml version="1.0" encoding="UTF-8"?>
<html xmlns="http://www.w3.org/1999/xhtml">
<head>
<meta name="pdf:PDFVersion" content="1.4" />
<meta name="xmp:CreatorTool" content="Writer" />
<meta name="access_permission:modify_annotations" content="true" />
<meta name="access_permission:can_print_degraded" content="true" />
<meta name="tika_batch_fs:relative_path" content="76328494.pdf" />
<meta name="language" content="pt-BR" />
<meta name="dcterms:created" content="2017-04-05T14:01:11Z" />
<meta name="dc:format" content="application/pdf; version=1.4" />
<meta name="pdf:docinfo:creator_tool" content="Writer" />
<meta name="access_permission:fill_in_form" content="true" />
<meta name="pdf:encrypted" content="false" />
<meta name="Content-Length" content="91744" />
<meta name="X-TIKA:digest:MD5" content="29e990f0230c7254a3ea63027811e0d6" />
<meta name="Content-Type" content="application/pdf" />
<meta name="X-Parsed-By" content="org.apache.tika.parser.DefaultParser" />
<meta name="X-Parsed-By" content="org.apache.tika.parser.pdf.PDFParser" />
<meta name="dc:language" content="pt-BR" />
<meta name="meta:creation-date" content="2017-04-05T14:01:11Z" />
<meta name="created" content="Wed Apr 05 11:01:11 BRT 2017" />
<meta name="access_permission:extract_for_accessibility" content="true" />
<meta name="access_permission:assemble_document" content="true" />
<meta name="xmpTPg:NPages" content="3" />
<meta name="Creation-Date" content="2017-04-05T14:01:11Z" />
<meta name="resourceName" content="76328494.pdf" />
<meta name="access_permission:extract_content" content="true" />
<meta name="access_permission:can_print" content="true" />
<meta name="tika:file_ext" content="pdf" />
<meta name="producer" content="LibreOffice 3.6" />
<meta name="access_permission:can_modify" content="true" />
<meta name="pdf:docinfo:producer" content="LibreOffice 3.6" />
<meta name="pdf:docinfo:created" content="2017-04-05T14:01:11Z" />
<title></title>
</head>
<body><div class="page"><p />
<p>MINISTÉRIO PÚBLICO FEDERAL
PROCURADORIA DA REPÚBLICA NO CEARÁ
</p>
<p>9º OFÍCIO
</p>
<p>PROMOÇÃO DE ARQUIVAMENTO
</p>
<p>DESPACHO Nº  42 /  2017 – PRCE/MPF
</p>
<p>Ref.  P.P. Nº 1.15.000.000391/2017-31
</p>
<p>O  procedimento  em  referência  foi  instaurado  em  face  de
</p>
<p>representação  formulada  por  Ana  Beatr iz  Cordeiro  Prates,  na  qual
</p>
<p>menciona possível falha no processo selet ivo do SISU para ingresso no
</p>
<p>segundo  semestre  do  curso  de  medicina  da  Universidade  Federal  no
</p>
<p>Ceará – UFC.
</p>
<p>Consoante  representação,  ao  se  inscrever  no  SISU,  a
</p>
<p>representante  optou  pela  Universidade  Federal  no  Ceará,  tendo  em
</p>
<p>vista que, de acordo com sua posição divulgada no período de inscrição
</p>
<p>(entre  as  posições  108ª  e  115ª),  permit ir ia  sua  matrícula  no  segundo
</p>
<p>semestre do curso de medicina da UFC,  posto  que foram ofertadas 160
</p>
<p>vagas  de  l ivre  concorrência  (80  para  o  primeiro  semestre  e  80  para  o
</p>
<p>segundo semestre),  seguindo a ordem de classi f icação.
</p>
<p>Entretanto,  ao  ser  divulgada  a  primeira  chamada  para
</p>
<p>matrícula,  mesmo ocupando a posição 109ª,  seu nome não constava na
</p>
<p>lista dos 160 convocados.
</p>
<p>Informou,  ainda,  que  entrou  em  contato  com  a
</p>
<p>Universidade,  por  meio  de  e-mail  encaminhado  à  pró-reitor ia  de
</p>
<p>graduação,  obtendo  resposta  no  dia  30  de  janeiro,  na  qual  fo i
</p>
<p>“rat i f icado  que  as  informações  necessárias  são  aquelas  constantes  no
</p>
<p>site”.
</p>
<p>Para  maiores  informações,  foi  of iciado  à  not iciante
</p>
<p>1</p>
<p />
</div>
<div class="page"><p />
<p>solici tando   que  encaminhasse  a  cópia  dos  e-mails  trocados  com  a
</p>
<p>UFC.
</p>
<p>Contudo,  passado  o  prazo  estabelecido  pelo  MPF,  a
</p>
<p>not iciante  se  mostrou  inerte,  não  nos  encaminhando  qualquer
</p>
<p>informação  complementar  que  pudesse  esclarecer  os  termos  da
</p>
<p>representação.
</p>
<p>Para  uma  avaliação  adequada  da  manifestação,  deveria  a
</p>
<p>representante  ter  colacionado  documentos  que  comprovassem  os  fatos
</p>
<p>narrados  na  representação,  tais  como,  cópia  de  sua  classif icação,  do
</p>
<p>ranking  divulgado  pela  UFC,  ou  qualquer  documento  que  comprovasse
</p>
<p>que fora classi f icada dentro das vagas disponibi l izadas para o curso de
</p>
<p>medicina  da  Universidade.  Além  disso,  também  seria  importante  o
</p>
<p>acesso  aos  e-mails  trocados  com  a  UFC para  que  esclarecesse  se,  de
</p>
<p>fato,  ocorreu  falha  no  processo  selet ivo  do  SISU  para  ingresso  no
</p>
<p>segundo  semestre  do  curso  de  medicina  da  Universidade  Federal  no
</p>
<p>Ceará  –  UFC,  bem  como  a  qualquer  informação  prestada  pela  IES  à
</p>
<p>representante acerca dos termos da representação.
</p>
<p>Para  requisi tar  informações  da  UFC,  fazia-se  necessário
</p>
<p>que  a  representante  prestasse  os  esclarecimentos  mencionados,  ou
</p>
<p>completasse  minimamente  os  termos  da  representação,  consoante
</p>
<p>solici tado  no  ofício  nº  1546/2017-9º  Ofício/PRCE/MPF,  entregue  no
</p>
<p>endereço  por  ela  indicado  na  manifestação  no  dia  6.3.2017,  consoante
</p>
<p>informação constante no endereço eletrônico dos correios (em anexo).
</p>
<p>Desta  feita,  tendo  em  vista  as  imprecisas  alegações  e  a
</p>
<p>ausência  de  resposta  da  not iciante,  não  nos  encaminhando  nenhuma
</p>
<p>informação complementar,  que seria de fundamental  importância para o
</p>
<p>prosseguimento do procedimento preparatório em referência,  conclui-se
</p>
<p>por  inviabil izada  qualquer  apuração  e  coloca-se  em  dúvida  a
</p>
<p>plausibi l idade da notícia inicial.
</p>
<p>Ante  o  exposto,  considerando  que  as  informações
</p>
<p>constantes  da  manifestação  inicial  são  insuf icientes  para  apurar
</p>
<p>eventual irregularidade,  decido pelo  arquivamento  do feito e determino
</p>
<p>ao secretário do gabinete que: 
</p>
<p>2</p>
<p />
</div>
<div class="page"><p />
<p>-  informe ao not iciante sobre a presente decisão,
</p>
<p>part icipando-lhe  que terá o prazo de 10 dias para,
</p>
<p>querendo,  apresentar  recurso dir ig ido ao 9º Ofício,  o qual,
</p>
<p>em caso de não retratação,  será encaminhado à
</p>
<p>competente Câmara de Coordenação e Revisão para
</p>
<p>apreciação;
</p>
<p>-  após o prazo para recurso,  remeta os autos à 1ª Câmara
</p>
<p>de Coordenação e Revisão do Ministér io Público Federal
</p>
<p>para f ins de homologação;  
</p>
<p>-  adote as providências para publicação da presente
</p>
<p>decisão no Sít io da Procuradoria  da República no Estado
</p>
<p>do Ceará,  na internet.
</p>
<p>Fortaleza,  4 de abri l  de 2017.
</p>
<p>Marcelo Mesquita Monte
</p>
<p>Procurado da República
</p>
<p>3</p>
<p />
</div>
</body></html>