<?xml version="1.0" encoding="UTF-8"?>
<html xmlns="http://www.w3.org/1999/xhtml">
<head>
<meta name="pdf:PDFVersion" content="1.4" />
<meta name="xmp:CreatorTool" content="Writer" />
<meta name="access_permission:modify_annotations" content="true" />
<meta name="access_permission:can_print_degraded" content="true" />
<meta name="tika_batch_fs:relative_path" content="76411209.pdf" />
<meta name="language" content="pt-BR" />
<meta name="dcterms:created" content="2018-08-02T21:46:12Z" />
<meta name="dc:format" content="application/pdf; version=1.4" />
<meta name="pdf:docinfo:creator_tool" content="Writer" />
<meta name="access_permission:fill_in_form" content="true" />
<meta name="pdf:encrypted" content="false" />
<meta name="Content-Length" content="74820" />
<meta name="X-TIKA:digest:MD5" content="bde9d9b6c195439878eca399419884c2" />
<meta name="Content-Type" content="application/pdf" />
<meta name="X-Parsed-By" content="org.apache.tika.parser.DefaultParser" />
<meta name="X-Parsed-By" content="org.apache.tika.parser.pdf.PDFParser" />
<meta name="dc:language" content="pt-BR" />
<meta name="meta:creation-date" content="2018-08-02T21:46:12Z" />
<meta name="created" content="Thu Aug 02 18:46:12 BRT 2018" />
<meta name="access_permission:extract_for_accessibility" content="true" />
<meta name="access_permission:assemble_document" content="true" />
<meta name="xmpTPg:NPages" content="3" />
<meta name="Creation-Date" content="2018-08-02T21:46:12Z" />
<meta name="resourceName" content="76411209.pdf" />
<meta name="access_permission:extract_content" content="true" />
<meta name="access_permission:can_print" content="true" />
<meta name="tika:file_ext" content="pdf" />
<meta name="producer" content="LibreOffice 6.0" />
<meta name="access_permission:can_modify" content="true" />
<meta name="pdf:docinfo:producer" content="LibreOffice 6.0" />
<meta name="pdf:docinfo:created" content="2018-08-02T21:46:12Z" />
<title></title>
</head>
<body><div class="page"><p />
<p>MINISTÉRIO PÚBLICO FEDERAL
PROCURADORIA DA REPÚBLICA NO MUNICÍPIO DE UBERABA
</p>
<p>GABINETE DO 1º OFÍCIO
PRM-URA-MG-___________/2018
</p>
<p>INQUÉRITO CIVIL PÚBLICO Nº 1.22.002.000064-2017-24
</p>
<p>A R Q U I V A M E N T O
</p>
<p>Trata-se  de  inquérito  civil  público  instruído  com
</p>
<p>representações relativas ao concurso da Universidade Federal  do Triângulo
</p>
<p>Mineiro – UFTM, regido pelo Edital nº 45/2016, cujas provas aconteceram em
</p>
<p>13-11-2016, nas cidades de UBERABA e ITURAMA.
</p>
<p>As reclamações feitas por VANESSA BENTO SIQUEIRA
</p>
<p>(f. 04) e WALTER DE ASSIS VALLIM NETO (f. 27/28) referem-se à aplicação
</p>
<p>da prova ocorrida na cidade de ITURAMA – MG, na sala 18, da Faculdade
</p>
<p>Aldete Maria Alves – FAMA e foram no seguinte sentido:
</p>
<p>I – o pacote de provas não estava lacrado da maneira correta;
</p>
<p>II  –  que  o  representa  da  CETRO,  empresa  responsável  pelo
</p>
<p>concurso, garantiu que o pacote de provas não havia sido violado;
</p>
<p>III – que o fato foi registrado na ata da prova;
</p>
<p>IV – que o incidente atrasou a prova em 25 minutos;
</p>
<p>V – que não foi permitido tirar fotos do envelope de provas.
</p>
<p>PROCURADORIA DA REPÚBLICA EM UBERABA
Av. Gabriela Castro Cunha, 340 – Vila Olímpica – Uberaba/MG – CEP 38066-000
PABX: (34) 3319-7900   |   Fax: (34) 3319-7940   |   E-mail: PRMG-URA@mpf.mp.br
http://www.prmg.mpf.mp.br/uberaba
</p>
<p>O:\URA\Gabinete\DR.  FELIPE\2018\EXPEDIENTE\DESPACHO\1ª  CCR  (Fiscalização  de  Atos  Administrativos)\0725_JIO_1.22.002.000064-2017-
24_UFTM_CONCURSO_EDITAL 45-2016_ARQUIVAMENTO.odt</p>
<p />
</div>
<div class="page"><p />
<p>MINISTÉRIO PÚBLICO FEDERAL
PROCURADORIA DA REPÚBLICA NO MUNICÍPIO DE UBERABA
GABINETE DO 1º OFÍCIO
</p>
<p>Já a reclamação feita por AUGUSTO SILVA SOUZA (f. 25/v), bem
</p>
<p>como as reclamações sigilosas de f. 19 e 22, dizem respeito à aplicação das provas em
</p>
<p>Uberaba (no campus II, da Universidade de Uberaba, e no Centro Educacional da UFTM)
</p>
<p>e deram-se no seguinte sentido:
</p>
<p>I – o lacre do envelope de provas estava rompido, cerca de 15 cm, o que
</p>
<p>permitiria a retirada de provas do envelope;
</p>
<p>II – que o fato foi registrado na ata da prova;
</p>
<p>III – que, apesar da abertura de 15 cm, nenhuma prova estava faltando ou
</p>
<p>estava amassada.
</p>
<p>Oficiou-se à UFTM, solicitando informações sobre os fatos ocorridos
</p>
<p>em ITURAMA (f. 07).
</p>
<p>Em atendimento, a UFTM afirmou que o concurso se deu com lisura
</p>
<p>e imparcialidade; que antes dos pacotes de provas serem entregues nas salas de aula, os
</p>
<p>malotes que os abrigavam foram abertos na presença de três candidatos, que assinaram
</p>
<p>o “termo de abertura de malotes”, e não detectaram qualquer irregularidade; que não foi
</p>
<p>permitido o uso de aparelhos eletrônicos na sala de provas, tal como previsto no edital, o
</p>
<p>que impossibilitou a realização de fotos e gravações do ocorrido; que o fato foi registrado
</p>
<p>na ata da prova; que as provas são nominais e individuais e que nenhuma prova estava
</p>
<p>faltando do pacote; que o início das provas com atraso é acontecimento corriqueiro nos
</p>
<p>concursos públicos, e que não prejudicou o desenvolvimento do concurso (f. 09/10).
</p>
<p>Atas das provas às f. 11/14.
</p>
<p>É a síntese dos autos.
</p>
<p>Da análise do que foi apurado, verifica-se que a lacração defeituosa
</p>
<p>dos envelopes de provas não configura acontecimento capaz de prejudicar a lisura do</p>
<p />
</div>
<div class="page"><p />
<p>MINISTÉRIO PÚBLICO FEDERAL
PROCURADORIA DA REPÚBLICA NO MUNICÍPIO DE UBERABA
GABINETE DO 1º OFÍCIO
</p>
<p>concurso regido pelo Edital  nº 45/2016/UFTM, independentemente de onde tenha sido
</p>
<p>aplicada a prova (Iturama ou Uberaba).
</p>
<p>Como bem explicado pela UFTM, os malotes contendo os pacotes
</p>
<p>de prova foram abertos poucos minutos antes da realização dos exames, na presença de
</p>
<p>três candidatos, e nada de irregular foi detectado. Percebe-se que, se alguma prova fosse
</p>
<p>retirada  dos pacotes,  não  daria  tempo para  que a  mesma fosse  repassada  a  algum
</p>
<p>candidato mal intencionado, visto que todos eles já se achavam alocados nas salas de
</p>
<p>provas.
</p>
<p>Ademais,  não  havia  prova  amassada  e  nenhuma  prova  estava
</p>
<p>faltando.
</p>
<p>Assim, tenho como válidas, verídicas e suficientes as informações
</p>
<p>prestadas pela UFTM, inclusive no que toca às provas realizadas na cidade de Uberaba.
</p>
<p>E por não considerar presentes quaisquer irregularidades ou ilegalidades, decido:
</p>
<p>I – arquive-se   o feito  ;
II - oficie-se aos representantes (f. 04, 19, 22, 25, 27 e 28) remetendo-lhes
cópia desta decisão e informando-os de que poderão oferecer razões de
recurso,  até  que  este  “arquivamento”  seja  apreciado pela  1ª  Câmara  de
Coordenação e Revisão do MPF;
III  – remeta-se o feito à 1ª CCR, rogando pela homologação da presente
decisão.
</p>
<p>Cumpra-se
</p>
<p>Uberaba, 25 de julho de 2018.
</p>
<p>FELIPE AUGUSTO DE BARROS CARVALHO PINTO
Procurador da República</p>
<p />
</div>
</body></html>