<?xml version="1.0" encoding="UTF-8"?>
<html xmlns="http://www.w3.org/1999/xhtml">
<head>
<meta name="pdf:PDFVersion" content="1.4" />
<meta name="xmp:CreatorTool" content="Writer" />
<meta name="access_permission:modify_annotations" content="true" />
<meta name="access_permission:can_print_degraded" content="true" />
<meta name="tika_batch_fs:relative_path" content="76413266.pdf" />
<meta name="language" content="pt-BR" />
<meta name="dcterms:created" content="2017-09-12T18:07:08Z" />
<meta name="dc:format" content="application/pdf; version=1.4" />
<meta name="pdf:docinfo:creator_tool" content="Writer" />
<meta name="access_permission:fill_in_form" content="true" />
<meta name="pdf:encrypted" content="false" />
<meta name="Content-Length" content="180252" />
<meta name="X-TIKA:digest:MD5" content="5dd6938c42df90a50c8b0e2514c70260" />
<meta name="Content-Type" content="application/pdf" />
<meta name="X-Parsed-By" content="org.apache.tika.parser.DefaultParser" />
<meta name="X-Parsed-By" content="org.apache.tika.parser.pdf.PDFParser" />
<meta name="dc:language" content="pt-BR" />
<meta name="meta:creation-date" content="2017-09-12T18:07:08Z" />
<meta name="created" content="Tue Sep 12 15:07:08 BRT 2017" />
<meta name="access_permission:extract_for_accessibility" content="true" />
<meta name="access_permission:assemble_document" content="true" />
<meta name="xmpTPg:NPages" content="3" />
<meta name="Creation-Date" content="2017-09-12T18:07:08Z" />
<meta name="resourceName" content="76413266.pdf" />
<meta name="access_permission:extract_content" content="true" />
<meta name="access_permission:can_print" content="true" />
<meta name="tika:file_ext" content="pdf" />
<meta name="producer" content="OpenOffice.org 3.2" />
<meta name="access_permission:can_modify" content="true" />
<meta name="pdf:docinfo:producer" content="OpenOffice.org 3.2" />
<meta name="pdf:docinfo:created" content="2017-09-12T18:07:08Z" />
<title></title>
</head>
<body><div class="page"><p />
<p>MINISTÉRIO PÚBLICO FEDERAL
Procuradoria da República no Município de Marabá
</p>
<p>Procedimento Preparatório nº 1.23.001.000204/2017-37
</p>
<p>PROMOÇÃO DE ARQUIVAMENTO
</p>
<p>1. Trata-se  de  procedimento  preparatório  instaurado  em  virtude  de 
</p>
<p>representação  sigilosa  requerendo  a  fiscalização  do  CONSELHO  REGIONAL  DE 
</p>
<p>ENFERMAGEM DO PARÁ (COREN-PA) diante das seguintes supostas irregularidades:  a) 
</p>
<p>clínicas de diagnóstico e internação sem a presença de enfermeiros durante todo o tempo de 
</p>
<p>funcionamento, sem o quantitativo dos profissionais de enfermagem e sem a assinatura de 
</p>
<p>responsabilidade  técnica;  b)  ausência  de  enfermeiros  em unidades  de  transporte  terrestre 
</p>
<p>(SAMU e ambulâncias brancas).
</p>
<p>2. Segundo o representante, tais irregularidades violariam a Lei 7.498/86, 
</p>
<p>que dispõe sobre a regulamentação do exercício de enfermagem, bem como outras resoluções 
</p>
<p>do Conselho Federal de Enfermagem.
</p>
<p>3. Cita as seguintes clínicas como violadoras das referidas normas: São 
</p>
<p>Lucas, Reunidas, Incor, Dialises Renal e Santa Terezinha.
</p>
<p>4. Às fls.  31-31v,  o  COREN-PA informou  o  período  em  que  serão 
</p>
<p>realizadas fiscalizações nas Clínicas São Lucas, Reunidas,  Incor e  Santa Terezinha: 24/08 a 
</p>
<p>01/09/2017. 
</p>
<p>5. Quanto  à  Clínica  de  Diálise  Renal,  afirmou  que  esta  recebeu 
</p>
<p>fiscalização  em  maio/2016  e  sanou  as  irregularidades  encontradas,  comprovando  a 
</p>
<p>contratação de enfermeiro e o requerimento da ART.
</p>
<p>6. Quanto à ausência de enfermeiros em unidades de transporte terrestre 
</p>
<p>Avenida Espírito Santo, nº 298-B, Bairro Amapá – Marabá/PA
CEP 68502-030 – Tels. (94) 3312-1500 – www.mpf.mp.br/pa 1</p>
<p />
</div>
<div class="page"><p />
<p>(SAMU e ambulâncias brancas),  informou a presença de enfermeiros, nesse caso, não seria 
</p>
<p>exigível diante da suspensão da Resolução Cofen 375/2011 por decisão judicial.
</p>
<p>7. Por fim, informou  os relatórios de fiscalização seriam encaminhados 
</p>
<p>para conhecimento desta Procuradoria da República.
</p>
<p>8. É o relatório.
</p>
<p>9. Inicialmente, ressalte-se que o pedido do representante, que deu início 
</p>
<p>ao  presente  procedimento, restringe-se à  solicitação  para  que  o  COREN-PA  realize 
</p>
<p>fiscalização/regularização dessas supostas irregularidades.  Não são denunciadas, a princípio, 
</p>
<p>irregularidades na fiscalização por parte do COREN-PA que pudessem representar omissões 
</p>
<p>no  exercício  de  deveres  daquele  conselho  profissional.  As  informações  prestadas  pelo 
</p>
<p>COREN-PA, acima relatadas, corroboram a inexistência de falhas na fiscalização, por ora.
</p>
<p>10. A  representação,  inclusive,  é    extremamente   genérica   quanto  à 
</p>
<p>ausência  de  enfermeiros  em diversas  clínicas/ambulâncias,  bem como quanto  a  eventuais 
</p>
<p>prejuízos à prestação dos serviços públicos de saúde.
</p>
<p>11. Ressalte-se, ainda, que a alegação de que não seria exigível  a presença 
</p>
<p>de  enfermeiros  nas  ambulâncias, diante  da  suspensão  da  Resolução  Cofen  375/2011  por 
</p>
<p>decisão  judicial,  encontra  amparo  na  decisão  prolatada  na  Ação  Civil  Pública  38716-
</p>
<p>28.2014.4.01.3400, ajuizada pelo MPF contra o Conselho Federal de Enfermagem – COFEN, 
</p>
<p>em trâmite da Seção Judiciária do Distrito Federal (cópia anexa).
</p>
<p>12. Assim, não há motivos que justifiquem o prosseguimento do presente 
</p>
<p>apuratório,  visto  que  não  cabe  ao  Ministério  Público servir  de  órgão  intermediador  para 
</p>
<p>solicitar fiscalizações pelas entidades competentes para tanto quando sequer se evidencia sua 
</p>
<p>omissão, como no caso em apreço.
</p>
<p>13. Por fim, esclareça-se que o COREN-PA informou que os respectivos 
</p>
<p>relatórios  de  fiscalização  seriam encaminhados  a  este  Ministério  Público  Federal.  Assim, 
</p>
<p>somente na eventualidade de tais relatórios evidenciarem as irregularidades mencionadas e o 
</p>
<p>prejuízo aos serviços públicos de saúde abrangidos pelas atribuições do Ministério Público 
</p>
<p>Federal, haverá justa causa para a instauração de procedimento apuratório nesta Procuradoria 
</p>
<p>da República.
</p>
<p>14. Diante  do exposto,  promovo  o  ARQUIVAMENTO  dos  presentes 
</p>
<p>Avenida Espírito Santo, nº 298-B, Bairro Amapá – Marabá/PA
CEP 68502-030 – Tels. (94) 3312-1500 – www.mpf.mp.br/pa 2</p>
<p />
</div>
<div class="page"><p />
<p>autos,  determinando,  com as homenagens de estilo,  seja o feito  remetido à 1ª  Câmara de 
</p>
<p>Coordenação e Revisão do Ministério Público Federal para seu exame, deliberação e, se for o 
</p>
<p>caso, homologação.
</p>
<p>15. Cientifique-se o representante.
</p>
<p>Marabá, 1º de setembro de 2017.
</p>
<p>MANOELA LOPES LAMENHA LINS CAVALCANTE
Procuradora da República
</p>
<p>Avenida Espírito Santo, nº 298-B, Bairro Amapá – Marabá/PA
CEP 68502-030 – Tels. (94) 3312-1500 – www.mpf.mp.br/pa 3</p>
<p />
</div>
</body></html>