<?xml version="1.0" encoding="UTF-8"?>
<html xmlns="http://www.w3.org/1999/xhtml">
<head>
<meta name="date" content="2017-06-08T19:51:22Z" />
<meta name="pdf:PDFVersion" content="1.4" />
<meta name="access_permission:modify_annotations" content="true" />
<meta name="access_permission:can_print_degraded" content="true" />
<meta name="tika_batch_fs:relative_path" content="76579954.pdf" />
<meta name="dcterms:created" content="2017-06-08T19:51:22Z" />
<meta name="Last-Modified" content="2017-06-08T19:51:22Z" />
<meta name="dcterms:modified" content="2017-06-08T19:51:22Z" />
<meta name="dc:format" content="application/pdf; version=1.4" />
<meta name="Last-Save-Date" content="2017-06-08T19:51:22Z" />
<meta name="access_permission:fill_in_form" content="true" />
<meta name="pdf:docinfo:modified" content="2017-06-08T19:51:22Z" />
<meta name="meta:save-date" content="2017-06-08T19:51:22Z" />
<meta name="pdf:encrypted" content="false" />
<meta name="modified" content="2017-06-08T19:51:22Z" />
<meta name="Content-Length" content="5596" />
<meta name="X-TIKA:digest:MD5" content="d0b478c4ad08af2b913a9605d6e2c1c8" />
<meta name="Content-Type" content="application/pdf" />
<meta name="X-Parsed-By" content="org.apache.tika.parser.DefaultParser" />
<meta name="X-Parsed-By" content="org.apache.tika.parser.pdf.PDFParser" />
<meta name="meta:creation-date" content="2017-06-08T19:51:22Z" />
<meta name="created" content="Thu Jun 08 16:51:22 BRT 2017" />
<meta name="access_permission:extract_for_accessibility" content="true" />
<meta name="access_permission:assemble_document" content="true" />
<meta name="xmpTPg:NPages" content="2" />
<meta name="Creation-Date" content="2017-06-08T19:51:22Z" />
<meta name="resourceName" content="76579954.pdf" />
<meta name="access_permission:extract_content" content="true" />
<meta name="access_permission:can_print" content="true" />
<meta name="tika:file_ext" content="pdf" />
<meta name="producer" content="iText® 5.5.9 ©2000-2015 iText Group NV (AGPL-version); modified using iText® 5.5.9 ©2000-2015 iText Group NV (AGPL-version)" />
<meta name="access_permission:can_modify" content="true" />
<meta name="pdf:docinfo:producer" content="iText® 5.5.9 ©2000-2015 iText Group NV (AGPL-version); modified using iText® 5.5.9 ©2000-2015 iText Group NV (AGPL-version)" />
<meta name="pdf:docinfo:created" content="2017-06-08T19:51:22Z" />
<title></title>
</head>
<body><div class="page"><p />
<p>PRM-ITJ-SC-00003544/2017
Inquérito Civil nº 1.33.008.000116/2017-29
 
 
 
PROMOÇÃO DE ARQUIVAMENTO
 
 
Trata-se de procedimento preparatório instaurado a fim de se obter
</p>
<p>informações sobre a atual situação da edificação onde funcionava a antiga sede dos Correios
em Itajaí/SC, situado na Rua Gil Stein Ferreira, nº 50, Centro, Itajaí/SC, em razão da notícia
de fato que dava conta de que tal prédio estaria abandonado e servindo de ponto para usuários
de drogas e andarilhos, além de a edificação estar em estado precário.
</p>
<p> 
A fim de se obter esclarecimentos iniciais, oficiou-se à Diretoria Regional dos
</p>
<p>Correios em Santa Catarina e à Defesa Civil em Itajaí.
 
A Diretoria Regional dos Correios enviou a resposta de fls. 11-12 e a Defesa
</p>
<p>Civil de Itajaí, a resposta, com o Auto de Constatação nº 181/2017/GAB2, de fls. 13-17.
 
É o brevíssimo relatório.
 
Não se mostra necessária a continuidade de instrução do feito e nem a adoção,
</p>
<p>por ora, de medidas judiciais relacionadas à edificação referida na notícia de fato original.
 
Para melhor esclarecimentos dos fatos apurados, reproduz-se, aqui, a resposta
</p>
<p>trazida pela Diretoria Regional dos Correios de Santa Catarina (fls. 11-12):
 
"Conforme questionamentos expostos no Ofício nº 180/2017/GAB2,
</p>
<p>informamos a situação das providências tomadas a respeito do imóvel situado na Rua Gil
Stein ferreira nº 50. Desde apuração pela Polícia Federal de invasão de transeuntes no imóvel
referido em 2016, houve intervenção por parte da Engenharia dos Correios visando dificultar
o acesso ao imóvel, embora permaneciam ocorrendo constantes furtos e invasões.
</p>
<p>A partir do isolamento do imóvel, fomos intimados e participamos de encontro
com o Diretor de Controle Urbano do município no final do mês de janeiro visando a
obtenção do alvará de demolição do imóvel. Comunicados da necessidade de pagamento da
taxa de demolição, providenciamos a quitação da taxa e registramos o protocolo 2158 na
prefeitura de Itajaí, com o pagamento da taxa de demolição para a obtenção da licença de
demolição do imóvel por parte da prefeitura de Itajaí. Ainda não recebemos novas
informações sobre a emissão da licença por parte do município;
</p>
<p>Paralelo a isso, transcorre processo interno nº 53168.002023/2016-88 referente
à demolição do imóvel e este foi encaminhado no início de março de 2017 para a área de
Engenharia dos Correios, de acordo com os manuais da empresa com o objetivo de
“Encaminhar a autorização do órgão de engenharia para que providencie a demolição”. Após
contato com a área, fomos informados que haverá reunião sobre o lançamento do plano de
obras e disponibilidade orçamentária para executar a demolição, assim que obtivermos
também a licença junto a Prefeitura;
</p>
<p>A respeito dos riscos estruturais do imóvel, informamos que houve intervenção
no imóvel por parte de nossa engenharia retirando telhados de parte da construção e enviamos
pedido ao órgão responsável para realizar esta nova avaliação antes da demolição em função
do risco de acidentes caso ocorra alguma invasão do imóvel;
</p>
<p>Quanto à destinação após a autorização e demolição, informamos que a alçada
de decisão será definida pela Administração Central entre utilização para algum fim
operacional com construção de imóvel ou alienação do terreno; (...)”
</p>
<p> 
A Defesa Civil de Itajaí realizou vistoria no imóvel em questão e esclareceu
</p>
<p>não terem sido encontrados sinais de colapso da estrutura. Ressaltou, no entanto, que as
fachadas do imóvel ficam junto ao passeio público e que a situação de abandono poderá
causar deterioração do imóvel e possível desprendimento, no futuro, de elementos das paredes
frontais, beirais e marquises. Recomendou a realização de isolamento do imóvel por meio de
tapumes, para evitar a aproximação de pessoas com o prédio (resposta de fls. 13-17).
</p>
<p> 
De se registrar, no entanto, que a Defesa Civil indicou, literalmente, que “
</p>
<p>Pág. 1 de 2</p>
<p />
</div>
<div class="page"><p />
<p>...aparentemente a edificação apresenta boa estrutura, podendo ser aproveitada para outros
fins, porém desde que seja realizada uma análise técnica detalhada por um profissional
habilitado”.
</p>
<p> 
Com base em tudo o que foi colhido no presente procedimento, não se verifica
</p>
<p>a existência de irregularidade/ilegalidade que ainda precise ser perseguida neste feito.
 
A Diretoria Regional dos Correios, responsável/proprietária do imóvel, está
</p>
<p>ciente da situação trazida na presente notícia de fato e já está adotando as providências que
lhe competem para a solução da questão trazida, tais como retirada do telhado e fechamento
das aberturas, deixando claro que está apenas aguardando a liberação de orçamento para a
realização da demolição da edificação.
</p>
<p> 
Seria desarrazoado exigir-se o fechamento do imóvel com tapumes, tal qual
</p>
<p>sugerido pela Defesa Civil, neste momento que antecede a própria demolição do imóvel. Tal
providência implicaria desnecessários gastos de recursos públicos, especialmente porque os
Correios já realizaram o isolamento do imóvel, mediante o fechamento de todas as suas
aberturas, situação devidamente registrada no levantamento fotográfico realizado pelo órgão
municipal, às fls. 15-17.
</p>
<p> 
Portanto, por não existirem novas diligências a serem realizadas no feito e nem
</p>
<p>qualquer circunstância que, por ora, demande a intervenção do Ministério Público Federal,
promovo o ARQUIVAMENTO deste expediente e determino a imediata remessa para 1ª
CCR, para homologação, ou não, com as devidas providências.
</p>
<p> 
Comunique-se ao representante.
 
Itajaí/SC, 07 de junho de 2017.
</p>
<p> 
 
</p>
<p>ANDREI MATTIUZI BALVEDI
Procurador da República
</p>
<p>Pág. 2 de 2</p>
<p />
</div>
</body></html>