<?xml version="1.0" encoding="UTF-8"?>
<html xmlns="http://www.w3.org/1999/xhtml">
<head>
<meta name="date" content="2018-05-04T20:59:03Z" />
<meta name="pdf:PDFVersion" content="1.5" />
<meta name="pdf:docinfo:title" content="Excelentíssimo(a) Senhor(a) Juiz(íza) Federal" />
<meta name="xmp:CreatorTool" content="Microsoft® Word 2010" />
<meta name="access_permission:modify_annotations" content="true" />
<meta name="access_permission:can_print_degraded" content="true" />
<meta name="dc:creator" content="Felipe Muller" />
<meta name="tika_batch_fs:relative_path" content="76578084.p7s" />
<meta name="language" content="pt-BR" />
<meta name="dcterms:created" content="2018-05-04T20:59:03Z" />
<meta name="Last-Modified" content="2018-05-04T20:59:03Z" />
<meta name="dcterms:modified" content="2018-05-04T20:59:03Z" />
<meta name="dc:format" content="application/pdf; version=1.5" />
<meta name="Last-Save-Date" content="2018-05-04T20:59:03Z" />
<meta name="pdf:docinfo:creator_tool" content="Microsoft® Word 2010" />
<meta name="access_permission:fill_in_form" content="true" />
<meta name="pdf:docinfo:modified" content="2018-05-04T20:59:03Z" />
<meta name="meta:save-date" content="2018-05-04T20:59:03Z" />
<meta name="pdf:encrypted" content="false" />
<meta name="dc:title" content="Excelentíssimo(a) Senhor(a) Juiz(íza) Federal" />
<meta name="modified" content="2018-05-04T20:59:03Z" />
<meta name="Content-Length" content="149593" />
<meta name="X-TIKA:digest:MD5" content="936a663ecd1f6b425cc33553a38d41db" />
<meta name="Content-Type" content="application/pdf" />
<meta name="pdf:docinfo:creator" content="Felipe Muller" />
<meta name="X-Parsed-By" content="org.apache.tika.parser.DefaultParser" />
<meta name="X-Parsed-By" content="org.apache.tika.parser.pdf.PDFParser" />
<meta name="creator" content="Felipe Muller" />
<meta name="dc:language" content="pt-BR" />
<meta name="meta:author" content="Felipe Muller" />
<meta name="meta:creation-date" content="2018-05-04T20:59:03Z" />
<meta name="created" content="Fri May 04 17:59:03 BRT 2018" />
<meta name="access_permission:extract_for_accessibility" content="true" />
<meta name="access_permission:assemble_document" content="true" />
<meta name="xmpTPg:NPages" content="4" />
<meta name="Creation-Date" content="2018-05-04T20:59:03Z" />
<meta name="resourceName" content="76578084.p7s" />
<meta name="access_permission:extract_content" content="true" />
<meta name="access_permission:can_print" content="true" />
<meta name="tika:file_ext" content="p7s" />
<meta name="Author" content="Felipe Muller" />
<meta name="producer" content="Microsoft® Word 2010" />
<meta name="access_permission:can_modify" content="true" />
<meta name="pdf:docinfo:producer" content="Microsoft® Word 2010" />
<meta name="pdf:docinfo:created" content="2018-05-04T20:59:03Z" />
<title>Excelentíssimo(a) Senhor(a) Juiz(íza) Federal</title>
</head>
<body><div class="page"><p />
<p>   
</p>
<p>MM II NN II SS TT ÉÉ RR II OO   PPÚÚ BB LL II CC OO   FFEE DD EE RR AA LL  
PPRROOCCUURRAADDOORRIIAA  DDAA  RREEPPÚÚBBLLIICCAA  NNOO  MMUUNNIICCÍÍPPIIOO  DDEE  AARRAARRAAQQUUAARRAA//SSPP 
</p>
<p>Av. Rodrigo Fernando Grillo, 207, 11º Andar, Araraquara/SP – CEP 14.801-534 – Fone (16)3311-1010 
</p>
<p> 
</p>
<p> 
 
</p>
<p>Inquérito Civil nº 1.34.017.000035/2017-82 
</p>
<p> 
</p>
<p>PROMOÇÃO DE ARQUIVAMENTO 
</p>
<p>Cuida-se de Inquérito Civil instaurado a partir de 
</p>
<p>correspondência apócrifa versando sobre suposta irregularidade praticada pela 
</p>
<p>Empresa Brasileira de Correios e Telégrafos – ECT, em virtude da realização de 
</p>
<p>recrutamento interno em que a maioria dos empregados não teria condições de 
</p>
<p>obter êxito. 
</p>
<p>De acordo com a informação (fls. 03), a primeira etapa de 
</p>
<p>classificação e eliminação não permitiria que a maioria dos funcionários obtivesse 
</p>
<p>nota satisfatória que a levasse à próxima etapa de avaliação. Afirma-se que o 
</p>
<p>critério de avaliação, somatória de pontos, privilegiaria a minoria dos 
</p>
<p>empregados. 
</p>
<p>A correspondência foi acompanhada da Ficha de Inscrição – 
</p>
<p>Recrutamento Interno Coordenador de Unidade Operacional e Supervisor 
</p>
<p>Operacional dos Correios (fls. 04/05). 
</p>
<p>Por tratar de informação sucinta, desprovida dos elementos 
</p>
<p>necessários para a compreensão acerca de eventual irregularidade, foi enviado o 
</p>
<p>Ofício nº 80/2017-PRM/AQA/1ºOFICIO para a Diretoria Regional dos Correios 
</p>
<p>São Paulo – Interior, solicitando informações sobre o referido recrutamento (fls. 
</p>
<p>07/08). 
</p>
<p>Em resposta, a Diretoria Regional São Paulo Interior 
</p>
<p>encaminhou o Memorando nº 1660/2016 da Gerência de Recursos Humanos, que 
</p>
<p>disponibilizou cópia da Nota de Abertura 192/2016, referente ao Recrutamento 
</p>
<p>interno para Coordenador de Unidade Operacional e Supervisor Operacional, 
</p>
<p>conforme fls. 12/15. 
</p>
<p>Na sequência, baixou-se Portaria de instauração de Inquérito 
</p>
<p>Civil à fl. 17. </p>
<p />
</div>
<div class="page"><p />
<p>  
</p>
<p>MM II NN II SS TT ÉÉ RR II OO   PPÚÚ BB LL II CC OO   FFEE DD EE RR AA LL  
PPRROOCCUURRAADDOORRIIAA  DDAA  RREEPPÚÚBBLLIICCAA  NNOO  MMUUNNIICCÍÍPPIIOO  DDEE  AARRAARRAAQQUUAARRAA//SSPP 
</p>
<p>  
</p>
<p>Página 2 de 4 
 
</p>
<p>Pois bem. 
</p>
<p>A análise dos autos aponta para ausência de elementos para o 
</p>
<p>prosseguimento da instrução iniciada no presente inquérito civil, ensejando seu 
</p>
<p>regular arquivamento. 
</p>
<p>De fato, a aferição dos termos da Nota Gerec 192/2016, que 
</p>
<p>instituiu o regulamento para o Processo de Recrutamento Interno para 
</p>
<p>Coordenador de Unidade Operacional e Supervisor Operacional, não aparenta 
</p>
<p>irregularidade para provimento dos cargos a que se refere. 
</p>
<p>Consta da referida nota que o Recrutamento Interno destinou-
</p>
<p>se à formação de cadastro para as funções de Coordenador de Unidade 
</p>
<p>Operacional e Supervisor Operacional, seguindo a aplicação do processo de 
</p>
<p>Recolocação do Modelo de Gestão da Carreira e Funções Operacionais dos 
</p>
<p>Correios. 
</p>
<p>O provimento dos cargos deveria atender a requisitos 
</p>
<p>específicos (12 meses de experiência no segmento de atuação e exercício da 
</p>
<p>função de coordenador ou supervisor na área, ou substituição de no mínimo 10 
</p>
<p>dias consecutivos), gerais e de elegibilidade, conforme item 3 da Nota 192/2016 
</p>
<p>(fls. 12/12v.). 
</p>
<p>O processo de seleção foi discriminado no item 4, sendo a 
</p>
<p>primeira etapa tratada no item 4.1, com previsão para análise curricular de 
</p>
<p>acordo com critérios e respectivas pontuações estabelecidas no item 4.1.3 (fl. 
</p>
<p>1.3), em síntese: (i) tempo de função como Coordenador ou Supervisor 
</p>
<p>Operacional (5 pontos por ano); (ii) tempo de atuação em unidade vencedora do 
</p>
<p>Programa CDD/CEE NOTA 10 (4 pontos por ano); (iii) tempo de função como 
</p>
<p>gerente de CDD e/ou CDD (3 pontos por ano); (iv) tempo de atuação na área de 
</p>
<p>operações (1,5 ponto para cada ano); (v) curso superior completo ou pós-
</p>
<p>graduação (10 ou 5 pontos); (vi) tempo de ocupação em outras funções 
</p>
<p>operacionais (1 ponto por ano); e (vii) tempo nos Correios (0,5 ponto por ano). 
</p>
<p>E é exatamente nesta primeira etapa que residiria a 
</p>
<p>irregularidade do certame, pois a correspondência que dera ensejo à instauração 
</p>
<p>do presente IC afirma que os critérios de avaliação e somatória de pontos 
</p>
<p>privilegiam a minoria dos empregados, não permitindo que a maior parte deles  
</p>
<p>atinja a próxima etapa de avaliação. </p>
<p />
</div>
<div class="page"><p />
<p>  
</p>
<p>MM II NN II SS TT ÉÉ RR II OO   PPÚÚ BB LL II CC OO   FFEE DD EE RR AA LL  
PPRROOCCUURRAADDOORRIIAA  DDAA  RREEPPÚÚBBLLIICCAA  NNOO  MMUUNNIICCÍÍPPIIOO  DDEE  AARRAARRAAQQUUAARRAA//SSPP 
</p>
<p>  
</p>
<p>Página 3 de 4 
 
</p>
<p>Os critérios estabelecidos para análise e pontuação curricular, 
</p>
<p>contudo, não aparentam irregularidade a ponto de prejudicar a maioria dos 
</p>
<p>empregados dos Correios. 
</p>
<p>Com efeito, o critério que poderia levantar alguma dúvida na 
</p>
<p>pontuação diz respeito ao tempo de função como Coordenador ou Supervisor 
</p>
<p>Operacional, para o qual há previsão de 5 pontos para cada ano no exercício da 
</p>
<p>função. Nota-se, entretanto, que o exercício das referidas funções é requisito 
</p>
<p>específico para a própria inscrição no certame, ainda que tenha sido exercido por 
</p>
<p>substituição, no prazo mínimo de 10 dias corridos. 
</p>
<p>Pode-se dizer, assim, que o aludido Recrutamento Interno 
</p>
<p>realmente não se dirige à seleção de todos os funcionários dos Correios, mas sim 
</p>
<p>àqueles que, ainda que transitoriamente, já ocuparam os cargos de Coordenador 
</p>
<p>e Supervisor de Operação a que se destina o certame. 
</p>
<p>Tal requisito, a propósito, não representa irregularidade apta a 
</p>
<p>prejudicar outros funcionários que não se inserem no perfil previsto pelo 
</p>
<p>Recrutamento. Da mesma forma, o respectivo critério e pontuação, previstos na 
</p>
<p>primeira etapa da seleção, não indicam inconformidade. 
</p>
<p>Na mesma linha de intelecção, os demais critérios a serem 
</p>
<p>observados na análise curricular (fl. 13) não apontam nenhuma irregularidade 
</p>
<p>supostamente criada em prejuízo dos empregados, pois referem-se basicamente 
</p>
<p>a tempo de experiência e escolaridade. 
</p>
<p>De mais a mais, em consulta ao Plano de Cargos e Salários 
</p>
<p>dos empregados dos Correios, com atualização de maio de 20171, verifica-se que 
</p>
<p>a previsão de Recrutamento Interno – para preenchimento de diversos cargos no 
</p>
<p>âmbito dos Correios, tais como agente para técnico, técnico para especialista, 
</p>
<p>etc. – representa mecanismo de ascensão profissional que objetiva a valorização 
</p>
<p>e reconhecimento dos empregados. 
</p>
<p>Sendo assim, não havendo indicativos da aventada 
</p>
<p>irregularidade no processo de Recrutamento Interno dos Correios, promovo o 
</p>
<p>ARQUIVAMENTO do presente inquérito civil e determino o encaminhamento 
</p>
<p>destes autos à 1ª Câmara de Coordenação e Revisão, para cumprimento do 
</p>
<p>                                                           
1
 https://www.correios.com.br/sobre-os-correios/recursos-humanos/plano-de-cargos-carreiras-e-
</p>
<p>salarios-pccs-2008/arquivos/plano-de-cargos-carreiras-e-salarios-pccs-2008 </p>
<p />
</div>
<div class="page"><p />
<p>  
</p>
<p>MM II NN II SS TT ÉÉ RR II OO   PPÚÚ BB LL II CC OO   FFEE DD EE RR AA LL  
PPRROOCCUURRAADDOORRIIAA  DDAA  RREEPPÚÚBBLLIICCAA  NNOO  MMUUNNIICCÍÍPPIIOO  DDEE  AARRAARRAAQQUUAARRAA//SSPP 
</p>
<p>  
</p>
<p>Página 4 de 4 
 
</p>
<p>disposto no inciso IV do artigo 62 da Lei Complementar n. 75/93 e art. 17, § 2º, 
</p>
<p>da Resolução nº 87/2010 do Conselho Superior do Ministério Público Federal. 
</p>
<p>Porque se tratou de representação apócrifa, deixo de adotar o 
</p>
<p>previsto no art. 17, § 2º, da citada Resolução CSMPF nº 87/2010. 
</p>
<p>Araraquara, SP, 4 de maio de 2018. 
</p>
<p> 
</p>
<p>Assinatura Digital 
</p>
<p>Rudson Coutinho da Silva 
</p>
<p>PROCURADOR DA REPÚBLICA </p>
<p />
</div>
</body></html>