<?xml version="1.0" encoding="UTF-8"?>
<html xmlns="http://www.w3.org/1999/xhtml">
<head>
<meta name="pdf:PDFVersion" content="1.3" />
<meta name="access_permission:modify_annotations" content="true" />
<meta name="access_permission:can_print_degraded" content="true" />
<meta name="tika_batch_fs:relative_path" content="76937360.pdf" />
<meta name="dc:format" content="application/pdf; version=1.3" />
<meta name="pdf:docinfo:custom:Protocol" content="ftp" />
<meta name="access_permission:fill_in_form" content="true" />
<meta name="pdf:encrypted" content="false" />
<meta name="Content-Length" content="1754477" />
<meta name="Protocol" content="ftp" />
<meta name="X-TIKA:digest:MD5" content="60d181ee09b99a69464b03a1856b566a" />
<meta name="Content-Type" content="application/pdf" />
<meta name="X-Parsed-By" content="org.apache.tika.parser.DefaultParser" />
<meta name="X-Parsed-By" content="org.apache.tika.parser.pdf.PDFParser" />
<meta name="access_permission:extract_for_accessibility" content="true" />
<meta name="access_permission:assemble_document" content="true" />
<meta name="xmpTPg:NPages" content="4" />
<meta name="resourceName" content="76937360.pdf" />
<meta name="pdf:docinfo:custom:DestinationAddress" content="10.111.126.234" />
<meta name="access_permission:extract_content" content="true" />
<meta name="TimeStamp" content="2017/10/13 16:21:10.000" />
<meta name="access_permission:can_print" content="true" />
<meta name="DestinationAddress" content="10.111.126.234" />
<meta name="tika:file_ext" content="pdf" />
<meta name="producer" content=" " />
<meta name="access_permission:can_modify" content="true" />
<meta name="pdf:docinfo:producer" content=" " />
<meta name="pdf:docinfo:custom:TimeStamp" content="2017/10/13 16:21:10.000" />
<title></title>
</head>
<body><div class="page"><p />
</div>
<div class="page"><p />
</div>
<div class="page"><p />
</div>
<div class="page"><p />
</div>
</body></html>