<?xml version="1.0" encoding="UTF-8"?>
<html xmlns="http://www.w3.org/1999/xhtml">
<head>
<meta name="pdf:PDFVersion" content="1.4" />
<meta name="xmp:CreatorTool" content="Writer" />
<meta name="access_permission:modify_annotations" content="true" />
<meta name="access_permission:can_print_degraded" content="true" />
<meta name="tika_batch_fs:relative_path" content="77119294.pdf" />
<meta name="language" content="pt-BR" />
<meta name="dcterms:created" content="2018-08-23T17:58:43Z" />
<meta name="dc:format" content="application/pdf; version=1.4" />
<meta name="pdf:docinfo:creator_tool" content="Writer" />
<meta name="access_permission:fill_in_form" content="true" />
<meta name="pdf:encrypted" content="false" />
<meta name="Content-Length" content="117964" />
<meta name="X-TIKA:digest:MD5" content="c9a91a0f73c78350ac292fd3f70901ee" />
<meta name="Content-Type" content="application/pdf" />
<meta name="X-Parsed-By" content="org.apache.tika.parser.DefaultParser" />
<meta name="X-Parsed-By" content="org.apache.tika.parser.pdf.PDFParser" />
<meta name="dc:language" content="pt-BR" />
<meta name="meta:creation-date" content="2018-08-23T17:58:43Z" />
<meta name="created" content="Thu Aug 23 14:58:43 BRT 2018" />
<meta name="access_permission:extract_for_accessibility" content="true" />
<meta name="access_permission:assemble_document" content="true" />
<meta name="xmpTPg:NPages" content="5" />
<meta name="Creation-Date" content="2018-08-23T17:58:43Z" />
<meta name="resourceName" content="77119294.pdf" />
<meta name="access_permission:extract_content" content="true" />
<meta name="access_permission:can_print" content="true" />
<meta name="tika:file_ext" content="pdf" />
<meta name="producer" content="BrOffice.org 3.2" />
<meta name="access_permission:can_modify" content="true" />
<meta name="pdf:docinfo:producer" content="BrOffice.org 3.2" />
<meta name="pdf:docinfo:created" content="2018-08-23T17:58:43Z" />
<title></title>
</head>
<body><div class="page"><p />
<p>MINISTÉRIO PÚBLICO FEDERAL
PROCURADORIA DA REPÚBLICA EM TAUBATÉ/SP
</p>
<p>Tutela coletiva – inquérito civil público
</p>
<p>Autos n.º 1.34.018.000024/2017-92
</p>
<p>Promoção de arquivamento
</p>
<p>Suposta  dificuldade  enfrentada  pelo  Município  de 
Taubaté na compra de medicamentos pelo preço máximo 
fixado pela tabela da CMED, e necessidade de efetivar a 
compra  mediante  dispensa  de  licitação.  Ausência  de 
interesse de agir. Arquivamento.
</p>
<p>1.  Trata-se de inquérito civil  instaurado  para apurar as 
dificuldades  enfrentadas  pelo  Município  de  Taubaté  na  compra  de 
</p>
<p>medicamentos  pelo  preço  máximo  fixado  pela  tabela  da  Câmara  de 
</p>
<p>Regulação do Mercado de Medicamentos (CMED).
</p>
<p>2.  Ao  que  consta,  o  Município  de  Taubaté  tem 
</p>
<p>encontrado  dificuldades  em procedimentos  de  compras  de  medicamentos, 
</p>
<p>que  restam  frustrados  ou  desertos,  uma  vez  que  os  fornecedores  que 
</p>
<p>participam dos certames públicos se mostram desinteressados em fornecer os 
</p>
<p>medicamentos licitados pelo preço máximo fixado pela tabela CMED, o que 
</p>
<p>tem levado a municipalidade a proceder contratações diretas, por dispensa de 
</p>
<p>licitações, para atendimento de situação emergencial. 
</p>
<p>Avenida Independência, n.° 40, Taubaté/SP, CEP 12.031-000
                         (012) 3608-3950                                                                  fls. 
</p>
<p>1/5</p>
<p />
</div>
<div class="page"><p />
<p>MINISTÉRIO PÚBLICO FEDERAL
PROCURADORIA DA REPÚBLICA EM TAUBATÉ/SP
</p>
<p>3.  Como  primeiro  ato  de  instrução  dos  autos,  a 
</p>
<p>Prefeitura  de  Taubaté  encaminhou  cópia  integral  do  procedimento 
</p>
<p>administrativo  referente  ao  pregão  nº  232/2016  e  do  procedimento 
</p>
<p>referente à contratação direta dele decorrente (anexo I).
</p>
<p>4.  Oficiada,  a  Secretaria-Executiva  da  Câmara  de 
</p>
<p>Regulação do Mercado de Medicamentos (SCMED) informou que a oferta 
</p>
<p>ou venda de fármacos em valores superiores ao Preço Máximo de Venda ao 
</p>
<p>Governo  (PMVG)  constitui  infração  administrativa,  sendo  possível  a 
</p>
<p>aplicação das penalidades previstas no art. 56 da Lei n.º 8.078/90 em face 
</p>
<p>das empresas praticantes. Por outro lado, asseverou que a recusa em ofertar 
</p>
<p>ou vender medicamentos à Administração Pública não configura ato ilegal 
</p>
<p>(fls. 24/26).
</p>
<p>5. Ao final, a Prefeitura Municipal de Taubaté informou 
</p>
<p>que encaminhou denúncias ao Ministério da Saúde e à ANVISA, na qual 
</p>
<p>noticia a oferta e venda de medicamentos em valores superiores ao da tabela 
</p>
<p>CMED por parte de empresas do ramo farmacêutico (fls. 41/50).
</p>
<p>6. É o relato do necessário. Oficio.
</p>
<p>7.  Conforme salientado pela  SCMED, de fato,  não há 
</p>
<p>meios  legais  para  exigir  que  empresas  participem  de  procedimentos 
</p>
<p>licitatórios com vistas à compra de medicamentos. Nesse sentido, inclusive, é 
</p>
<p>o entendimento da 5ª Câmara de Coordenação e Revisão do MPF, conforme 
</p>
<p>se extrai de trecho do parecer que homologou a promoção de Arquivamento 
</p>
<p>do Inquérito Civil nº 1.24.005.000158/2011-67:
</p>
<p>Inquérito Civil  n.º 1.34.018.000024/2017-92 (promoção de arquivamento) fls. 2/5</p>
<p />
</div>
<div class="page"><p />
<p>MINISTÉRIO PÚBLICO FEDERAL
PROCURADORIA DA REPÚBLICA EM TAUBATÉ/SP
</p>
<p>Não  se  pode  impor  às  empresas  fornecedoras  de 
medicamentos,  as  quais  exploram  suas  atividades 
comerciais  dentro  da  legalidade,  determinada 
venda/negociação – com quem quer que seja (ainda que 
com o Poder Público) – sem seu interesse e aquiescência. 
Trata-se do direito à liberdade constitucionalmente inserido 
na ordem econômica.
</p>
<p>8. Contudo, caso tais empresas optem por contratar com 
</p>
<p>o Poder Público, estas não poderão ofertar ou vender fármacos em valores 
</p>
<p>superiores  aos  estipulados  pela  Câmara  de  Regulação  do  Mercado  de 
</p>
<p>Medicamentos, de tal sorte que, caso haja violação a referido mandamento, a 
</p>
<p>Administração  Pública  licitante  deverá  encaminhar  denúncia  à  própria 
</p>
<p>Câmara, a fim de que seja apurado a prática de infrações administrativas.
</p>
<p>9.  É  caso,  portanto,  de  arquivamento do  presente 
</p>
<p>inquérito  civil,  porquanto,  conforme  informado  a  fls.  42/47,  a  Prefeitura 
</p>
<p>Municipal de Taubaté/SP já encaminhou denúncia aos órgãos responsáveis 
</p>
<p>pela fiscalização do setor farmacêutico, não havendo, a priori, a necessidade 
</p>
<p>de atuação do Ministério Público Federal.
</p>
<p>10. Assim, o fundamento jurídico sobre a qual se assenta 
</p>
<p>a presente promoção de arquivamento é a falta de interesse, que se revela 
</p>
<p>pela  ausência,  no  caso  concreto,  de  qualquer  dos  seguintes  elementos: 
</p>
<p>necessidade e adequação.
</p>
<p>11 Neste quadro, insta ressaltar, em primeiro plano, que 
</p>
<p>haverá interesse,  pelo Ministério  Público Federal,  em um dado problema, 
</p>
<p>desde que haja necessidade concreta da atuação deste órgão estatal para sua 
</p>
<p>solução (necessidade) e desde que tal solução possa ser alcançada por meio 
</p>
<p>Inquérito Civil  n.º 1.34.018.000024/2017-92 (promoção de arquivamento) fls. 3/5</p>
<p />
</div>
<div class="page"><p />
<p>MINISTÉRIO PÚBLICO FEDERAL
PROCURADORIA DA REPÚBLICA EM TAUBATÉ/SP
</p>
<p>de alguns dos instrumentos postos à disposição do Ministério Público pelo 
</p>
<p>ordenamento jurídico (adequação).
</p>
<p>12. Assim, em situações em que é apurada a inexistência 
</p>
<p>de  qualquer  irregularidade  ou  sua  solução,  padece  ao  Ministério  Público 
</p>
<p>Federal interesse de atuar, seja na seara judicial, seja na seara extrajudicial.
</p>
<p>13. Por outro lado, apenas para consignar, ainda sob o 
</p>
<p>aspecto  do  interesse  de  agir,  caso  não  haja  meios  legais  do  Ministério 
</p>
<p>Público Federal atuar naquele caso concreto, também não haverá interesse de 
</p>
<p>atuar por falta de operatividade de seus instrumentos legais. Cumpre destacar 
</p>
<p>que, dado o instrumental posto à disposição do parquet para o desempenho 
</p>
<p>de suas funções, é difícil ocorrer concretamente um caso de falta de interesse 
</p>
<p>de atuar por inadequação.
</p>
<p>14. Nessa trilha, a visualização e análise da existência ou 
</p>
<p>não do interesse de atuar  sob o prisma da necessidade e  da adequação é 
</p>
<p>medida imperiosa não somente no caso de propositura de medida judicial, 
</p>
<p>mas  já  de  antemão,  no  decorrer  das  diligências  realizadas  pelo  órgão 
</p>
<p>ministerial.
</p>
<p>15.  Com  isso,  não  há  justificativa  plausível  para  a 
</p>
<p>instauração de uma ação judicial,  porquanto houve a adoção das medidas 
</p>
<p>administrativas cabíveis.
</p>
<p>16. Assim, resta clara a “perda do objeto” do inquérito 
</p>
<p>civil, evidenciando-se a ausência de interesse de atuar diante da inutilidade 
</p>
<p>em dar sequência à atuação ministerial, desde que constatado que não há bem 
</p>
<p>Inquérito Civil  n.º 1.34.018.000024/2017-92 (promoção de arquivamento) fls. 4/5</p>
<p />
</div>
<div class="page"><p />
<p>MINISTÉRIO PÚBLICO FEDERAL
PROCURADORIA DA REPÚBLICA EM TAUBATÉ/SP
</p>
<p>a  ser  tutelado  pela  ação  do  Ministério  Público  Federal,  não  tendo, 
</p>
<p>indubitavelmente,  o  apuratório  prestabilidade  para  dar  suporte  a  qualquer 
</p>
<p>medida a ser tomada pelo parquet. Não haverá que se falar em necessidade 
</p>
<p>de  movimentar  a  máquina  estatal  no  intuito  de  buscar  uma  pretensão, 
</p>
<p>considerando a inexistência de qualquer irregularidade no caso em comento.
</p>
<p>17. Nesse sentido, forçoso concluir que no presente caso 
</p>
<p>mostra-se sem fundamento a atuação deste órgão ministerial, uma vez que 
</p>
<p>não se vislumbra a necessidade de qualquer medida extrajudicial ou judicial 
</p>
<p>por parte do Ministério Público Federal.
</p>
<p>18. Ante o exposto, o Ministério Público Federal, pelo 
</p>
<p>procurador da República signatário,  promove o arquivamento do presente 
</p>
<p>inquérito civil, e determina:,  com fundamento no art. 9º, caput, da Lei n.º 
</p>
<p>7.347/85, o encaminhamento dos autos à apreciação da colenda 1ª Câmara de 
</p>
<p>Coordenação e Revisão, no prazo legal, para fins de homologação.
</p>
<p>Taubaté, 22 de agosto de 2018.
</p>
<p>(Assinado Digitalmente)
</p>
<p>Adjame Alexandre Gonçalves Oliveira
</p>
<p>Procurador da República
</p>
<p>Inquérito Civil  n.º 1.34.018.000024/2017-92 (promoção de arquivamento) fls. 5/5</p>
<p />
</div>
</body></html>