<?xml version="1.0" encoding="UTF-8"?>
<html xmlns="http://www.w3.org/1999/xhtml">
<head>
<meta name="pdf:PDFVersion" content="1.4" />
<meta name="xmp:CreatorTool" content="Writer" />
<meta name="access_permission:modify_annotations" content="true" />
<meta name="access_permission:can_print_degraded" content="true" />
<meta name="dc:creator" content="PFN/RJ" />
<meta name="tika_batch_fs:relative_path" content="77148478.pdf" />
<meta name="language" content="pt-BR" />
<meta name="dcterms:created" content="2018-03-12T18:03:22Z" />
<meta name="dc:format" content="application/pdf; version=1.4" />
<meta name="pdf:docinfo:creator_tool" content="Writer" />
<meta name="access_permission:fill_in_form" content="true" />
<meta name="pdf:encrypted" content="false" />
<meta name="Content-Length" content="112168" />
<meta name="X-TIKA:digest:MD5" content="7c99d083554b5adab9169210f8d3fa75" />
<meta name="Content-Type" content="application/pdf" />
<meta name="pdf:docinfo:creator" content="PFN/RJ" />
<meta name="X-Parsed-By" content="org.apache.tika.parser.DefaultParser" />
<meta name="X-Parsed-By" content="org.apache.tika.parser.pdf.PDFParser" />
<meta name="creator" content="PFN/RJ" />
<meta name="dc:language" content="pt-BR" />
<meta name="meta:author" content="PFN/RJ" />
<meta name="meta:creation-date" content="2018-03-12T18:03:22Z" />
<meta name="created" content="Mon Mar 12 15:03:22 BRT 2018" />
<meta name="access_permission:extract_for_accessibility" content="true" />
<meta name="access_permission:assemble_document" content="true" />
<meta name="xmpTPg:NPages" content="2" />
<meta name="Creation-Date" content="2018-03-12T18:03:22Z" />
<meta name="resourceName" content="77148478.pdf" />
<meta name="access_permission:extract_content" content="true" />
<meta name="access_permission:can_print" content="true" />
<meta name="tika:file_ext" content="pdf" />
<meta name="Author" content="PFN/RJ" />
<meta name="producer" content="BrOffice.org 3.1" />
<meta name="access_permission:can_modify" content="true" />
<meta name="pdf:docinfo:producer" content="BrOffice.org 3.1" />
<meta name="pdf:docinfo:created" content="2018-03-12T18:03:22Z" />
<title></title>
</head>
<body><div class="page"><p />
<p>MINISTÉRIO PÚBLICO FEDERAL
Procuradoria da República no Município de Nova Friburgo
</p>
<p>Rua General Osório, nº 46 - Centro
 28625-630 - Nova Friburgo – RJ
</p>
<p>Tel: (22) 2519-8800/(22) 2519-8805
</p>
<p>PP nº: 1.30.006.000068/2017-09
</p>
<p>PROMOÇÃO DE ARQUIVAMENTO
</p>
<p>Trata-se  de  procedimento  preparatório  instaurado  para  apurar 
irregularidades  apontadas no relatório realizado pelo DENASUS no Hospital das Clínicas 
de Teresópolis/RJ
</p>
<p>Às fls. 13/18, resposta da direção do Hospital das Clínicas de Teresópolis 
apontando soluções para as referidas irregularidades. 
</p>
<p>É o relato essencial.
</p>
<p>O caso é de arquivamento.
</p>
<p>A  deflagração  de  investigação  civil  por  parte  do  Ministério  Público 
Federal  deve  corresponder  a  indícios  mínimos de  fatos  determinados  que  franqueiem a 
tutela dos interesses e direitos a cargo do Parquet (art. 1º da Resolução CNMP nº 23/07), ou 
que digam respeito ou importem danos efetivos ou potenciais a esses mesmos interesses (art. 
1º da Resolução CSMPF nº 87/06).
</p>
<p>Com efeito,  certificada a  atribuição do Ministério  Público  Federal  no 
particular, a persecução civil só poderá ter início, ou prosseguir, se verificados,  in concreto, 
fatos minimamente determinados, que permitam a delimitação do objeto a ser investigado  .   
</p>
<p>Diante  da  hipótese  vertente,  não  se  vislumbra  necessidade  no 
prosseguimento de investigação civil por parte do MPF, tendo em vista que a direção do 
Hospital  já  está  corrigindo  as  irregularidades  apontadas  pelo  relatório  do  Ministério  da 
Saúde (fls. 14/18).
</p>
<p>Assim,  diante  da  ausência  de  elementos  de  convicção  a  indicar  a 
permanência  de  irregularidades  que  ensejem  a  atribuição  do  Parquet Federal,  não  há 
justificativa  para  aprofundar  a  presente  investigação,  sob  pena  de  mora  em  relação  a 
</p>
<p>1</p>
<p />
</div>
<div class="page"><p />
<p>MINISTÉRIO PÚBLICO FEDERAL
Procuradoria da República no Município de Nova Friburgo
</p>
<p>Rua General Osório, nº 46 - Centro
 28625-630 - Nova Friburgo – RJ
</p>
<p>Tel: (22) 2519-8800/(22) 2519-8805
</p>
<p>procedimentos outros sob responsabilidade deste MPF, que reclamam aprofundamento da 
apuração, e de ofensa ao princípio da eficiência (art. 37, caput, da Constituição da República).
</p>
<p>Ante  o  exposto,  promovo  o  ARQUIVAMENTO do  presente 
procedimento preparatório. 
</p>
<p>Remetam-se  os  autos  à  1ª  Câmara  para  revisão.  Comunique-se  ao 
representante. 
</p>
<p>Proceda-se aos registros e controles necessários.
</p>
<p>Nova Friburgo/RJ, 27 de fevereiro de 2018.
</p>
<p>JOÃO FELIPE VILLA DO MIU
Procurador da República
</p>
<p>RM
</p>
<p>2</p>
<p />
</div>
</body></html>