<?xml version="1.0" encoding="UTF-8"?>
<html xmlns="http://www.w3.org/1999/xhtml">
<head>
<meta name="pdf:PDFVersion" content="1.4" />
<meta name="pdf:docinfo:title" content="MINISTÉRIO PÚBLICO FEDERAL" />
<meta name="xmp:CreatorTool" content="Writer" />
<meta name="access_permission:modify_annotations" content="true" />
<meta name="access_permission:can_print_degraded" content="true" />
<meta name="dc:creator" content="PRRJ" />
<meta name="tika_batch_fs:relative_path" content="77257056.pdf" />
<meta name="language" content="pt-BR" />
<meta name="dcterms:created" content="2017-06-07T18:23:04Z" />
<meta name="dc:format" content="application/pdf; version=1.4" />
<meta name="pdf:docinfo:creator_tool" content="Writer" />
<meta name="access_permission:fill_in_form" content="true" />
<meta name="pdf:encrypted" content="false" />
<meta name="dc:title" content="MINISTÉRIO PÚBLICO FEDERAL" />
<meta name="Content-Length" content="115111" />
<meta name="X-TIKA:digest:MD5" content="41e856bc3747e5a6788b6f7deedfcf63" />
<meta name="Content-Type" content="application/pdf" />
<meta name="pdf:docinfo:creator" content="PRRJ" />
<meta name="X-Parsed-By" content="org.apache.tika.parser.DefaultParser" />
<meta name="X-Parsed-By" content="org.apache.tika.parser.pdf.PDFParser" />
<meta name="creator" content="PRRJ" />
<meta name="dc:language" content="pt-BR" />
<meta name="meta:author" content="PRRJ" />
<meta name="meta:creation-date" content="2017-06-07T18:23:04Z" />
<meta name="created" content="Wed Jun 07 15:23:04 BRT 2017" />
<meta name="access_permission:extract_for_accessibility" content="true" />
<meta name="access_permission:assemble_document" content="true" />
<meta name="xmpTPg:NPages" content="6" />
<meta name="Creation-Date" content="2017-06-07T18:23:04Z" />
<meta name="resourceName" content="77257056.pdf" />
<meta name="access_permission:extract_content" content="true" />
<meta name="access_permission:can_print" content="true" />
<meta name="tika:file_ext" content="pdf" />
<meta name="Author" content="PRRJ" />
<meta name="producer" content="LibreOffice 5.0" />
<meta name="access_permission:can_modify" content="true" />
<meta name="pdf:docinfo:producer" content="LibreOffice 5.0" />
<meta name="pdf:docinfo:created" content="2017-06-07T18:23:04Z" />
<title>MINISTÉRIO PÚBLICO FEDERAL</title>
</head>
<body><div class="page"><p />
<p>MINISTÉRIO PÚBLICO FEDERAL
PROCURADORIA DA REPÚBLICA NO ESTADO DO RIO DE JANEIRO
</p>
<p>Procedimento Preparatório nº 1.30.001.001469/2017-18
</p>
<p>PROMOÇÃO DE ARQUIVAMENTO
</p>
<p>O Procedimento Preparatório em epígrafe foi instaurado  a partir  da
</p>
<p>remessa de cópia de peças da Notícia de Fato n° 003205.2016.01.000/0, originada no
</p>
<p>âmbito  do  Ministério  Público  do  Trabalho,  visando  apurar  o  não  pagamento  do
</p>
<p>adicional de insalubridade aos enfermeiros que manipulam quimioterápicos do Hospital
</p>
<p>Central do Exército (HCE).
</p>
<p>Após  oficiada,  a  Organização  Militar  de  Saúde  afirmou  que  os
</p>
<p>enfermeiros que manipulam quimioterápicos são todos militares e vinculam-se a um
</p>
<p>regime jurídico diferenciado dos demais agentes públicos, estando regidos pela Lei n°
</p>
<p>6.880/80, enquanto os servidores civis federais estão submetidos à Lei 8.112/90, e, por
</p>
<p>essa razão, não cabe o pagamento de adicional de insalubridade.
</p>
<p>É o relatório.
</p>
<p>1</p>
<p />
</div>
<div class="page"><p />
<p>MINISTÉRIO PÚBLICO FEDERAL
PROCURADORIA DA REPÚBLICA NO ESTADO DO RIO DE JANEIRO
</p>
<p>Como  bem  pontuado  às  fls.  16/21,  não  há  a  obrigatoriedade  da
</p>
<p>remuneração de adicional de insalubridade aos militares, face inexistir previsão legal
</p>
<p>para  tanto.  Corroborando para  melhor  esclarecimento  da  controvérsia,  mister  se  faz
</p>
<p>transcrever trecho da réplica do Hospital Central do Exército:
</p>
<p>“Preliminarmente cumpre informar que os farmacêuticos que manipulam
quimioterápicos no âmbito deste hospital, são todos militares, Oficiais do
Quadro de Serviço de Saúde do Exército Brasileiro, sendo submetido ao
regime  jurídico  previsto  no  Estatuto  dos  Militares  (Lei  n°  6.880/80),
esclarecendo que  não  houve  pagamento  do  adicional  de  insalubridade
para  os  referidos  Oficiais  Farmacêuticos  e  que  não  foram localizados
registros de requerimento formulados a Administração deste hospital por
militares pleiteando o pagamento do referido adicional.
</p>
<p>Os servidores militares – a exemplo do que ocorrem com os servidores
públicos civis  regulados pela Lei 8.112/90 –,  possuem regime jurídico
próprio, e por ele são regidos. O regime jurídico desses servidores, por
óbvio,  deve  estar  em  acordo  com  a  constituição  Federal,  mormente
porque  essa  é  que  estabelece  suas  diretrizes  básicas,  sendo  que  cada
estatuto  estabelecerá,  especificamente,  as  normas  a  serem  observadas
pelos seus servidores.
</p>
<p>Deve-se  observar  ainda  que  no  direito  brasileiro  existem  verdadeiros
microssistemas jurídicos para cada categoria de trabalhadores (Celetistas,
Estatutários  e  Militares).  Diferenciação  esta,  prevista,  inclusive,  no
âmbito  Constitucional  (artigos:  7°,  39°  e  142  da  CRFB/88),  restando
defeso, sob o pretexto de mera interpretação do texto legal, combinar ou
fazer  migrar  normas  entre  os  diversos  regimes,  pois,  em  assim
procedendo, estar-se-ia oportunizando a criação de uma terceira norma,
o que não compete ao Gestor Público.
</p>
<p>Sendo assim, o Estatuto dos Militares, disciplinados pela Lei 6.880/80, é
que regula a situação, obrigações, deveres,  direitos e prerrogativas dos
membros das Forças Armadas. A própria constituição Federal, em seu art.
142,  ao  estabelecer  algumas  normas  atinentes  aos  militares,  faz  clara
referências de que estão dispostas em lei específica.
</p>
<p>2</p>
<p />
</div>
<div class="page"><p />
<p>MINISTÉRIO PÚBLICO FEDERAL
PROCURADORIA DA REPÚBLICA NO ESTADO DO RIO DE JANEIRO
</p>
<p>(…)
Sabendo que o adicional de insalubridade está previsto no inciso XXIII
do art. 7°, não é difícil perceber que o referido benefício não consta do rol
descrito no inciso VIII do § 3° do art. 142 da CRFB/88.
</p>
<p>(…)
Nesse mesmo sentido, Maria Sylvia Zanella di Petro, ao dispor sobre o
regime jurídico próprio que estão sujeitos os militares e aduzindo que
esses  já  não  são  mais  considerados  servidores  públicos,  a  partir  do
advento da Emenda Constitucional n° 19/98, relatando:
</p>
<p>'A partir  dessa  Emenda,  ficaram excluídos  da categoria,  só lhes
sendo  aplicáveis  as  normas  referentes  aos  servidores  públicos
quando houver previsão expressa nesse sentido, como contida no
art.  142,  §  3°,  inc.  VIII.  Esse  dispositivo  manda  aplicar  aos
militares das Forças Armadas os incisos VIII, XII, XVII, XVIII,
XIX, XXV do artigo 7° e os incisos XI, XIII, XIV e XV do art. 37.
Vale dizer que os militares fazem jus a algumas vantagens próprias
do  trabalhador  privado:  décimo  terceiro  salário,  salário-família,
férias anuais remuneradas, licença a gestante, licença à paternidade
e assistência gratuita aos filhos e dependentes desde o nascimento
até os seis anos de idade em creches e pré-escolas. E estão sujeitos
a algumas normas próprias dos servidores públicos: teto salarial,
limitações,  forma  de  cálculo  dos  acréscimos  salarias  e
irredutibilidade de vencimentos.'
</p>
<p>(…)
A Administração Pública deve atender aos princípios que regem a sua
atuação  dentre  os  quais  o  princípio  da  legalidade,  que  impõe  ao
administrador somente praticar os atos que a lei determina, sendo vedada
a sua atuação fora dos ditames legais.
</p>
<p>De acordo com o que já fora descrito anteriormente não há previsão, no
Estatuto dos Militares, sobre o adicional de insalubridade, conforme se
constata do art. 50, que prevê os direitos da categoria; tampouco consta
tal previsão na MP 2.215-10/2001, que dispôs sobre a reestruturação da
remuneração  dos  militares  das  Forças  Armadas,  alterando  as  Leis  n°
3.765, de 4 de maio de 1960, e 6.880, de 9 de dezembro de 1980, e dando
outras providências.”
</p>
<p>3</p>
<p />
</div>
<div class="page"><p />
<p>MINISTÉRIO PÚBLICO FEDERAL
PROCURADORIA DA REPÚBLICA NO ESTADO DO RIO DE JANEIRO
</p>
<p>Com efeito, a Carta Magna designou aos militares um regime jurídico
</p>
<p>diferenciado dos servidores públicos civis, uma vez que aqueles são subordinados à Lei
</p>
<p>6.880/80,  enquanto  estes  são  submetidos  à  Lei  8.112/90.  Dessa  forma,  só  se  pode
</p>
<p>aplicar  a  norma dos  servidores  públicos  civis  quando expressamente  permitido pelo
</p>
<p>ordenamento pátrio.
</p>
<p>Ademais, de fato,  a Constituição Federal,  em seu art.  7º,  elenca os
</p>
<p>direitos que podem ser concedidos aos trabalhadores urbanos e rurais, mencionando, por
</p>
<p>exemplo o repouso semanal remunerado (inciso XV), jornada semanal não superior a 8
</p>
<p>horas (inciso XIII), remuneração do trabalho noturno superior ao diurno (inciso IX),
</p>
<p>dentre outros.
</p>
<p>No entanto, a própria Constituição Federal, por uma opção do Poder
</p>
<p>Constituinte  Originário,  obviamente  por  se  tratar  de  uma  carreira  de  natureza
</p>
<p>especialíssima e  merecedora  de  um tratamento  diferenciado,  definiu  que  os  direitos
</p>
<p>concedidos  aos  militares  não  englobariam  os  direitos  supracitados,  mas  apenas  os
</p>
<p>previstos no art. 142, § 3º, VII, ou seja, os direitos sociais previstos no art. 7º, incisos
</p>
<p>VIII, XII, XVII, XVIII, XIX e XXV, e no art. 37, incisos XI, XIII, XIV e XV, bem
</p>
<p>como na forma da lei e com prevalência da atividade militar, o previsto no art. 37, inciso
</p>
<p>XVI, “c”.
</p>
<p>Sendo assim, observa-se que o adicional de insalubridade, previsto no
</p>
<p>art. 7°, XXIII, da CF/88, não está elencado nesse rol taxativo do art. 142, § 3°, VII, da
</p>
<p>CF/88.
</p>
<p>4</p>
<p />
</div>
<div class="page"><p />
<p>MINISTÉRIO PÚBLICO FEDERAL
PROCURADORIA DA REPÚBLICA NO ESTADO DO RIO DE JANEIRO
</p>
<p>Além,  em se  tratando  da  legislação  infraconstitucional,  não  consta
</p>
<p>também  nenhuma  previsão  expressa  sobre  o  pagamento  de  tal  adicional  para  os
</p>
<p>integrantes do Exército Brasileiro, pois o art. 50 da Lei 6.880/80, que versa sobre os
</p>
<p>direitos  dos  militares,  e  tampouco a Medida Provisória  2.215-10/2001,  que trata  da
</p>
<p>reestruturação  da  remuneração  dos  militares  das  Forças  Armadas,  previram
</p>
<p>remuneração a mais, devido às atividades insalubres.
</p>
<p>Nesse eito, urge trazer à baila pedagógica decisão do Egrégio Tribunal
</p>
<p>Regional Federal da 5ª Região, in verbis:
</p>
<p>ADMINISTRATIVO.  MILITAR.  ADICIONAL  DE
INSALUBRIDADE.  DIREITO.  AUSÊNCIA  DE  PREVISÃO
CONSTITUCIONAL  E/OU  LEGAL.  ADICIONAL  DE
COMPENSAÇÃO  ORGÂNICA.  AGENTES  BIOLÓGICOS.
NÃO  CABIMENTO.  EXTENSÃO  DE  VANTAGENS
REMUNERATÓRIAS. PODER JUDICIÁRIO. PRINCÍPIO DA
ISONOMIA. IMPOSSIBILIDADE.
A jurisprudência do TRF da 5.ª Região está pacificada no
sentido de que: (a) o art. 142, § 3.º, inciso VIII, da CF/88 não
estendeu aos militares o direito a adicional de insalubridade,
não tendo, também, a legislação ordinária lhe conferido esse
direito;  (b)  a  compensação  orgânica  adicional  de
remuneração  mensal  devida  ao  militar  não  tem  previsão
legal de pagamento por exposição a agentes biológicos; e (c)
não  é  possível  ao  Poder  Judiciário  estender  vantagens
remuneratórias com base no princípio da isonomia. Ante o
exposto, nego provimento à apelação.
</p>
<p>(AC  370382  PE  0019051-16.2001.4.05.8300,  Orgão  Julgador
Primeira Turma, Publicação Fonte: Diário da Justiça Eletrônico
– Data: 06/11/2009 – Página: 213 – Ano: 2009, Julgamento 15
de Outubro de 2009, Relator Desembargador Federal Emiliano
Zapata Leitão)
</p>
<p>5</p>
<p />
</div>
<div class="page"><p />
<p>MINISTÉRIO PÚBLICO FEDERAL
PROCURADORIA DA REPÚBLICA NO ESTADO DO RIO DE JANEIRO
</p>
<p>Desse  modo,  a  atuação  do  Ministério  Público  Federal  somente  se
</p>
<p>justificaria  caso  houvesse  indícios  de  afronta  a  princípios  e  fundamentos
</p>
<p>constitucionalmente definidos,  em especial  os da legalidade,  isonomia,  moralidade e
</p>
<p>razoabilidade, contudo, in casu, tais violações não se mostram presentes, uma vez que
</p>
<p>tanto  a  Constituição  Federal  como  a  legislação  infraconstitucional  estão  sendo
</p>
<p>devidamente cumpridas.
</p>
<p>Portanto, em razão do exaurimento da presente apuração, e inexistindo
</p>
<p>outras irregularidades,  não há outra providência a ser tomada pelo Ministério Público
</p>
<p>Federal, pelo que promovo o arquivamento do Procedimento Preparatório em epígrafe.
</p>
<p>Dê-se ciência desta Promoção ao representante, caso identificado, nos
</p>
<p>moldes do art. 17, §§1º e 3º, da Resolução nº 87 do CSMPF, de 6 de abril de 2010.
</p>
<p>Após,  encaminhe-se  os  autos  à  E.  1ª  Câmara  de  Coordenação  e
</p>
<p>Revisão para deliberação acerca da homologação desta decisão.
</p>
<p>Rio de Janeiro, 6 de junho de 2017.
</p>
<p>DANIELLA D. A. SUEIRA T. PIZA
Procuradora da República
</p>
<p>6</p>
<p />
</div>
</body></html>