<?xml version="1.0" encoding="UTF-8"?>
<html xmlns="http://www.w3.org/1999/xhtml">
<head>
<meta name="date" content="2018-08-28T19:36:32Z" />
<meta name="pdf:PDFVersion" content="1.4" />
<meta name="access_permission:modify_annotations" content="true" />
<meta name="access_permission:can_print_degraded" content="true" />
<meta name="tika_batch_fs:relative_path" content="77464153.pdf" />
<meta name="dcterms:created" content="2018-08-28T19:36:31Z" />
<meta name="Last-Modified" content="2018-08-28T19:36:32Z" />
<meta name="dcterms:modified" content="2018-08-28T19:36:32Z" />
<meta name="dc:format" content="application/pdf; version=1.4" />
<meta name="Last-Save-Date" content="2018-08-28T19:36:32Z" />
<meta name="access_permission:fill_in_form" content="true" />
<meta name="pdf:docinfo:modified" content="2018-08-28T19:36:32Z" />
<meta name="meta:save-date" content="2018-08-28T19:36:32Z" />
<meta name="pdf:encrypted" content="false" />
<meta name="modified" content="2018-08-28T19:36:32Z" />
<meta name="Content-Length" content="52067" />
<meta name="X-TIKA:digest:MD5" content="41accff8ab1ea1894d8231941aa15e31" />
<meta name="Content-Type" content="application/pdf" />
<meta name="X-Parsed-By" content="org.apache.tika.parser.DefaultParser" />
<meta name="X-Parsed-By" content="org.apache.tika.parser.pdf.PDFParser" />
<meta name="meta:creation-date" content="2018-08-28T19:36:31Z" />
<meta name="created" content="Tue Aug 28 16:36:31 BRT 2018" />
<meta name="access_permission:extract_for_accessibility" content="true" />
<meta name="access_permission:assemble_document" content="true" />
<meta name="xmpTPg:NPages" content="3" />
<meta name="Creation-Date" content="2018-08-28T19:36:31Z" />
<meta name="resourceName" content="77464153.pdf" />
<meta name="access_permission:extract_content" content="true" />
<meta name="access_permission:can_print" content="true" />
<meta name="tika:file_ext" content="pdf" />
<meta name="producer" content="iText® 5.5.9 ©2000-2015 iText Group NV (AGPL-version); modified using iText® 5.5.9 ©2000-2015 iText Group NV (AGPL-version)" />
<meta name="access_permission:can_modify" content="true" />
<meta name="pdf:docinfo:producer" content="iText® 5.5.9 ©2000-2015 iText Group NV (AGPL-version); modified using iText® 5.5.9 ©2000-2015 iText Group NV (AGPL-version)" />
<meta name="pdf:docinfo:created" content="2018-08-28T19:36:31Z" />
<title></title>
</head>
<body><div class="page"><p />
<p> 
</p>
<p>EGRÉGIA 1ª CÂMARA
 
</p>
<p>EXMO.(A) DR.(A) RELATOR (A)
 
 
 
</p>
<p>PRM / NOVO HAMBURGO
IC Nº 1.29.003.000171/2017-91.
</p>
<p> 
 
 
</p>
<p>PROMOÇÃO DE ARQUIVAMENTO
 
</p>
<p> 
 
</p>
<p>Trata-se do Inquérito Civil em destaque, instaurado a partir
da formalização de Representação por Vera Maria de Moraes acerca de
suposta omissão da Caixa Econômica Federal em prestar informações e
responder a suas manifestações de inconformismo com a administração
do Condomínio Residencial Mauá I, o que poderia consistir em violação
ao disposto na Lei 7.492/92.
</p>
<p> 
</p>
<p>Para instrução dos autos foi encaminhado Ofício à
Superintendência da Caixa Econômica Federal no Vale do Rio dos
Sinos para que tomasse ciência e se manifestasse acerca do fato
imputado (fl. 38).
</p>
<p> 
</p>
<p>Ciente da imputação, a Gerência de Habitação da Caixa
Econômica Federal manifestou negativa a tal prática, discriminando
datas em que a resposta aos pleitos foram disponibilizadas à
Representante (fls. 41/42).
</p>
<p>PRM-NHM-RS-00005303/2018     
</p>
<p>MINISTÉRIO PÚBLICO FEDERAL
PROCURADORIA DA REPÚBLICA NO MUNICÍPIO DE NOVO HAMBURGO
</p>
<p>GABINETE DO 1º OFÍCIO
</p>
<p>PROCURADORIA DA
REPÚBLICA NO
</p>
<p>MUNICÍPIO DE NOVO
HAMBURGO
</p>
<p>Rua Guia Lopes, nº 4050, sala 102, Rondônia
Novo Hamburgo - RS. Tel (51) 3584-4300
</p>
<p>e-mail: prrs-prm-nh@mpf.mp.br
</p>
<p>Pág. 1 de 3</p>
<p />
</div>
<div class="page"><p />
<p> 
</p>
<p>O teor da resposta foi encaminhada à Representante que
quedou-se silente (fls. 44 e 47).
</p>
<p> 
</p>
<p>É o relato.
 
</p>
<p>Este feito não merece continuidade.
 
</p>
<p>Considerando que as detalhadas informações prestadas pela
Caixa Econômica Federal e do silêncio da Representante, tenho que
solucionada a dúvida sobre o cumprimento dos termos da Lei 8.472/92
por aquela Empresa Pública.
</p>
<p> 
</p>
<p>Por todo o exposto, tenho por esgotadas as diligências
exigíveis até o momento motivo pelo qual determino o arquivamento do
presente feito, com base no art. 17 e parágrafos da Resolução nº
87/2010, e posterior remessa à 1ª Câmara de Coordenação e Revisão,
para ciência e eventual homologação.
</p>
<p> 
</p>
<p>Encaminhe-se cópia desta Promoção de Arquivamento à
Representante, para os fins do art. 17, § 3º, da Resolução CSMPF nº
87/2010.
 
 
</p>
<p> 
</p>
<p>Novo Hamburgo, 28 de agosto de 2018
 
 
 
 
</p>
<p>CELSO TRES
Procurador da República
</p>
<p>PRM-NHM-RS-00005303/2018     
</p>
<p>MINISTÉRIO PÚBLICO FEDERAL
PROCURADORIA DA REPÚBLICA NO MUNICÍPIO DE NOVO HAMBURGO
</p>
<p>GABINETE DO 1º OFÍCIO
</p>
<p>PROCURADORIA DA
REPÚBLICA NO
</p>
<p>MUNICÍPIO DE NOVO
HAMBURGO
</p>
<p>Rua Guia Lopes, nº 4050, sala 102, Rondônia
Novo Hamburgo - RS. Tel (51) 3584-4300
</p>
<p>e-mail: prrs-prm-nh@mpf.mp.br
</p>
<p>Pág. 2 de 3</p>
<p />
</div>
<div class="page"><p />
<p> 
 
 
 
 
 
 
</p>
<p>PRM-NHM-RS-00005303/2018     
</p>
<p>MINISTÉRIO PÚBLICO FEDERAL
PROCURADORIA DA REPÚBLICA NO MUNICÍPIO DE NOVO HAMBURGO
</p>
<p>GABINETE DO 1º OFÍCIO
</p>
<p>PROCURADORIA DA
REPÚBLICA NO
</p>
<p>MUNICÍPIO DE NOVO
HAMBURGO
</p>
<p>Rua Guia Lopes, nº 4050, sala 102, Rondônia
Novo Hamburgo - RS. Tel (51) 3584-4300
</p>
<p>e-mail: prrs-prm-nh@mpf.mp.br
</p>
<p>Pág. 3 de 3</p>
<p />
</div>
</body></html>