<?xml version="1.0" encoding="UTF-8"?>
<html xmlns="http://www.w3.org/1999/xhtml">
<head>
<meta name="pdf:PDFVersion" content="1.4" />
<meta name="xmp:CreatorTool" content="Writer" />
<meta name="access_permission:modify_annotations" content="true" />
<meta name="access_permission:can_print_degraded" content="true" />
<meta name="tika_batch_fs:relative_path" content="77775530.pdf" />
<meta name="language" content="pt-BR" />
<meta name="dcterms:created" content="2017-07-04T20:19:20Z" />
<meta name="dc:format" content="application/pdf; version=1.4" />
<meta name="pdf:docinfo:creator_tool" content="Writer" />
<meta name="access_permission:fill_in_form" content="true" />
<meta name="pdf:encrypted" content="false" />
<meta name="Content-Length" content="68784" />
<meta name="X-TIKA:digest:MD5" content="635766aca54b40137cd4de31c4408dc4" />
<meta name="Content-Type" content="application/pdf" />
<meta name="X-Parsed-By" content="org.apache.tika.parser.DefaultParser" />
<meta name="X-Parsed-By" content="org.apache.tika.parser.pdf.PDFParser" />
<meta name="dc:language" content="pt-BR" />
<meta name="meta:creation-date" content="2017-07-04T20:19:20Z" />
<meta name="created" content="Tue Jul 04 17:19:20 BRT 2017" />
<meta name="access_permission:extract_for_accessibility" content="true" />
<meta name="access_permission:assemble_document" content="true" />
<meta name="xmpTPg:NPages" content="2" />
<meta name="Creation-Date" content="2017-07-04T20:19:20Z" />
<meta name="resourceName" content="77775530.pdf" />
<meta name="access_permission:extract_content" content="true" />
<meta name="access_permission:can_print" content="true" />
<meta name="tika:file_ext" content="pdf" />
<meta name="producer" content="LibreOffice 5.0" />
<meta name="access_permission:can_modify" content="true" />
<meta name="pdf:docinfo:producer" content="LibreOffice 5.0" />
<meta name="pdf:docinfo:created" content="2017-07-04T20:19:20Z" />
<title></title>
</head>
<body><div class="page"><p />
<p>PROCURADORIA DA REPÚBLICA EM MINAS GERAIS
</p>
<p>PP Nº 1.22.000.001320/2017-11
</p>
<p>                                        
</p>
<p>DECISÃO:
</p>
<p>Cuida-se de Procedimento Preparatório, instaurado no âmbito
desta  Procuradoria  da  República,  a  partir  de  representação,  a  fim  de  investigar
possíveis  irregularidades  no  concurso  público  da  UFMG  (Faculdade  de  Letras),
referente ao Edital nº 462/2016, concernente à prova de títulos, à prova didática e à
prova escrita.
</p>
<p>O  caso,  entretanto,  é  de  arquivamento,  por  não  haver
elementos  comprobatórios  que  indiquem  nos  autos  a  existência  de  quaisquer
irregularidades  praticadas  pela  UFMG,  sendo  desnecessária  a  intervenção  do
Ministério Público Federal.
</p>
<p>Em  informações  prestadas  pela  Universidade  Federal  de
Minas  Gerais,  restaram  esclarecidas  as  supostas  irregularidades  arguidas  pela
Representante. Primeiramente, quanto à prova de títulos, alegou a representante que
houve a falta de divulgação dos critérios de correção de cada quesito e sua respectiva
pontuação. No entanto, esclareceu a UFMG que a referida tabela foi publicada como
quadro do próprio edital, no item 7.5.2, que inclusive proíbe a utilização de qualquer
outra no certame. Ademais, a representante assinou uma declaração de concordância
com os atos e procedimentos realizados até o momento, inclusive o próprio edital em
que  consta  a  tabela  em  questão.  Insta  ressaltar  que  foram  apresentados  à
Representante a avaliação de títulos pela comissão própria e neles consta a atribuição
de pontos aos Títulos Acadêmicos, conforme previsão.
</p>
<p>Em  segundo  lugar,  quanto  à  prova  didática,  alegou  a
Representante não ter havido arguição oral. Quanto a este ponto, esclareceu a UFMG
que a arguição oral  não é etapa adicional,  não havendo prazo adicional  para sua
realização, conforme lista dos itens de avaliação do edital (7.5; 7.6; 7.7). A comissão
avaliadora, inclusive, não pôde arguir nenhum dos candidatos, que utilizaram todo o
</p>
<p>H:\Sergio\Sergio Nereu-Redeold\PARECERES DE TUTELA COLETIVA\DESPACHOS\1ª CÂMARA - ARQUIVAMENTO\PP Nº 1.22.000.001320-2017-11 - ausência de irregularidades.odt//Carolina</p>
<p />
</div>
<div class="page"><p />
<p>PROCURADORIA DA REPÚBLICA EM MINAS GERAIS
</p>
<p>tempo  da prova  didática  para  realizar  sua  exposição,  não  restando tempo  para  a
arguição oral, além do que esta é recurso apenas para os casos necessários, de modo
que a avaliação do candidato garantida pelo edital abarca os cinquenta minutos em
que teve a palavra.
</p>
<p>Em  terceiro  lugar,  quanto  à  prova  escrita,  alegou  a
Representante a falta de justificativa para as notas atribuídas, ao que esclareceu a
UFMG que  o  edital  não  exige  a  publicação  dos  critérios  de  avaliação  da  prova
escrita,  devendo  ser  considerado  o  item  8.2.  Não  estando  o  resultado  final
homologado,  a  Representante  teve  vista  da  sua  cópia  do  parecer  final  da  prova
escrita, concernente à sua própria avaliação, com campo de observações e nota final,
que foi apresentado sob os critérios especificados de 1) pertinência, conhecimento e
abrangência do tema; 2) Organização e coerência; 3) Uso adequado da língua escrita
formal.
</p>
<p>Por fim, o grau de parentesco entre a candidata aprovada e a
presidente da banca, conforme esclarecido pela Secretaria da FALE, nos termos da
Resolução nº 02/2013, não é apto a obstar o concurso.
</p>
<p>Assim,  não  havendo  qualquer  irregularidade  a  ser  sanada,
determino o arquivamento do presente feito, submetendo o teor desta decisão à douta
1ª Câmara de Coordenação e Revisão, para onde deverão ser estes autos remetidos,
com as nossas homenagens.
</p>
<p>Oficie-se a Representante por meio de correio eletrônico dos
termos desta decisão, para que lhe seja facultada a interposição de recurso.
</p>
<p>Belo Horizonte, 30 de junho de 2017.
</p>
<p>         SÉRGIO NEREU FARIA
            Procurador da República
</p>
<p>H:\Sergio\Sergio Nereu-Redeold\PARECERES DE TUTELA COLETIVA\DESPACHOS\1ª CÂMARA - ARQUIVAMENTO\PP Nº 1.22.000.001320-2017-11 - ausência de irregularidades.odt//Carolina</p>
<p />
</div>
<ul>	<li>PP Nº 1.22.000.001320/2017-11</li>
</ul>
</body></html>