<?xml version="1.0" encoding="UTF-8"?>
<html xmlns="http://www.w3.org/1999/xhtml">
<head>
<meta name="date" content="2018-05-11T17:52:53Z" />
<meta name="pdf:PDFVersion" content="1.4" />
<meta name="access_permission:modify_annotations" content="true" />
<meta name="access_permission:can_print_degraded" content="true" />
<meta name="tika_batch_fs:relative_path" content="77773087.pdf" />
<meta name="dcterms:created" content="2018-05-11T17:52:53Z" />
<meta name="Last-Modified" content="2018-05-11T17:52:53Z" />
<meta name="dcterms:modified" content="2018-05-11T17:52:53Z" />
<meta name="dc:format" content="application/pdf; version=1.4" />
<meta name="Last-Save-Date" content="2018-05-11T17:52:53Z" />
<meta name="access_permission:fill_in_form" content="true" />
<meta name="pdf:docinfo:modified" content="2018-05-11T17:52:53Z" />
<meta name="meta:save-date" content="2018-05-11T17:52:53Z" />
<meta name="pdf:encrypted" content="false" />
<meta name="modified" content="2018-05-11T17:52:53Z" />
<meta name="Content-Length" content="44211" />
<meta name="X-TIKA:digest:MD5" content="e7a4cbdb199bfed877bb9db01f6f0cc9" />
<meta name="Content-Type" content="application/pdf" />
<meta name="X-Parsed-By" content="org.apache.tika.parser.DefaultParser" />
<meta name="X-Parsed-By" content="org.apache.tika.parser.pdf.PDFParser" />
<meta name="meta:creation-date" content="2018-05-11T17:52:53Z" />
<meta name="created" content="Fri May 11 14:52:53 BRT 2018" />
<meta name="access_permission:extract_for_accessibility" content="true" />
<meta name="access_permission:assemble_document" content="true" />
<meta name="xmpTPg:NPages" content="1" />
<meta name="Creation-Date" content="2018-05-11T17:52:53Z" />
<meta name="resourceName" content="77773087.pdf" />
<meta name="access_permission:extract_content" content="true" />
<meta name="access_permission:can_print" content="true" />
<meta name="tika:file_ext" content="pdf" />
<meta name="producer" content="iText® 5.5.9 ©2000-2015 iText Group NV (AGPL-version); modified using iText® 5.5.9 ©2000-2015 iText Group NV (AGPL-version)" />
<meta name="access_permission:can_modify" content="true" />
<meta name="pdf:docinfo:producer" content="iText® 5.5.9 ©2000-2015 iText Group NV (AGPL-version); modified using iText® 5.5.9 ©2000-2015 iText Group NV (AGPL-version)" />
<meta name="pdf:docinfo:created" content="2018-05-11T17:52:53Z" />
<title></title>
</head>
<body><div class="page"><p />
<p>PR-RJ-00044749/2018
 
</p>
<p>Referência: Inquérito Civil nº 1.30.001.001777/2017-43
 
</p>
<p> PROMOÇÃO DE ARQUIVAMENTO
 
</p>
<p> 
 
 
 
</p>
<p> 
</p>
<p>Trata-se de Inquérito Civil instaurado a partir de representação com o fito de
apurar possíveis irregularidades em supostas faltas recorrentes ao trabalho pela professora Sara
Marins Barros, no CEFET - Campus Maracanã, com concessão de licença médica sem
avaliação por junta médica, por período inferior ao da ausência.
</p>
<p> 
</p>
<p>Às fls. 10, foi encaminhado ofício ao Diretor-Geral do CEFET solicitando
esclarecimentos acerca da manifestação, que alega a apresentação, pela professora, de atestados
médicos inferiores ao período de 120 dias consecutivos, mas que já superaram esse prazo.
</p>
<p> 
</p>
<p>Em resposta ao referido ofício, às fls. 11, foi informado que a professora lotada
na Coordenadoria de Desenho do CEFET esteve afastada por motivo de Licença para
Tratamento de Saúde, nos períodos constantes do formulário do Subsistema Integrado de
Atenção à Saúde do Servidor - SIASS.
</p>
<p> 
</p>
<p>Conforme o referido formulário do SIASS, a servidora não apresenta licenças
superiores a 120 dias a cada período de 12 meses, em concordância com os termos do art. 203,
parágrafo 4º da Lei nº 8.112/90, que estabelece o limite de 120 dias no período de 12 meses para
concessão de licença médica sem necessidade de avaliação por junta médica oficial. Acima
desse número de dias, obrigatoriamente, a junta será composta por três médicos ou três
cirurgiões dentistas.
</p>
<p> 
</p>
<p>Isto posto, não cabe outra medida ao Ministério Público Federal senão promover
o arquivamento do referido Inquérito Civil, após a adoção das cautelas de praxe.
</p>
<p> 
 
</p>
<p>Encaminhe-se o presente procedimento à 1ª Câmara de Coordenação e Revisão,
para fins de ciência e registro.
 
</p>
<p> 
</p>
<p> 
</p>
<p>Rio de Janeiro, 11 de maio de 2018
 
</p>
<p> 
</p>
<p> 
MARIA CRISTINA MANELLA CORDEIRO
</p>
<p>Procuradora da República
</p>
<p> 
</p>
<p>MINISTÉRIO PÚBLICO FEDERAL
PROCURADORIA DA REPÚBLICA NO RIO DE JANEIRO
</p>
<p>GABINETE DE PROCURADOR DA REPÚBLICA
 
</p>
<p>Pág. 1 de 1</p>
<p />
</div>
</body></html>