<?xml version="1.0" encoding="UTF-8"?>
<html xmlns="http://www.w3.org/1999/xhtml">
<head>
<meta name="pdf:PDFVersion" content="1.4" />
<meta name="pdf:docinfo:title" content="MANDADO DE SEGURANÇA Nº 2001" />
<meta name="xmp:CreatorTool" content="Writer" />
<meta name="access_permission:modify_annotations" content="true" />
<meta name="access_permission:can_print_degraded" content="true" />
<meta name="dc:creator" content="Procuradoria da República-MG" />
<meta name="tika_batch_fs:relative_path" content="77970203.pdf" />
<meta name="language" content="pt-BR" />
<meta name="dcterms:created" content="2017-06-09T16:40:40Z" />
<meta name="dc:format" content="application/pdf; version=1.4" />
<meta name="pdf:docinfo:creator_tool" content="Writer" />
<meta name="access_permission:fill_in_form" content="true" />
<meta name="pdf:encrypted" content="false" />
<meta name="dc:title" content="MANDADO DE SEGURANÇA Nº 2001" />
<meta name="Content-Length" content="106999" />
<meta name="X-TIKA:digest:MD5" content="7874fff8cd3471b6dcfb576c03242910" />
<meta name="Content-Type" content="application/pdf" />
<meta name="pdf:docinfo:creator" content="Procuradoria da República-MG" />
<meta name="X-Parsed-By" content="org.apache.tika.parser.DefaultParser" />
<meta name="X-Parsed-By" content="org.apache.tika.parser.pdf.PDFParser" />
<meta name="creator" content="Procuradoria da República-MG" />
<meta name="dc:language" content="pt-BR" />
<meta name="meta:author" content="Procuradoria da República-MG" />
<meta name="meta:creation-date" content="2017-06-09T16:40:40Z" />
<meta name="created" content="Fri Jun 09 13:40:40 BRT 2017" />
<meta name="access_permission:extract_for_accessibility" content="true" />
<meta name="access_permission:assemble_document" content="true" />
<meta name="xmpTPg:NPages" content="2" />
<meta name="Creation-Date" content="2017-06-09T16:40:40Z" />
<meta name="resourceName" content="77970203.pdf" />
<meta name="access_permission:extract_content" content="true" />
<meta name="access_permission:can_print" content="true" />
<meta name="tika:file_ext" content="pdf" />
<meta name="Author" content="Procuradoria da República-MG" />
<meta name="producer" content="OpenOffice 4.1.1" />
<meta name="access_permission:can_modify" content="true" />
<meta name="pdf:docinfo:producer" content="OpenOffice 4.1.1" />
<meta name="pdf:docinfo:created" content="2017-06-09T16:40:40Z" />
<title>MANDADO DE SEGURANÇA Nº 2001</title>
</head>
<body><div class="page"><p />
<p>MINISTÉRIO PÚBLICO FEDERAL
PROCURADORIA DA REPÚBLICA EM MINAS GERAIS
</p>
<p>Procedimento Preparatório PP nº 1.22.000.001434/2017-61
</p>
<p>PROMOÇÃO DE ARQUIVAMENTO
</p>
<p>Trata-se de Notícia de Fato, autuada a partir da representação da
</p>
<p>cidadã, procuradora do segurado Afonso Alves de Souza, questionando a possível
</p>
<p>morosidade do INSS apreciar o pedido de benefício previdenciário nº 702.688.106-0,
</p>
<p>DER 03/01/2017.
</p>
<p>A  representante  aduz  que  requereu  administrativamente  o
</p>
<p>benefício, mas que a situação naquele momento era “pré habilitado”.
</p>
<p>A Gerência Executiva do INSS informou (f. 7), que a APS BH/Santa
</p>
<p>Efigênia era a agência responsável por analisar o pedido do representante.
</p>
<p>Adiante,  a  APS  BH/Santa  Efigênia  comunicou  a  implantação  do
</p>
<p>benefício assistencial em nome de Afonso Alves de Souza. 
</p>
<p>É o relato do necessário.
</p>
<p>O procedimento em epígrafe visa apurar eventual morosidade em
</p>
<p>apreciar os pedidos de benefícios previdenciários junto ao INSS em Belo Horizonte,
</p>
<p>posto que a representação aduz direito individual disponível do cidadão, maior capaz,
</p>
<p>que  adotou  as  medidas  administrativas  cabíveis,  inclusive  com  procurador
</p>
<p>constituído, o que afasta atribuição do Parquet para analisar o direito ao benefício em
</p>
<p>si.
</p>
<p>Nesse passo, a análise e deferimento do benefício demorou cerca
</p>
<p>de 6 (seis) meses, tendo o INSS justificado a morosidade em razão da sobrecarga de
</p>
<p>serviços  devido  a  ausência  de  8  servidores  por  aposentadoria,  remoção  e
</p>
<p>afastamentos por licença médica.
</p>
<p>H:\Giovanni\ASSESSORIA\DLMS\2017\Extrajudicial\Arquivamento\PP 1434-2017.1CCR.morosidade do INSS. irregularidade sanada.doc   1/2</p>
<p />
</div>
<div class="page"><p />
<p>MINISTÉRIO PÚBLICO FEDERAL
PROCURADORIA DA REPÚBLICA EM MINAS GERAIS
</p>
<p>Ainda que a justificativa apresentada não deva servir de ônus ao
</p>
<p>pleito do beneficiário, tem-se que o requerimento de benefício assistencial analisa o
</p>
<p>preenchimento de dois requisitos (incapacidade e renda), portanto, o prazo de seis
</p>
<p>meses pode ser necessário em alguns casos.
</p>
<p>Não obstante  a expectativa  do requerente em obter  rapidamente
</p>
<p>uma resposta do INSS, observa-se que a data de início do benefício assistencial
</p>
<p>(DIB) retroagiu à data de entrada do requerimento (DER), conforme consta no extrato
</p>
<p>do sistema Infben juntado à f. 09, salvaguardando o direito do beneficiário.
</p>
<p>Assim  sendo,  ausente  a  ocorrência  de  outra  irregularidade  que
</p>
<p>justifique  a  continuidade  da  atuação  deste  órgão  ministerial,  determino  o
</p>
<p>encerramento  das  investigações,  sem  prejuízo  de  sua  retomada  no  caso  de
</p>
<p>ocorrência futura com novas provas.
</p>
<p>Dessa forma, promovo o arquivamento do presente procedimento
</p>
<p>administrativo,  nos  termos do  artigo  9°,  caput,  da  Lei  n.º  7.347/85,  artigo  17  da
</p>
<p>Resolução CSMPF n.º 87/2006 e artigo 10 da Resolução CNMP n.º 23/2007, sem
</p>
<p>prejuízo do posterior desarquivamento caso surjam fatos novos ou provas novas.
</p>
<p>Comunique-se  ao  representante,  na  forma  do  art.  17,  §2º  da
</p>
<p>Resolução nº 87, de 3 de agosto de 2006, do Conselho Superior do Ministério Público
</p>
<p>Federal, no endereço consignado à f. 3.
</p>
<p>Encaminhe-se,  em  seguida,  à  1ª  Câmara  de  Coordenação  e
</p>
<p>Revisão, nos termos do art. 9º, §1º, da Lei nº 7.347/85 e da Resolução nº 87, de
</p>
<p>03/08/2006, do Conselho Superior do Ministério Público Federal.
</p>
<p>Belo Horizonte, 9 de junho de 2016.
</p>
<p>GIOVANNI MORATO FONSECA
Procurador da República
</p>
<p>H:\Giovanni\ASSESSORIA\DLMS\2017\Extrajudicial\Arquivamento\PP 1434-2017.1CCR.morosidade do INSS. irregularidade sanada.doc   2/2</p>
<p />
</div>
<ul>	<li>GIOVANNI MORATO FONSECA</li>
<ul>	<li>Procurador da República</li>
</ul>
</ul>
</body></html>