<?xml version="1.0" encoding="UTF-8"?>
<html xmlns="http://www.w3.org/1999/xhtml">
<head>
<meta name="date" content="2017-10-02T17:51:01Z" />
<meta name="pdf:PDFVersion" content="1.4" />
<meta name="access_permission:modify_annotations" content="true" />
<meta name="access_permission:can_print_degraded" content="true" />
<meta name="tika_batch_fs:relative_path" content="78241346.pdf" />
<meta name="dcterms:created" content="2017-10-02T17:51:00Z" />
<meta name="Last-Modified" content="2017-10-02T17:51:01Z" />
<meta name="dcterms:modified" content="2017-10-02T17:51:01Z" />
<meta name="dc:format" content="application/pdf; version=1.4" />
<meta name="Last-Save-Date" content="2017-10-02T17:51:01Z" />
<meta name="access_permission:fill_in_form" content="true" />
<meta name="pdf:docinfo:modified" content="2017-10-02T17:51:01Z" />
<meta name="meta:save-date" content="2017-10-02T17:51:01Z" />
<meta name="pdf:encrypted" content="false" />
<meta name="modified" content="2017-10-02T17:51:01Z" />
<meta name="Content-Length" content="173514" />
<meta name="X-TIKA:digest:MD5" content="f6212f55fa5b81529060d6d5ab387581" />
<meta name="Content-Type" content="application/pdf" />
<meta name="X-Parsed-By" content="org.apache.tika.parser.DefaultParser" />
<meta name="X-Parsed-By" content="org.apache.tika.parser.pdf.PDFParser" />
<meta name="meta:creation-date" content="2017-10-02T17:51:00Z" />
<meta name="created" content="Mon Oct 02 14:51:00 BRT 2017" />
<meta name="access_permission:extract_for_accessibility" content="true" />
<meta name="access_permission:assemble_document" content="true" />
<meta name="xmpTPg:NPages" content="3" />
<meta name="Creation-Date" content="2017-10-02T17:51:00Z" />
<meta name="resourceName" content="78241346.pdf" />
<meta name="access_permission:extract_content" content="true" />
<meta name="access_permission:can_print" content="true" />
<meta name="tika:file_ext" content="pdf" />
<meta name="producer" content="iText® 5.5.9 ©2000-2015 iText Group NV (AGPL-version); modified using iText® 5.5.9 ©2000-2015 iText Group NV (AGPL-version)" />
<meta name="access_permission:can_modify" content="true" />
<meta name="pdf:docinfo:producer" content="iText® 5.5.9 ©2000-2015 iText Group NV (AGPL-version); modified using iText® 5.5.9 ©2000-2015 iText Group NV (AGPL-version)" />
<meta name="pdf:docinfo:created" content="2017-10-02T17:51:00Z" />
<title></title>
</head>
<body><div class="page"><p />
<p> 
</p>
<p> Procedimento Preparatório nº : 1.21.001.000111/2017-87
 
 
 
</p>
<p> 
PROMOÇÃO DE ARQUIVAMENTO
</p>
<p> 
</p>
<p> 
</p>
<p>Trata-se de procedimento preparatório instaurado mediante representação formulada por
</p>
<p>JUCICLÉIA DA SILVA ARRIGO, alegando supostas irregularidades na nomeação de
</p>
<p>professores substitutos pelo INSTITUTO FEDERAL DE EDUCAÇÃO E
</p>
<p>TECNOLOGIA DE MATO GROSSO - IFMT, em detrimento de aprovados em concurso
</p>
<p>público anterior e vigente (f. 02).
</p>
<p>1.
</p>
<p>Formulada junto à PRM de Dourados/MS, em virtude de aqui localizar-se a sede do
</p>
<p>IFMT, o feito foi declinado para esta Procuradoria (f. 17).
</p>
<p>2.
</p>
<p>Inicialmente, a par da conversão do procedimento em preparatório, encaminhou-se ofício
</p>
<p>ao IFMT, solicitando esclarecimentos sobre os termos da denúncia (f. 20/21 e 22), sendo
</p>
<p>recebidos, em resposta, os documentos de f. 24/29.
</p>
<p>3.
</p>
<p>É O RELATO DO NECESSÁRIO
PASSA-SE A EXTERNAR AS RAZÕES PELAS QUAIS SE IMPÕE O
ARQUIVAMENTO DO PRESENTE Procedimento Preparatório
</p>
<p>De rigor o arquivamento do procedimento em exame.4.
</p>
<p>Inicialmente, cumpre-nos rememorar que o Ministério Público Federal, diante de
</p>
<p>ilegalidade ou abuso de poder que ameacem ou causem danos aos interesses e direitos
</p>
<p>tutelados coletivamente, com fulcro no artigo 129, inciso III, da Constituição da
</p>
<p>República, poderá instaurar Procedimento Preparatório ou Inquérito Civil para colher os
</p>
<p>elementos necessários para subsidiar a preparação para o exercício das atribuições
</p>
<p>inerentes às suas funções institucionais.
</p>
<p>5.
</p>
<p>PR-MT-00031202/2017     
</p>
<p>MINISTÉRIO PÚBLICO FEDERAL
PROCURADORIA DA REPUBLICA - MATO GROSSO/DIAMANTINO
</p>
<p>GABINETE DE PROCURADOR DA REPUBLICA
</p>
<p>PROCURADORIA DA
REPUBLICA - MATO
GROSSO/DIAMANTINO
</p>
<p>Rua Estevão De Mendonça, Nº. 830, Ed. Green Tower, Quilombo -
Cep 78043405 - Cuiabá-MT
</p>
<p>Tel. (65)36125000 - Fax: - Email:Prmt-protocolo@mpf.mp.br
</p>
<p>Pág. 1 de 3</p>
<p />
</div>
<div class="page"><p />
<p>Revela-se pertinente a transcrição do artigo 1º da Resolução CSMPF nº 87/2006:6.
Art. 1° - O inquérito civil é procedimento investigatório, instaurado e
presidido pelo Ministério Público, destinado a apurar a ocorrência de fatos que
digam respeito ou acarretem danos efetivos ou potenciais a interesses que lhe
incumba defender, servindo como preparação para o exercício das atribuições
inerentes às suas funções institucionais.
</p>
<p>A função do Inquérito Civil, portanto, será a colheita de provas para elucidar a
</p>
<p>representação ou comunicação que for protocolizada perante os órgãos do parquet, que
</p>
<p>dê notícia de ilícito ocorrido, ou seja, servirá de procedimento preparatório do futuro
</p>
<p>ajuizamento das medidas extrajudiciais e judiciais cabíveis, conforme o artigo
</p>
<p>supracitado.
</p>
<p>7.
</p>
<p>De outro lado, compulsando os autos do Inquérito Civil mencionado na epígrafe, denota-
</p>
<p>se que não restou demonstrada a necessidade de adoção de qualquer providência pelo
</p>
<p>Ministério Público Federal, especialmente tendo como escopo a atribuição da 1ª Câmara
</p>
<p>de Coordenação e Revisão do Ministério Público Federal definida no artigo 2º da
</p>
<p>Resolução CSMPF nº 20/19961, na qual se deu a instauração do presente.
</p>
<p>8.
</p>
<p>Isso porque, conforme demonstrado pelo IFMT à f. 24/24v e comprovado pelos
</p>
<p>documentos juntados às f. 25/29, todos os candidatos aprovados, bem como os
</p>
<p>classificados no mencionado concurso foram efetivamente nomeados para o IFMT.
</p>
<p>Observe-se:
</p>
<p>9.
</p>
<p>Especificamente em relação à requerente, consta sua nomeação à f. 28, conforme DOU
</p>
<p>nº 127, Seção II, de 05/07/2017, página 21.
</p>
<p>11.
</p>
<p>Assim, considerando-se o suficiente esclarecimento dos fatos sob atribuição deste ofício
</p>
<p>de cidadania, não se vislumbra a existência de qualquer indício da irregularidade
</p>
<p>12.
</p>
<p>PR-MT-00031202/2017     
</p>
<p>MINISTÉRIO PÚBLICO FEDERAL
PROCURADORIA DA REPUBLICA - MATO GROSSO/DIAMANTINO
</p>
<p>GABINETE DE PROCURADOR DA REPUBLICA
</p>
<p>PROCURADORIA DA
REPUBLICA - MATO
GROSSO/DIAMANTINO
</p>
<p>Rua Estevão De Mendonça, Nº. 830, Ed. Green Tower, Quilombo -
Cep 78043405 - Cuiabá-MT
</p>
<p>Tel. (65)36125000 - Fax: - Email:Prmt-protocolo@mpf.mp.br
</p>
<p>Pág. 2 de 3</p>
<p />
</div>
<div class="page"><p />
<p>narrada que dê ensejo ao prosseguimento do feito, motivo pelo qual o arquivamento é
</p>
<p>medida que se impõe.
</p>
<p>CONCLUSÃO
</p>
<p>Diante do exposto, PROMOVE-SE O ARQUIVAMENTO do presente Inquérito Civil
</p>
<p>Público, pela ausência de ilegalidade/irregularidade.
</p>
<p>13.
</p>
<p>Notifique-se o representante, nos termos do artigo 17, §1º, da Resolução CSMPF nº
</p>
<p>87/2010.
</p>
<p>14.
</p>
<p>Em seguida, proceda-se à remessa dos autos à superior apreciação da 1ª CCR, para
</p>
<p>adoção das providências reputadas cabíveis nos termos do artigo 62, inciso IV, da Lei
</p>
<p>Complementar nº 75/1993, e do artigo 17, §2º, da Resolução CSMPF nº 87/2006.
 
</p>
<p>15.
</p>
<p>Cuiabá, [data e hora no sistema eletrônico].
 
 
</p>
<p>ALISSON NELICIO CIRILO CAMPOS
PROCURADOR DA REPÚBLICA
</p>
<p>PROCURADOR REGIONAL DOS DIREITOS DO CIDADÃO
ECG
</p>
<p>-----------------------
1 Art. 2º As Câmaras de Coordenação e Revisão, organizadas por matéria, são assim distribuídas: (…)
I – 1ª Câmara – Direitos Sociais e Atos Administrativos em geral (…)
§1º À 1ª Câmara de Coordenação e Revisão incumbe atuar nos feitos cíveis relativos à educação, à saúde, à
moradia, à mobilidade urbana, à previdência (inclusive as complementares pública e privada) e assistência social,
aos conflitos fundiários, bem como na fiscalização dos atos administrativos em geral.
</p>
<p>PR-MT-00031202/2017     
</p>
<p>MINISTÉRIO PÚBLICO FEDERAL
PROCURADORIA DA REPUBLICA - MATO GROSSO/DIAMANTINO
</p>
<p>GABINETE DE PROCURADOR DA REPUBLICA
</p>
<p>PROCURADORIA DA
REPUBLICA - MATO
GROSSO/DIAMANTINO
</p>
<p>Rua Estevão De Mendonça, Nº. 830, Ed. Green Tower, Quilombo -
Cep 78043405 - Cuiabá-MT
</p>
<p>Tel. (65)36125000 - Fax: - Email:Prmt-protocolo@mpf.mp.br
</p>
<p>Pág. 3 de 3</p>
<p />
</div>
</body></html>