<?xml version="1.0" encoding="UTF-8"?>
<html xmlns="http://www.w3.org/1999/xhtml">
<head>
<meta name="pdf:PDFVersion" content="1.4" />
<meta name="xmp:CreatorTool" content="Writer" />
<meta name="access_permission:modify_annotations" content="true" />
<meta name="access_permission:can_print_degraded" content="true" />
<meta name="tika_batch_fs:relative_path" content="78466177.pdf" />
<meta name="language" content="pt-BR" />
<meta name="dcterms:created" content="2018-01-11T20:26:38Z" />
<meta name="dc:format" content="application/pdf; version=1.4" />
<meta name="pdf:docinfo:creator_tool" content="Writer" />
<meta name="access_permission:fill_in_form" content="true" />
<meta name="pdf:encrypted" content="false" />
<meta name="Content-Length" content="115812" />
<meta name="X-TIKA:digest:MD5" content="353fc8726d2d06bc5d9a665057322df0" />
<meta name="Content-Type" content="application/pdf" />
<meta name="X-Parsed-By" content="org.apache.tika.parser.DefaultParser" />
<meta name="X-Parsed-By" content="org.apache.tika.parser.pdf.PDFParser" />
<meta name="dc:language" content="pt-BR" />
<meta name="meta:creation-date" content="2018-01-11T20:26:38Z" />
<meta name="created" content="Thu Jan 11 18:26:38 BRST 2018" />
<meta name="access_permission:extract_for_accessibility" content="true" />
<meta name="access_permission:assemble_document" content="true" />
<meta name="xmpTPg:NPages" content="5" />
<meta name="Creation-Date" content="2018-01-11T20:26:38Z" />
<meta name="resourceName" content="78466177.pdf" />
<meta name="access_permission:extract_content" content="true" />
<meta name="access_permission:can_print" content="true" />
<meta name="tika:file_ext" content="pdf" />
<meta name="producer" content="LibreOffice 5.0" />
<meta name="access_permission:can_modify" content="true" />
<meta name="pdf:docinfo:producer" content="LibreOffice 5.0" />
<meta name="pdf:docinfo:created" content="2018-01-11T20:26:38Z" />
<title></title>
</head>
<body><div class="page"><p />
<p> MINISTÉRIO PÚBLICO FEDERAL
PROCURADORIA DA REPÚBLICA NO ESTADO DO RIO DE JANEIRO
</p>
<p>Av. Nilo Peçanha, 31, 2º andar - Rio de Janeiro - RJ  CEP 20020-100  Tel: 3971-9469  E-mail: PRRJ-GAB-GMagno@mpf.mp.br
</p>
<p>Procedimento Preparatório PR-RJ nº 1.30.001.002312/2017-18
</p>
<p>PROMOÇÃO DE ARQUIVAMENTO
</p>
<p>O Procedimento  Preparatório  em epígrafe  foi  instaurado a  partir  de
</p>
<p>Representação  que  narrou  supostas  irregularidades  no  Conselho  Regional  de
</p>
<p>Fisioterapia e Terapia Ocupacional da 2ª Região - CREFITO-2, a seguir resumidas:
</p>
<p>1) suposto repasse de todas as viagens e pagamento de horas
</p>
<p>extras  pelo  Departamento  de  Fiscalização  -  DEFIS  ao  Sr.
</p>
<p>Márcio Reis, Motorista II, mesmo este não estando lotado no
</p>
<p>DEFIS, e sim no Gabinete da Presidência - GAPRE, enquanto
</p>
<p>os dois  Motoristas I,  concursados e lotados no  DEFIS,  não
</p>
<p>estariam sendo incumbidos de viagens nem recebendo horas
</p>
<p>extras;
</p>
<p>2) suposta alocação dos dois Motoristas I concursados em uma
</p>
<p>sala  de  dimensões  reduzidas  (2,0  x  1,5  m²),  de  condições
</p>
<p>insalubres,  sem  ventilação  e  de  frente  para  um  banheiro
</p>
<p>coletivo, enquanto o  Sr. Márcio Reis supostamente ocuparia
</p>
<p>uma sala ampla, confortável e climatizada; e
</p>
<p>3) suposto recebimento de gratificação pelo Sr. Márcio Reis para
</p>
<p>realizar  a  manutenção  dos  quatro  carros  do  CREFITO-2,
</p>
<p>sendo que tais veículos teriam apenas dois anos de uso e que
</p>
<p>quem  efetivamente  realizaria  a  manutenção  de  dois  deles
</p>
<p>seriam os dois Motoristas I concursados.
</p>
<p>Em resposta ao nosso Ofício  de fl.  8,  a  Presidente  do  CREFITO-2
</p>
<p>enviou o Ofício de fls. 10/13 (acompanhado dos documentos de fls. 14/75), tratando
</p>
<p>do objeto de apuração deste Procedimento explicitado no Despacho de fls. 1/2.
</p>
<p>Sobre o primeiro item de nosso Ofício de fl. 8, informou que não há
</p>
<p>repasses  de  viagens  nem  pagamento  de  horas  extras  pelo  Departamento  de</p>
<p />
</div>
<div class="page"><p />
<p> MINISTÉRIO PÚBLICO FEDERAL
PROCURADORIA DA REPÚBLICA NO ESTADO DO RIO DE JANEIRO
</p>
<p>Av. Nilo Peçanha, 31, 2º andar - Rio de Janeiro - RJ  CEP 20020-100  Tel: 3971-9469  E-mail: PRRJ-GAB-GMagno@mpf.mp.br
</p>
<p>Fiscalização (DEFIS) do Conselho ao Sr. Márcio Reis, Motorista II do CREFITO-2, já
</p>
<p>que  este  não  está  lotado  no  respectivo  departamento,  e  sim  no  Gabinete  da
</p>
<p>Presidência - GAPRE. Informou que tal funcionário exerce a Função Gratificada de
</p>
<p>Chefe do Setor de Frota e que, entre seus encargos, está o transporte de membros
</p>
<p>da Presidência, Diretoria, Conselheiros, funcionários e convidados da Autarquia a
</p>
<p>locais determinados, não realizando transporte do pessoal da DEFIS. Por outro lado,
</p>
<p>os  dois  Motoristas  I,  lotados  no  DEFIS,  recebem  as  respectivas  horas  extras,
</p>
<p>conforme exposto na tabela de fl. 43, em conformidade com a legislação trabalhista
</p>
<p>e de acordo com o trabalho extraordinário que possivelmente venham a exercer a
</p>
<p>serviço do  DEFIS.  Ademais,  noticiou que é exigido  dos Agentes de Fiscalização
</p>
<p>carteira  de  habilitação  categoria  B,  já  que,  no  edital  do  concurso  público  de
</p>
<p>admissão para o referido cargo, é expressa a necessidade de condução veicular
</p>
<p>pelo empregado. Desta forma, a realização do traslado pelos Motoristas I só se daria
</p>
<p>em situações que excepcionem o padrão diário de rodagem que seria esperado do
</p>
<p>Agente de Fiscalização, de forma que o Motorista apenas recebe eventuais diárias
</p>
<p>de viagens e horas extraordinárias quando assim lhe for devido.
</p>
<p>Sobre  o  segundo  item  de  nosso  Ofício,  consistente  em  suposta
</p>
<p>alocação dos dois Motoristas I concursados em uma sala de dimensões reduzidas,
</p>
<p>de condições alegadamente insalubres, sem ventilação e de frente para um banheiro
</p>
<p>coletivo, o  CREFITO-2 informou que tal sala não se destina a estada permanente
</p>
<p>dos  motoristas,  já  que  suas  atividades  são  de  caráter  eminentemente  externo.
</p>
<p>Afirmou que, em verdade, não há uma sala para Motoristas e sim um local para que
</p>
<p>estes possam preencher  eventuais  relatórios de viagens e avaliar  programas de
</p>
<p>fiscalização onde atuaram. Informou que a sala possui aparelho de ar condicionado,
</p>
<p>conforme fotografias encaminhadas do local e de seu entorno.
</p>
<p>Por fim, quanto ao terceiro item de nosso Ofício – referente ao suposto
</p>
<p>recebimento de gratificação pelo  Sr. Márcio Reis para realizar a manutenção dos
</p>
<p>quatro carros do Conselho –, a Representada informou que todos os serviços de
</p>
<p>manutenção e lavagem dos veículos são prestados por terceiros contratados. Para</p>
<p />
</div>
<div class="page"><p />
<p> MINISTÉRIO PÚBLICO FEDERAL
PROCURADORIA DA REPÚBLICA NO ESTADO DO RIO DE JANEIRO
</p>
<p>Av. Nilo Peçanha, 31, 2º andar - Rio de Janeiro - RJ  CEP 20020-100  Tel: 3971-9469  E-mail: PRRJ-GAB-GMagno@mpf.mp.br
</p>
<p>comprovação  do  alegado,  enviou  planilha  (fl.  14)  da  qual  constam as  lavagens
</p>
<p>realizadas de novembro de 2016 a junho de 2017, identificando a data, o motorista
</p>
<p>responsável, a placa do veículo e o valor do serviço. Tal planilha veio acompanhada
</p>
<p>de cópia das notas fiscais de todos os serviços contratados (fls. 14/34).
</p>
<p>Em  relação  ao  primeiro  item  exposto  acima,  tem-se  que  as
</p>
<p>informações  prestadas  pelo  CREFITO-2 demonstraram  certa  discrepância  nos
</p>
<p>valores  de  diárias  e  horas  extras  pagas  ao  Sr.  Márcio  Reis em  relação  aos
</p>
<p>Motoristas I. Tal impressão veio a ser reforçada pela tabela de fl. 43 e pela descrição
</p>
<p>de  funções  dos  cargos  no  Plano  de  Cargos,  Carreiras  e  Salários  (PCCS)  da
</p>
<p>autarquia, disponível em seu sítio eletrônico.
</p>
<p>O PCCS determina que entre  as atribuições do Chefe do Setor  de
</p>
<p>Frota está transportar membros da Presidência, Diretoria, Conselheiros, funcionários
</p>
<p>e convidados da Autarquia ao local determinado. Por outro lado, esta não consiste
</p>
<p>em atribuição exclusiva da referida função de confiança, pois entre as atribuições
</p>
<p>dos Motoristas I consta: “transportar os agentes fiscais em suas saídas a campo” e
</p>
<p>“transportar membros da Presidência, Diretoria, Conselheiros e demais funcionários
</p>
<p>e convidados da Autarquia”. Para tanto, impôs-se a expedição de novo Ofício para
</p>
<p>obter esclarecimentos sobre se o Princípio da Impessoalidade vem sendo respeitado
</p>
<p>pelo  CREFITO-2 neste tema, com eventuais justificativas para a discrepância nos
</p>
<p>valores pagos.
</p>
<p>Em relação ao segundo item exposto acima, não se verificou qualquer
</p>
<p>irregularidade no local de trabalho destinado aos Motoristas, eis que suas funções
</p>
<p>têm caráter eminentemente externo. Ademais, pelo fato de a sala ser refrigerada e
</p>
<p>seu entorno encontrar-se em boas condições de manutenção e higiene, não há que
</p>
<p>se falar em ambiente insalubre.
</p>
<p>Por  fim,  em relação  ao  terceiro  item referido  acima,  tem-se  que  o
</p>
<p>recebimento de gratificação pelo Sr. Márcio Reis deve-se ao fato de este exercer a
</p>
<p>função  de  confiança  de  Chefe  do  Setor  de  Frota.  Ademais,  deve-se  frisar  que,
</p>
<p>conforme se extrai do PCCS, são funções inerentes a tal cargo: “Receber relatório</p>
<p />
</div>
<div class="page"><p />
<p> MINISTÉRIO PÚBLICO FEDERAL
PROCURADORIA DA REPÚBLICA NO ESTADO DO RIO DE JANEIRO
</p>
<p>Av. Nilo Peçanha, 31, 2º andar - Rio de Janeiro - RJ  CEP 20020-100  Tel: 3971-9469  E-mail: PRRJ-GAB-GMagno@mpf.mp.br
</p>
<p>mensal confeccionado pelo Motorista I descrevendo a situação de cada veículo do
</p>
<p>CREFITO-2 e suas avarias e condições a fim de gerar o reparo; e destinar o veículo
</p>
<p>até  a  oficina  para  levantamento  de  preços  e  providenciar  conserto,  após  a
</p>
<p>autorização da Diretoria”.
</p>
<p>Em resposta ao nosso Ofício de fl.  79, a Presidente do  CREFITO-2
</p>
<p>encaminhou o Ofício de fls. 80/81.
</p>
<p>A  Presidente  aduziu  então  que  os  dois  titulares  dos  cargos  de
</p>
<p>“Motorista  I”  cumprem suas  funções  precipuamente  junto  aos  fiscais  lotados  no
</p>
<p>Departamento de Fiscalização (DEFIS) do Conselho, cumprindo programa traçado
</p>
<p>pelo próprio Departamento e atuando apenas subsidiariamente junto aos membros
</p>
<p>da Presidência e da Diretoria.
</p>
<p>Em relação às discrepâncias nos valores pagos a título de horas extras
</p>
<p>ao  Sr.  Márcio  Reis,  informou  que,  como  o  referido  empregado  presta  serviço
</p>
<p>unicamente  junto  à  Presidência  e  à  Diretoria,  participa  mais  frequentemente  de
</p>
<p>eventos externos, como reuniões de Diretoria e de Plenário e de encontros com os
</p>
<p>integrantes dos Núcleos de Representação Institucional do CREFITO-2, localizados
</p>
<p>em diversos Municípios que integram a zona de atuação do Conselho.
</p>
<p>Por  fim,  relatou  que,  em  decorrência  de  estudo  realizado  pelo
</p>
<p>Departamento  de  Pessoal  da  Autarquia,  medidas  vêm  sendo  promovidas  para
</p>
<p>redução  das  horas  extras  do  respectivo  quadro  de  motoristas.  Nesse  sentido,
</p>
<p>informou  que  nos  dias  em que  houver  reuniões  de  Diretoria  ou  de  Plenário,  o
</p>
<p>motorista que estiver de serviço compensará a carga horária correspondente, de
</p>
<p>forma a reduzir despesas com o pagamento de horas extras.
</p>
<p>Em resposta ao nosso Ofício de fl.  84, a Presidente do  CREFITO-2
</p>
<p>enviou o Ofício de fls. 85/89, acompanhado dos documentos de fls. 90/130 — que
</p>
<p>contêm  a íntegra dos estudos técnicos realizados pelo Departamento de Pessoal
</p>
<p>para redução de horas extraordinárias, bem como norma interna que visa limitar a
</p>
<p>quantidade de horas extras permitidas a cada funcionário mensalmente.</p>
<p />
</div>
<div class="page"><p />
<p> MINISTÉRIO PÚBLICO FEDERAL
PROCURADORIA DA REPÚBLICA NO ESTADO DO RIO DE JANEIRO
</p>
<p>Av. Nilo Peçanha, 31, 2º andar - Rio de Janeiro - RJ  CEP 20020-100  Tel: 3971-9469  E-mail: PRRJ-GAB-GMagno@mpf.mp.br
</p>
<p>Conclui-se do que consta dos autos  que o  CREFITO-2 demonstrou
</p>
<p>satisfatoriamente  a  correção  de  sua  conduta  sobre  os  temas  tratados  na
</p>
<p>Representação, estando documentalmente comprovadas as alegações do Conselho.
</p>
<p>Dessa maneira, não ficou comprovada nos autos qualquer quebra do
</p>
<p>Princípio da Isonomia no tratamento dos motoristas daquela autarquia, impondo-se o
</p>
<p>arquivamento do feito.
Efetuem-se os devidos registros  neste Gabinete  e  na Divisão Cível
</p>
<p>Extrajudicial desta Unidade.
</p>
<p>Encaminhem-se os autos à Divisão Cível Extrajudicial para cientificar o
</p>
<p>Representante anônimo do teor desta Promoção, com o envio de cópia desta peça.
</p>
<p>Por  fim,  encaminhem-se  os  autos  à  Colenda  1ª  Câmara  de
</p>
<p>Coordenação e Revisão do MPF, à qual solicito a necessária homologação desta
</p>
<p>Promoção.
</p>
<p>Rio de Janeiro, 11 de janeiro de 2018.
</p>
<p>GUSTAVO MAGNO GOSKES BRIGGS DE ALBUQUERQUE
PROCURADOR DA REPÚBLICA</p>
<p />
</div>
</body></html>