<?xml version="1.0" encoding="UTF-8"?>
<html xmlns="http://www.w3.org/1999/xhtml">
<head>
<meta name="date" content="2018-05-30T21:53:57Z" />
<meta name="pdf:PDFVersion" content="1.4" />
<meta name="access_permission:modify_annotations" content="true" />
<meta name="access_permission:can_print_degraded" content="true" />
<meta name="tika_batch_fs:relative_path" content="78831976.p7s" />
<meta name="dcterms:created" content="2018-05-30T21:53:57Z" />
<meta name="Last-Modified" content="2018-05-30T21:53:57Z" />
<meta name="dcterms:modified" content="2018-05-30T21:53:57Z" />
<meta name="dc:format" content="application/pdf; version=1.4" />
<meta name="Last-Save-Date" content="2018-05-30T21:53:57Z" />
<meta name="access_permission:fill_in_form" content="true" />
<meta name="pdf:docinfo:modified" content="2018-05-30T21:53:57Z" />
<meta name="meta:save-date" content="2018-05-30T21:53:57Z" />
<meta name="pdf:encrypted" content="false" />
<meta name="modified" content="2018-05-30T21:53:57Z" />
<meta name="Content-Length" content="6406" />
<meta name="X-TIKA:digest:MD5" content="00fffeb8dcbf259158b4f23c574cc0d6" />
<meta name="Content-Type" content="application/pdf" />
<meta name="X-Parsed-By" content="org.apache.tika.parser.DefaultParser" />
<meta name="X-Parsed-By" content="org.apache.tika.parser.pdf.PDFParser" />
<meta name="meta:creation-date" content="2018-05-30T21:53:57Z" />
<meta name="created" content="Wed May 30 18:53:57 BRT 2018" />
<meta name="access_permission:extract_for_accessibility" content="true" />
<meta name="access_permission:assemble_document" content="true" />
<meta name="xmpTPg:NPages" content="3" />
<meta name="Creation-Date" content="2018-05-30T21:53:57Z" />
<meta name="resourceName" content="78831976.p7s" />
<meta name="access_permission:extract_content" content="true" />
<meta name="access_permission:can_print" content="true" />
<meta name="tika:file_ext" content="p7s" />
<meta name="producer" content="iText® 5.5.9 ©2000-2015 iText Group NV (AGPL-version); modified using iText® 5.5.9 ©2000-2015 iText Group NV (AGPL-version)" />
<meta name="access_permission:can_modify" content="true" />
<meta name="pdf:docinfo:producer" content="iText® 5.5.9 ©2000-2015 iText Group NV (AGPL-version); modified using iText® 5.5.9 ©2000-2015 iText Group NV (AGPL-version)" />
<meta name="pdf:docinfo:created" content="2018-05-30T21:53:57Z" />
<title></title>
</head>
<body><div class="page"><p />
<p>Pág. 1 de 3</p>
<p />
</div>
<div class="page"><p />
<p>ÚNICO nº 110/2018/PRM/CAMPINA GRANDE/PB/GAB-BGP.
</p>
<p>Inquérito Civil nº 1.24.001.000148/2017-01.
 
 
 
</p>
<p>Despacho
 
</p>
<p> 
</p>
<p>O Governo Federal, buscando diminuir o risco de contágio de
</p>
<p>gestantes pelas doenças transmitidas pelo mosquito Aedes Aegypti, instituiu
</p>
<p>programa, através do Decreto Federal n.º 8.716/2016, para fornecimento e
</p>
<p>distribuição de repelentes para uso tópico contra mosquitos àquelas integrantes de
</p>
<p>famílias beneficiárias do Programa Bolsa Família.
</p>
<p>Segundo a nota técnica do Ministério da Saúde de ff. 23/24, a
</p>
<p>distribuição dos itens se dará da seguinte forma:
1) a União adquirirá os repelentes, mediante pregão eletrônico;
2) após, os remeterá às Secretarias Estaduais de Saúde dos Estados Federados,
</p>
<p>em 7 parcelas, a começar em fevereiro de 2017;
3) as Secretarias Estaduais de Saúde, por sua vez, deverão distribuir os
</p>
<p>medicamentos às Secretarias de Saúde dos Municípios; e
4) aos Municípios cabe a dispensação e registro da dispensação dos repelentes às
</p>
<p>gestantes, possuindo autonomia para definir o fluxo a ser adotado.
 
</p>
<p>Com o objetivo de acompanhar o fornecimento e a distribuição
</p>
<p>dos repelentes nos Municípios de Cubati, Cuité, Damião, Esperança, Fagundes,
</p>
<p>Frei Martinho, Gado Bravo, Ingá, Itatuba, Juarez Távora, Juazeirinho, Lagoa
</p>
<p>Seca, Massaranbuda, Matinhas, Montadas, Nova Floresta e Nova Palmeira,
</p>
<p>instaurou-se o presente inquérito civil.
</p>
<p>Ao longo da instrução do feito, foram expedidos ofícios à
</p>
<p>Secretaria Estadual de Saúde da Paraíba, a fim de averiguar a correta entrega dos
</p>
<p>produtos
</p>
<p>É o relato do essencial.
</p>
<p>Não se mostra conveniente manter-se o presente
</p>
<p>procedimento em tramitação nesta unidade. Com efeito, na última resposta dada
</p>
<p>pela Secretaria de Saúde do Estado da Paraíba, datada de 8 de maio de 2018, o
</p>
<p>ente estadual atestou que o Ministério da Saúde cumpriu com o cronograma de
</p>
<p>envio de todas as 7 parcelas dos repelentes. Ademais, detalhou o que foi
</p>
<p>encaminhado a cada um dos Municípios objeto dos autos (ff. 104/106).
</p>
<p>Ante o exposto, considerando que resta evidenciado nos autos
</p>
<p>que o programa atingiu seu fim previsto, inexistindo notícia de qualquer
</p>
<p>irregularidade seja no envio pelo Ministério da Saúde ou na distribuição aos
</p>
<p>Municípios, dou por encerrados os trabalhos de apuração e determino o
</p>
<p>arquivamento do Inquérito Civil.
</p>
<p>Pág. 2 de 3</p>
<p />
</div>
<div class="page"><p />
<p>Antes, porém, encaminhem-se os autos à 1ª Câmara de
</p>
<p>Coordenação e Revisão para fins de deliberação.
</p>
<p>Em atenção aos princípios da celeridade e economia
</p>
<p>processuais, ao princípio da instrumentalidade das formas, como também almejando
</p>
<p>racionalizar o uso dos recursos humanos e materiais do órgão, esta Decisão valerá
</p>
<p>como Ofício1 dirigido à Excelentíssima Coordenadora da 1ª Câmara de
</p>
<p>Coordenação e Revisão, para fins de exame, deliberação e, se for o caso,
</p>
<p>homologação. Sem necessidade de comunicação ao representante, já que fruto de
</p>
<p>instauração de ofício.
 
</p>
<p>Campina Grande, 18 de maio de 2018.
</p>
<p> 
</p>
<p>Bruno Galvão Paiva
</p>
<p>Procurador da República
</p>
<p>lrgal
1Ofícios gerados:
1ª Câmara de Coordenação e Revisão do MPF:            /2018/PRM-CG/PB/GAB-
</p>
<p>BGP.
</p>
<p>Pág. 3 de 3</p>
<p />
</div>
</body></html>