<?xml version="1.0" encoding="UTF-8"?>
<html xmlns="http://www.w3.org/1999/xhtml">
<head>
<meta name="pdf:PDFVersion" content="1.4" />
<meta name="xmp:CreatorTool" content="Writer" />
<meta name="access_permission:modify_annotations" content="true" />
<meta name="access_permission:can_print_degraded" content="true" />
<meta name="dc:creator" content="Procuradoria" />
<meta name="tika_batch_fs:relative_path" content="79092794.pdf" />
<meta name="language" content="pt-BR" />
<meta name="dcterms:created" content="2018-06-26T21:52:42Z" />
<meta name="dc:format" content="application/pdf; version=1.4" />
<meta name="pdf:docinfo:creator_tool" content="Writer" />
<meta name="access_permission:fill_in_form" content="true" />
<meta name="pdf:encrypted" content="false" />
<meta name="Content-Length" content="113833" />
<meta name="X-TIKA:digest:MD5" content="01c43b811c002e94ff3ea4db3f2752d7" />
<meta name="Content-Type" content="application/pdf" />
<meta name="pdf:docinfo:creator" content="Procuradoria" />
<meta name="X-Parsed-By" content="org.apache.tika.parser.DefaultParser" />
<meta name="X-Parsed-By" content="org.apache.tika.parser.pdf.PDFParser" />
<meta name="creator" content="Procuradoria" />
<meta name="dc:language" content="pt-BR" />
<meta name="meta:author" content="Procuradoria" />
<meta name="meta:creation-date" content="2018-06-26T21:52:42Z" />
<meta name="created" content="Tue Jun 26 18:52:42 BRT 2018" />
<meta name="access_permission:extract_for_accessibility" content="true" />
<meta name="access_permission:assemble_document" content="true" />
<meta name="xmpTPg:NPages" content="4" />
<meta name="Creation-Date" content="2018-06-26T21:52:42Z" />
<meta name="resourceName" content="79092794.pdf" />
<meta name="access_permission:extract_content" content="true" />
<meta name="access_permission:can_print" content="true" />
<meta name="tika:file_ext" content="pdf" />
<meta name="Author" content="Procuradoria" />
<meta name="producer" content="LibreOffice 6.0" />
<meta name="access_permission:can_modify" content="true" />
<meta name="pdf:docinfo:producer" content="LibreOffice 6.0" />
<meta name="pdf:docinfo:created" content="2018-06-26T21:52:42Z" />
<title></title>
</head>
<body><div class="page"><p />
<p>MINISTÉRIO PÚBLICO FEDERAL
PROCURADORIA DA REPÚBLICA EM MINAS GERAIS
</p>
<p>(PR-MG-00043385/2018)                      
                       Belo Horizonte, 26 de junho de 2018.
</p>
<p>PP nº 1.22.000.002018/2017-80
REPRESENTANTE: JÚLIO CESAR MONTEIRO DE BARROS
</p>
<p>PROMOÇÃO DE ARQUIVAMENTO
</p>
<p>Trata-se  de  Procedimento  Preparatório  instaurado  no  âmbito  desta  Procuradoria  da
</p>
<p>República para apurar suposto desconto indevido em benefício de aposentadoria do representante.
</p>
<p>Para  instrução  do  feito  foi  expedido  ofício  ao  INSS a  fim  de  que apresentasse:  (1)  os
</p>
<p>documentos  concernentes  ao  referido  empréstimo  consignado;  (2)  comprovante  da  autorização  do
</p>
<p>beneficiário e, ainda, que INSS esclarecesse: (3) se realmente existiam outros beneficiários com as mesmas
</p>
<p>reclamações do representante junto à Autarquia e, em caso positivo, (4) que medidas foram tomadas.
</p>
<p> 
</p>
<p>Em resposta,  vieram aos autos  o  ofício  296/INSS,  instruído com os  documentos  de fls.
</p>
<p>20/35.  Em síntese,  o  INSS  informou  as  normas  que  regem a  sua  atuação  no  âmbito  de  operações  de
</p>
<p>empréstimo  consignado,  entre  as  quais  a  IN/INSS  nº  28/2008,  cujo  artigo  52  prevê  a  aplicação  de
</p>
<p>penalidades administrativas em casos como o acima descrito. Aduziu, ainda, que com base no art. 40 da
</p>
<p>mesma IN, o INSS poderia, a qualquer momento, solicitar a apresentação de contrato de operação de crédito,
</p>
<p>bem como a devolução dos valores indevidamente cobrados.  Além disso,  foram apresentados cópias do
</p>
<p>contrato  306422194-2,  da  documentação  pessoal  do  beneficiário,  bem como o  histórico  de  empréstimo
</p>
<p>consignado/ Consig Web.
</p>
<p>Após análise das informações prestadas, deliberou-se pela remessa de novo ofício ao INSS
</p>
<p>para melhor esclarecer as indagações de nº 3 e 4, formuladas no ofício 11/2018-PRMG-ARSC.GAB, quais
</p>
<p>sejam:  (i)  se realmente existem outros beneficiários com as mesmas reclamações do representante junto à
</p>
<p>Autarquia;  (ii) qual é a frequência da adoção das medidas indicadas no ofício 296/INSS, notadamente, o
</p>
<p>requerimento  de  repetição  de  valores  indevidamente  descontados  dos  benefícios  dos  segurados  da
</p>
<p>previdência; (iii) que instituições já foram penalizadas nos termos dos arts. 40 e 52 da IN INSS 28/2006. fls.
</p>
<p>H:\Alvaro\MANDRADE\TUTELA - DIREITOS SOCIAIS E ATOS ADMINISTRATIVOS - 1 CCR\ARQUIVAMENTO\1.22.000.002018-2017-80-  PROMOÇÃO DE ARQUIVAMENTO.odt</p>
<p />
</div>
<div class="page"><p />
<p>MINISTÉRIO PÚBLICO FEDERAL
PROCURADORIA DA REPÚBLICA EM MINAS GERAIS
</p>
<p>46/48.
</p>
<p>Após o ofício ter sido reiterado, o INSS apresenta a manifestação de fls. 51, através do Of.
</p>
<p>0156/DCONB/CGGPB/DIRBEN/INSS, informando o engano no endereçamento do ofício, o que justificou o
</p>
<p>atraso na resposta.  Além de requerer  dilação de prazo para  a  resposta,  manifestou interesse  em marcar
</p>
<p>reunião presencial.
</p>
<p>Antes da marcação da reunião requerida, o INSS comparece aos autos, através do Ofício
</p>
<p>248/DCONB/CGGPB/DIRBEN/INSS, e, apesar de não atender, na íntegra, o quanto requisitado pelo MPF
</p>
<p>no ofício de fls. 46, reiterou que no que toca aos procedimentos adotados para garantir a autenticidade dos
</p>
<p>documentos que chegam à autarquia e acerca dos procedimentos adotados para zelar pela licitude de seus
</p>
<p>atos, adota os procedimentos constantes da IN Nº 28/2008 INSS/PRES, por meio dos quais os beneficiários
</p>
<p>poderão registrar reclamações à Coordenação-Geral de Ouvidoria Previdenciária (COGP), do Ministério do
</p>
<p>Desenvolvimento Social (MDS), findo o qual poderá ocorrer a exclusão do empréstimo e o ressarcimento de
</p>
<p>valores ao beneficiário, nos termos do art. 48, I e II, IN nº 28/2008 INSS/PRES).
</p>
<p>Ressalta  que  o  beneficiário  poderá,  inclusive,  quando  do  registro  de  sua  reclamação  à
</p>
<p>Ouvidoria, invocar a Ação Civil Pública 2008.39.00.003206-2, de autoria do MPF, que garante ao segurado a
</p>
<p>suspensão do desconto no benefício. 
</p>
<p>Por  fim,  encaminha cópia  da  Resolução Nº  321/PRES/INSS,  de 11  de  julho  de  2013 e
</p>
<p>Memorando-Circular  Nº 20 DIRBEN/INSS, que regulamentam procedimentos  de bloqueios  e suspensão
</p>
<p>relativos  a  empréstimos consignados,  bem como CD contendo a digitalização do processo de comando
</p>
<p>SIPPS nº 40819768, referente ao Banco Agiplan.
</p>
<p>Consta do CD enviado pelo INSS, a notificação expedida pela Divisão de Consignações em
</p>
<p>Benefícios onde comunica à financeira Agiplan acerca de processo instaurado para apuração de possíveis
</p>
<p>irregularidades na contratação de Reserva de Margem Consignável, com a solicitação de cópias de contratos.
</p>
<p>As justificativas apresentadas pela denunciada e cópias dos contratos solicitados.  Parecer da Divisão de
</p>
<p>Consignados que, após análise, apontou pelo descumprimento dos artigos 3º e 5º da IN 28, resultando na
</p>
<p>aplicação da penalidade prevista no inciso III do art. 52 da IN 28, ficando a Agiplan suspensa para inclusão
</p>
<p>de novas averbações pelo período de 06/04/2016 a 20/05/2016, ou seja, por 45 dias.
</p>
<p>H:\Alvaro\MANDRADE\TUTELA - DIREITOS SOCIAIS E ATOS ADMINISTRATIVOS - 1 CCR\ARQUIVAMENTO\1.22.000.002018-2017-80-  PROMOÇÃO DE ARQUIVAMENTO.odt</p>
<p />
</div>
<div class="page"><p />
<p>MINISTÉRIO PÚBLICO FEDERAL
PROCURADORIA DA REPÚBLICA EM MINAS GERAIS
</p>
<p>No que toca à denúncia que originou o presente procedimento, o INSS, em informações
</p>
<p>complementares, encaminha cópia do Of.  065/2018, de 05 de junho de 2018,  enviado pelo banco PAN,
</p>
<p>informando  que  restou  comprovado  que  o  segurado,  JÚLIO  CESAR  MONTEIRO  DE  BARROS,  ora
</p>
<p>denunciante, não foi responsável pela contratação, fls. 60/62.
</p>
<p>Registre-se,  ainda,  a  juntada  de  manifestação  de  agradecimento  formalizada  pelo
</p>
<p>denunciante e cópia do acordo homologado, fls. 65/66.
</p>
<p>Diante desse contexto, após instrução do feito, constatando-se que o INSS, em cumprimento
</p>
<p>ao quanto determinado na ACP nº 2008.39.00.003206-2/PA, baixou normas regulamentando procedimentos
</p>
<p>relativos  aos  bloqueios  de  margem  consignável  referentes  a  empréstimos  consignados,  Resolução  Nº
</p>
<p>321/PRES/INSS,  de  11  de  julho  de  2013  e  Memorando-Circular  Nº  20  DIRBEN/INSS,  e  que  tais
</p>
<p>procedimentos têm o condão de coibir fraudes como a descrita nos presentes autos, não se vislumbra outras
</p>
<p>medidas a serem adotadas no presente feito.
</p>
<p>De fato, em que pese o INSS ter atendido apenas em parte os tópicos constantes do ofício
</p>
<p>11/2018-PRMG-ARSC.GAB,  fls.46/48,  reiterado  às  fls.50,  reputo  que  a  manifestação  de  fls.  51,
</p>
<p>acompanhada com as cópias dos referidos instrumentos normativos baixados pela autarquia previdenciária,
</p>
<p>bem como as medidas adotadas no processo SIPPS nº 408139768, constante do CD colacionado,  foram
</p>
<p>suficientes e supriram os questionamentos suscitados no referido ofício.
</p>
<p>Pontue-se que os documentos constantes do CD juntado,  referente à Financeira Agiplan,
</p>
<p>corrobora as informações prestadas pelo INSS e atende em parte a solicitação de comprovação documental,
</p>
<p>por amostragem, de instituição que já foi penalizada nos termos dos arts. 40 e 52 da IN INSS 28/2006.
</p>
<p>Por fim, no que toca ao possível crime de estelionato sofrido pelo denunciante, registre-se o
</p>
<p>envio de ofício ao Parquet estadual para ciência e medidas cabíveis, fls. 49.
</p>
<p>Assim,  ante  elementos  e  informações  colhidas,  não  vislumbro  fundamento  jurídico  que
</p>
<p>justifique a  tomada de outras  medidas  judiciais  ou extra-judiciais  por  parte  deste  Órgão Ministerial  em
</p>
<p>relação ao procedimento em tela, razão pela qual decido pelo arquivamento.
</p>
<p>H:\Alvaro\MANDRADE\TUTELA - DIREITOS SOCIAIS E ATOS ADMINISTRATIVOS - 1 CCR\ARQUIVAMENTO\1.22.000.002018-2017-80-  PROMOÇÃO DE ARQUIVAMENTO.odt</p>
<p />
</div>
<div class="page"><p />
<p>MINISTÉRIO PÚBLICO FEDERAL
PROCURADORIA DA REPÚBLICA EM MINAS GERAIS
</p>
<p>Assim, após remetam-se os autos à 1ª Câmara de Coordenação e Revisão do MPF,
</p>
<p>para fins de apreciação e eventual homologação, nos termos do artigo 62, inciso IV, da Lei
</p>
<p>Complementar nº 75/93, e do artigo 9º, § 1º, da Lei nº. 7.347/85.
</p>
<p>Oficie-se o representante com cópia desta decisão, em atenção ao artigo 9º, §2º, da
</p>
<p>Lei nº 7.347/85, a fim de que, no prazo de 10 (dez) dias, manifeste-se acerca desta decisão.
</p>
<p>Belo Horizonte, 26 de junho de 2018.
</p>
<p>ÁLVARO RICARDO DE SOUZA CRUZ
Procurador da República em Minas Gerais
</p>
<p>H:\Alvaro\MANDRADE\TUTELA - DIREITOS SOCIAIS E ATOS ADMINISTRATIVOS - 1 CCR\ARQUIVAMENTO\1.22.000.002018-2017-80-  PROMOÇÃO DE ARQUIVAMENTO.odt</p>
<p />
</div>
<ul>	<li>Belo Horizonte, 26 de junho de 2018.</li>
</ul>
</body></html>