<?xml version="1.0" encoding="UTF-8"?>
<html xmlns="http://www.w3.org/1999/xhtml">
<head>
<meta name="pdf:PDFVersion" content="1.4" />
<meta name="pdf:docinfo:title" content="EXMO" />
<meta name="xmp:CreatorTool" content="Writer" />
<meta name="access_permission:modify_annotations" content="true" />
<meta name="access_permission:can_print_degraded" content="true" />
<meta name="dc:creator" content="prgo" />
<meta name="tika_batch_fs:relative_path" content="79571873.pdf" />
<meta name="language" content="pt-BR" />
<meta name="dcterms:created" content="2018-05-11T11:34:17Z" />
<meta name="dc:format" content="application/pdf; version=1.4" />
<meta name="pdf:docinfo:creator_tool" content="Writer" />
<meta name="access_permission:fill_in_form" content="true" />
<meta name="pdf:encrypted" content="false" />
<meta name="dc:title" content="EXMO" />
<meta name="Content-Length" content="191788" />
<meta name="X-TIKA:digest:MD5" content="41158e443e497489a8348be8f80bdfe0" />
<meta name="Content-Type" content="application/pdf" />
<meta name="pdf:docinfo:creator" content="prgo" />
<meta name="X-Parsed-By" content="org.apache.tika.parser.DefaultParser" />
<meta name="X-Parsed-By" content="org.apache.tika.parser.pdf.PDFParser" />
<meta name="creator" content="prgo" />
<meta name="dc:language" content="pt-BR" />
<meta name="meta:author" content="prgo" />
<meta name="meta:creation-date" content="2018-05-11T11:34:17Z" />
<meta name="created" content="Fri May 11 08:34:17 BRT 2018" />
<meta name="access_permission:extract_for_accessibility" content="true" />
<meta name="access_permission:assemble_document" content="true" />
<meta name="xmpTPg:NPages" content="11" />
<meta name="Creation-Date" content="2018-05-11T11:34:17Z" />
<meta name="resourceName" content="79571873.pdf" />
<meta name="access_permission:extract_content" content="true" />
<meta name="access_permission:can_print" content="true" />
<meta name="tika:file_ext" content="pdf" />
<meta name="Author" content="prgo" />
<meta name="producer" content="LibreOffice 5.1" />
<meta name="access_permission:can_modify" content="true" />
<meta name="pdf:docinfo:producer" content="LibreOffice 5.1" />
<meta name="pdf:docinfo:created" content="2018-05-11T11:34:17Z" />
<title>EXMO</title>
</head>
<body><div class="page"><p />
<p>1
</p>
<p>MINISTÉRIO PÚBLICO FEDERAL
PROCURADORIA DA REPÚBLICA NO ESTADO DE SERGIPE
</p>
<p>3º OFÍCIO DA TUTELA COLETIVA
</p>
<p>Inquérito Civil nº 1.35.000.001261/2017-22
</p>
<p>Assunto: Apurar suposto descumprimento de norma editalícia, relativa à interposição de recursos,
do edital nº 001/2017 do Concurso para provimento de vagas no Conselho Regional de Engenharia e
Agronomia em Sergipe – CREA/SE.
</p>
<p>PROMOÇÃO DE ARQUIVAMENTO Nº 009/2018-3º OTC:
</p>
<p>Trata-se de Inquérito Civil instaurado a partir de manifestação formalizada
</p>
<p>perante  o  Ministério  Público  Federal,  na  qual  informou-se  o  descumprimento,  por  parte  da
</p>
<p>ADVISE  Consultoria  e  Planejamento-Eireli,  de  norma  constante  no  Edital  do  Concurso  para
</p>
<p>provimento de cargos no Conselho Regional de Engenharia e Agronomia em Sergipe – CREA/SE,
</p>
<p>no que diz respeito à interposição de recursos no certame.
</p>
<p>De acordo com a denúncia, a empresa contratada para realizar o concurso
</p>
<p>público,  a  ADVISE  Consultoria  e  Planejamento  Eireli, disponibilizou  endereço  eletrônico
</p>
<p>(recurso@advise.net) para que fossem encaminhados eventuais recursos dos candidatos contra as
</p>
<p>questões  da  prova.  No  entanto,  tal  sistemática  violaria  o  princípio  da  impessoalidade  e  da
</p>
<p>moralidade,  uma  vez  que  a  comunicação  via  e-mail possibilitaria  a  identificação  do  candidato,
</p>
<p>estando,  ainda,  essa  forma  de  comunicação  entre  o  candidato  e  a  organizadora  expressamente
</p>
<p>vedada pelo instrumento editalício (fls. 05).
</p>
<p> Nesse passo, como providência apuratória inicial, determinou-se a expedição
</p>
<p>de  ofício à  empresa  ADVISE  –  Consultoria  e  Planejamento  (fls.  12/13),  para  que  prestasse
</p>
<p>esclarecimentos, de forma circunstanciada, sobre os fatos relatados, em especial quanto:
</p>
<p>a)  às  razões  pelas  quais  a  empresa  organizadora  do  certame  solicitou,  sem  alteração
editalícia e após a realização das provas objetivas, que os recursos fossem encaminhados
exclusivamente via e-mail e não via formulário digital na página do candidato na internet,
em desacordo com a previsão editalícia prevista no “Capítulo XI – Dos Recursos, item 3”,
que, inclusive, não admitia o envio por e-mail; e
</p>
<p>b) à forma pela qual foi resguardada a identificação dos candidatos recorrentes, com a
adoção da sistemática de interposição de recurso via correio eletrônico.
</p>
<p>MPF – Procuradoria da República em Sergipe
Rua José Carvalho Pinto, nº 280. Edifício Aracaju Boulevard. Bairro Jardins. Aracaju/SE. CEP: 49.026-150
</p>
<p>PABX: (0xx79) 3301-3700</p>
<p />
<div class="annotation"><a href="mailto:recurso@advise.net">mailto:recurso@advise.net</a></div>
</div>
<div class="page"><p />
<p>2
</p>
<p>MINISTÉRIO PÚBLICO FEDERAL
PROCURADORIA DA REPÚBLICA NO ESTADO DE SERGIPE
</p>
<p>3º OFÍCIO DA TUTELA COLETIVA
</p>
<p>A ADVISE Consultoria, em atendimento à requisição ministerial (fls. 20/21),
</p>
<p>esclareceu que: “o recebimento dos recursos pelo site da empresa não difere se for feito por formulário eletrônico, e-
</p>
<p>mail, plataforma ou template, já que todos são formas de entrada para endereço eletrônico, qual seja, 'a caixa de e-
</p>
<p>mail’.” Aduziu, ainda, que seu site foi alvo de um ataque de hackers  em agosto de 2016, entrando, a
</p>
<p>partir daí, em um longo período de reconstrução, o que fez a empresa optar pelo recebimento dos
</p>
<p>recursos via e-mail, tendo em vista que estes registrariam o momento exato da impetração do recurso,
</p>
<p>bem como proporcionariam segurança quanto ao seu conteúdo. Quanto à questão da possibilidade
</p>
<p>de identificação dos candidatos, a requerida alegou que “em todas as fases do certame são resguardadas a
</p>
<p>identificação  dos  candidatos  recorrentes,  uma  vez  que,  os  recursos  impetrados  são  recebidos  por  uma  equipe  de
</p>
<p>profissionais,  os  quais  'extraem'  os  argumentos,  gerando um número  de  protocolo  e,  de modo  administrativo,  são
</p>
<p>encaminhados, anonimamente, aos elaboradores da banca por área de conhecimento”.
</p>
<p>Ato  contínuo, requisitou-se  à  ADVISE  Consultoria  que  enviasse  os
</p>
<p>documentos gerados a partir de cada recurso, inclusive com o respectivo número de protocolo, a fim
</p>
<p>de  comprovar  a  real  lisura  do  método  utilizado  pela  empresa  quanto  à  não  identificação  dos
</p>
<p>candidatos  (fl.  40). Noutro  giro,  determinou-se  a  expedição  de  ofício  ao  Conselho  Regional  de
</p>
<p>Engenharia e Agronomia de Sergipe – CREA/SE requisitando que informasse (fl. 46):
</p>
<p>a)  se o CREA/SE tem conhecimento da  alteração do modo de  interposição de  recurso
contra o gabarito das provas objetivas, mesmo com expressa vedação do Edital nº 001/2017;
em  caso  positivo,  que  esclareça  quais  as  providências  adotadas  em  face  da  empresa
responsável pela realização do concurso;
</p>
<p>b) se dentre os aprovados e classificados para os cargos de Agente Fiscal, Analista Técnico e
Contador, há algum candidato com parentesco de até 3º grau em relação ao presidente, vice-
presidentes, diretores e conselheiros;
</p>
<p>c) se dentre os aprovados e classificados para os cargos de Agente Fiscal, Analista Técnico e
Contador, há algum candidato que exerceu cargo em comissão no CREA/SE nos últimos 04
anos.
</p>
<p>O MPF solicitou ainda que o Conselho Profissional não nomeasse nenhum
</p>
<p>dos aprovados até o encerramento da apuração dos fatos narrados na denúncia. 
</p>
<p>O CREA-SE, por meio do Ofício n° 052/2017 – ASJUR (fl.  49/50),  em
</p>
<p>resposta ao questionado por este Órgão Ministerial, afirmou:
</p>
<p>Quanto ao conhecimento da alteração do modo de interposição de recurso contra o gabarito
das provas objetivas, com expressa violação do Edital n° 001/2017, informa que o Conselho
</p>
<p>MPF – Procuradoria da República em Sergipe
Rua José Carvalho Pinto, nº 280. Edifício Aracaju Boulevard. Bairro Jardins. Aracaju/SE. CEP: 49.026-150
</p>
<p>PABX: (0xx79) 3301-3700</p>
<p />
</div>
<div class="page"><p />
<p>3
</p>
<p>MINISTÉRIO PÚBLICO FEDERAL
PROCURADORIA DA REPÚBLICA NO ESTADO DE SERGIPE
</p>
<p>3º OFÍCIO DA TUTELA COLETIVA
</p>
<p>acompanhou  e  fiscalizou  a  prestação  dos  serviços  da  empresa  ADVISE Consultoria  &amp;
Planejamento, sendo informado que o concurso público N° 001/2017-CREA-SE realizou-se
sem intercorrências e que as provas escritas foram aplicadas em 11 de junho do corrente
ano, sem que repostasse a nenhum problema quanto ao modo de recebimento dos recursos.
Registra  que,  segundo informado pela  empresa ADVISE Consultoria  &amp; Planejamento,  o
método de recebimento dos recursos através do site da empresa não iria comprometer a
segurança do certame, muito menos os trabalhos referentes àquele procedimento, uma vez
que, segundo a empresa, o que mudaria seria a forma de entrada das mensagens em uma
caixa de e-mail exclusiva denominada "recursos" sendo comum tal procedimento entre as
empresas do ramo. Registre-se, ainda, que a empresa informou ao CREA-SE que seu site
havia sido invadido concomitante ao andamento de outros concursos públicos em tempo
anterior ao do concurso do Conselho Regional de Engenharia e Agronomia e que nenhum
fora prejudicado por esse fator.  Conforme esclarecimentos apresentados pela empresa as
medidas de preservação dos dados dos candidatos consistem em um momento anterior ao
encaminhamento à banca elaboradora das provas, quando ocorre a separação dos recursos
das demais informações advindas do e-mail dos candidatos.
</p>
<p>No tocante aos aprovados e classificados, segue Resolução n° 001/2017 que homologa o
resultado final do Concurso Público realizado pelo CREA-SE e comprovante de publicação
no Diário Oficial da União,  ocorrida em 19 de setembro de 2017,  ademais, ressalta  que
dentre os aprovados não constam candidatos com parentesco, consanguíneo ou afim, em
linha reta ou colateral, de até 3° grau em relação ao presidente, vice-presidentes, diretores e
conselheiros ou que tenha exercido cargo em comissão no CREA/SE nos últimos 04 anos.
</p>
<p>Finalmente, informa que o sistema CONFEA/CREA encontra-se em processo eleitoral não
promovendo  nomeação  de  candidatos  aprovados  em  concurso  público  cumprindo  os
ditames da Lei n° 9.504/97.
</p>
<p>Outrossim,  sobreveio  resposta  da  parte  denunciante  (certidão  de  fl.  55),
</p>
<p>informando da existência de “petição contra realização do concurso impetrada pelo SENGE-SE (Sindicato dos
</p>
<p>Engenheiros  de Sergipe) apresentando diversos argumentos desfavorecendo o certame.”. Com efeito, em contato
</p>
<p>com o Sindicato dos Engenheiros de Sergipe – SENGE/SE, foi confirmado por seu presidente que
</p>
<p>tramita na Justiça Federal a Ação Civil Pública nº 0802984-60.2017.4.05.8500,  relativa ao certame
</p>
<p>realizado pelo CREA/SE, sendo anexado (às fls. 58/59), a  petição inicial (em mídia eletrônica) e o
</p>
<p>protocolo do ajuizamento da demanda.
</p>
<p>Ato  contínuo,  o  MPF  determinou  a  expedição  de  Recomendação  ao
</p>
<p>Conselho Regional de Engenharia de Sergipe, para que (fls. 62/63):
</p>
<p>(a)  não  seja  realizada  nomeação  de  nenhum  dos  aprovados  no  Concurso  Público  nº
001/2017 – CREA/SE, para provimento dos cargos públicos de Agente Fiscal – Técnico de
Nível  Médio  nas  áreas:  Engenharias  e  Agronomias  vinculados  ao  sistema  Confea/Crea,
Analista  Técnico  –  Nível  superior  nas  áreas:  Engenharias  e  Agronomias  vinculados  ao
sistema Confea/Crea e Contador de Nível Superior, até a solução judicial ou extrajudicial do
objeto do procedimento em epígrafe;
</p>
<p>MPF – Procuradoria da República em Sergipe
Rua José Carvalho Pinto, nº 280. Edifício Aracaju Boulevard. Bairro Jardins. Aracaju/SE. CEP: 49.026-150
</p>
<p>PABX: (0xx79) 3301-3700</p>
<p />
</div>
<div class="page"><p />
<p>4
</p>
<p>MINISTÉRIO PÚBLICO FEDERAL
PROCURADORIA DA REPÚBLICA NO ESTADO DE SERGIPE
</p>
<p>3º OFÍCIO DA TUTELA COLETIVA
</p>
<p>(b) no exercício da autotutela, seja anulado o concurso a partir da fase de interposição de
recurso  contra  o  gabarito  preliminar  da  prova  objetiva,  de  modo  que  o  certame  seja
retomado a partir  daquele momento e seja oportunizado novo modo de interposição de
recurso, desta vez, em sintonia com o disposto nos itens XI.3 e XI.5 do Edital nº 001/2017
– CREA/SE;
</p>
<p>O  CREA-SE,  por  meio  do  Ofício  n°  030/2017  –  ASJUR  (fls.  64),  se
</p>
<p>comprometeu  a  cumprir  integralmente  a  Recomendação  feita  pelo MPF,  encaminhando  as
</p>
<p>orientações à empresa ADVISE – Consultoria e Planejamento. Nesse passo, em posterior consulta ao
</p>
<p>site da empresa (fl. 65), foi constatado “Comunicado aos Candidatos”, datado de 20 de outubro de
</p>
<p>2017, informando que: “(…)  em atendimento ao Ministério Público Federal, através da Recomendação de n°
</p>
<p>001/2017, torna sem efeito as fases do certame em curso, concernentes ao Exame de Títulos, Sorteio e Homologação,
</p>
<p>valendo-se, portanto a fase de aplicação das provas objetivas, da qual será reaberto prazo de recurso para os Gabaritos
</p>
<p>Preliminares, conforme o Capítulo XI, Item 3 do Edital Normativo de N° 001/2017-CREA/SE, o que não foi
</p>
<p>cumprido anteriormente.”
</p>
<p>Seguindo a apuração, nova informação de irregularidade foi recebida, desta
</p>
<p>vez foi noticiado que a empresa ADVISE teria publicado com a denominação de gabarito preliminar,
</p>
<p>gabarito já modificado pelos recursos interpostos na fase anulada, os quais não possuíam validade (fls.
</p>
<p>67-72)
</p>
<p>Dessa forma, expediu-se ofício a  ADVISE para que,  em correção a falha
</p>
<p>apontada, reabrisse novamente o prazo recursal, uma vez que os recursos deveriam ser interpostos ao
</p>
<p>gabarito preliminar, sem nenhuma modificação advinda dos recursos tornados sem efeito (fl. 74), o
</p>
<p>que foi prontamente executado pela empresa (fls. 77-78).
</p>
<p>Continuando a apuração, novas irregularidades foram noticiadas, dessa vez
</p>
<p>por outra candidata participante do certame, a saber: 
</p>
<p>1) a  ADVISE  teria  publicado  o  Resultado  Preliminar  das  Provas  Objetivas  antes  da
publicação do Gabarito Definitivo (contrariando norma do edital);
2) quando da interposição de recursos contra o resultado preliminar, foram, em verdade,
permitidos  novos  recursos  em  face  do  gabarito  preliminar,  em  que  pese  a  ADVISE
Consultoria tenha comunicado que o recursos eram referente ao resultado preliminar (logo,
acabou ocorrendo duas oportunidades para se recorrer do gabarito preliminar);
3) no  gabarito  definitivo  (publicado  em  31.01.18)  constava  que  foram  levados  em
consideração os recursos interpostos em 09.11.2017 a 13.11.2017, mesmo após comunicado
da  ADVISE informando  da  desconsideração  dos  recursos  interpostos  anteriores  ao  dia
01.12.17, o que não faz sentido;
</p>
<p>MPF – Procuradoria da República em Sergipe
Rua José Carvalho Pinto, nº 280. Edifício Aracaju Boulevard. Bairro Jardins. Aracaju/SE. CEP: 49.026-150
</p>
<p>PABX: (0xx79) 3301-3700</p>
<p />
</div>
<div class="page"><p />
<p>5
</p>
<p>MINISTÉRIO PÚBLICO FEDERAL
PROCURADORIA DA REPÚBLICA NO ESTADO DE SERGIPE
</p>
<p>3º OFÍCIO DA TUTELA COLETIVA
</p>
<p>4) o gabarito definitivo publicado em janeiro/2018 considerou nulas as questões 20 e 27
(que foram julgadas corretas pelo gabarito publicado em julho/2017, o qual, a propósito,
considerou  nula  apenas  a  questão  11;  isso,  sem  qualquer  motivação  e  justificação  aos
candidatos e candidatas, tornando incompreensível o método utilizado).
</p>
<p>Ante tais constatações, o MPF expediu, em 01/03/2017 (fls. 100) ofício ao
</p>
<p>CREA/SE. em caráter complementar e com urgência, com recomendação de que:
</p>
<p>(a) não  sejam  realizadas  nomeações  de  candidatos  aprovados   no  Concurso
Público nº  001/2017 – CREA/SE, para  provimento dos cargos públicos de  Agente
Fiscal – Técnico de Nível Médio nas áreas: Engenharias e Agronomias vinculados ao
sistema  Confea/Crea,  Analista  Técnico  -  Nível  superior  nas  áreas:  Engenharias  e
Agronomias vinculados ao sistema Confea/Crea e Contador de Nível Superior,  até a
solução  judicial  ou  extrajudicial  do  objeto  do  procedimento  em epígrafe  em
trâmite neste Ministério Público Federal em Sergipe;
</p>
<p>(b) no exercício da autotutela, seja, NOVAMENTE, anulado o concurso, desde a
fase de interposição de recurso contra o gabarito preliminar da prova objetiva ,
de modo que o certame seja retomado a partir daquele momento e sejam cumpridas
todas as etapas do concurso em sintonia com o  Edital  nº 001/2017 – CREA/SE, a
saber: 1) publicação do gabarito preliminar; 2) abertura de prazo para interposição de
recursos  em  face  do  gabarito  preliminar  (desconsiderando-se  os  outros  recursos
interpostos  durante  o  certame);  3) publicação  do  gabarito  definitivo  (motivando  e
justificando eventuais divergências em relação a gabaritos anteriormente publicados);
4) publicação  do  resultado  preliminar;  5) abertura  de  prazo  para  interposição  de
recursos em face do resultado preliminar (sem possibilitar novos recursos em face dos
gabaritos);  6) publicação  do  resultado  definitivo,  convocação  para  apresentação  de
títulos e atos subsequentes também previstos no edital;
</p>
<p>(c) seja instaurado procedimento administrativo apto a apurar as irregularidades ora
constatadas,  considerando  a  inadequada  execução  do  contrato  firmado  entre  o
CREA/SE e  a  ADVISE, comunicando ao MPF, após a conclusão,  quais as medidas
adotadas;
</p>
<p>(d) informe, no prazo de 24 (vinte e quatro) horas , sobre o atendimento, ou não, ao
quanto recomendado.
</p>
<p>Após a expedição do mencionado documento, o MPF tomou conhecimento
</p>
<p>de nova irregularidade, a partir de ligação telefônica de uma candidata, o que foi confirmado pelos
</p>
<p>documentos de fls. 102/103. 
</p>
<p>A mencionada  documentação atesta  que o  resultado preliminar  de  títulos
</p>
<p>publicado em agosto/2017 (e posteriormente desconsiderado em face da Recomendação expedida
</p>
<p>pelo MPF) diverge do resultado preliminar de títulos publicado em fevereiro/2018, novamente, sem
</p>
<p>MPF – Procuradoria da República em Sergipe
Rua José Carvalho Pinto, nº 280. Edifício Aracaju Boulevard. Bairro Jardins. Aracaju/SE. CEP: 49.026-150
</p>
<p>PABX: (0xx79) 3301-3700</p>
<p />
</div>
<div class="page"><p />
<p>6
</p>
<p>MINISTÉRIO PÚBLICO FEDERAL
PROCURADORIA DA REPÚBLICA NO ESTADO DE SERGIPE
</p>
<p>3º OFÍCIO DA TUTELA COLETIVA
</p>
<p>ter havido qualquer motivação e justificação aos candidatos e candidatas, tornando, outrossim,
</p>
<p>confuso e obscuro método utilizado para a referida alteração de resultados.
</p>
<p>Em resposta ao ofício encaminhado o CREA/SE informou que acataria a
</p>
<p>recomendação  desta  Procuradoria,  bem  como  solicitou  a  realização  de  reunião  a  fim  de  sanar
</p>
<p>possíveis dúvidas. 
</p>
<p>Em  reunião  (fl.  108)  realizada  nesta  Procuradoria  com  a  presença  dos
</p>
<p>representantes do CREA/SE e da ADVISE para sanar as irregularidades identificadas até então foi
</p>
<p>firmado que a ADVISE observaria: 
</p>
<p>1) quanto ao recebimento dos recursos: apenas pelo site respectivo, resguardando o sigilo
dos dados dos candidatos e garantindo a impessoalidade;
</p>
<p>2) aos gabaritos: republicar o gabarito preliminar (original); tendo em vista a possibilidade de
anulação de questões de ofício (quando identificado pela banca as irregularidades), deverão
ser  anuladas  aquelas  questões  anteriormente  julgadas  passíveis  de  anulação  pela  banca
examinadora (anulação de ofício) e todas e quaisquer outras que se entendam nulas, seja em
razão de recursos, seja de ofício pela banca examinadora;
</p>
<p>3) à observância às fases do concurso: após a republicação do gabarito preliminar, abertura
do prazo para  recursos;  depois  de  recebidos e  julgados os recursos,  publicar  o gabarito
definitivo  (contra  o  qual,  nos  termos  do  edital,  não  caberá  recurso);  após,  publicar  o
resultado preliminar e, em sequência, abrir prazo para recursos do resultado preliminar (cujo
objeto  se  limita  a  atribuição  de  pontuação  e  classificação  dos  candidatos);  depois  de
recebidos e julgados os recursos, publicar o resultado definitivo (contra o qual, nos termos
do  edital,  não  caberá  recurso);  enfim,  deve  ser  publicado  o  edital  de  convocação  para
recebimento  de  títulos;  depois  de  recebidos  e  julgados  os  títulos,  publicar  o  resultado
preliminar  do exame de  títulos e,  em sequência,  abrir  prazo para  recursos  do  resultado
preliminar  do  exame  de  títulos;  depois  de  recebidos  e  julgados  os  recursos,  publicar  o
resultado definitivo do certame (Provas Objetivas e Títulos); publicar edital de convocação e
realizar o comunicado aos candidatos e  candidatas definitivamente aprovados e observar
todos os demais atos previstos no edital (sorteio público, resultado final, homologação etc);
</p>
<p>4) as motivações realizadas pela banca examinadora que implicassem anulação de questões
seriam divulgadas aos candidatos e candidatas;
</p>
<p>5) exame de  títulos:  havendo alteração no resultado da  prova de  títulos em relação aos
resultados anteriormente publicados, deve ser apresentada a motivação respectiva.
</p>
<p>Ainda  na  reunião,  foi  acordado  que  o  CREA/SE  adotaria  as  seguintes
medidas: 
</p>
<p>1) indicação dos membros da Comissão Especial, formada por servidores do CREA/SE,
para  acompanhar  e  fiscalizar  todos  os  atos  do  concurso,  verificando sua  regularidade  e
consonância com a norma editalícia; em especial para o efetivo cumprimento do pactuado
neste ato formal devidamente firmado na presente data;
</p>
<p>MPF – Procuradoria da República em Sergipe
Rua José Carvalho Pinto, nº 280. Edifício Aracaju Boulevard. Bairro Jardins. Aracaju/SE. CEP: 49.026-150
</p>
<p>PABX: (0xx79) 3301-3700</p>
<p />
</div>
<div class="page"><p />
<p>7
</p>
<p>MINISTÉRIO PÚBLICO FEDERAL
PROCURADORIA DA REPÚBLICA NO ESTADO DE SERGIPE
</p>
<p>3º OFÍCIO DA TUTELA COLETIVA
</p>
<p>2) encaminhar  ao  MPF  relatório  de  todos  os  atos  do  concurso,  comprovando  a  sua
regularidade, cumprimento ao edital e do pactuado nesta data.
</p>
<p>Em cumprimento ao quanto acordado o CREA/SE encaminhou ao MPF
</p>
<p>relatório com os atos praticados pela ADVISE em observância ao edital (fls. 113-120).
</p>
<p>Ocorre  que,  no  decorrer  do  apuratório  chegou  ao  conhecimento  desta
</p>
<p>Procuradoria o possível cometimento de novas irregularidades, quais sejam: 
</p>
<p>1) Ofensa ao edital quando da convocação para o exame de títulos. Questiona a candidata se
os critérios de desempate previstos no Capítulo X, item 2, subitem 3.1 do edital devem ser
aplicados  antes  dos  exames  de  títulos ou  somente  na  classificação final  dos candidatos.
Relata que o edital prevê a convocação para o exame de títulos dos candidatos classificados
até a margem de 3 (três) vezes o número de vagas ofertadas. Especificamente para o cargo
de Analista Técnico estão previstas 2 (duas) vagas, o que significa que, de regra, deveriam ser
convocados 6 (seis) e não 7 (sete) candidatos, tal como ocorreu. Informa que para o referido
cargo, candidatos estão empatados com o mesmo número de pontos. Destarte, questiona se
seriam convocados apenas os seis primeiros, aplicando-se os critérios de desempate ou os
nove primeiros e, ao final do certame, aplicam-se os critérios de desempate;
</p>
<p>2) Se validar os pontos de títulos diferentes dos que já foram anteriormente apresentados
por um mesmo candidato constitui  mutação da  realidade  fática dos concorrentes  e,  por
conseguinte, desequilíbrio na disputa? Em suma, aduz que apenas os títulos apresentados
quando da primeira convocação deveriam ser aceitos;
</p>
<p>3) Não cumprimento do “item 5” pactuado em reunião realizada nesta Procuradoria, o qual
dispõe que havendo alteração no resultado da prova de títulos em relação aos resultados
anteriormente publicados, deve ser apresentada a motivação respectiva.
</p>
<p>Oficiado o CREA/Se sobre as possíveis irregularidades, a autarquia federal
</p>
<p>informou, em síntese, que:
</p>
<p>1) Acerca da convocação para o exame de títulos e aplicação dos critérios de desempate:
aduz  que  foram convocados  07  (sete)  candidatos  para  o  exame  de  títulos  no  cargo de
Analista  Técnico  considerando  que  houve  empate  técnico  entre  o  6º  e  o  7º  colocado,
respectivamente,  Ivan  Ronei  Herzog  Macao  Campos  e  Rafaella  Prado  Leite,  havendo
desempate com as candidatas ocupantes da 8º e 9º posição, face as diferentes pontuações na
prova objetiva de Português. Outrossim, para fins de esclarecimento, informa que o Edital
nº 03/2018 – Crea-SE referente ao Exame de Títulos encontra-se em ordem alfabética e não
por classificação dos candidatos;
</p>
<p>2) No tocante a validação dos títulos aduz que todas as fases posteriores a fase de publicação
do  “Gabarito  Preliminar  das  Provas  Objetivas”  foram  anuladas,  inclusive  a  Portaria  nº
065/2017, restando a retomada do concurso a partir da fase mencionada. Destarte, com as
novas publicações das etapas subsequentes, é notória a possibilidade de resultado diverso aos
publicados anteriormente;
</p>
<p>MPF – Procuradoria da República em Sergipe
Rua José Carvalho Pinto, nº 280. Edifício Aracaju Boulevard. Bairro Jardins. Aracaju/SE. CEP: 49.026-150
</p>
<p>PABX: (0xx79) 3301-3700</p>
<p />
</div>
<div class="page"><p />
<p>8
</p>
<p>MINISTÉRIO PÚBLICO FEDERAL
PROCURADORIA DA REPÚBLICA NO ESTADO DE SERGIPE
</p>
<p>3º OFÍCIO DA TUTELA COLETIVA
</p>
<p>3) Quanto  a  motivação  da  mudança  do  resultado  do  exame  de  títulos:  informa  que  a
empresa  ADVISE  emitirá  nota  explicativa  acerca  do  exame  de  títulos,  apresentando
esclarecimentos  a  todos  os  candidatos  do  certame,  cumprindo  integralmente  as  normas
editalícias e ajustes firmados junto ao Órgão Ministerial. Por fim, o CREA/SE
</p>
<p>O CREA/SE  informou ainda  que  foram interpostos  pela  candidata  Laís
</p>
<p>Mota dos Santos Barbosa os Mandados de Segurança de nº 0806083-38.2017.4.05.8500 e nº 0801136-
</p>
<p>04.2018.4.05.8500 nos quais discute algumas das questões ora apresentadas.
</p>
<p>Analisando tais informações, chegou-se inicialmente a seguinte conclusão: 
</p>
<p>1) Quanto a convocação dos candidatos para o exame de títulos: verifica-se irregularidades
nas ações perpetradas, visto que, compulsando o resultado definitivo das provas objetivas,
tem-se que, do 5º ao 9º colocado para o cargo de Analista Técnico todos obtiveram nota
geral igual a 88,00. Destarte, todos os candidatos empatados na margem de 03 (três) vezes a
quantidade de vagas oferecidas para o cargo, no caso em tela, os candidatos empatados na 6ª
colocação, deveriam ter sido convocados para o exame de títulos;
</p>
<p>2) Quanto ao recebimento dos títulos em data posterior ao previsto na Portaria 065/2017,
compulsando o edital, verifica-se que o item IX, que dispõe sobre os exames de títulos não
traz disposição específica acerca de tal ponto. Dessa forma, não havendo previsão no edital
quanto a fixação da data para recebimento dos títulos, tem-se que tal ponto refoge ao tema
objeto  do  presente  Inquérito  Civil,  qual  seja  o  cumprimento  às  normas  editalícias.
Outrossim, tal questão encontra-se judicializada, sendo objeto do já mencionado Mandado
de Segurança nº 0801136-04.2018.4.05.8500 razão pela qual não cabe ao parquet analisá-lo;
</p>
<p>3)  Ao final,  quanto à motivação da  alteração da  pontuação atribuída  aos candidatos no
exame de títulos, têm-se que a nota explicativa publicada pela empresa ADVISE (fl. 136) não
supre  o  pactuado  em  reunião,  visto  que,  conforme  acordado,  deveria  ser  apresentado
motivação para a alteração do resultado de cada candidato.
</p>
<p>Nesse  sentido,  determinou-se  a  expedição  de  nova  recomendação  ao
</p>
<p>CREA/SE, para que: 
</p>
<p>(a) no exercício da autotutela, seja, anulado o concurso, a partir do Edital de convocação
para o exame de títulos, de modo que o certame seja retomado a partir daquele momento e
sejam cumpridas todas as  etapas do concurso em sintonia com o disposto no Edital  n.
001/2017, especialmente quanto à convocação para o exame de títulos dos candidatos que
estiverem empatados em até 3 (três) vezes a quantidade de vagas para o cargo de Analista
Técnico,  bem como  o  cumprimento  do  pactuado  em  reunião  no  item  5,  devendo  ser
motivada a eventual alteração do resultado do exame de títulos de cada candidato; 
</p>
<p>(b) seja  instaurado  procedimento  administrativo  apto  a  apurar  as  irregularidades  ora
constatadas, considerando a inadequada execução do contrato firmado entre o CREA/SE e
a ADVISE, comunicando ao MPF após a conclusão, quais medidas adotadas; 
</p>
<p>(c) informe, no prazo de 2 (dois) dias, sobre o atendimento ou não, ao quanto recomendado.
</p>
<p>MPF – Procuradoria da República em Sergipe
Rua José Carvalho Pinto, nº 280. Edifício Aracaju Boulevard. Bairro Jardins. Aracaju/SE. CEP: 49.026-150
</p>
<p>PABX: (0xx79) 3301-3700</p>
<p />
</div>
<div class="page"><p />
<p>9
</p>
<p>MINISTÉRIO PÚBLICO FEDERAL
PROCURADORIA DA REPÚBLICA NO ESTADO DE SERGIPE
</p>
<p>3º OFÍCIO DA TUTELA COLETIVA
</p>
<p>Outrossim,  foi  encaminhada  cópia  integral  do  presente  procedimento  ao
</p>
<p>TCU, para fiscalização das atividades desenvolvidas pela empresa ADVISE e pelo CREA/SE, bem
</p>
<p>como ao Núcleo de Combate à Corrupção, a fim de apurar possível cometimento de improbidade
</p>
<p>administrativa.
</p>
<p>Em resposta a recomendação expedida o CREA/SE informou interesse total
</p>
<p>em  atender  a  recomendações  apresentadas  pelo  parquet,  no  entanto  requereu  reanálise  dos
</p>
<p>argumentos apresentados, pleiteando pela continuidade do certame,  com a consequente publicação
</p>
<p>do resultado final e homologação do concurso. 
</p>
<p>No tocante a convocação dos candidatos aos cargos de Analista Técnico a
</p>
<p>autarquia informa que estão previstas 2 vagas, sendo convocados 7 candidatos em razão de empate
</p>
<p>técnico entre o 6 e o 7 colocados, registrando que houve desempate com as candidatas ocupantes da
</p>
<p>8 e 9 colocação face as diferentes pontuações na prova objetiva; quanto ao cumprimento do item 5
</p>
<p>do pactuado na reunião realizada nesta procuradoria, apresentou relação dos títulos entregues pelos
</p>
<p>aprovados,  bem  como as  pontuações  respectivas  dos  candidatos  dando  ensejo  a  publicação  do
</p>
<p>resultado final da prova de títulos.
</p>
<p>Ademais, autarquia aduz ainda que, considerando que a empresa contratada
</p>
<p>para realização  do concurso promoveu o atendimento integral  das solicitações  apresentadas pelo
</p>
<p>CREA/SE e pelo órgão ministerial, o CREA não vislumbra irregularidades a ensejar a instauração de
</p>
<p>procedimento administrativo o que inviabilizaria a finalização do concurso.
</p>
<p>Ademais,  frisou  ainda  que  o  órgão  necessita  nomear  urgentemente  os
</p>
<p>candidatos  aprovados,  vez  que conta  com apenas  4  fiscais  para todo o estado de Sergipe,  e,  na
</p>
<p>hipótese de assim não entender, requer a designação de audiência para sanar as possíveis pendências
</p>
<p>existentes.
</p>
<p>Nesse sentido, reanalisando a argumentação e os documentos apresentados
</p>
<p>pelo CREA/SE em resposta a recomendação verifica-se que para a convocação dos candidatos e
</p>
<p>candidatas para o exame de títulos foram utilizados critérios previstos no item X do edital, aplicando
</p>
<p>a ordem elencada no aludido capítulo, o que se demonstra plausível e não refoge ao cumprimento das
</p>
<p>normas  editalícias.  No  que  se  refere  ao  cumprimento  do  pactuado  em  reunião  o  CREA/SE
</p>
<p>apresentou  ficha  com  a  pontuação  de  cada  candidato  e  candidata  convocados  (fls.  201-2017),
MPF – Procuradoria da República em Sergipe
</p>
<p>Rua José Carvalho Pinto, nº 280. Edifício Aracaju Boulevard. Bairro Jardins. Aracaju/SE. CEP: 49.026-150
PABX: (0xx79) 3301-3700</p>
<p />
</div>
<div class="page"><p />
<p>10
</p>
<p>MINISTÉRIO PÚBLICO FEDERAL
PROCURADORIA DA REPÚBLICA NO ESTADO DE SERGIPE
</p>
<p>3º OFÍCIO DA TUTELA COLETIVA
</p>
<p>esclarecendo portanto a respectiva motivação. Destarte, acolho a fundamentação apresentada pela
</p>
<p>autarquia, devendo o certame seguir o seu curso regular, cumprindo todos os ditames previstos no
</p>
<p>edital.
</p>
<p>Eis o relatório.
</p>
<p>Com  efeito,  analisando  todos  os  documentos  juntados  aos  autos  do
</p>
<p>Inquérito Civil em epígrafe, conclui-se que, de fato, ocorreram irregularidades durante o andamento
</p>
<p>do concurso. No entanto, como já elencado acima, tais falhas foram sanadas com a anulação das fases
</p>
<p>eivadas  de  vício.  Noutro ponto,  tem-se  também que  os  argumentos,  bem como os  documentos
</p>
<p>apresentados pelo CREA/SE foram suficiente para atestar a regularidade do certame.
</p>
<p>Deveras,  diante  da  realidade  fática  atual,  não  vislumbra,  este  órgão
</p>
<p>ministerial,  a necessidade de manutenção da presente investigação, ou mesmo, a possibilidade,  de
</p>
<p>adoção de qualquer outra medida, administrativa ou judicial, em relação aos fatos noticiados, uma vez
</p>
<p>que as irregularidades apontadas foram sanadas, não se vislumbrando óbice ao prosseguimento do
</p>
<p>concurso. 
</p>
<p>Por outro vértice, as questões de cunho individual devem ser tratadas pelos
</p>
<p>próprios candidatos e candidatas que se sentirem prejudicados, não cabendo ao MPF tal apuração,
</p>
<p>conforme bem preleciona o art. 15 da Lei Complementar nº 75/1993, segundo o que “é vedado aos
</p>
<p>órgãos de defesa dos direitos constitucionais  do cidadão promover em juízo a defesa de direitos individuais lesados ”
</p>
<p>(grifo nosso).
</p>
<p>Outrossim,  salienta-se  ainda  que  foram encaminhadas  cópias  do presente
</p>
<p>Inquérito Civil ao TCU bem como ao Núcleo de Combate a Corrupção desta Procuradoria, para
</p>
<p>apuração, no âmbito de suas respectivas atribuições, dos atos praticados pelo CREA/SE e ADVISE.
</p>
<p>Ante o exposto, não havendo mais justo motivo para a continuidade do
</p>
<p>presente feito, promovo o arquivamento do Inquérito Civil em epígrafe, nos termos do art. 9º
</p>
<p>da Lei nº 7.347/85, do art. 17 da Resolução nº 87/2006 do Conselho Superior do Ministério Público
</p>
<p>Federal, e do art. 10 da Resolução nº 23/2007 do Conselho Nacional do Ministério Público.
</p>
<p>Oficie-se os interessados, a fim de serem cientificadas da presente decisão,
</p>
<p>para, querendo, manifestar eventual  inconformidade com o arquivamento,  com a apresentação de
</p>
<p>MPF – Procuradoria da República em Sergipe
Rua José Carvalho Pinto, nº 280. Edifício Aracaju Boulevard. Bairro Jardins. Aracaju/SE. CEP: 49.026-150
</p>
<p>PABX: (0xx79) 3301-3700</p>
<p />
</div>
<div class="page"><p />
<p>11
</p>
<p>MINISTÉRIO PÚBLICO FEDERAL
PROCURADORIA DA REPÚBLICA NO ESTADO DE SERGIPE
</p>
<p>3º OFÍCIO DA TUTELA COLETIVA
</p>
<p>razões escritas e documentos dirigidos à 1ª Câmara de Coordenação e Revisão do Ministério Público
</p>
<p>Federal, previsão inserta no art. 17, §3º da Resolução nº 87/2006 do Conselho Superior do Ministério
</p>
<p>Público Federal  e no art. 10,  §3º,  da Resolução nº 23/2007 do Conselho Nacional do Ministério
</p>
<p>Público.
</p>
<p>Encaminhem-se,  no  prazo  de  03  (três)  dias,  os  autos  à  1ª  Câmara  de
</p>
<p>Coordenação  e  Revisão  do Ministério  Público  Federal  para  que  delibere  a  respeito  da  presente
</p>
<p>decisão, em decorrência das disposições contidas no art. 9º, §1º, da Lei nº 7.347/85 e no art. 17, §2º,
</p>
<p>da Resolução nº 87/2006 do Conselho Superior do Ministério Público Federal.
</p>
<p>Aracaju/SE, 11 de maio de 2018.
</p>
<p>RAMIRO ROCKENBACH DA SILVA MATOS TEIXEIRA DE ALMEIDA 
Procurador da República
</p>
<p>Em Substituição ao 3º Ofício da Tutela Coletiva
</p>
<p>MPF – Procuradoria da República em Sergipe
Rua José Carvalho Pinto, nº 280. Edifício Aracaju Boulevard. Bairro Jardins. Aracaju/SE. CEP: 49.026-150
</p>
<p>PABX: (0xx79) 3301-3700</p>
<p />
</div>
</body></html>