<?xml version="1.0" encoding="UTF-8"?>
<html xmlns="http://www.w3.org/1999/xhtml">
<head>
<meta name="pdf:PDFVersion" content="1.4" />
<meta name="xmp:CreatorTool" content="Writer" />
<meta name="access_permission:modify_annotations" content="true" />
<meta name="access_permission:can_print_degraded" content="true" />
<meta name="tika_batch_fs:relative_path" content="79758205.pdf" />
<meta name="language" content="pt-BR" />
<meta name="dcterms:created" content="2017-09-22T14:09:59Z" />
<meta name="dc:format" content="application/pdf; version=1.4" />
<meta name="pdf:docinfo:creator_tool" content="Writer" />
<meta name="access_permission:fill_in_form" content="true" />
<meta name="pdf:encrypted" content="false" />
<meta name="Content-Length" content="93145" />
<meta name="X-TIKA:digest:MD5" content="35fd37ab8f3791c8bc1338688b6805e7" />
<meta name="Content-Type" content="application/pdf" />
<meta name="X-Parsed-By" content="org.apache.tika.parser.DefaultParser" />
<meta name="X-Parsed-By" content="org.apache.tika.parser.pdf.PDFParser" />
<meta name="dc:language" content="pt-BR" />
<meta name="meta:creation-date" content="2017-09-22T14:09:59Z" />
<meta name="created" content="Fri Sep 22 11:09:59 BRT 2017" />
<meta name="access_permission:extract_for_accessibility" content="true" />
<meta name="access_permission:assemble_document" content="true" />
<meta name="xmpTPg:NPages" content="1" />
<meta name="Creation-Date" content="2017-09-22T14:09:59Z" />
<meta name="resourceName" content="79758205.pdf" />
<meta name="access_permission:extract_content" content="true" />
<meta name="access_permission:can_print" content="true" />
<meta name="tika:file_ext" content="pdf" />
<meta name="producer" content="LibreOffice 5.1" />
<meta name="access_permission:can_modify" content="true" />
<meta name="pdf:docinfo:producer" content="LibreOffice 5.1" />
<meta name="pdf:docinfo:created" content="2017-09-22T14:09:59Z" />
<title></title>
</head>
<body><div class="page"><p />
<p>Notícia de Fato nº 1.35.000.001317/2017-49
</p>
<p>Despacho nº ____/2017/3ºOCC-LCM
</p>
<p>Cuida-se  de  notícia  de  fato  autuada  a  partir  de  representação  formulada  por
</p>
<p>MICHELLE SANTOS FERREIRA DE ARAÚJO, através da Sala de Atendimento ao Cidadão,
</p>
<p>com o propósito de apurar suposta irregularidade consistente na sua eliminação do processo
</p>
<p>seletivo realizado pelo IFS – Instituto Federal de Sergipe e regido pelo Edital nº 24/2017, em
</p>
<p>virtude de  um erro  no  preenchimento  de  dados  durante  a  sua inscrição  ocasionado  por
</p>
<p>orientação de servidor da aludida entidade.
</p>
<p>Às fls. 04/05, foi formulada “promoção liminar de arquivamento”.
</p>
<p>Cientificada  a  representante,  esta  se  insurgiu  contra  aludida  promoção.  (Vide
</p>
<p>manifestação apresentada por e-mail).
</p>
<p>Mantenho o meu posicionamento pelos seus próprios fundamentos.
</p>
<p>Pois bem. Atento ao disposto no art. 4º, §3º da Resolução CNMP 174, de 04/07/2017,
</p>
<p>DETERMINO então a remessa destes autos para a 1ª Câmara de Coordenação e Revisão,
</p>
<p>para análise e deliberação acerca da homologação desta decisão.
</p>
<p>Cumpram-se as diligências de rotina junto ao sistema de informática.
</p>
<p>Em seguida, adotem-se as providências cabíveis. 
</p>
<p>Aracaju-SE, 21 de setembro de 2017.
</p>
<p>LEONARDO CERVINO MARTINELLI
</p>
<p>Procurador da República
</p>
<p>Rua José Carvalho Pinto, nº 280, Edf. Aracaju Boulevard, Jardins, Aracaju-SE, CEP 49026-150
Telefone: (79) 3301-3776 – Fax: (79) 3301-3791 
</p>
<p>Site: https://www.prse.mpf.  mp.br   |  E-mail: prse-gabinete3occ@mp  f.br
</p>
<p> MPF - PR/SE
 Fls.               
</p>
<p> Rub.             </p>
<p />
<div class="annotation"><a href="mailto:prse-gabinete3occ@mprf.br">mailto:prse-gabinete3occ@mprf.br</a></div>
<div class="annotation"><a href="mailto:prse-gabinete3occ@mp">mailto:prse-gabinete3occ@mp</a></div>
<div class="annotation"><a href="https://www.prse.mpf.mp.br/">https://www.prse.mpf.mp.br/</a></div>
<div class="annotation"><a href="https://www.prse.mpf.mp.br/">https://www.prse.mpf.mp.br/</a></div>
</div>
<ul>	<li>Notícia de Fato nº 1.35.000.001317/2017-49</li>
</ul>
</body></html>