<?xml version="1.0" encoding="UTF-8"?>
<html xmlns="http://www.w3.org/1999/xhtml">
<head>
<meta name="pdf:PDFVersion" content="1.4" />
<meta name="xmp:CreatorTool" content="Writer" />
<meta name="access_permission:modify_annotations" content="true" />
<meta name="access_permission:can_print_degraded" content="true" />
<meta name="tika_batch_fs:relative_path" content="79773860.pdf" />
<meta name="language" content="pt-BR" />
<meta name="dcterms:created" content="2018-07-19T18:49:53Z" />
<meta name="dc:format" content="application/pdf; version=1.4" />
<meta name="pdf:docinfo:creator_tool" content="Writer" />
<meta name="access_permission:fill_in_form" content="true" />
<meta name="pdf:encrypted" content="false" />
<meta name="Content-Length" content="143536" />
<meta name="X-TIKA:digest:MD5" content="7dda189271c6f203ef4586960e4fd0cc" />
<meta name="Content-Type" content="application/pdf" />
<meta name="X-Parsed-By" content="org.apache.tika.parser.DefaultParser" />
<meta name="X-Parsed-By" content="org.apache.tika.parser.pdf.PDFParser" />
<meta name="dc:language" content="pt-BR" />
<meta name="meta:creation-date" content="2018-07-19T18:49:53Z" />
<meta name="created" content="Thu Jul 19 15:49:53 BRT 2018" />
<meta name="access_permission:extract_for_accessibility" content="true" />
<meta name="access_permission:assemble_document" content="true" />
<meta name="xmpTPg:NPages" content="3" />
<meta name="Creation-Date" content="2018-07-19T18:49:53Z" />
<meta name="resourceName" content="79773860.pdf" />
<meta name="access_permission:extract_content" content="true" />
<meta name="access_permission:can_print" content="true" />
<meta name="tika:file_ext" content="pdf" />
<meta name="producer" content="LibreOffice 5.1" />
<meta name="access_permission:can_modify" content="true" />
<meta name="pdf:docinfo:producer" content="LibreOffice 5.1" />
<meta name="pdf:docinfo:created" content="2018-07-19T18:49:53Z" />
<title></title>
</head>
<body><div class="page"><p />
<p>MINISTÉRIO PÚBLICO FEDERAL
PROCURADORIA DA REPÚBLICA EM  SÃO JOSÉ DOS CAMPOS/SP
</p>
<p>Procedimento Preparatório nº 1.34.014.000160/2017-12
</p>
<p>PROMOÇÃO DE ARQUIVAMENTO
</p>
<p>Trata-se  de  procedimento  que  versa  sobre  eventuais
</p>
<p>irregularidades  na  contratação  de  professor  visitante  na  área  de  humanas  do
</p>
<p>Instituto de Ciência e Tecnologia da UNIFESP, campus de São José dos Campos.  
</p>
<p>Afirma  o  representante  que  o  processo  de  escolha  de
</p>
<p>interessado para preenchimento da “vaga 2” de professor visitante da instituição foi
</p>
<p>irregular, em desacordo com o disposto na Lei nº 8.745/93 e Orientação Normativa
</p>
<p>UNIFESP  nº  002,  de  15  de  dezembro  de  2014,  resultando  na  aprovação  de
</p>
<p>profissional da área de Exatas, e não de Humanas.
</p>
<p>Apresentou diversos documentos acostados como Anexo I.
</p>
<p>A UNIFESP, por meio do ofício de fls. 14/16 e documentos que
</p>
<p>formaram o Anexo II, acrescentou que o processo de seleção de professor visitante
</p>
<p>na  área  de  Humanas  do  campus  São  José  dos  Campos  ocorreu  conforme  a
</p>
<p>legislação mencionada, com a escolha, pela Congregação do ICT do campus (fls.
</p>
<p>48/50 do Anexo II), após indicação do Conselho do DCT (fls. 46/47 do Anexo II), à
</p>
<p>luz da análise de curriculum vitae e das atividades acadêmicas/científicas esperadas
</p>
<p>de  professor  visitante,  do  candidato  Marcelo  Santos,  graduado  em  Direito  e
</p>
<p>Engenharia Mecânica (fls. 58/59 do Anexo II), em detrimento de Márcia Maria Tait
</p>
<p>Lima, graduada em Jornalismo (doc. indicado como anexo 5 do Anexo I).
</p>
<p> 1
Av. Nove de Julho, 765, Jd. Apolo – São José dos Campos/SP – CEP: 12243-000   (12) 3924-2400
</p>
<p>I:\_PROCESSUAL 2018\Tutela Coletiva\Arquivamento\RJC-2018-0160 - acesso. informacao. unifesp. perda de objeto.odt</p>
<p />
</div>
<div class="page"><p />
<p>MINISTÉRIO PÚBLICO FEDERAL
</p>
<p>A fls. 38, foi expedido ofício à Reitoria da UNIFESP solicitando
</p>
<p>esclarecimentos acerca da contratação aqui discutida, bem como cópia integral do
</p>
<p>processo administrativo  relativo à contratação de Marcelo Santos como professor
</p>
<p>visitante da área de Humanas do ICT de São José dos Campos.
</p>
<p>Em  resposta,  acostada  a  fls.  40/71,  a  Reitoria  ratificou  as
</p>
<p>informações a fls. 14/16, prestadas pelo Diretor do Campus São José dos Campos,
</p>
<p>bem  como  encaminhou  as  cópias  do  processo  pretendido  (fls.  52/63)  e  outros
</p>
<p>documentos que entendeu convenientes.
</p>
<p>A fls. 61, consta análise interna acerca de divergência no ICT de
</p>
<p>São José dos Campos também relativa à contratação de Marcelo Santos, aprovada
</p>
<p>pelo órgão superior (fls. 62), com conclusão no sentido de não haver indícios de
</p>
<p>irregularidades.
</p>
<p>Consta,  ainda,  a  fls.  62-verso,  indicativo  de  que  o  professor
</p>
<p>Marcelo Santos teria desistido da vaga e, a fls.  76/77, a informação de que até
</p>
<p>15/05/2018 (data do documento), não havia sido ocupada por ninguém e tampouco
</p>
<p>havia procedimento instaurado para contratação de professor visitante na área de
</p>
<p>humanas do Instituto de Ciência e Tecnologia da UNIFESP, campus de São José dos
</p>
<p>Campos, tendo em vista se aguardava aprovação da política institucional aprimorada
</p>
<p>para  professores  visitantes  em discussão  nas  reuniões  do Conselho  Universitário
</p>
<p>(CONSU), órgão superior da UNIFESP.
</p>
<p>Foi expedida a Recomendação  nº 05/2018 a fls. 114/117, para
</p>
<p>que  fossem  observados  no  currículo  dos  candidatos  os  títulos  e  qualidades
</p>
<p>técnicas que exprimam o maior potencial de contribuição às atividades para as
</p>
<p>quais o professor será designado - o que se verifica pela análise de títulos e de
</p>
<p>publicações, bem como pela relação da sua atuação profissional com a área de
</p>
<p>conhecimento  exigida  ao  professor  visitante,  e  não  por  elemento  curricular
</p>
<p>pontual  em  área  diversa  da  completude  de  formação,  bem  como  fora
</p>
<p>recomendado que as justificativas acerca da escolha de um em detrimento de
</p>
<p>outro fossem escritas, com esclarecimentos razoáveis, visando sempre atingir o
</p>
<p>interesse público imposto pelo legislador e evitar o desvio de finalidade.
</p>
<p> 2</p>
<p />
</div>
<div class="page"><p />
<p>MINISTÉRIO PÚBLICO FEDERAL
</p>
<p>É o relatório. Passo a oficiar.
</p>
<p>Não vislumbramos razão para o prosseguimento do feito. 
</p>
<p>Isso  porque,  após  a  análise  dos  documentos  e
</p>
<p>informações constantes dos autos, verificamos não haver irregularidades a serem
</p>
<p>sanadas, no mesmo sentido da análise interna acerca de divergência no ICT de São
</p>
<p>José dos Campos, a fls. 61, aprovada pelo órgão superior, conforme fls. 62.
</p>
<p>Ademais,  a  pessoa  que  havia  ocupado  o  cargo  de
</p>
<p>professor visitante objeto da representação, requereu a fls. 62-verso a desistência
</p>
<p>da vaga, prejudicando este procedimento quanto aos fatos passados. 
</p>
<p>Visando concluir devidamente o feito, evitando inquéritos
</p>
<p>civis  futuros  sobre  a  mesma temática,  foi  emitida  a  Recomentação  nº  05/2018,
</p>
<p>a fls.  114/117,  que foi  integralmente  acolhida  pela  UNIFESP (fls.  119/122)  com
</p>
<p>ampla divulgação, solucionando a questão posta em evidência pela representante.
</p>
<p>Diante do exposto, determino o ARQUIVAMENTO destes
</p>
<p>autos, com fundamento no art. 9º, caput, da Lei 7.347/85. 
</p>
<p>Comunique-se o representante, por e-mail, nos termos do
</p>
<p>art. 17, § 1º, da Resolução nº 87, de 6 de abril de 2010.
</p>
<p>Dê-se conhecimento da decisão à Direção da UNIFESP em
</p>
<p>São José dos Campos, no endereço constante das informações de fls. 119.
</p>
<p>Encaminhem-se os presentes autos, no prazo impreterível
</p>
<p>de 3 (três) dias à 1ª Câmara de Coordenação e Revisão, para a devida reapreciação.
</p>
<p> 
</p>
<p>São José dos Campos,  18  de julho de 2018.
</p>
<p>RICARDO BALDANI OQUENDO
Procurador da República
</p>
<p> 3</p>
<p />
</div>
<ul>	<li>PROMOÇÃO DE ARQUIVAMENTO</li>
	<li>RICARDO BALDANI OQUENDO</li>
<ul>	<li>Procurador da República</li>
</ul>
</ul>
</body></html>