<?xml version="1.0" encoding="UTF-8"?>
<html xmlns="http://www.w3.org/1999/xhtml">
<head>
<meta name="pdf:PDFVersion" content="1.4" />
<meta name="xmp:CreatorTool" content="Writer" />
<meta name="access_permission:modify_annotations" content="true" />
<meta name="access_permission:can_print_degraded" content="true" />
<meta name="dc:creator" content="William Estrela" />
<meta name="tika_batch_fs:relative_path" content="79886551.pdf" />
<meta name="language" content="pt-BR" />
<meta name="dcterms:created" content="2017-12-07T18:45:39Z" />
<meta name="dc:format" content="application/pdf; version=1.4" />
<meta name="pdf:docinfo:creator_tool" content="Writer" />
<meta name="access_permission:fill_in_form" content="true" />
<meta name="pdf:encrypted" content="false" />
<meta name="Content-Length" content="118004" />
<meta name="X-TIKA:digest:MD5" content="279a3b63cbd9fe32aa0cb6ba3fc8d64d" />
<meta name="Content-Type" content="application/pdf" />
<meta name="pdf:docinfo:creator" content="William Estrela" />
<meta name="X-Parsed-By" content="org.apache.tika.parser.DefaultParser" />
<meta name="X-Parsed-By" content="org.apache.tika.parser.pdf.PDFParser" />
<meta name="creator" content="William Estrela" />
<meta name="dc:language" content="pt-BR" />
<meta name="meta:author" content="William Estrela" />
<meta name="meta:creation-date" content="2017-12-07T18:45:39Z" />
<meta name="created" content="Thu Dec 07 16:45:39 BRST 2017" />
<meta name="access_permission:extract_for_accessibility" content="true" />
<meta name="access_permission:assemble_document" content="true" />
<meta name="xmpTPg:NPages" content="3" />
<meta name="Creation-Date" content="2017-12-07T18:45:39Z" />
<meta name="resourceName" content="79886551.pdf" />
<meta name="access_permission:extract_content" content="true" />
<meta name="access_permission:can_print" content="true" />
<meta name="tika:file_ext" content="pdf" />
<meta name="Author" content="William Estrela" />
<meta name="producer" content="LibreOffice 5.4" />
<meta name="access_permission:can_modify" content="true" />
<meta name="pdf:docinfo:producer" content="LibreOffice 5.4" />
<meta name="pdf:docinfo:created" content="2017-12-07T18:45:39Z" />
<title></title>
</head>
<body><div class="page"><p />
<p>MINISTÉRIO PÚBLICO FEDERAL
PROCURADORIA DA REPÚBLICA NO DISTRITO FEDERAL
</p>
<p>OFÍCIO DA ORDEM ECONÔMICA E CONSUMIDOR
</p>
<p>PP nº 1.16.000.002361/2017-21
</p>
<p>PROMOÇÃO DE ARQUIVAMENTO Nº            /2017/FM/GAB/PRDF
</p>
<p>1. SÍNTESE DAS APURAÇÕES
</p>
<p>Trata-se de Procedimento Preparatório instaurado com o objetivo de apurar
</p>
<p>possíveis  irregularidades  envolvendo  a  transferência  indireta  da  concessão  pertencente  à
</p>
<p>Televisão Cachoeira do Sul Ltda., concessionária do serviço de radiodifusão de sons e imagens,
</p>
<p>no município de Cachoeira do Sul/RS, para a Rede Novo Tempo de Comunicação. Referido
</p>
<p>procedimento  de  transferência  tramita  no  Ministério  da  Ciência,  Tecnologia,  Inovação  e
</p>
<p>Comunicações (MCTI).
</p>
<p>Em síntese, a representante relata que, no âmbito do Processo Administrativo
</p>
<p>nº 53000.008782/2012-33, está sendo discutida a transferência indireta da outorga pertencente à
</p>
<p>concessionária Televisão Cachoeira do Sul Ltda., de propriedade de Luiz Antônio Cury Galebe e
</p>
<p>Keila Rastelli Galebe, para a Rede Novo Tempo de Comunicação, pertencente a Anderson Erthal
</p>
<p>e Marlinton Souza Lopes (fls. 38/40).
</p>
<p>Relata, ainda, que as declarações firmadas pelos interessados Anderson Erthal e
</p>
<p>Marlinton Souza Lopes, acostadas às fls. 19/22, são no sentido de não fazerem parte de outra
</p>
<p>entidade executante de serviços  de radiodifusão na localidade objeto da concessão;  contudo,
</p>
<p>ambos são cotistas da Rede Novo Tempo de Comunicação (fls. 23/36).
</p>
<p>Alegou-se que os atos praticados pelos interessados na transferência indireta da
</p>
<p>concessão  e  os  procedimentos  adotados  pelo  Ministério  da  Ciência,  Tecnologia,  Inovação  e
</p>
<p>Comunicações  no âmbito do  Processo Administrativo nº 53000.008782/2012-33 estariam em
</p>
<p>desconformidade com o preceito legal (Decreto nº 52.795/1963).
</p>
<p>A representação veio acompanhada da documentação de fls. 19/47.
</p>
<p>Despacho  de  fl.  49  determinou  a  conversão  do  feito  em  Procedimento
</p>
<p>Preparatório  e  a  expedição  de  ofício  ao  Ministério  da  Ciência,  Tecnologia,  Inovação  e
</p>
<p>L:\GFM\Ofício da Ordem Econômica e Consumidor\Procedimentos Extrajudiciais\2017\NF 1.16.000.002361-2017-21\Arquivamento.odt</p>
<p />
</div>
<div class="page"><p />
<p>MINISTÉRIO PÚBLICO FEDERAL
</p>
<p>Comunicações para que se manifestasse acerca da representação.
</p>
<p>Em  resposta  ao  Ofício  nº  5913/2017/PRDF/FM,  o  MCTI  encaminhou  a
</p>
<p>documentação  de  fls.51/52,  acompanhada  de  cópia  do  Processo  Administrativo  nº
</p>
<p>53000.008782/2012-33 (mídia CD) e da Nota Informativa nº 3213/2017.
</p>
<p>A documentação consiste,  basicamente, nos mesmos documentos anexados à
</p>
<p>representação (fls. 4/47). A resposta do MCTI inovou apenas ao informar que denúncia de mesmo
</p>
<p>teor  foi  recebida pelo  Órgão e  atuada no Processo Administrativo  nº  01250.052467/2017-11;
</p>
<p>posteriormente apreciada pela Nota Técnica nº 19.442/2017/SEI-MCTI. 
</p>
<p>Referida Nota Técnica manifesta-se no sentido de que a denúncia não impõe a
</p>
<p>adoção imediata de providências, visto que não abarca irregularidade na execução de serviço de
</p>
<p>radiodifusão e pelo fato de que a alteração contratual em discussão encontra-se em exame na
</p>
<p>Coordenação-Geral de Pós-outorga.
</p>
<p>É o relatório do necessário.
</p>
<p>2. FUNDAMENTAÇÃO
</p>
<p>Analisando-se detidamente as informações constantes dos autos, conclui-se que
</p>
<p>não existem medidas a serem adotadas pelo parquet. Senão vejamos.
</p>
<p>Da documentação acostada aos autos, verificou-se que a consultoria jurídica do
</p>
<p>MCTI  consignou  na  Nota  nº  126/2015/MSF/CGCE/CONJUR-MC/CGU/AGU  (fls.  43/45),
</p>
<p>datada de 6 de abril de 2015, já ter apreciado o Processo Administrativo nº 53000.008782/2012-
</p>
<p>33, oportunidade em que  recomendou a suspensão do feito até o trânsito em julgado da Ação
</p>
<p>Civil nº 583.00.2003.079148-5/000000-000 no bojo da qual se discutia a exclusão de sócia (Cota
</p>
<p>nº 155/DLP/CGCE/CONJUR-MC/AGU).
</p>
<p>Ademais,  a  partir  das  informações  prestadas  pelo  MCTI,  constata-se que os
</p>
<p>mesmos fatos já foram levados ao conhecimento do órgão pelo próprio representante, por meio de
</p>
<p>“denúncia”  de  teor  semelhante,  sendo  objeto  de  autuação  no  Processo  Administrativo  nº
</p>
<p>01250.052467/2017-11.
</p>
<p>Adiante,  emitiu-se a Nota Técnica nº 19.442/2017/SEI-MCTI, no sentido de
</p>
<p>que  a  “denúncia”  não  impõe  a  adoção  imediata  de  providências,  visto  que  não  abarca
</p>
<p>irregularidade na própria execução de serviço de radiodifusão, consignado-se ainda o fato de que
</p>
<p>a alteração contratual em discussão encontra-se em exame na Coordenação-Geral de Pós-outorga.</p>
<p />
</div>
<div class="page"><p />
<p>MINISTÉRIO PÚBLICO FEDERAL
</p>
<p>Com  efeito,  os  fatos  albergados  na  representação  não  trazem  qualquer
</p>
<p>irregularidade  ou  omissão  já  praticada pelo  Ministério,  havendo tão  somente  uma presunção
</p>
<p>antecipada por parte do representante de que o órgão incidirá em alguma irregularidade.
</p>
<p>Neste tocante, tenho que não se afigura razoável instaurar um Inquérito Civil
</p>
<p>apenas para acompanhar os procedimentos em andamento nos órgãos, sem que haja qualquer fato
</p>
<p>determinante que justifique tal deliberação, ressaltando-se a presunção relativa de legalidade e
</p>
<p>legitimidade dos atos praticados pelos agentes públicos.
</p>
<p>Do contrário, dever-se-ia instaurar diversos outros feitos neste ofício para cada
</p>
<p>procedimento  administrativo  que  fosse  instaurado  nos  órgãos,  o  que  inviabilizaria  qualquer
</p>
<p>atividade investigativa do MPF noutras searas.
</p>
<p>Ressalte-se,  por  fim,  acerca da possibilidade de desarquivamento deste  feito
</p>
<p>mediante  nova  provocação  do  representante  ou  ex  officio,  mediante  o  surgimento  de  novas
</p>
<p>provas.
</p>
<p>3.  CONCLUSÃO
</p>
<p>Do  exposto,  promovo  o  ARQUIVAMENTO  do  feito.  Comunique-se  tal
</p>
<p>deliberação ao representante com encaminhamento desta decisão, e cientificando-o da previsão
</p>
<p>inserta  no  §  3º  do  artigo  17  da  Resolução  87/2006,  do  CSMPF.  Ato  contínuo,  conforme o
</p>
<p>disposto no art.  17, § 2º, da Resolução nº 87/06, c.c. o artigo 9º, §1º, da Lei nº 7.347/1985,
</p>
<p>encaminhem-se os autos à 3ª  CCR, para que,  se  assim julgar  cabível,  homologue a presente
</p>
<p>promoção ou determine as providências que julgar pertinentes.
</p>
<p>Brasília, 16 de novembro de 2017.
</p>
<p>FREDERICK LUSTOSA DE MELO
Procurador da República</p>
<p />
</div>
</body></html>