<?xml version="1.0" encoding="UTF-8"?>
<html xmlns="http://www.w3.org/1999/xhtml">
<head>
<meta name="date" content="2018-03-26T22:39:19Z" />
<meta name="pdf:PDFVersion" content="1.4" />
<meta name="access_permission:modify_annotations" content="true" />
<meta name="access_permission:can_print_degraded" content="true" />
<meta name="tika_batch_fs:relative_path" content="80099074.pdf" />
<meta name="dcterms:created" content="2018-03-26T22:39:19Z" />
<meta name="Last-Modified" content="2018-03-26T22:39:19Z" />
<meta name="dcterms:modified" content="2018-03-26T22:39:19Z" />
<meta name="dc:format" content="application/pdf; version=1.4" />
<meta name="Last-Save-Date" content="2018-03-26T22:39:19Z" />
<meta name="access_permission:fill_in_form" content="true" />
<meta name="pdf:docinfo:modified" content="2018-03-26T22:39:19Z" />
<meta name="meta:save-date" content="2018-03-26T22:39:19Z" />
<meta name="pdf:encrypted" content="false" />
<meta name="modified" content="2018-03-26T22:39:19Z" />
<meta name="Content-Length" content="36438" />
<meta name="X-TIKA:digest:MD5" content="a850354410fbe41ae8eea77700005bb4" />
<meta name="Content-Type" content="application/pdf" />
<meta name="X-Parsed-By" content="org.apache.tika.parser.DefaultParser" />
<meta name="X-Parsed-By" content="org.apache.tika.parser.pdf.PDFParser" />
<meta name="meta:creation-date" content="2018-03-26T22:39:19Z" />
<meta name="created" content="Mon Mar 26 19:39:19 BRT 2018" />
<meta name="access_permission:extract_for_accessibility" content="true" />
<meta name="access_permission:assemble_document" content="true" />
<meta name="xmpTPg:NPages" content="3" />
<meta name="Creation-Date" content="2018-03-26T22:39:19Z" />
<meta name="resourceName" content="80099074.pdf" />
<meta name="access_permission:extract_content" content="true" />
<meta name="access_permission:can_print" content="true" />
<meta name="tika:file_ext" content="pdf" />
<meta name="producer" content="iText® 5.5.9 ©2000-2015 iText Group NV (AGPL-version); modified using iText® 5.5.9 ©2000-2015 iText Group NV (AGPL-version)" />
<meta name="access_permission:can_modify" content="true" />
<meta name="pdf:docinfo:producer" content="iText® 5.5.9 ©2000-2015 iText Group NV (AGPL-version); modified using iText® 5.5.9 ©2000-2015 iText Group NV (AGPL-version)" />
<meta name="pdf:docinfo:created" content="2018-03-26T22:39:19Z" />
<title></title>
</head>
<body><div class="page"><p />
<p>PR-SC-00009644/2018
</p>
<p> 
</p>
<p>Florianópolis, 7 de março de 2018
 
 
</p>
<p>Procedimento Preparatório nº 1.33.000.001664/2017-46
 
</p>
<p> 
</p>
<p>ARQUIVAMENTO
 
 
</p>
<p>Trata-se de procedimento preparatório instaurado a partir de
</p>
<p>representação apresentada pelo Sr. Thiago Ribeiro Alves relatando possíveis
</p>
<p>irregularidades praticadas pela Universidade Federal de Santa Catarina - UFSC,
</p>
<p>consistentes na falta de isonomia e transparência na classificação e divulgação do
</p>
<p>resultado final do Processo Seletivo de Mestrado em Educação regido pelo Edital n.
</p>
<p>01/PPGE/UFSC/2017.
</p>
<p>Sustenta o representante que participou do processo seletivo e foi
</p>
<p>aprovado nas duas primeiras fases (prova presencial e análise do projeto de
</p>
<p>dissertação) e que, na última (processo de arguição do projeto de dissertação), foi
</p>
<p>informado de que seu projeto de pesquisa de dissertação não se enquadrava na
</p>
<p>linha de pesquisa.
</p>
<p>Afirma que o resultado foi divulgado de acordo com o cronograma
</p>
<p>estabelecido, mas que não foram apresentados os resultados de todos os
</p>
<p>candidatos, os valores de pontuação referentes à prova escrita e à avaliação do
</p>
<p>projeto de dissertação.
</p>
<p>Destaca que "provoca suspeita na credibilidade e isonomia do
</p>
<p>concurso quando as notas da prova presencial e da avaliação do projeto escrito são
</p>
<p>apresentadas apenas na última fase do processo, juntamente com a pontuação da
</p>
<p>entrevista, pois não seria possível realizar um acompanhamento da evolução dos
</p>
<p>candidatos no processo, facilitando uma possível fraude".
</p>
<p>Finalizou requerendo esclarecimentos sobre o resultado final do
</p>
<p>processo seletivo e a interrupção do período de matrículas dos candidatos
</p>
<p>Pág. 1 de 3</p>
<p />
</div>
<div class="page"><p />
<p>aprovados até a apresentação de esclarecimentos sobre a ordem de classificação
</p>
<p>final, da pontuação na prova escrita, no projeto e na entrevista dos candidatos do
</p>
<p>concurso. Solicitou, também, devolutiva da banca examinadora sobre a pontuação
</p>
<p>na entrevista.
</p>
<p>Em atendimento à requisição ministerial, a UFSC apresentou
</p>
<p>informações sobre a representação esclarecendo por meio do Ofício nº
</p>
<p>112/2017/SEAI que foram elaborados pareceres pela Comissão sobre os recursos e
</p>
<p>pedidos de informações recebidos e que devido à falta de servidores, algumas
</p>
<p>informações foram remetidas com atraso.
</p>
<p>Quanto ao representante, em resposta ao seu recurso, informaram a
</p>
<p>nota de cada fase, sendo que na última, de caráter eliminatório, foi-lhe atribuída nota
</p>
<p>6,5, abaixo da nota mínima de 8,0, fato que o eliminou do certame. Foi destacado
</p>
<p>ainda que o mesmo não foi incluído na lista final publicada pelo PPGE uma vez que
</p>
<p>são identificados apenas os candidatos aprovados em todas as etapas. E finalmente
</p>
<p>ressaltou:
(...) Embora o candidato/a tenha demonstrado alguns méritos,
demonstrou fragilidades em relação ao domínio teórico-metodológico para
realização de pesquisa. Além disso, avaliamos que neste momento não
há disponibilidade de orientação para este tema dentro da Linha
Educação e Comunicaão, critério previsto no edital de seleção.
 
</p>
<p>Os autos foram redistribuídos a este 5º Ofício Cível - Núcleo do
</p>
<p>Combate à Corrupção para apurar possível ausência de regularidade na condução
</p>
<p>da referida seleção.
</p>
<p>Expediu-se novo ofício à UFSC solicitando esclarecimentos sobre o
</p>
<p>porquê de eventuais discrepâncias entre o Edital 001/PPGE/2017 e os Parâmetros
</p>
<p>para Elaboração de Editais de Seleção da Pós-Graduação Stricto Sensu da UFSC -
</p>
<p>PEESPGSS.
</p>
<p>No Ofício nº 125/2017/SEAIA a UFSC apresentou os esclarecimentos
</p>
<p>solicitados, ressaltando que o Edital nº 001/PPGE/2017 foi debatido e aprovado por
</p>
<p>unanimidade no colegiado delegado do programa de pós-graduação, que sempre
</p>
<p>buscou atender os padrões mínimos de conduta, lealdade, correção e lisura,
</p>
<p>inexistindo recursos que indicaram prejuízos aos candidatos, apenas aqueles que
</p>
<p>reivindicaram informações sobre as etapas que participaram.
</p>
<p>Pág. 2 de 3</p>
<p />
</div>
<div class="page"><p />
<p>Foram apresentados esclarecimentos satisfatórios sobre o prazo de
</p>
<p>inscrição no processo seletivo; sobre o número de professores avaliadores das
</p>
<p>provas escritas e disponibilização das correções aos candidatos; sobre a pontuação
</p>
<p>atribuída em cada etapa da avaliação; sobre critérios de avaliação do projeto e da
</p>
<p>entrevista; sobre parâmetros indicados na avaliação do curriculum e sobre a
</p>
<p>publicação da relação de todos os candidatos.
</p>
<p>Além disso, a UFSC se propôs a incluir algumas das informações
</p>
<p>questionadas por este Ofício nos próximos editais para contemplar as orientações
</p>
<p>dos parâmetros indicados pela PROPG, ressaltando a inexistência de qualquer
</p>
<p>prejuízo as candidatos ao curso de mestrado e doutorado em Educação, regido pelo
</p>
<p>Edital nº01/PPGE/2018. Por meio de pesquisa pessoalmente realizada no site de
</p>
<p>concursos, verifica-se que os itens cuja inclusão foi apontada foram efetivamente
</p>
<p>incluídos, com maiores esclarecimentos.
</p>
<p>Verifica-se nos documentos carreados aos autos que a Universidade
</p>
<p>Federal de Santa Catarina prestou as informações solicitadas, esclarecendo
</p>
<p>suficientemente as questões envolvendo o Edital nº01/PPGE/2018 e buscando
</p>
<p>corrigir alguns itens que, no entanto, não comprovaram a existência de prejuízos aos
</p>
<p>candidatos ou infringência à legalidade e transparência quanto ao Edital objeto da
</p>
<p>representação.
</p>
<p>Deste modo, entendo não ser necessário o prosseguimento do feito,
</p>
<p>esgotando-se a atuação desta Unidade da Procuradoria, restando apenas ao
</p>
<p>Ministério Público Federal determinar o ARQUIVAMENTO deste procedimento.
</p>
<p>Encaminhe-se a integral idade dos autos à 1ª Câmara de
</p>
<p>Coordenação e Revisão do Ministério Público Federal para análise, solicitando
</p>
<p>homologação do presente arquivamento.
</p>
<p>Comunique-se ao representante.
 
 
 
</p>
<p>ANDRÉ STEFANI BERTUOL
PROCURADOR DA REPUBLICA
</p>
<p> 
</p>
<p>Pág. 3 de 3</p>
<p />
</div>
</body></html>