<?xml version="1.0" encoding="UTF-8"?>
<html xmlns="http://www.w3.org/1999/xhtml">
<head>
<meta name="date" content="2018-03-20T15:26:26Z" />
<meta name="pdf:PDFVersion" content="1.4" />
<meta name="access_permission:modify_annotations" content="true" />
<meta name="access_permission:can_print_degraded" content="true" />
<meta name="tika_batch_fs:relative_path" content="80123395.pdf" />
<meta name="dcterms:created" content="2018-03-20T15:26:26Z" />
<meta name="Last-Modified" content="2018-03-20T15:26:26Z" />
<meta name="dcterms:modified" content="2018-03-20T15:26:26Z" />
<meta name="dc:format" content="application/pdf; version=1.4" />
<meta name="Last-Save-Date" content="2018-03-20T15:26:26Z" />
<meta name="access_permission:fill_in_form" content="true" />
<meta name="pdf:docinfo:modified" content="2018-03-20T15:26:26Z" />
<meta name="meta:save-date" content="2018-03-20T15:26:26Z" />
<meta name="pdf:encrypted" content="false" />
<meta name="modified" content="2018-03-20T15:26:26Z" />
<meta name="Content-Length" content="47414" />
<meta name="X-TIKA:digest:MD5" content="afbf8de5cd3e090a0f52f4deb4eb8cc5" />
<meta name="Content-Type" content="application/pdf" />
<meta name="X-Parsed-By" content="org.apache.tika.parser.DefaultParser" />
<meta name="X-Parsed-By" content="org.apache.tika.parser.pdf.PDFParser" />
<meta name="meta:creation-date" content="2018-03-20T15:26:26Z" />
<meta name="created" content="Tue Mar 20 12:26:26 BRT 2018" />
<meta name="access_permission:extract_for_accessibility" content="true" />
<meta name="access_permission:assemble_document" content="true" />
<meta name="xmpTPg:NPages" content="1" />
<meta name="Creation-Date" content="2018-03-20T15:26:26Z" />
<meta name="resourceName" content="80123395.pdf" />
<meta name="access_permission:extract_content" content="true" />
<meta name="access_permission:can_print" content="true" />
<meta name="tika:file_ext" content="pdf" />
<meta name="producer" content="iText® 5.5.9 ©2000-2015 iText Group NV (AGPL-version); modified using iText® 5.5.9 ©2000-2015 iText Group NV (AGPL-version)" />
<meta name="access_permission:can_modify" content="true" />
<meta name="pdf:docinfo:producer" content="iText® 5.5.9 ©2000-2015 iText Group NV (AGPL-version); modified using iText® 5.5.9 ©2000-2015 iText Group NV (AGPL-version)" />
<meta name="pdf:docinfo:created" content="2018-03-20T15:26:26Z" />
<title></title>
</head>
<body><div class="page"><p />
<p>Despacho n. 76/2018/MRC
Autos n. 1.31.001.000177/2017-21
 
 
 
</p>
<p>PROMOÇÃO DE ARQUIVAMENTO
 
 
</p>
<p>Cuida-se de procedimento preparatório autuado a partir da manifestação de fl. 3, na qual
</p>
<p>LUCIANA NOVAIS DA SILVA informa supostas irregularidades ocorridas em contrato firmado com a
</p>
<p>Caixa Econômica Federal - CEF no âmbito do Programa Minha Casa Minha Vida: a) há erros materiais
</p>
<p>(nº de RG, profissão); b) o valor das parcelas não está condizente com hipotética regra segundo a qual
</p>
<p>cada parcela não pode ultrapassar 10% do salário mensal auferido pelas famílias.
</p>
<p>Instada a manifestar-se acerca da representação, a CEF informou, às fls. 29-30, que o RG
</p>
<p>não foi apresentado para compor o cadastro, mas sim a CNH de LUCIANA, cujo número está correto.
</p>
<p>No tocante ao valor das parcelas, a CEF diz que a prestação líquida inicial é calculada com base na renda
</p>
<p>familiar bruta mensal, em valores e proporções preestabelecidos. Conforme os parâmetros vigentes, o
</p>
<p>valor da prestação da denunciante está correto.
</p>
<p>Como se vê, não há irregularidade que justifique a atuação deste órgão. Ademais,
</p>
<p>qualquer discordância acerca do valor das parcelas (índices de juros, limites, etc.) devem ser discutidas
</p>
<p>pela denunciante em Juízo, por meio de advogado constituído para esse fim, por se tratar de questão
</p>
<p>afeta a direito individual disponível.
</p>
<p>Diante do exposto, o MINISTÉRIO PÚBLICO FEDERAL  promove o
</p>
<p>ARQUIVAMENTO do presente procedimento preparatório, determinando a remessa dos autos à 1ª
</p>
<p>Câmara de Coordenação e Revisão do Ministério Público Federal, consoante o disposto no artigo 62, IV,
</p>
<p>da LC nº 75/1993, c/c o artigo 9º, §1º, da Lei nº 7.347/1985, para que, se assim julgar cabível,
</p>
<p>homologue a presente promoção ou determine as providências que julgar pertinentes.
</p>
<p>Dê-se ciência à autora da representação para, querendo, oferecer, em 10 dias úteis a
</p>
<p>contar do recebimento, razões escritas contra o presente arquivamento a esta unidade.
</p>
<p>Sendo interposto recurso pela interessada, deverá ser aberta nova vista a este Procurador.
</p>
<p>Não havendo impugnação, deverá a Secretaria certificar o transcurso do prazo e remeter
</p>
<p>os autos à 1ª Câmara de Coordenação e Revisão do Ministério Público Federal, para fins de
</p>
<p>homologação da promoção realizada.
 
</p>
<p>Ji-Paraná/RO, 15 de março de 2018.
 
</p>
<p>assinado eletronicamente
MURILO RAFAEL CONSTANTINO
</p>
<p>Procurador da República
</p>
<p>PRM-JPR-RO-00000930/2018     
</p>
<p>MINISTÉRIO PÚBLICO FEDERAL
PROCURADORIA DA REPÚBLICA EM JI-PARANÁ/RO
</p>
<p>Procuradoria da República em Ji-
Paraná/RO
</p>
<p>Rua Presidente Vargas, 925 - 1º piso - 769000-038 - Ji-Paraná/RO
Tel. (69) 3411-2400 - Email: prro-jipa2oficio@mpf.mp.br
</p>
<p>Pág. 1 de 1</p>
<p />
</div>
</body></html>