<?xml version="1.0" encoding="UTF-8"?>
<html xmlns="http://www.w3.org/1999/xhtml">
<head>
<meta name="date" content="2018-04-20T18:42:09Z" />
<meta name="pdf:PDFVersion" content="1.4" />
<meta name="access_permission:modify_annotations" content="true" />
<meta name="access_permission:can_print_degraded" content="true" />
<meta name="tika_batch_fs:relative_path" content="80174165.pdf" />
<meta name="dcterms:created" content="2018-04-20T18:42:09Z" />
<meta name="Last-Modified" content="2018-04-20T18:42:09Z" />
<meta name="dcterms:modified" content="2018-04-20T18:42:09Z" />
<meta name="dc:format" content="application/pdf; version=1.4" />
<meta name="Last-Save-Date" content="2018-04-20T18:42:09Z" />
<meta name="access_permission:fill_in_form" content="true" />
<meta name="pdf:docinfo:modified" content="2018-04-20T18:42:09Z" />
<meta name="meta:save-date" content="2018-04-20T18:42:09Z" />
<meta name="pdf:encrypted" content="false" />
<meta name="modified" content="2018-04-20T18:42:09Z" />
<meta name="Content-Length" content="43190" />
<meta name="X-TIKA:digest:MD5" content="f23107102d2698ea4df1a55d217c532b" />
<meta name="Content-Type" content="application/pdf" />
<meta name="X-Parsed-By" content="org.apache.tika.parser.DefaultParser" />
<meta name="X-Parsed-By" content="org.apache.tika.parser.pdf.PDFParser" />
<meta name="meta:creation-date" content="2018-04-20T18:42:09Z" />
<meta name="created" content="Fri Apr 20 15:42:09 BRT 2018" />
<meta name="access_permission:extract_for_accessibility" content="true" />
<meta name="access_permission:assemble_document" content="true" />
<meta name="xmpTPg:NPages" content="1" />
<meta name="Creation-Date" content="2018-04-20T18:42:09Z" />
<meta name="resourceName" content="80174165.pdf" />
<meta name="access_permission:extract_content" content="true" />
<meta name="access_permission:can_print" content="true" />
<meta name="tika:file_ext" content="pdf" />
<meta name="producer" content="iText® 5.5.9 ©2000-2015 iText Group NV (AGPL-version); modified using iText® 5.5.9 ©2000-2015 iText Group NV (AGPL-version)" />
<meta name="access_permission:can_modify" content="true" />
<meta name="pdf:docinfo:producer" content="iText® 5.5.9 ©2000-2015 iText Group NV (AGPL-version); modified using iText® 5.5.9 ©2000-2015 iText Group NV (AGPL-version)" />
<meta name="pdf:docinfo:created" content="2018-04-20T18:42:09Z" />
<title></title>
</head>
<body><div class="page"><p />
<p> 
 
</p>
<p>PA 1.30.004.000086/2017-01
 
 
</p>
<p>PROMOÇÃO
 
</p>
<p>Com base no relato feito na promoção de fls. 20/21, que destaca
</p>
<p>informação prestada pelo Município de Itaperuna no sentido de que teria realizado
</p>
<p>pagamentos à empresa (fls. 17) e diante da ausência de manifestação do representante da
</p>
<p>empresa, autor do relato que deu origem a este procedimento, não havendo ato ilícito a
</p>
<p>ser perseguido, determino o arquivamento dos autos, com posterior remessa do feito à 1ª
</p>
<p>CCR para fins do art. 62, IV, da LC 75/93.
 
</p>
<p>Dê-se ciência ao manifestante.
 
 
</p>
<p>Itaperuna, 18 de abril de 2018.
 
 
 
</p>
<p>CLÁUDIO CHEQUER
Procurador da República
</p>
<p> 
 
</p>
<p>PRM-IPE-RJ-00001935/2018     
</p>
<p>MINISTÉRIO PÚBLICO FEDERAL
PROCURADORIA DA REPUBLICA NO MUNICIPIO DE ITAPERUNA-RJ
</p>
<p> 
</p>
<p>Pág. 1 de 1</p>
<p />
</div>
</body></html>