<?xml version="1.0" encoding="UTF-8"?>
<html xmlns="http://www.w3.org/1999/xhtml">
<head>
<meta name="date" content="2017-09-11T14:50:32Z" />
<meta name="pdf:PDFVersion" content="1.4" />
<meta name="access_permission:modify_annotations" content="true" />
<meta name="access_permission:can_print_degraded" content="true" />
<meta name="tika_batch_fs:relative_path" content="80329576.pdf" />
<meta name="dcterms:created" content="2017-09-11T14:50:32Z" />
<meta name="Last-Modified" content="2017-09-11T14:50:32Z" />
<meta name="dcterms:modified" content="2017-09-11T14:50:32Z" />
<meta name="dc:format" content="application/pdf; version=1.4" />
<meta name="Last-Save-Date" content="2017-09-11T14:50:32Z" />
<meta name="access_permission:fill_in_form" content="true" />
<meta name="pdf:docinfo:modified" content="2017-09-11T14:50:32Z" />
<meta name="meta:save-date" content="2017-09-11T14:50:32Z" />
<meta name="pdf:encrypted" content="false" />
<meta name="modified" content="2017-09-11T14:50:32Z" />
<meta name="Content-Length" content="45574" />
<meta name="X-TIKA:digest:MD5" content="b788c091b08b674745df8312917a415f" />
<meta name="Content-Type" content="application/pdf" />
<meta name="X-Parsed-By" content="org.apache.tika.parser.DefaultParser" />
<meta name="X-Parsed-By" content="org.apache.tika.parser.pdf.PDFParser" />
<meta name="meta:creation-date" content="2017-09-11T14:50:32Z" />
<meta name="created" content="Mon Sep 11 11:50:32 BRT 2017" />
<meta name="access_permission:extract_for_accessibility" content="true" />
<meta name="access_permission:assemble_document" content="true" />
<meta name="xmpTPg:NPages" content="2" />
<meta name="Creation-Date" content="2017-09-11T14:50:32Z" />
<meta name="resourceName" content="80329576.pdf" />
<meta name="access_permission:extract_content" content="true" />
<meta name="access_permission:can_print" content="true" />
<meta name="tika:file_ext" content="pdf" />
<meta name="producer" content="iText® 5.5.9 ©2000-2015 iText Group NV (AGPL-version); modified using iText® 5.5.9 ©2000-2015 iText Group NV (AGPL-version)" />
<meta name="access_permission:can_modify" content="true" />
<meta name="pdf:docinfo:producer" content="iText® 5.5.9 ©2000-2015 iText Group NV (AGPL-version); modified using iText® 5.5.9 ©2000-2015 iText Group NV (AGPL-version)" />
<meta name="pdf:docinfo:created" content="2017-09-11T14:50:32Z" />
<title></title>
</head>
<body><div class="page"><p />
<p> 
</p>
<p>Autos nº 1.25.003.014787/2017-99
</p>
<p>Área temática: 1ª CCR
</p>
<p> 
</p>
<p> 1. Trata-se se representação formulada por Ederson Luiz Laurindo relatando
</p>
<p>que o CREA/PR (Conselho Regional de Engenharia e Agronomia do Paraná)
</p>
<p>deliberadamente teria procrastinado a emissão de certidões de inteiro teor arroladas em
</p>
<p>"denúncia" protocolada perante aquela própria autarquia (protocolo n. 421850/2012), as quais
</p>
<p>seriam necessárias ao seu regular exercício profissional.
 
</p>
<p>2. O relato descrito pelo representante não configura possível lesão a direito
</p>
<p>difuso, coletivo ou individual homogêneo apta a justificar a atuação do Ministério Público
</p>
<p>Federal, nos termos do art. 129, inciso II da CRFB. Por tal razão, com fulcro no art. 5-A, §4º
</p>
<p>da Resolução n. 87/2010, indefiro, de plano, a instauração de inquérito civil público.
</p>
<p>Cientifique-se o representante desta decisão e de que dispõe do prazo de dez dias para
</p>
<p>interpor recurso administrativo, acompanhado das respectivas razões, nos termos do art. 5º-A
</p>
<p>e parágrafos da Resolução CSMPF nº 87/2010 1. Expirado o prazo sem manifestação,
</p>
<p>arquive-se este feito, registrando-se a ocorrência no sistema respectivo.
 
</p>
<p>Foz do Iguaçu/PR, 11 de setembro de 2017
 
</p>
<p>Lucas Bertinato Maton
</p>
<p>Procurador da República
 
 
</p>
<p>1Art. 5º A – Se os fatos narrados na representação não configurarem lesão aos interesses ou direitos mencionados no artigo
</p>
<p>1º desta Resolução ou se o fato já tiver sido objeto de investigação ou de ação civil pública ou se os fatos apresentados já se encontrarem
</p>
<p>solucionados, o membro do Ministério Público, no prazo máximo de 30 (trinta) dias, indeferirá o pedido de instauração de inquérito civil, em decisão
</p>
<p>fundamentada, da qual se dará ciência pessoal ao representante e ao representado
</p>
<p>§ 1º – Do indeferimento caberá recurso administrativo, devidamente fundamentado, no prazo de 10 (dez) dias. (Incluído pela
</p>
<p>Resolução CSMPF nº 106, de 6.4.2010)
</p>
<p>§ 2º – O recurso será protocolizado junto ao órgão que indeferiu o pedido, devendo ser remetido, caso não haja
</p>
<p>reconsideração, no prazo de 3 (três) dias, juntamente com a representação e com a decisão impugnada, à respectiva Câmara de Coordenação e
</p>
<p>Revisão ou à Procuradoria Federal dos Direitos do Cidadão, conforme o caso. (Incluído pela Resolução CSMPF nº 106, de 6.4.2010)
</p>
<p>PRM-IGU-PR-00040492/2017     
</p>
<p>MINISTÉRIO PÚBLICO FEDERAL
PROCURADORIA DA REPÚBLICA NO MUNICÍPIO DE FOZ DO IGUAÇU/PR
</p>
<p> 
 
</p>
<p>Pág. 1 de 2</p>
<p />
</div>
<div class="page"><p />
<p>§ 3º – Do recurso serão notificados os interessados para, querendo, oferecer contra-razões. (Incluído pela Resolução
</p>
<p>CSMPF nº 106, de 6.4.2010)
</p>
<p>§ 4º – Expirado o prazo do § 1º, sem recurso, os autos serão arquivados na própria origem, registrando-se no sistema
</p>
<p>respectivo, mesmo sem manifestação do representante. (Incluído pela Resolução CSMPF nº 106, de 6.4.2010).
 
 
</p>
<p> 
 
</p>
<p>Pág. 2 de 2</p>
<p />
</div>
</body></html>