<?xml version="1.0" encoding="UTF-8"?>
<html xmlns="http://www.w3.org/1999/xhtml">
<head>
<meta name="date" content="2018-07-25T21:21:07Z" />
<meta name="pdf:PDFVersion" content="1.4" />
<meta name="access_permission:modify_annotations" content="true" />
<meta name="access_permission:can_print_degraded" content="true" />
<meta name="tika_batch_fs:relative_path" content="80411732.pdf" />
<meta name="dcterms:created" content="2018-07-25T21:21:06Z" />
<meta name="Last-Modified" content="2018-07-25T21:21:07Z" />
<meta name="dcterms:modified" content="2018-07-25T21:21:07Z" />
<meta name="dc:format" content="application/pdf; version=1.4" />
<meta name="Last-Save-Date" content="2018-07-25T21:21:07Z" />
<meta name="access_permission:fill_in_form" content="true" />
<meta name="pdf:docinfo:modified" content="2018-07-25T21:21:07Z" />
<meta name="meta:save-date" content="2018-07-25T21:21:07Z" />
<meta name="pdf:encrypted" content="false" />
<meta name="modified" content="2018-07-25T21:21:07Z" />
<meta name="Content-Length" content="3045" />
<meta name="X-TIKA:digest:MD5" content="0e080e9175f354056f0840b2b2484dd1" />
<meta name="Content-Type" content="application/pdf" />
<meta name="X-Parsed-By" content="org.apache.tika.parser.DefaultParser" />
<meta name="X-Parsed-By" content="org.apache.tika.parser.pdf.PDFParser" />
<meta name="meta:creation-date" content="2018-07-25T21:21:06Z" />
<meta name="created" content="Wed Jul 25 18:21:06 BRT 2018" />
<meta name="access_permission:extract_for_accessibility" content="true" />
<meta name="access_permission:assemble_document" content="true" />
<meta name="xmpTPg:NPages" content="1" />
<meta name="Creation-Date" content="2018-07-25T21:21:06Z" />
<meta name="resourceName" content="80411732.pdf" />
<meta name="access_permission:extract_content" content="true" />
<meta name="access_permission:can_print" content="true" />
<meta name="tika:file_ext" content="pdf" />
<meta name="producer" content="iText® 5.5.9 ©2000-2015 iText Group NV (AGPL-version); modified using iText® 5.5.9 ©2000-2015 iText Group NV (AGPL-version)" />
<meta name="access_permission:can_modify" content="true" />
<meta name="pdf:docinfo:producer" content="iText® 5.5.9 ©2000-2015 iText Group NV (AGPL-version); modified using iText® 5.5.9 ©2000-2015 iText Group NV (AGPL-version)" />
<meta name="pdf:docinfo:created" content="2018-07-25T21:21:06Z" />
<title></title>
</head>
<body><div class="page"><p />
<p>PRM-PGN-PA-00001445/2018
 
</p>
<p> 
</p>
<p>PROMOÇÃO DE ARQUIVAMENTO
 
 
</p>
<p>1. Cuida-se de solicitação do douto Delegado de Polícia Federal José Wilson Ramos para que
o MPF intervenha no sentido de vincular caminhões que transportam cargas dos Correios a ter
sistema de CFTV.
 
</p>
<p>2. A ideia é elogiável, mas o arquivamento do presente procedimento se impõe. Tal obrigação
não se encontra em lei. Não há assim ilegalidade. Não economizando clareza: não há omissão
que desrespeite a lei. Portanto, não há condutas a ajustar, não há recomendação a expedir para
que os omissos adequem-se a norma inexistente. Não há base jurídica para ajuizamento de
ação civil pública. Não é atribuição do MPF proteger, preventivamente, o patrimônio dos
Correios, cabendo isto a assessoria jurídica da referida empresa pública. A inserção desta
obrigação em licitações e cláusula contratual é assunto que mais se aproxima ao mérito
administrativo, ou seja, a conveniência e oportunidade do administrador público. A criação de
tal obrigação importa ônus para as empresas transportadoras, que repassaram estes custos ao
consumidor: cuida-se de escolha gerencial, administrativa que escapa das atribuições
ministeriais. Políticas públicas, promocionais, ou seja, "criação" de direitos e obrigações
devem ser exercidas com protagonismo pelo Legislativo e Executivo, e não em primeira linha
pelo Ministério Público.
 
</p>
<p>3. Pelos motivos ao norte, determina-se o ARQUIVAMENTO do presente procedimento.
 
</p>
<p>4. Inviável notificação do representante, pois agiu de ofício.
 
</p>
<p>5. Remeta-se os autos ao crivo homologatório da 1ª Câmara de Coordenação e Revisão, com
nossas homenagens de estilo. Caso, eventualmente, entenda a Câmara pela não homologação,
sugere-se a remessa dos autos a PR/DF, diante da necessidade de articulação em nível
nacional, não sendo viável e efetiva a atuação solitária no Município de Paragominas/PA em
assunto que demandaria aplicação homogênea em todo País.
</p>
<p>Pág. 1 de 1</p>
<p />
</div>
</body></html>