<?xml version="1.0" encoding="UTF-8"?>
<html xmlns="http://www.w3.org/1999/xhtml">
<head>
<meta name="pdf:PDFVersion" content="1.4" />
<meta name="xmp:CreatorTool" content="Writer" />
<meta name="access_permission:modify_annotations" content="true" />
<meta name="access_permission:can_print_degraded" content="true" />
<meta name="tika_batch_fs:relative_path" content="80490070.pdf" />
<meta name="language" content="pt-BR" />
<meta name="dcterms:created" content="2018-05-24T16:36:38Z" />
<meta name="dc:format" content="application/pdf; version=1.4" />
<meta name="pdf:docinfo:creator_tool" content="Writer" />
<meta name="access_permission:fill_in_form" content="true" />
<meta name="pdf:encrypted" content="false" />
<meta name="Content-Length" content="127789" />
<meta name="X-TIKA:digest:MD5" content="faf2475f202c06b9bf63081bc64d1108" />
<meta name="Content-Type" content="application/pdf" />
<meta name="X-Parsed-By" content="org.apache.tika.parser.DefaultParser" />
<meta name="X-Parsed-By" content="org.apache.tika.parser.pdf.PDFParser" />
<meta name="dc:language" content="pt-BR" />
<meta name="meta:creation-date" content="2018-05-24T16:36:38Z" />
<meta name="created" content="Thu May 24 13:36:38 BRT 2018" />
<meta name="access_permission:extract_for_accessibility" content="true" />
<meta name="access_permission:assemble_document" content="true" />
<meta name="xmpTPg:NPages" content="5" />
<meta name="Creation-Date" content="2018-05-24T16:36:38Z" />
<meta name="resourceName" content="80490070.pdf" />
<meta name="access_permission:extract_content" content="true" />
<meta name="access_permission:can_print" content="true" />
<meta name="tika:file_ext" content="pdf" />
<meta name="producer" content="LibreOffice 5.3" />
<meta name="access_permission:can_modify" content="true" />
<meta name="pdf:docinfo:producer" content="LibreOffice 5.3" />
<meta name="pdf:docinfo:created" content="2018-05-24T16:36:38Z" />
<title></title>
</head>
<body><div class="page"><p />
<p>MINISTÉRIO PÚBLICO FEDERAL
PROCURADORIA DA REPÚBLICA NO ESTADO DO PARANÁ
</p>
<p>PROCURADORIA DA REPÚBLICA NO MUNICÍPIO DE JACAREZINHO
</p>
<p>Autos nº 1.25.013.000109/2017-20
Objeto: Possível violação ao direito do idoso no sistema de transporte interestadual.
Envolvido: “Expresso Joia Transporte de Passageiros LTDA”, CNPJ 04680853/0001-72.
</p>
<p>PROMOÇÃO DE ARQUIVAMENTO
</p>
<p>EMENTA: Promoção de Arquivamento. Suposta violação ao
direito  de  idoso.  Negação  de  fornecimento  gratuito  de
passagem de ônibus em dias da semana. Empresa “Expresso
Joia  Transporte  de  Passageiros  LTDA”.  Esclarecimentos
prestados.  Não  confirmadas  as  irregularidades.  Fiscalização
realizada pela ANTT. Canais de atendimento de reclamações
da ANTT. Medidas adotadas pelo órgão regulador suficientes
ao caso. 
</p>
<p>Trata-se de Inquérito Civil instaurado para apurar a notícia de que a empresa
“Expresso Joia Transportes de Passageiros LTDA” teria provocado a violação a direito do
idoso, na medida em que negou o fornecimento gratuito de passagens.
</p>
<p>Jario da Silva relatou que sua esposa, Darli de Almeida Toledo, faz tratamento
de  saúde  no  município  de  São  Paulo,  e  para  tanto,  costumeiramente  retirava  passagens
gratuitas por meio da Viação Joia, a fim de se deslocar até o local em que se trata. Ambos
residem em Siqueira Campos-PR. 
</p>
<p>Todavia, no mês de julho de 2017, a idosa, ao se dirigir ao guichê da empresa,
foi informada por funcionário que o fornecimento de passagens gratuitas ocorreria somente
aos domingos.  
</p>
<p>Em razão dessa situação, a notícia da suposta violação de direitos foi relatada
ao  Ministério  Público  Estadual,  o  qual,  mediante  ofício  342/2017  (fls.  12),  requisitou
informações ao Departamento Municipal de Saúde. 
</p>
<p>Em resposta, noticiada pelo ofício n° 108/2017 (fls. 14), observa-se que Darli
de Almeida Toledo não consta no sistema de cadastro de pacientes do município e também
não está cadastrada no TFD (tratamento fora do domicílio). Ademais, consta em Certidão (fls.
20) que a idosa realiza tratamento custeado pelo plano de saúde, não se utilizando do Sistema
Único de Saúde.
</p>
<p>Ainda, o Parquet consultou o Centro de Apoio Operacional das Promotorias de
Justiça de Defesa dos Direitos do Idoso e da Pessoa com Deficiência, o qual manifestou-se a
respeito da atribuição do Ministério Público Federal em seguir na investigação, haja vista que
o objeto versa sobre transporte interestadual, cuja titularidade pertence à União.
</p>
<p>Enviado ao Ministério Público Federal, oficiou-se a referida empresa para se
manifestar, bem como a Agência Nacional de Transportes Terrestres (fls. 24/25).
</p>
<p>X:\2018\PROCEDIMENTOS EXTRAJUDICIAIS\Cível\Arquivamentos\1ª CCR\1.25.013.000109-2017-20 - passagem idoso.odt</p>
<p />
</div>
<div class="page"><p />
<p>                        
</p>
<p>  MINISTÉRIO PÚBLICO FEDERAL
  PROCURADORIA DA REPÚBLICA NO ESTADO DO PARANÁ
</p>
<p>  PROCURADORIA DA REPÚBLICA NO MUNICÍPIO DE JACAREZINHO
</p>
<p>Em  resposta  (Ofício  1858/2017/PF-ANTT/PGR/AGU,  fls.  30/43),  a  ANTT
prestou esclarecimentos sobre a legislação pertinente. Merece atenção a previsão legal que em
caso de negativa na concessão do benefício, a empresa deverá emitir documento ao solicitante
indicando a data, a hora, o local e o motivo da recusa (Resolução 1692/2006, artigo 2º-A),
cujo modelo foi disponibilizado no site da agência reguladora, além dos meios de reclamação
dos usuários junto à ANTT.
</p>
<p>Sobre o caso específico,  a  empresa  possui  quatro linhas  convencionais  que
deveriam conceder o benefício aos idosos, porém apenas uma opera todos os dias da semana e
as demais aos sábados. Envia, com o documento, relatório de fiscalização em mídia digital.
</p>
<p>Por sua vez, a  EMPRESA JOIA TRANSPORTE DE PASSAGEIROS LTDA
respondeu que sempre atendeu aos critérios da Lei 10741/2003 e que nunca foi questionada
pela ANTT sobre a inobservância da legislação.
</p>
<p>Novamente  foram  oficiadas  a  ANTT e  a  empresa  referida,  nos  termos  do
despacho de fls. 52/56. 
</p>
<p>Em nova resposta (fls. 67/92), a empresa Joia esclareceu que uma das linhas
que  operava  semanalmente  (09.275-00)  passou a  operar  somente  aos  sábados  a  partir  de
02/08/2017,  sendo  solicitada  a  redução  de  frequência.  Assim,  constaram  bilhetes  de
gratuidade emitidos antes dessa data, como é o caso dos bilhetes inclusos em fls. 08 destes
autos.
</p>
<p>Acerca da contradição sobre as linhas operadas, esclarece que a ligação entre
as cidades de Salto do Itararé/PR a São Paulo/SP não é atendida somente pela linha 09-272-
00, mas também por linhas que ligam outros municípios, de concessão da empresa, conforme
discriminado em fls. 69/70.
</p>
<p>Com a resposta foram juntados relatórios de viagens (fls. 71/92).
</p>
<p>A ANTT encaminhou a Nota Técnica 074/2018/GETAE/SUPAS apresentando
novos esclarecimentos (fls. 97/112).  Segundo a agência, de fato a empresa Joia não pode
vender passagens para a linha 09-275-00 em datas diferentes de sábados desde 31/05/2017 e,
assim, o bilhete de 10/05/2017 apresentado pelo primeiro requerente estaria de acordo com o
definido à época, ao contrário do bilhete com data de 04/07/2017 que estaria em desacordo.
</p>
<p>Confirma também a informação que o trecho entre as cidades mencionadas não
é  atendido  somente  por  uma  linha,  mas  por  outras  que  passam pelas  cidades,  operando
também em dias da semana.
</p>
<p>Acerca da linha 09-0274-00 que deveria operar todos os dias da semana, foi
recomendado a fiscalização para averiguar a venda de passagens somente aos sábados.
</p>
<p>Sobre eventual venda de passagens pela empresa fora dos limites da concessão,</p>
<p />
</div>
<div class="page"><p />
<p>                        
</p>
<p>  MINISTÉRIO PÚBLICO FEDERAL
  PROCURADORIA DA REPÚBLICA NO ESTADO DO PARANÁ
</p>
<p>  PROCURADORIA DA REPÚBLICA NO MUNICÍPIO DE JACAREZINHO
</p>
<p>a ANTT informou que desconhecia,  porém poderia  haver  procedimento ou autuação pela
Superintendência de Fiscalização.
</p>
<p>Por  sua  vez,  a  Superintendência  de  Fiscalização  da  ANTT  encaminhou
relatórios de multas em desfavor da empresa Joia e de fiscalização (fls. 111/112).
</p>
<p>Requerimento de JOSÉ ALMEDA, enviado pela Promotoria da Comarca de
Siqueira Campos/PR posteriormente, afirma que desde o início de 2017 o fornecimento de
passagens gratuitas ou de 50% do valor seriam concedidas somente aos sábados pela Empresa
Joia (fls. 61/66).
</p>
<p>É o relatório do essencial.
</p>
<p>Na análise dos autos, mostra-se como medida prudente seu arquivamento.
</p>
<p>Em  análise  a  legislação  pertinente,  qual  seja,  o  Estatuto  do  Idoso  (Lei
10741/03), observa-se a seguinte informação:
</p>
<p>Art. 40. No sistema de transporte coletivo interestadual observar-se-á, nos
termos da legislação específica: 
</p>
<p>I – a reserva de 2 (duas) vagas gratuitas por veículo para idosos com renda
igual ou inferior a 2 (dois) salários-mínimos;
</p>
<p>II  –  desconto  de  50%  (cinqüenta  por  cento),  no  mínimo,  no  valor  das
passagens, para os idosos que excederem as vagas gratuitas, com renda igual
ou inferior a 2 (dois) salários-mínimos.
</p>
<p>Ainda, a Resolução n° 1692/06 aduz:
</p>
<p>Art. 2º As empresas prestadoras do serviço deverão reservar aos idosos com
renda igual ou inferior a dois salários-mínimos, duas vagas gratuitas em cada
veículo do serviço convencional  de transporte rodoviário interestadual  de
passageiros. 
</p>
<p>Art. 3º Além das vagas previstas no art. 2º, a empresa prestadora do serviço
deverá  conceder  aos  idosos  com renda  igual  ou  inferior  a  dois  salários-
mínimos o desconto mínimo de cinqüenta por cento do valor da passagem
para os demais assentos do veículo do serviço convencional de transporte
rodoviário interestadual de passageiros. 
</p>
<p>Assim, no transporte interestadual as empresas possuem a obrigação legal de
reservar  duas  passagens  gratuitas  aos  idosos  que  possuam  determinada  renda.  Ante  a
existência de outros idosos que preencham os requisitos e excedam a quantia de duas vagas,
terão o desconto de 50% na aquisição da passagem.
</p>
<p>Em que pese a ausência de informação nos autos quanto a ocupação das vagas</p>
<p />
</div>
<div class="page"><p />
<p>                        
</p>
<p>  MINISTÉRIO PÚBLICO FEDERAL
  PROCURADORIA DA REPÚBLICA NO ESTADO DO PARANÁ
</p>
<p>  PROCURADORIA DA REPÚBLICA NO MUNICÍPIO DE JACAREZINHO
</p>
<p>gratuitas, encontra-se às folhas 08 e 66 cópias de passagens adquiridas pelos idosos. Constam
nos bilhetes que em 10/04/2017 (segunda-feira) e 12/01/2018 (sábado) houve a obtenção da
passagem com desconto de 50% de seu valor  e em 11/05/2017 (quinta-feira) o transporte foi
concedido de forma gratuita.  Tal situação demonstra  que,  ao menos de forma aparente,  a
empresa cumpria as regras previstas na legislação específica.
</p>
<p>Entretanto,  conforme  declarações  prestadas  em  18/07/2017  (fls.  07)  e
16/01/2018 (fls.  64),  afirmou-se que  a  política  da  empresa  foi  alterada,  de  forma que  as
passagens que eram fornecidas  gratuitamente somente aos  domingos (segundo o primeiro
declarante) e/ou aos  domingos (segundo o segundo declarante). 
</p>
<p>Contudo,  foram  prestados  os  devidos  esclarecimentos  pela  empresa  Joia  e
confirmados pela ANTT, no sentido que em meados 2017 a linha que operava diretamente de
Salto do Itararé a São Paulo passou a operar somente nos sábados, mediante solicitação ao
órgão regulador, porém o trecho continuava sendo atendido nos demais dias da semana por
linhas que ligam outras cidades.
</p>
<p>É certo, nesse caso, que a concessão do benefício da gratuidade das passagens
a idosos na cidade de embarque dos requerentes torna-se mais difícil em dias de semana,
considerando a oferta de somente duas vagas e o maior número de beneficiários envolvidos,
de outras cidades ligadas, porém não está em desacordo com a legislação vigente.
</p>
<p>Ademais, não aparenta irregularidade o fato de uma linha ter sua frequência de
operação  diminuída  para  apenas  um  dia,  quando  justificada  pela  falta  de  passageiros
suficientes, mormente quando devidamente autorizada pelo órgão responsável pela concessão
e atendida por ônibus vindos de outros municípios.
</p>
<p>Não obstante, os documentos enviados pela ANTT na mídia digital (fls. 112)
demonstram que foram adotadas medidas administrativas quando constatadas irregularidades
relacionadas à concessão prevista na legislação mencionada acima.
</p>
<p>Portanto,  desnecessária  a  continuidade  de  instrução  dos  autos,  pois  foram
esclarecidos  os  fatos  em relação às  reclamações  dos  requerentes  e,  caso  ainda  existentes
situações  específicas  de  irregularidades  na  concessão  dos  benefícios,  a  ANTT  pode  ser
acionada diretamente nos canais colocados à disposição dos usuários, prescindindo de outras
providências neste caderno apuratório. 
</p>
<p>Frise-se que a compreensão pela ausência de propósito na continuidade das
investigações encontra substrato nos pontos elencados acima, bem como na premência de
otimização dos  mecanismos  de  funcionamento  da  máquina  pública,  mormente  quando há
órgão responsável pela fiscalização do assunto em comento.
</p>
<p>É medida prudente empregar os elementos técnicos e financeiros dos órgãos
públicos  de  fiscalização  rumo  a  finalidades  efetivamente  necessárias,  que  proporcionem
utilidade e relevância compatível à movimentação do pesado aparato estatal. </p>
<p />
</div>
<div class="page"><p />
<p>                        
</p>
<p>  MINISTÉRIO PÚBLICO FEDERAL
  PROCURADORIA DA REPÚBLICA NO ESTADO DO PARANÁ
</p>
<p>  PROCURADORIA DA REPÚBLICA NO MUNICÍPIO DE JACAREZINHO
</p>
<p>Ante o exposto, PROMOVO O ARQUIVAMENTO dos autos, com remessa à
1ª Câmara de Coordenação e Revisão, para apreciação.
</p>
<p>Antes,  porém  envie  cópias  do  presente  despacho  e  de  fls.  30/33  aos
requerentes, identificados em fls. 07 e 64.
</p>
<p>Jacarezinho, 23 de maio de 2018.
</p>
<p>(assinatura digital)
DIOGO CASTOR DE MATTOS
</p>
<p>Procurador da República</p>
<p />
</div>
</body></html>