<?xml version="1.0" encoding="UTF-8"?>
<html xmlns="http://www.w3.org/1999/xhtml">
<head>
<meta name="date" content="2017-12-19T13:31:53Z" />
<meta name="pdf:PDFVersion" content="1.4" />
<meta name="access_permission:modify_annotations" content="true" />
<meta name="access_permission:can_print_degraded" content="true" />
<meta name="tika_batch_fs:relative_path" content="80543312.pdf" />
<meta name="dcterms:created" content="2017-12-19T13:31:53Z" />
<meta name="Last-Modified" content="2017-12-19T13:31:53Z" />
<meta name="dcterms:modified" content="2017-12-19T13:31:53Z" />
<meta name="dc:format" content="application/pdf; version=1.4" />
<meta name="Last-Save-Date" content="2017-12-19T13:31:53Z" />
<meta name="access_permission:fill_in_form" content="true" />
<meta name="pdf:docinfo:modified" content="2017-12-19T13:31:53Z" />
<meta name="meta:save-date" content="2017-12-19T13:31:53Z" />
<meta name="pdf:encrypted" content="false" />
<meta name="modified" content="2017-12-19T13:31:53Z" />
<meta name="Content-Length" content="15572" />
<meta name="X-TIKA:digest:MD5" content="61988fa704d33e16de8bd7f003a7500e" />
<meta name="Content-Type" content="application/pdf" />
<meta name="X-Parsed-By" content="org.apache.tika.parser.DefaultParser" />
<meta name="X-Parsed-By" content="org.apache.tika.parser.pdf.PDFParser" />
<meta name="meta:creation-date" content="2017-12-19T13:31:53Z" />
<meta name="created" content="Tue Dec 19 11:31:53 BRST 2017" />
<meta name="access_permission:extract_for_accessibility" content="true" />
<meta name="access_permission:assemble_document" content="true" />
<meta name="xmpTPg:NPages" content="3" />
<meta name="Creation-Date" content="2017-12-19T13:31:53Z" />
<meta name="resourceName" content="80543312.pdf" />
<meta name="access_permission:extract_content" content="true" />
<meta name="access_permission:can_print" content="true" />
<meta name="tika:file_ext" content="pdf" />
<meta name="producer" content="iText® 5.5.9 ©2000-2015 iText Group NV (AGPL-version); modified using iText® 5.5.9 ©2000-2015 iText Group NV (AGPL-version)" />
<meta name="access_permission:can_modify" content="true" />
<meta name="pdf:docinfo:producer" content="iText® 5.5.9 ©2000-2015 iText Group NV (AGPL-version); modified using iText® 5.5.9 ©2000-2015 iText Group NV (AGPL-version)" />
<meta name="pdf:docinfo:created" content="2017-12-19T13:31:53Z" />
<title></title>
</head>
<body><div class="page"><p />
<p>PRM-BAG-RS-00004223/2017
 
 
</p>
<p>Procedimento Preparatório nº 1.29.001.000138/2017-81
</p>
<p> 
</p>
<p> 
</p>
<p>PROMOÇÃO DE ARQUIVAMENTO
</p>
<p> 
</p>
<p>Trata-se de Procedimento Preparatório instaurado a partir da
</p>
<p>Manifestação nº 20170067749 de fl. 02 e seus anexos de fls. 04/07, reduzida a termo
</p>
<p>via Sala de Atendimento ao Cidadão do MPF, na qual o representante relata possíveis
</p>
<p>irregularidades no processo de seleção de bolsa da Pró-reitoria de Pós graduação em
</p>
<p>ensino da Unipampa (Bolsa de Programa de Apoio a Pós-Graduação).
</p>
<p>Inicialmente, oficiou-se à Unipampa para que prestasse
</p>
<p>informações, fundamentadas e pormenorizadas, acerca da Manifestação em comento
</p>
<p>(fl. 14).
</p>
<p>Em resposta, a Unipampa informou que, de acordo com o
</p>
<p>constante no Memorando n° 78/2017 — PROPPI/UNIPAMPA, da Pró-Reitoria de
</p>
<p>Pesquisa, Pós-Graduação e Inovação, o aluno Luis César Rodrigues Jacinto foi
</p>
<p>contemplado com o auxílio do Programa de Auxílio à Pós-Graduação da UNIPAMPA
</p>
<p>(PAPG), com valor retroativo ao mês de agosto de 2017.
</p>
<p>A decisão por deferir o pedido do candidato e de outro colega à
</p>
<p>concessão de bolsa se deu para não prejudicar nenhum deles, considerando que não
</p>
<p>havia data explícita acerca de recursos na Chamada Interna 02/2017 da PROPPI (fl.
</p>
<p>17).
</p>
<p>Após contato desta PRM, o representante confirmou as
</p>
<p>informações prestadas pela IES, notadamente que foi contemplado com o auxílio do
</p>
<p>Programa de Auxílio à Pós-Graduação da UNIPAMPA (PAPG), com valor retroativo ao
</p>
<p>mês de agosto de 2017 (fl. 25).
</p>
<p>É o necessário relato.
</p>
<p>Pois bem. O presente expediente foi instaurado de modo a
</p>
<p>apurar eventuais irregularidades no processo de seleção de bolsa da Pró-reitoria de
</p>
<p>Pós graduação em ensino da Unipampa (Bolsa de Programa de Apoio a Pós-
</p>
<p>Graduação).
</p>
<p> 
</p>
<p>Pág. 1 de 3</p>
<p />
</div>
<div class="page"><p />
<p>Ao longo da apuração percebeu-se que a Unipampa cometeu
</p>
<p>alguns equívocos ao longo do certame, especialmente ao não ter estipulado data
</p>
<p>explícita acerca de recursos na Chamada Interna 02/2017 da PROPPI. Todavia,
</p>
<p>com base no princípio da autotutela, a Administração reviu seus atos, sem deixar de
</p>
<p>observar as garantias constitucionais do devido processo legal, contraditório e ampla
</p>
<p>defesa, para, ao final, contemplar o ora representante com a bolsa, inclusive com
</p>
<p>valores retroativos.
</p>
<p>Dessa forma, não restou demonstrado que houve alguma
</p>
<p>intenção de prejudicar a representante. Na verdade, os servidores agiram no
</p>
<p>exercício do poder-dever de autotutela administrativa, não restando evidenciada má-
</p>
<p>fé ou mesmo qualquer conduta dolosa ou culposa violando os deveres atribuídos
</p>
<p>aos servidores público.
</p>
<p>Nesse sentido, impende esclarecer que não é qualquer
</p>
<p>irregularidade que pode ser inserida no conceito de ato ímprobo, mormente quando
</p>
<p>susceptível de correção administrativa e ausente a má-fé do administrador público.
</p>
<p>Acerca do tema, confira-se os seguintes julgados:
A D M I N I S T R A T I V O .  P R O C E S S U A L  C I V I L .  I M P R O B I D A D E
ADMINISTRATIVA. DEPARTAMENTO DE POLÍCIA FEDERAL.
AQUISIÇÃO DE ARMAS. EMPRESA ESTRANGEIRA. FORMALIZAÇÃO
DE ENVIO DO ARMAMENTO POR REPRESENTANTE DO
FORNECEDOR. CONDIÇÃO PARA EFETIVAÇÃO DO PAGAMENTO.
A P A R Ê N C I A  D E  R E G U L A R I D A D E .  D O C U M E N T O  F A L S O .
DEPARTAMENTO DE ADMINISTRAÇÃO. PAGAMENTO EFETIVADO.
CULPA GRAVE EVIDENCIADORA DE MÁ-FÉ DO SERVIDOR. ART. 10,
CAPUT, DA LEI N. 8.429/92. INEXISTÊNCIA. ATO DE IMPROBIDADE
INCONFIGURADO. PRINCÍPIO DA RAZOABILIDADE. APELAÇÃO
INTEMPESTIVA. NÃO CONHECIMENTO.
</p>
<p>(…) 3. A improbidade administrativa, no ato contra a
legalidade, deve ter relação com a falta de boa-fé, com a
desonestidade. É que a Lei n. 8.429/92, além de coibir o dano
material advindo da prática de atos desonestos, busca também
punir a lesividade à moral pública. Na espécie, não há prova de
desonestidade por parte do primeiro requerido, e sequer
desrespeito à formalidade.
(…) 6. Não se pode confundir meras irregularidades
administrat ivas com as graves fal tas funcionais de
improbidade, sujeitas às sanções da Lei n. 8.429/92. Todo ato
ímprobo é um ato ilícito, irregular, mas nem todo ilícito ou
irregularidade constitui-se em ato de improbidade. 7. Apelação
do réu Mário Lúcio Costa não conhecida. 8. Apelação do réu
Aurélio de Medeiros Machado provida.
(AC 00083351820064013400, DESEMBARGADOR FEDERAL
HILTON QUEIROZ, TRF1 – QUARTA TURMA, e-DJF1
DATA:27/04/2016 PAGINA.)
</p>
<p> 
</p>
<p>Diante do exposto, não restando configurada violação aos
</p>
<p>princípios da administração, tampouco lesão ao erário federal, de modo a subsidiar
</p>
<p>eventual propositura de ação de improbidade, promovo o arquivamento do
</p>
<p>Pág. 2 de 3</p>
<p />
</div>
<div class="page"><p />
<p>presente inquérito civil, com fundamento no artigo 17 da Resolução nº 87/2006 do
</p>
<p>CSMPF.
</p>
<p>Nesse passo:
</p>
<p>Cientifique-se o representante da presente promoção;1.
</p>
<p>Após, remetam-se os autos à 1ª CCR, consoante estabelece o artigo 17, § 2º, da
</p>
<p>mesma resolução, para homologação do presente arquivamento ou deliberações
</p>
<p>que entender pertinentes.
</p>
<p>2.
</p>
<p>Bagé/RS, de 19 de dezembro de 2017.
</p>
<p> 
Amanda Gualtieri Varela
</p>
<p>Procuradora da República
</p>
<p> 
</p>
<p>Pág. 3 de 3</p>
<p />
</div>
</body></html>