<?xml version="1.0" encoding="UTF-8"?>
<html xmlns="http://www.w3.org/1999/xhtml">
<head>
<meta name="pdf:PDFVersion" content="1.4" />
<meta name="xmp:CreatorTool" content="Writer" />
<meta name="access_permission:modify_annotations" content="true" />
<meta name="access_permission:can_print_degraded" content="true" />
<meta name="tika_batch_fs:relative_path" content="80567877.pdf" />
<meta name="language" content="pt-BR" />
<meta name="dcterms:created" content="2017-09-04T21:19:13Z" />
<meta name="dc:format" content="application/pdf; version=1.4" />
<meta name="pdf:docinfo:creator_tool" content="Writer" />
<meta name="access_permission:fill_in_form" content="true" />
<meta name="pdf:encrypted" content="false" />
<meta name="Content-Length" content="138078" />
<meta name="X-TIKA:digest:MD5" content="f3af0cdc4bea13d27db9ff594f3c0b76" />
<meta name="Content-Type" content="application/pdf" />
<meta name="X-Parsed-By" content="org.apache.tika.parser.DefaultParser" />
<meta name="X-Parsed-By" content="org.apache.tika.parser.pdf.PDFParser" />
<meta name="dc:language" content="pt-BR" />
<meta name="meta:creation-date" content="2017-09-04T21:19:13Z" />
<meta name="created" content="Mon Sep 04 18:19:13 BRT 2017" />
<meta name="access_permission:extract_for_accessibility" content="true" />
<meta name="access_permission:assemble_document" content="true" />
<meta name="xmpTPg:NPages" content="3" />
<meta name="Creation-Date" content="2017-09-04T21:19:13Z" />
<meta name="resourceName" content="80567877.pdf" />
<meta name="access_permission:extract_content" content="true" />
<meta name="access_permission:can_print" content="true" />
<meta name="tika:file_ext" content="pdf" />
<meta name="producer" content="LibreOffice 4.4" />
<meta name="access_permission:can_modify" content="true" />
<meta name="pdf:docinfo:producer" content="LibreOffice 4.4" />
<meta name="pdf:docinfo:created" content="2017-09-04T21:19:13Z" />
<title></title>
</head>
<body><div class="page"><p />
<p> 
MINISTÉRIO PÚBLICO FEDERAL
</p>
<p>Procuradoria da República no Município de Marabá
</p>
<p>Notícia de Fato nº 1.23.001.000565/2017-83
</p>
<p>PROMOÇÃO DE ARQUIVAMENTO 
</p>
<p>1. Trata-se  de  notícia  de  fato  instaurada  em  virtude  de  declarações
</p>
<p>prestadas  por  VANDRELINA PEREIRA COELHO  ALVES,  com  67  anos  idade,  nesta
</p>
<p>Procuradoria da República, a qual alega que possui enfermidade uterina grave, em virtude
</p>
<p>da  qual  precisaria  realizar  intervenção  cirúrgica.  Entretanto,  a  Secretaria  de  Saúde  de
</p>
<p>Marabá estaria negando tal cirurgia, sob o argumento de que não haveria vagas para realizar
</p>
<p>o procedimento e de que o procedimento da declarante não seria prioridade.
</p>
<p>2. De  início,  cumpre  destacar  que  o  caso  em  tela  veicula  demanda
</p>
<p>individual, cujo objetivo é a realização de procedimento cirúrgico.
</p>
<p>3. Consoante  se  extrai  do  que  consignado  nos  arts.  127  e  129  da
</p>
<p>Constituição Federal, a atuação do Ministério Público é guiada pela existência de interesses
</p>
<p>difusos e coletivos ou ainda direitos individuais indisponíveis. Vejamos:
</p>
<p>Art.  127.  O  Ministério  Público  é  instituição  permanente,  essencial  à  função
</p>
<p>jurisdicional do Estado, incumbindo-lhe a defesa da ordem jurídica, do regime
</p>
<p>democrático e dos interesses sociais e individuais indisponíveis.
</p>
<p>Art. 129. São funções institucionais do Ministério Público:
</p>
<p>I - promover, privativamente, a ação penal pública, na forma da lei;
</p>
<p>II - zelar pelo efetivo respeito dos Poderes Públicos e dos serviços de relevância
</p>
<p>pública  aos  direitos  assegurados  nesta  Constituição,  promovendo  as  medidas
</p>
<p>necessárias a sua garantia;
</p>
<p>III  -  promover  o  inquérito  civil  e  a  ação  civil  pública,  para  a  proteção  do
</p>
<p>Avenida Espírito Santo, nº 298-B, Bairro Amapá – Marabá/PA
CEP 68502-030 – Tels. (94) 3312-1500 – www.mpf.mp.br/pa 1</p>
<p />
</div>
<div class="page"><p />
<p>patrimônio público e social, do meio ambiente e de outros interesses difusos e
</p>
<p>coletivos;
</p>
<p>IV - promover a ação de inconstitucionalidade ou representação para fins de 
</p>
<p>intervenção da União e dos Estados, nos casos previstos nesta Constituição;
</p>
<p>V - defender judicialmente os direitos e interesses das populações indígenas;
</p>
<p>VI - expedir notificações nos procedimentos administrativos de sua competência, 
</p>
<p>requisitando informações e documentos para instruí-los, na forma da lei 
</p>
<p>complementar respectiva;
</p>
<p>VII - exercer o controle externo da atividade policial, na forma da lei 
</p>
<p>complementar mencionada no artigo anterior;
</p>
<p>VIII - requisitar diligências investigatórias e a instauração de inquérito policial, 
</p>
<p>indicados os fundamentos jurídicos de suas manifestações processuais; IX - 
</p>
<p>exercer outras funções que lhe forem conferidas, desde que compatíveis com sua 
</p>
<p>finalidade, sendo-lhe vedada a representação judicial e a consultoria jurídica de 
</p>
<p>entidades públicas.
</p>
<p>4. Por  sua  vez,  a  Lei  Complementar  n°.  75/93  veda  ao  Ministério
</p>
<p>Público Federal a defesa em juízo de direito exclusivamente individual, consoante disposto
</p>
<p>em seu art.15: É vedado aos órgãos de defesas dos direitos constitucionais do cidadão promover
em juízo a defesa de direitos individuais lesados.
</p>
<p>5. Além disso, é importante salientar que, nos termos do Enunciado nº.
</p>
<p>11 da PFDC,  Em questões individuais  de saúde,  é  facultada ao membro do Ministério
</p>
<p>Público Federal a remessa do procedimento às Defensorias Públicas já instaladas.
</p>
<p>6. Assim, a análise da representação em tela indica que os fatos narrados
</p>
<p>não se amoldam ao feixe de atribuições do Ministério Público Federal, uma vez que não é
</p>
<p>possível extrair a necessidade de tutela de qualquer interesse que transcenda o indivíduo
</p>
<p>singularmente  considerado,  ou  seja,  inexistem quaisquer  interesses  difusos,  coletivos  ou
</p>
<p>individuais  indisponíveis.  A representação,  em  verdade,  revela  interesse  individual  da
</p>
<p>representante.
</p>
<p>7. Ademais,  o  suposto  ato  administrativo  irregular  (negativa  de
</p>
<p>realização de procedimento cirúrgico),  relatado pela representante,  seria da Secretaria de
</p>
<p>Saúde de Marabá, e não de órgão que atraia as atribuições deste Ministério Público Federal.
</p>
<p>8. Sendo  assim,  considerando  que  os  fatos  narrados  não  configuram
</p>
<p>Avenida Espírito Santo, nº 298-B, Bairro Amapá – Marabá/PA
CEP 68502-030 – Tels. (94) 3312-1500 – www.mpf.mp.br/pa 2</p>
<p />
</div>
<div class="page"><p />
<p>lesão  a  direitos  ou  interesses  coletivos,  difusos  ou  individuais  indisponíveis,  o
</p>
<p>MINISTÉRIO PÚBLICO FEDERAL, por meio da procuradora da República signatária,
</p>
<p>promove o arquivamento da presente notícia de fato.
</p>
<p>9. Remetam-se  os  autos à  1ª  Câmara  de  Coordenação  e  Revisão  do
</p>
<p>Ministério Público Federal para seu exame, deliberação e, se for o caso, homologação.
</p>
<p>10. Encaminhe-se à representante, por ofício de ordem, cientificando-a
</p>
<p>acerca  da  possibilidade  de  interpor  recurso,  caso  assim  entenda  pertinente.  Também
</p>
<p>comunicar à representante (inclusive por telefone, prestando os esclarecimentos necessários)
</p>
<p>que ela pode buscar a Defensoria Pública Estadual com o objetivo de pleitear o seu
direito individual. Cumpra-se, o presente item, com urgência.
</p>
<p>Marabá/PA, 4 de setembro de 2017.
</p>
<p>MANOELA LOPES LAMENHA LINS CAVALCANTE
Procuradora da República
</p>
<p>Avenida Espírito Santo, nº 298-B, Bairro Amapá – Marabá/PA
CEP 68502-030 – Tels. (94) 3312-1500 – www.mpf.mp.br/pa 3</p>
<p />
</div>
</body></html>