<?xml version="1.0" encoding="UTF-8"?>
<html xmlns="http://www.w3.org/1999/xhtml">
<head>
<meta name="pdf:PDFVersion" content="1.4" />
<meta name="xmp:CreatorTool" content="Writer" />
<meta name="access_permission:modify_annotations" content="true" />
<meta name="access_permission:can_print_degraded" content="true" />
<meta name="tika_batch_fs:relative_path" content="80726607.pdf" />
<meta name="language" content="pt-BR" />
<meta name="dcterms:created" content="2018-06-15T20:55:39Z" />
<meta name="dc:format" content="application/pdf; version=1.4" />
<meta name="pdf:docinfo:creator_tool" content="Writer" />
<meta name="access_permission:fill_in_form" content="true" />
<meta name="pdf:encrypted" content="false" />
<meta name="Content-Length" content="71448" />
<meta name="X-TIKA:digest:MD5" content="99151299921b39216ebc274135878e64" />
<meta name="Content-Type" content="application/pdf" />
<meta name="X-Parsed-By" content="org.apache.tika.parser.DefaultParser" />
<meta name="X-Parsed-By" content="org.apache.tika.parser.pdf.PDFParser" />
<meta name="dc:language" content="pt-BR" />
<meta name="meta:creation-date" content="2018-06-15T20:55:39Z" />
<meta name="created" content="Fri Jun 15 17:55:39 BRT 2018" />
<meta name="access_permission:extract_for_accessibility" content="true" />
<meta name="access_permission:assemble_document" content="true" />
<meta name="xmpTPg:NPages" content="2" />
<meta name="Creation-Date" content="2018-06-15T20:55:39Z" />
<meta name="resourceName" content="80726607.pdf" />
<meta name="access_permission:extract_content" content="true" />
<meta name="access_permission:can_print" content="true" />
<meta name="tika:file_ext" content="pdf" />
<meta name="producer" content="LibreOffice 5.1" />
<meta name="access_permission:can_modify" content="true" />
<meta name="pdf:docinfo:producer" content="LibreOffice 5.1" />
<meta name="pdf:docinfo:created" content="2018-06-15T20:55:39Z" />
<title></title>
</head>
<body><div class="page"><p />
<p>MINISTÉRIO PÚBLICO FEDERAL
PROCURADORIA DA REPÚBLICA NO ESTADO DO RIO DE JANEIRO
</p>
<p>Procedimento Preparatório nº 1.02.001.000005/2017-59 
</p>
<p>Trata-se de Procedimento Preparatório instaurado na Procuradoria da
</p>
<p>República no Estado do Rio de Janeiro com a seguinte ementa:
</p>
<p>Digi  denúncia:  Manifestação  Número  2010064004  Narra  que  o  Estatuto  da
</p>
<p>Fundação  Real  Grandeza,  entidade  fechada  de  previdência  complementar
</p>
<p>instituída por Furnas Centrais Elétricas S.A., impõe restrições a candidaturas à
</p>
<p>diretoria e a órgãos deliberativos da entidade em contrariedade à lei e resoluções
</p>
<p>da Superintendência Complementar (Previc).
</p>
<p>Verifica-se pela leitura dos autos que o Inquérito Civil em epígrafe foi
</p>
<p>originado a partir de denúncia anônima, que informa haver estipulações no ordenamento
</p>
<p>estatutário da Fundação Real Grandeza que ultrapassam os limites determinados em lei,
</p>
<p>tendo em vista que o denunciante, além de outros candidatos, tiveram suas candidaturas
</p>
<p>indeferidas, apesar de serem colaboradores filiados à fundação. 
</p>
<p>Em  ofício  nº  546/2018/PREVIC,  a  Superintendência  Nacional  de
</p>
<p>Previdência Complementar (Previc) informou que conforme manifestações apresentadas
</p>
<p>pela Fundação Real Grandeza foi constatado por este órgão que o processo eleitoral da
</p>
<p>fundação não possui nenhuma irregularidade.
</p>
<p>Dessa  forma,  não  havendo  nos  autos  informações  suficientes  para
</p>
<p>direcionamento  das investigações  pelo Ministério  Público Federal,  requer este  órgão
</p>
<p>______________________________________________________________________________________________</p>
<p />
</div>
<div class="page"><p />
<p>MINISTÉRIO PÚBLICO FEDERAL
PROCURADORIA DA REPÚBLICA NO ESTADO DO RIO DE JANEIRO
</p>
<p>ministerial o arquivamento deste procedimento. 
</p>
<p>Remetam-se os autos para a 1ª Câmara de Coordenação e Revisão do
</p>
<p>Ministério Público Federal, nos termos do art. 62, IV, da Lei Complementar nº 75/93.
</p>
<p>Rio de Janeiro,       de junho de 2018
</p>
<p>SOLANGE MARIA BRAGA
</p>
<p>Procuradora da República 
</p>
<p>______________________________________________________________________________________________</p>
<p />
</div>
<ul>	<li>Procedimento Preparatório nº 1.02.001.000005/2017-59</li>
</ul>
</body></html>