<?xml version="1.0" encoding="UTF-8"?>
<html xmlns="http://www.w3.org/1999/xhtml">
<head>
<meta name="pdf:PDFVersion" content="1.4" />
<meta name="xmp:CreatorTool" content="Writer" />
<meta name="access_permission:modify_annotations" content="true" />
<meta name="access_permission:can_print_degraded" content="true" />
<meta name="tika_batch_fs:relative_path" content="80721472.pdf" />
<meta name="language" content="pt-BR" />
<meta name="dcterms:created" content="2018-06-26T16:58:02Z" />
<meta name="dc:format" content="application/pdf; version=1.4" />
<meta name="pdf:docinfo:creator_tool" content="Writer" />
<meta name="access_permission:fill_in_form" content="true" />
<meta name="pdf:encrypted" content="false" />
<meta name="Content-Length" content="132977" />
<meta name="X-TIKA:digest:MD5" content="3b7c15a5c8c0cfdda4e18a763b32c296" />
<meta name="Content-Type" content="application/pdf" />
<meta name="X-Parsed-By" content="org.apache.tika.parser.DefaultParser" />
<meta name="X-Parsed-By" content="org.apache.tika.parser.pdf.PDFParser" />
<meta name="dc:language" content="pt-BR" />
<meta name="meta:creation-date" content="2018-06-26T16:58:02Z" />
<meta name="created" content="Tue Jun 26 13:58:02 BRT 2018" />
<meta name="access_permission:extract_for_accessibility" content="true" />
<meta name="access_permission:assemble_document" content="true" />
<meta name="xmpTPg:NPages" content="3" />
<meta name="Creation-Date" content="2018-06-26T16:58:02Z" />
<meta name="resourceName" content="80721472.pdf" />
<meta name="access_permission:extract_content" content="true" />
<meta name="access_permission:can_print" content="true" />
<meta name="tika:file_ext" content="pdf" />
<meta name="producer" content="LibreOffice 5.3" />
<meta name="access_permission:can_modify" content="true" />
<meta name="pdf:docinfo:producer" content="LibreOffice 5.3" />
<meta name="pdf:docinfo:created" content="2018-06-26T16:58:02Z" />
<title></title>
</head>
<body><div class="page"><p />
<p>Ref.:  Inquérito Civil nº 1.27.004.000241/2017-76
 
</p>
<p>PROMOÇÃO DE ARQUIVAMENTO
</p>
<p>O presente procedimento foi instaurado em razão do Ofício Circular nº 4/2014/PGR/5ª
</p>
<p>CCR/MPF que encaminha minutas de Recomendações elaboradas pelo Grupo de Trabalho Operacional
</p>
<p>da 5ª Câmara de Coordenação e Revisão do Ministério Público Federal, buscando adimplir metas de
</p>
<p>coordenação nacionais concentradas no direito à saúde, mais especificamente quanto à transparência no
</p>
<p>Sistema Único de Saúde – SUS e quanto: (i) ao fornecimento de certidões para o usuário que não foi
</p>
<p>atendido no SUS, (ii) à criação de quadros de avisos que informem a população acerca dos horários que
</p>
<p>devem ser cumpridos; (iii)  à instalação de ponto eletrônico para os profissionais da saúde de modo
</p>
<p>geral.
</p>
<p>Após marcha procedimental regular no procedimento originário, com a expedição de
</p>
<p>ofícios-circulares  (fls.16)  e  recomendação(fls.  28/29v e  30/30v)  aos  municípios  de  atribuição desta
</p>
<p>Procuradoria, foi desmembrado o feito em relação aos demais.
</p>
<p>No ponto, este procedimento resta adstrito ao município de São Braz do Piauí que a fls.
</p>
<p>33/41  apresentou  resposta,  (16/09/2016)   informando  que  estava  cumprindo  a  recomendação  em
</p>
<p>comento..
</p>
<p>Após  isso,  novamente  instada  a  municipalidade  (fls.  47),  requerendo  informações
</p>
<p>quanto a escala de plantão dos servidores vinculados ao SUS, encaminhando cópia dos documentos de
</p>
<p>fls. 28/31, o qual foi reiterado (fls. 49).
</p>
<p>Em resposta, houve a juntada da escala de todos os profissionais do Município de São
</p>
<p>Braz do Piauí (fls. 50/51), bem como os demais itens da recomendação encontram-se sanados..
</p>
<p>É o breve relatório.
</p>
<p>Considerando  o  acima  narrado,  indiscutivelmente  exaurido  o  objeto  procedimental
</p>
<p>inicial, vez que demonstrado claro desiderato municipal moralizante, ao aumentar a transparência das
</p>
<p>ações do sistema de saúde local.
</p>
<p>Neste ínterim, o acompanhamento e fiscalização quanto ao efetivo cumprimento,  no
</p>
<p>decorrer do tempo, das ações em comento será melhor implementado pelo Ministério Público Estadual,
</p>
<p>pela  Câmara  de  Vereadores  e  pelo  Conselho  Municipal  de  Saúde  locais,  mais  próximos  –
</p>
<p>geograficamente, inclusive – do quotidiano municipal.
</p>
<p>Rua Capitão Newton Rubem, n° 1315, Bairro Aldeia, CEP: 64770-000, São Raimundo Nonato-PI</p>
<p />
</div>
<div class="page"><p />
<p>Tendo em mente a economicidade, a razoabilidade e a busca pela efetividade da
</p>
<p>atuação  ministerial,  reputo,  pois,  despicienda  a  manutenção  do  presente  procedimento
</p>
<p>extrajudicial com o único fito de acompanhamento das recomendações.
</p>
<p>Ora, ainda que se admita que o Ministério Público Federal, em determinadas
</p>
<p>circunstâncias,  instaure  apurações  para  acompanhamento  de  políticas  públicas  e  programas
</p>
<p>federais,  há que se compreender que tais  apurações não podem, em razão dessa finalidade,
</p>
<p>eternizarem-se. Deve-se ter em mente a amplitude das atribuições desta Procuradoria de ofício
</p>
<p>único, a desaconselhar a manutenção de procedimentos em relação a todos os municípios de sua
</p>
<p>atribuição com o único fito de acompanhar o efetivo cumprimento das recomendações. Para tal
</p>
<p>intento, o acompanhamento por órgãos locais terá, a meu juízo, maior garantia de efetividade.
</p>
<p>Por  identidade  de  razões  já  houve  promoções  de  arquivamento  nos
</p>
<p>municípios integrantes da PRM de Floriano, tais como Tanque do Piauí, Colônia do Gurguéia,
</p>
<p>Oeiras, Santo Inácio do Piauí, Ribeiro Gonçalves, Sebastião Leal e São João da Varjota com os
</p>
<p>mesmos fatos e fundamentos aduzidos aqui.
</p>
<p>Ressalte-se, em adição, que a atuação ministerial até a data se revestiu de viés
</p>
<p>preventivo e profilático, não havendo, especialmente em relação a município que atendeu ao
</p>
<p>recomendado, qualquer indício de efetiva irregularidade (desvio, dilapidação de patrimônio
</p>
<p>público ou enriquecimento sem causa), a justificar a manutenção procedimental.
</p>
<p>Logo,  o  arquivamento  é  medida  de  rigor,  alinhando-se  a  entendimento
</p>
<p>consolidado da 1ª Câmara de Coordenação e Revisão do Ministério Público Federal1.
</p>
<p>Forte nestas razões:
</p>
<p>a)  determino  a  expedição  de  ofícios  encaminhando  cópia  das
Recomendações aos seguintes órgãos do Município de São Braz do Piauí:
</p>
<p>1  Conforme se extrai da seguinte deliberação cameral: “PROMOÇÃO DE ARQUIVAMENTO. SAÚDE. JORNADA DE
TRABALHO DOS MÉDICOS DO SUS. CERTIDÃO DE NÃO ATENDIMENTO AOS USUÁRIOS. DIVULGAÇÃO DA
ESCALA  DE  MÉDICOS  E  ODONTÓLOGOS  E  REGISTRO  DE  FREQUÊNCIA.  IMPLANTAÇÃO  DE  PONTO
ELETRÔNICO.  RECOMENDAÇÃO  EXPEDIDA  E  INTEGRALMENTE  ACATADA.  1.  Procedimento  Preparatório
instaurado a partir de ofício circular oriundo da 5° CCR, encaminhando minutas de recomendações aos Estados e Municípios
brasileiros,  a  fim  de  garantir:  certidão  de  não  atendimento  no  serviço  de  saúde  a  todos  os  usuários  do  SUS,
divulgação  da  escala  de  médicos  e  odontólogos  e  respectivo  registro  de  frequência,  implantação  do  ponto
eletrônico.  2.  Expedição  de  recomendação  ministerial  ao  município  de  Entre  Rios  do  Oeste/PR  com  essa
finalidade. (…). 4. Diante do acatamento da Recomendação e das providências tomadas pela referida Prefeitura
Municipal,  a  atuação  ministerial  restou  exaurida,  tornando-se  desnecessária  a  continuidade  do  presente
procedimento. PELA HOMOLOGAÇÃO”. (Procedimento nº 1.25.003.009434/2014-24; Voto: 5367/2017; Data:
16/11/2017).Também neste sentido: “(…) 3. É cabível a homologação do arquivamento quando houver nos autos a
comprovação de que as disposições do compromisso de ajustamento de conduta foram integralmente cumpridas ou
foram atendidas as medidas recomendadas” (Procedimento nº 1.14.008.000176/2014-54; Voto:
6525/2017; Data: 27/11/2017).
</p>
<p>Rua Capitão Newton Rubem, n° 1315, Bairro Aldeia, CEP: 64770-000, São Raimundo Nonato-PI</p>
<p />
</div>
<div class="page"><p />
<p>(a.1) Promotoria de Justiça de São Raimundo Nonato, na qual São Braz do
</p>
<p>Piauí,  consta  como  termo  judiciário,  para  ciência,  bem  como  para
</p>
<p>providências  que entender cabíveis, visando o cumprimento das aludidas
</p>
<p>Recomendações, em cooperação com o MPF, nos termos do Convênio nº
</p>
<p>001/2003;
</p>
<p>(a.2)  Câmara  de  Vereadores,  para  ciência,  bem  como  para
</p>
<p>acompanhamento  e  fiscalização  quanto  ao  cumprimento  das  aludidas
</p>
<p>recomendações;
</p>
<p>(a.3)  Conselho  Municipal  de  Saúde,  para  ciência,  bem  como  para
</p>
<p>acompanhamento  e  fiscalização  quanto  ao  cumprimento  das  aludidas
</p>
<p>recomendações;
</p>
<p>(b) promovo o arquivamento do presente procedimento extrajudicial e determino
</p>
<p>seu  encaminhamento,  empós  a  comprovação  do  recebimento  dos  ofícios  acima
</p>
<p>identificados, à 1ª Câmara de Coordenação e Revisão do Ministério Público Federal,
</p>
<p>para a revisão a que se refere o artigo 62, inciso IV, da Lei Complementar nº 75/93.
</p>
<p>Dispensada a comunicação do representante, vez que instaurado o procedimento de
</p>
<p>ofício, a partir de ação coordenada da 5ª Câmara de Coordenação e Revisão.
</p>
<p>São Raimundo Nonato, 26 de junho de 2018.
</p>
<p>KELSTON PINHEIRO LAGES
Procurador da República
</p>
<p>Rua Capitão Newton Rubem, n° 1315, Bairro Aldeia, CEP: 64770-000, São Raimundo Nonato-PI</p>
<p />
</div>
</body></html>