<?xml version="1.0" encoding="UTF-8"?>
<html xmlns="http://www.w3.org/1999/xhtml">
<head>
<meta name="pdf:PDFVersion" content="1.4" />
<meta name="pdf:docinfo:title" content="PROCESSO Nº 2007" />
<meta name="xmp:CreatorTool" content="Writer" />
<meta name="access_permission:modify_annotations" content="true" />
<meta name="access_permission:can_print_degraded" content="true" />
<meta name="dc:creator" content="prgo" />
<meta name="tika_batch_fs:relative_path" content="80876700.pdf" />
<meta name="language" content="pt-BR" />
<meta name="dcterms:created" content="2017-12-13T16:01:05Z" />
<meta name="dc:format" content="application/pdf; version=1.4" />
<meta name="pdf:docinfo:creator_tool" content="Writer" />
<meta name="access_permission:fill_in_form" content="true" />
<meta name="pdf:encrypted" content="false" />
<meta name="dc:title" content="PROCESSO Nº 2007" />
<meta name="Content-Length" content="99909" />
<meta name="X-TIKA:digest:MD5" content="960f5eb161f45b3a81148d855d2e82fe" />
<meta name="Content-Type" content="application/pdf" />
<meta name="pdf:docinfo:creator" content="prgo" />
<meta name="X-Parsed-By" content="org.apache.tika.parser.DefaultParser" />
<meta name="X-Parsed-By" content="org.apache.tika.parser.pdf.PDFParser" />
<meta name="creator" content="prgo" />
<meta name="dc:language" content="pt-BR" />
<meta name="meta:author" content="prgo" />
<meta name="meta:creation-date" content="2017-12-13T16:01:05Z" />
<meta name="created" content="Wed Dec 13 14:01:05 BRST 2017" />
<meta name="access_permission:extract_for_accessibility" content="true" />
<meta name="access_permission:assemble_document" content="true" />
<meta name="xmpTPg:NPages" content="4" />
<meta name="Creation-Date" content="2017-12-13T16:01:05Z" />
<meta name="resourceName" content="80876700.pdf" />
<meta name="access_permission:extract_content" content="true" />
<meta name="access_permission:can_print" content="true" />
<meta name="tika:file_ext" content="pdf" />
<meta name="Author" content="prgo" />
<meta name="producer" content="LibreOffice 4.3" />
<meta name="access_permission:can_modify" content="true" />
<meta name="pdf:docinfo:producer" content="LibreOffice 4.3" />
<meta name="pdf:docinfo:created" content="2017-12-13T16:01:05Z" />
<title>PROCESSO Nº 2007</title>
</head>
<body><div class="page"><p />
<p>MINISTÉRIO PÚBLICO FEDERAL
PROCURADORIA DA REPÚBLICA EM GOIÁS
</p>
<p>17º OFÍCIO
</p>
<p>PROCEDIMENTO PREPARATÓRIO n. 1.18.000.002584/2017-14
</p>
<p>ASSUNTO: representação do MP junto ao TCM/GO acerca da contratação irregular
de serviços advocatícios para reaver valores relativos ao FUNDEF, cujas diferenças
foram reconhecidas na ação civil  pública  nº  1999.61.00.050616-0.  Município  de
Itaguaru/GO
</p>
<p>PROMOÇÃO DE ARQUIVAMENTO Nº 865/2017
</p>
<p>1. Trata-se de Procedimento Preparatório instaurado para apurar
</p>
<p>representação  do  MP  junto  ao  TCM/GO  acerca  da  contratação  irregular,  pelo
</p>
<p>município de Itaguaru62/76, de serviços advocatícios para reaver valores relativos
</p>
<p>ao FUNDEF, cujas diferenças teriam sido reconhecidas na ação civil  pública nº
</p>
<p>1999.61.00.050616-0, ajuizada pela Procuradoria da República no Estado de São
</p>
<p>Paulo.
</p>
<p>2. Segundo o Representante,  tal  situação seria  manifestamente
</p>
<p>ilegal,  apresentando  potencial  de  lesão  significativa  ao  erário,  pois  ensejaria  a
</p>
<p>utilização  de  pelo  menos  10  a  20%  dos  valores  devidos  ao  FUNDEF  para  o
</p>
<p>pagamento de honorários advocatícios, contrariando a legislação de regência.
</p>
<p>3. Quanto ao tema, considero importante destacar os seguintes
</p>
<p>desdobramentos recentes:
</p>
<p>- O Tribunal de Contas da União, em seu acórdão 1824/2017,
</p>
<p>reconheceu a manifesta ilegalidade da eventual destinação de parcela das verbas
</p>
<p>oriundas de pagamento de precatórios relativos a diferenças na complementação
</p>
<p>devida  pela  União,  no  âmbito  do  FUNDEF,  para  o  pagamento  de  honorários
</p>
<p>advocatícios  ou outras  finalidades alheias  à  manutenção  e  desenvolvimento  da
</p>
<p>educação (fls. 62/76);</p>
<p />
</div>
<div class="page"><p />
<p>MINISTÉRIO PÚBLICO FEDERAL
PROCURADORIA DA REPÚBLICA EM GOIÁS
</p>
<p>17º OFÍCIO
</p>
<p>- o Tribunal de Contas dos Municípios do Estado de Goiás, por
</p>
<p>meio do Acórdão nº 06900/2017 suspendeu cautelarmente o contrato firmado entre
</p>
<p>o Município de Itaguaru e o escritório Hidasi e Aires Advogados (fls. 82/88). 
</p>
<p>- O Prefeito do Município de Itaguaru/GO noticiou a suspensão
</p>
<p>do  contrato  de  serviços  advocatícios  celebrado com o escritório  Hidasi  e  Aires
</p>
<p>Advogados, em obediência ao acórdão do TCM/GO (fl. 96).
</p>
<p>-  O  Tribunal  Regional  Federal  da  3ª  Região,  em  decisão
</p>
<p>monocrática  cautelar  tomada  nos  autos  da  ação  rescisória  nº  5006325-
</p>
<p>85.2017.4.03.0000,  suspendeu  a  eficácia  das  decisões  proferidas  na  ACP
</p>
<p>nº  1999.61.00.050616-0,  bem  como  de  todas  as  execuções  dele  derivadas
</p>
<p>(fls. 98/140).
</p>
<p>- O Ministério Público do Estado de Goiás e o Ministério Público
</p>
<p>junto ao Tribunal de Contas dos Municípios do Estado de Goiás firmaram acordo
</p>
<p>interinstitucional para acompanhar a evolução da ACP nº  1999.61.00.050616-0 e
</p>
<p>articular atuação para garantir a correta aplicação dos recursos do FUNDEF que
</p>
<p>sejam eventualmente destinados aos Municípios de Goiás por  força de decisão
</p>
<p>judicial (fls. 147/148).
</p>
<p>É o relato necessário.
</p>
<p>4. Não há dúvidas de que os recursos vinculados ao extinto Fundo
</p>
<p>de Manutenção e Desenvolvimento do Ensino Fundamental e de Valorização do
</p>
<p>Magistério  possuem  destinação  específica,  nos  termos  do  artigo  21  da  Lei
</p>
<p>11.494/2007 e do artigo 60 do ADCT da Constituição Federal. 
</p>
<p>5. Portanto, eventual utilização de parte de tais valores, ainda que
</p>
<p>recebidos  por  meio  de  precatórios  judiciais,  para  pagamento  de  honorários
</p>
<p>advocatícios, seria manifestamente ilegal e poderia ensejar a responsabilização de</p>
<p />
</div>
<div class="page"><p />
<p>MINISTÉRIO PÚBLICO FEDERAL
PROCURADORIA DA REPÚBLICA EM GOIÁS
</p>
<p>17º OFÍCIO
</p>
<p>gestores frente a Lei de Improbidade Administrativa.
</p>
<p>6. Dessa  forma,  a  representação  formalizada  pelo  ilustre
</p>
<p>Procurador-Geral  de  Contas  do  TCM/GO  é  louvável  e  foi  importante  para
</p>
<p>obstaculizar na origem uma sequência de contratações irregulares que poderia ter
</p>
<p>alcançado todos os municípios do Estado de Goiás.
</p>
<p>7. Contudo, verifico a ausência de motivos para o prosseguimento
</p>
<p>da presente investigação, pois o contrato firmado entre o Município de Itaguaru com
</p>
<p>o escritório Hidasi e Aires Advogados foi suspenso até decisão ulterior do TCM/GO
</p>
<p>e não irá gerar efeitos jurídicos ou financeiros.
</p>
<p>8. Ademais, em virtude da r. Decisão do TRF 3 às fls. 98/140, os
</p>
<p>efeitos  das  decisões  tomadas  na  ACP  nº  1999.61.00.050616-0  foram  todos
</p>
<p>suspensos  e  foi  reinaugurada  a  discussão  acerca  da  existência  de  diferenças
</p>
<p>financeiras do FUNDEF que possam ser futuramente destinadas aos municípios
</p>
<p>goianos.  Importante  registrar  que  Goiás  jamais  recebeu  complementação  do
</p>
<p>FUNDEF e, portanto, um novo exame da questão pode resultar no afastamento do
</p>
<p>suposto direito de recebimento de diferenças de exercícios anteriores.
</p>
<p>9. Caso  seja  restabelecida  a  eficácia  executiva  de  decisões
</p>
<p>proferidas na referida ACP, dificilmente haverá possibilidade de desvio de parte dos
</p>
<p>recursos  a  escritórios  advocatícios,  em  razão  da  vigilância  que  passou  a  ser
</p>
<p>exercida pelo Ministério Público do Estado de Goiás e do MP junto ao TCM/GO,
</p>
<p>formalizada no ato interinstitucional de fls. 141/148.
</p>
<p>10. Na  eventual  hipótese  de  violação  da  Lei  de  Improbidade
</p>
<p>Administrativa ou outra irregularidade que enseje a atuação do Parquet  federal, a
</p>
<p>atuação poderá ser desenvolvida em instrumento próprio. 
</p>
<p>Destarte, determino: a) o  arquivamento deste Procedimento</p>
<p />
</div>
<div class="page"><p />
<p>MINISTÉRIO PÚBLICO FEDERAL
PROCURADORIA DA REPÚBLICA EM GOIÁS
</p>
<p>17º OFÍCIO
</p>
<p>Preparatório; b) a comunicação da presente decisão ao MP junto ao TCM/GO, ao
Município  de  Itaguaru;  c)  a  remessa do  procedimento  à  1ª  Câmara  de
Coordenação  e  Revisão,  para  apreciação  desta  decisão  de  arquivamento,
</p>
<p>conforme o art. 17, § 2º da Resolução 87/10 do Conselho Nacional do Ministério
</p>
<p>Público.
</p>
<p>Goiânia, 23 de novembro de 2017.
</p>
<p>MARCELLO SANTIAGO WOLFF
Procurador da República</p>
<p />
</div>
</body></html>