<?xml version="1.0" encoding="UTF-8"?>
<html xmlns="http://www.w3.org/1999/xhtml">
<head>
<meta name="pdf:PDFVersion" content="1.4" />
<meta name="pdf:docinfo:title" content="petição normal" />
<meta name="xmp:CreatorTool" content="Writer" />
<meta name="access_permission:modify_annotations" content="true" />
<meta name="access_permission:can_print_degraded" content="true" />
<meta name="tika_batch_fs:relative_path" content="80880466.pdf" />
<meta name="language" content="pt-BR" />
<meta name="dcterms:created" content="2018-03-15T15:43:15Z" />
<meta name="dc:format" content="application/pdf; version=1.4" />
<meta name="pdf:docinfo:creator_tool" content="Writer" />
<meta name="access_permission:fill_in_form" content="true" />
<meta name="pdf:encrypted" content="false" />
<meta name="dc:title" content="petição normal" />
<meta name="Content-Length" content="98302" />
<meta name="X-TIKA:digest:MD5" content="796023e41e735bcffd7cb200e5485b21" />
<meta name="Content-Type" content="application/pdf" />
<meta name="X-Parsed-By" content="org.apache.tika.parser.DefaultParser" />
<meta name="X-Parsed-By" content="org.apache.tika.parser.pdf.PDFParser" />
<meta name="dc:language" content="pt-BR" />
<meta name="meta:creation-date" content="2018-03-15T15:43:15Z" />
<meta name="created" content="Thu Mar 15 12:43:15 BRT 2018" />
<meta name="access_permission:extract_for_accessibility" content="true" />
<meta name="access_permission:assemble_document" content="true" />
<meta name="xmpTPg:NPages" content="3" />
<meta name="Creation-Date" content="2018-03-15T15:43:15Z" />
<meta name="resourceName" content="80880466.pdf" />
<meta name="access_permission:extract_content" content="true" />
<meta name="access_permission:can_print" content="true" />
<meta name="tika:file_ext" content="pdf" />
<meta name="producer" content="LibreOffice 4.3" />
<meta name="access_permission:can_modify" content="true" />
<meta name="pdf:docinfo:producer" content="LibreOffice 4.3" />
<meta name="pdf:docinfo:created" content="2018-03-15T15:43:15Z" />
<title>petição normal</title>
</head>
<body><div class="page"><p />
<p>PRM-RVD-GO-          /2018
</p>
<p>MINISTÉRIO PÚBLICO FEDERAL
Procuradoria da República em Rio Verde/GO
</p>
<p>2º Ofício
</p>
<p>PP n° 1.18.000.002585/2017-69
</p>
<p>PROMOÇÃO DE ARQUIVAMENTO
</p>
<p>1. Trata-se de Procedimento  Preparatório  instaurado  para
</p>
<p>apurar notícia contida em representação formulada pelo Ministério Público junto ao
</p>
<p>Tribunal de Contas dos Municípios/GO acerca da contratação irregular, pelo município
</p>
<p>de  Porteirão/Goiás,  de  serviços  advocatícios  para  reaver  valores  relativos  ao
</p>
<p>FUNDEF,  cujas  diferenças  teriam  sido  reconhecidas  na  ação  civil  pública  nº
</p>
<p>1999.61.00.050616-0,  ajuizada  pela  Procuradoria  da República  no  Estado  de  São
</p>
<p>Paulo.
</p>
<p>2. Segundo  o  Representante,  tal  situação  seria
</p>
<p>manifestamente ilegal,  apresentando potencial  de lesão significativa ao erário,  pois
</p>
<p>ensejaria a utilização de pelo menos 10 a 20% dos valores devidos ao FUNDEF para
</p>
<p>o pagamento de honorários advocatícios, contrariando a legislação de regência.
</p>
<p>3. Quanto  ao  tema,  considero  importante  destacar  os
</p>
<p>seguintes desdobramentos recentes:
</p>
<p>-  O  Tribunal  de  Contas  da  União,  em  seu  acórdão
</p>
<p>1824/2017,  reconheceu  a  manifesta  ilegalidade  da  eventual
</p>
<p>destinação de parcela das verbas oriundas de pagamento de
</p>
<p>precatórios relativos a diferenças na complementação devida
</p>
<p>pela  União,  no  âmbito  do  FUNDEF,  para  o  pagamento  de
</p>
<p>honorários  advocatícios  ou  outras  finalidades  alheias  à
</p>
<p>manutenção e desenvolvimento da educação;
</p>
<p>-  O  Tribunal  de  Contas  dos  Municípios  do  Estado  de
</p>
<p>Goiás,  por  meio  de  Acórdão  07066/2017  suspendeu
</p>
<p>cautelarmente  o  contrato  firmado  entre  o  Município  de
</p>
<p>Porteirão e o escritório Castro e Dantas Advogados.</p>
<p />
</div>
<div class="page"><p />
<p>MINISTÉRIO PÚBLICO FEDERAL
2/3
</p>
<p>-  O  Prefeito  do  Município  de  Porteirão  noticiou  a
</p>
<p>suspensão  do  contrato  de  serviços  advocatícios  celebrado
</p>
<p>com o escritório Castro e Dantas Advogados, em obediência
</p>
<p>ao acórdão do TCM/GO.
</p>
<p> - O Tribunal Regional Federal da 3ª Região, em decisão
</p>
<p>monocrática cautelar tomada nos autos da ação rescisória nº
</p>
<p>5006325-85.2017.4.03.0000,  suspendeu  a  eficácia  das
</p>
<p>decisões  proferidas  na  ACP  nº  1999.61.00.050616-0,  bem
</p>
<p>como de todas as execuções dele derivadas.
</p>
<p>- O Ministério Público do Estado de Goiás e o Ministério
</p>
<p>Público junto ao Tribunal de Contas dos Municípios do Estado
</p>
<p>de Goiás firmaram acordo interinstitucional para acompanhar
</p>
<p>a  evolução  da  ACP  nº  1999.61.00.050616-0  e  articular
</p>
<p>atuação  para  garantir  a  correta  aplicação  dos  recursos  do
</p>
<p>FUNDEF que sejam eventualmente destinados aos Municípios
</p>
<p>de Goiás por força de decisão judicial.
</p>
<p>4. É o relato necessário.
</p>
<p>5. Não há dúvidas de que os recursos vinculados ao extinto
</p>
<p>Fundo de Manutenção e Desenvolvimento do Ensino Fundamental e de Valorização
</p>
<p>do  Magistério  possuem  destinação  específica,  nos  termos  do  artigo  21  da  Lei
</p>
<p>11.494/2007 e do artigo 60 do ADCT da Constituição Federal.
</p>
<p>6. Portanto,  eventual  utilização  de  parte  de  tais  valores,
</p>
<p>ainda que recebidos por meio de precatórios judiciais, para pagamento de honorários
</p>
<p>advocatícios, seria manifestamente ilegal e poderia ensejar a responsabilização de
</p>
<p>gestores frente a Lei de Improbidade Administrativa.
</p>
<p>7. Dessa  forma,  a  representação  formalizada  pelo  ilustre
</p>
<p>Procurador-Geral de Contas do TCM/GO é louvável e foi importante para obstaculizar
</p>
<p>na  origem  uma sequência  de  contratações  irregulares  que  poderia  ter  alcançado
</p>
<p>todos os municípios do Estado de Goiás.
</p>
<p>8. Contudo,  verifico  a  ausência  de  motivos  para  o
</p>
<p>prosseguimento da presente investigação, pois o contrato firmado entre o Município</p>
<p />
</div>
<div class="page"><p />
<p>MINISTÉRIO PÚBLICO FEDERAL
3/3
</p>
<p>de  Porteirão/GO  com  o  escritório  Castro  e  Dantas  Advogados  foi  suspenso  até
</p>
<p>decisão ulterior do TCM/GO e não gerará efeitos jurídicos ou financeiros.
</p>
<p>9. Ademais, em virtude da r. Decisão do TRF 3, os efeitos
</p>
<p>das decisões tomadas na ACP nº 1999.61.00.050616-0 foram todos suspensos e
foi  reinaugurada  a  discussão  acerca  da  existência  de  diferenças  financeiras  do
</p>
<p>FUNDEF  que  possam  ser  futuramente  destinadas  aos  municípios  goianos.
</p>
<p>Importante  registrar  que  Goiás  jamais  recebeu  complementação  do  FUNDEF  e,
</p>
<p>portanto, um novo exame da questão pode resultar no afastamento do suposto direito
</p>
<p>de recebimento de diferenças de exercícios anteriores.
</p>
<p>10. Caso seja restabelecida a eficácia executiva de decisões
</p>
<p>proferidas na referida ACP, dificilmente haverá possibilidade de desvio de parte dos
</p>
<p>recursos a escritórios advocatícios, em razão da vigilância que passou a ser exercida
</p>
<p>pelo Ministério Público do Estado de Goiás e do MP junto ao TCM/GO, formalizada
</p>
<p>no ato interinstitucional.
</p>
<p>11. Na eventual hipótese de violação da Lei de Improbidade
</p>
<p>Administrativa ou outra irregularidade que enseje a atuação do  Parquet  federal,  a
</p>
<p>atuação poderá ser desenvolvida em instrumento próprio.
</p>
<p>12. Destarte, determino:
</p>
<p> a) o arquivamento deste Procedimento Preparatório;
</p>
<p>b) a comunicação da presente decisão ao MP junto ao
TCM/GO; 
</p>
<p>c)  após,  a  remessa  do procedimento à 1ª Câmara de
Coordenação e Revisão, para apreciação desta decisão de arquivamento, conforme o
</p>
<p>art. 17, § 2º da Resolução 87/10 do Conselho Nacional do Ministério Público.
</p>
<p>Rio Verde/GO, 15 de março de 2018.
</p>
<p>SÉRGIO DE ALMEIDA CIPRIANO 
Procurador da República</p>
<p />
</div>
</body></html>