<?xml version="1.0" encoding="UTF-8"?>
<html xmlns="http://www.w3.org/1999/xhtml">
<head>
<meta name="date" content="2018-02-21T13:50:23Z" />
<meta name="pdf:PDFVersion" content="1.4" />
<meta name="access_permission:modify_annotations" content="true" />
<meta name="access_permission:can_print_degraded" content="true" />
<meta name="tika_batch_fs:relative_path" content="81094523.pdf" />
<meta name="dcterms:created" content="2018-02-21T13:50:23Z" />
<meta name="Last-Modified" content="2018-02-21T13:50:23Z" />
<meta name="dcterms:modified" content="2018-02-21T13:50:23Z" />
<meta name="dc:format" content="application/pdf; version=1.4" />
<meta name="Last-Save-Date" content="2018-02-21T13:50:23Z" />
<meta name="access_permission:fill_in_form" content="true" />
<meta name="pdf:docinfo:modified" content="2018-02-21T13:50:23Z" />
<meta name="meta:save-date" content="2018-02-21T13:50:23Z" />
<meta name="pdf:encrypted" content="false" />
<meta name="modified" content="2018-02-21T13:50:23Z" />
<meta name="Content-Length" content="60389" />
<meta name="X-TIKA:digest:MD5" content="ce48bf477d9f58936e5203f99599b81f" />
<meta name="Content-Type" content="application/pdf" />
<meta name="X-Parsed-By" content="org.apache.tika.parser.DefaultParser" />
<meta name="X-Parsed-By" content="org.apache.tika.parser.pdf.PDFParser" />
<meta name="meta:creation-date" content="2018-02-21T13:50:23Z" />
<meta name="created" content="Wed Feb 21 10:50:23 BRT 2018" />
<meta name="access_permission:extract_for_accessibility" content="true" />
<meta name="access_permission:assemble_document" content="true" />
<meta name="xmpTPg:NPages" content="3" />
<meta name="Creation-Date" content="2018-02-21T13:50:23Z" />
<meta name="resourceName" content="81094523.pdf" />
<meta name="access_permission:extract_content" content="true" />
<meta name="access_permission:can_print" content="true" />
<meta name="tika:file_ext" content="pdf" />
<meta name="producer" content="iText® 5.5.9 ©2000-2015 iText Group NV (AGPL-version); modified using iText® 5.5.9 ©2000-2015 iText Group NV (AGPL-version)" />
<meta name="access_permission:can_modify" content="true" />
<meta name="pdf:docinfo:producer" content="iText® 5.5.9 ©2000-2015 iText Group NV (AGPL-version); modified using iText® 5.5.9 ©2000-2015 iText Group NV (AGPL-version)" />
<meta name="pdf:docinfo:created" content="2018-02-21T13:50:23Z" />
<title></title>
</head>
<body><div class="page"><p />
<p> 
PP nº 1.23.000.002647/2017-72
</p>
<p> 
 
</p>
<p>DESPACHO DE ARQUIVAMENTO
 
</p>
<p>Trata-se de Procedimento Preparatório instaurado a partir da manifestação nº
</p>
<p>20170073368, por meio da qual LUDEMILDO RODRIGUES DOS SANTOS JUNIOR relata:
 
</p>
<p>QUE seu nome figurava entre os aptos a conseguirem, pelo FIES, uma
vaga no curso de Medicina da FAMAZ; QUE houve uma vaga
remanescente que seria disputada entre os candidatos aptos no dia
18/09/2017, às 10 da manhã; QUE, no entanto, a vaga não foi oferecida,
e foi mostrada no site como preenchida por uma candidata que estava na
122ª colocação entre os classificados, ALESSANDRA DO ROSARIO
BRITO; QUE, ao questionar a direção da FAMAZ, foi
informado que essa vaga foi destinada a ALESSANDRA por ter a
faculdade cumprido ordem judicial prolatada pelo Superior Tribunal de
Justiça em autos de mandado de segurança (nº 23.563 ? DF
2017/0125425-9) impetrado por ALESSANDRA; QUE, ao consultar o
mencionado processo, verificou que, diferentemente do que foi dito pela
direção da FAMAZ, a decisão foi denegatória; QUE acredita que
ALESSANDRA conseguiu a vaga de forma irregular; QUE o declarante,
juntamente aos demais candidatos, sentiu-se lesado pela falta de
informação e transparência no processo; QUE acredita que, se
ALESSANDRA realmente fizesse jus a uma vaga, via ação judicial,
ainda assim, deveria ser originada uma nova vaga, e não ocupada uma
das quais os demais candidatos estavam no aguardo.
</p>
<p> 
</p>
<p>Instada a se manifestar, a FAMAZ informou que o preenchimento da vaga pela
</p>
<p>candidata ALESSANDRA DO ROSARIO BRITO decorreu de sentença proferida pelo Juízo da
</p>
<p>2ª Vara da Seção Judiciária do Estado do Pará, nos autos nº 1001599-33.2017.4.01.390.
</p>
<p>É o relatório.
</p>
<p>Pois bem, da análise dos autos, observo que não há irregularidade a ser
</p>
<p>sanada no contexto destes fatos.
</p>
<p>PR-PA-00007964/2018     
</p>
<p>MINISTÉRIO PÚBLICO FEDERAL
Procuradoria da República no Pará
</p>
<p>PROCURADORIA DA
REPUBLICA -
PARA/CASTANHAL
</p>
<p>Travessa Rua Dom Romualdo De Seixas Nº 1476 Ed.
Evolution, Umarizal - Cep 66055200 - Belém-PA
</p>
<p>Tel. (91)32990111 – Fax: – Email:Prpa-belem@mpf.mp.br
</p>
<p>Pág. 1 de 3</p>
<p />
</div>
<div class="page"><p />
<p>O manifestante instruiu a manifestação inicial com cópia da decisão proferida pelo
</p>
<p>Superior tribunal de Justiça nos autos nº Nº 23.563 - DF (2017/0125425-9), em que figurava
</p>
<p>como impetrante ALESSANDRA DO ROSARIO BRITO e, como impetrado, MINISTRO DE
</p>
<p>ESTADO DA EDUCAÇÃO. Na referida decisão, datada de 02/06/2017, foi denegada a
</p>
<p>segurança, nos seguintes termos:
 
Como visto, a impetrante sustenta que as portarias editadas pela
autoridade apontada como coatora restringiram o acesso de estudantes
ao Fies, sem estabelecer "regras de transição", razão pela qual, em seu
entender, esses atos normativos violaram o princípio da segurança
jurídica e, consequentemente, devem ser declarados inconstitucionais.
Em outras palavras, o writ se volta contra atos normativos genéricos e
abstratos, o que atrai a incidência da Súmula 266/STF, assim redigida:
"Não cabe mandado de segurança contra lei em tese".
(?)
Com essas considerações, denego o mandado de segurança, com base
no art. 6º, § 5º, da Lei nº 12.016/09.
</p>
<p> 
</p>
<p>Ocorre que, conforme esclarecido pela FAMAZ, em sua resposta, observa-se que,
</p>
<p>na data de 25/10/2017, foi proferida sentença pelo Juízo da 2ª Vara Federal Cível da Justiça
</p>
<p>Federal no Estado do Pará, nos autos do Mandado de Segurança nº 1001599-33.2017.4.01.3900,
</p>
<p>impetrado por ALESSANDRA DO ROSÁRIO BRITO contra o DIRETOR GERAL FNDE,
</p>
<p>PRESIDENTE DA CPSA DO INSTITUTO EURO AMERICANO, UNIÃO FEDERAL,
</p>
<p>FUNDO NACIONAL DE DESENVOLVIMENTO DA EDUCAÇÃO, em que foi deferido o
</p>
<p>pleito. Confira-se:
</p>
<p> 
(...)
Contudo, observo que a Impetrante logrou comprovar que durante o
período fixado no cronograma do processo seletivo de vagas
remanescentes de 25/03 a 22/05, ocorreram diversas indisponibilidades
no sistema impedindo que a mesma levasse adiante os procedimentos
para sua inscrição.
Desse modo, tenho que a estudante não pode ficar prejudicada por falhas
no sistema que a impediram de concluir as etapas necessárias ao
processo de conclusão de sua inscrição, advindo daí a existência de
direito líquido de certo à contratação, desde que atenda as demais regras
do programa.
DISPOSITIVO
Diante do exposto, concedo a segurança pleiteada para determinar a
reabertura do SISFIES visando a contratação do financiamento, desde
que preenchidos os requisitos do programa.
</p>
<p>PR-PA-00007964/2018     
</p>
<p>MINISTÉRIO PÚBLICO FEDERAL
Procuradoria da República no Pará
</p>
<p>PROCURADORIA DA
REPUBLICA -
PARA/CASTANHAL
</p>
<p>Travessa Rua Dom Romualdo De Seixas Nº 1476 Ed.
Evolution, Umarizal - Cep 66055200 - Belém-PA
</p>
<p>Tel. (91)32990111 – Fax: – Email:Prpa-belem@mpf.mp.br
</p>
<p>Pág. 2 de 3</p>
<p />
</div>
<div class="page"><p />
<p> 
</p>
<p>Desse modo, considerando que a vaga foi ocupada pela candidata ALESSANDRA
</p>
<p>DO ROSARIO BRITO em decorrência de decisão judicial, verifica-se que inexiste fundamento
</p>
<p>para a propositura de ação civil ou para a adoção de qualquer das medidas previstas no art. 4º, I,
</p>
<p>III e IV, da Resolução n.º 87/2006, do Conselho Superior do Ministério Público Federal, pelo
</p>
<p>que determino o ARQUIVAMENTO do presente procedimento preparatório, nos termos
</p>
<p>do art. 9° da Lei n° 7347/85 e do art. 17, caput, da Resolução n.º 87/2006, do CSMPF.
</p>
<p>Que o representante seja cientificado deste despacho, ressaltando que é
</p>
<p>possível a apresentação de recurso desta decisão, no prazo de 10 (dez) dias, caso
</p>
<p>entenda necessário, sem a necessidade de contratação de advogado particular para o
</p>
<p>ato.
</p>
<p>Cientifique-se a FAMAZ.
</p>
<p>Após, encaminhe-se o feito para a 1ª Câmara de Coordenação e Revisão, nos
</p>
<p>termos da Portaria PGR/MPF nº 653, de 30/10/2012, para a análise desta promoção de
</p>
<p>arquivamento.
</p>
<p>Belém/PA, 21 de fevereiro de 2018
 
</p>
<p> 
</p>
<p>- Assinatura Eletrônica -
MARCELO SANTOS CORREA
</p>
<p>Procurador da República
</p>
<p>PR-PA-00007964/2018     
</p>
<p>MINISTÉRIO PÚBLICO FEDERAL
Procuradoria da República no Pará
</p>
<p>PROCURADORIA DA
REPUBLICA -
PARA/CASTANHAL
</p>
<p>Travessa Rua Dom Romualdo De Seixas Nº 1476 Ed.
Evolution, Umarizal - Cep 66055200 - Belém-PA
</p>
<p>Tel. (91)32990111 – Fax: – Email:Prpa-belem@mpf.mp.br
</p>
<p>Pág. 3 de 3</p>
<p />
</div>
</body></html>