<?xml version="1.0" encoding="UTF-8"?>
<html xmlns="http://www.w3.org/1999/xhtml">
<head>
<meta name="date" content="2018-02-07T19:34:35Z" />
<meta name="pdf:PDFVersion" content="1.4" />
<meta name="access_permission:modify_annotations" content="true" />
<meta name="access_permission:can_print_degraded" content="true" />
<meta name="tika_batch_fs:relative_path" content="81205621.pdf" />
<meta name="dcterms:created" content="2018-02-07T19:34:34Z" />
<meta name="Last-Modified" content="2018-02-07T19:34:35Z" />
<meta name="dcterms:modified" content="2018-02-07T19:34:35Z" />
<meta name="dc:format" content="application/pdf; version=1.4" />
<meta name="Last-Save-Date" content="2018-02-07T19:34:35Z" />
<meta name="access_permission:fill_in_form" content="true" />
<meta name="pdf:docinfo:modified" content="2018-02-07T19:34:35Z" />
<meta name="meta:save-date" content="2018-02-07T19:34:35Z" />
<meta name="pdf:encrypted" content="false" />
<meta name="modified" content="2018-02-07T19:34:35Z" />
<meta name="Content-Length" content="75682" />
<meta name="X-TIKA:digest:MD5" content="ce7c7131dbe3d95fe5e39a53c6098ad7" />
<meta name="Content-Type" content="application/pdf" />
<meta name="X-Parsed-By" content="org.apache.tika.parser.DefaultParser" />
<meta name="X-Parsed-By" content="org.apache.tika.parser.pdf.PDFParser" />
<meta name="meta:creation-date" content="2018-02-07T19:34:34Z" />
<meta name="created" content="Wed Feb 07 17:34:34 BRST 2018" />
<meta name="access_permission:extract_for_accessibility" content="true" />
<meta name="access_permission:assemble_document" content="true" />
<meta name="xmpTPg:NPages" content="4" />
<meta name="Creation-Date" content="2018-02-07T19:34:34Z" />
<meta name="resourceName" content="81205621.pdf" />
<meta name="access_permission:extract_content" content="true" />
<meta name="access_permission:can_print" content="true" />
<meta name="tika:file_ext" content="pdf" />
<meta name="producer" content="iText® 5.5.9 ©2000-2015 iText Group NV (AGPL-version); modified using iText® 5.5.9 ©2000-2015 iText Group NV (AGPL-version)" />
<meta name="access_permission:can_modify" content="true" />
<meta name="pdf:docinfo:producer" content="iText® 5.5.9 ©2000-2015 iText Group NV (AGPL-version); modified using iText® 5.5.9 ©2000-2015 iText Group NV (AGPL-version)" />
<meta name="pdf:docinfo:created" content="2018-02-07T19:34:34Z" />
<title></title>
</head>
<body><div class="page"><p />
<p> 
Procedimento Preparatório nº 1.14.002.000224/2017-15
 
 
 
</p>
<p>Promoção de Arquivamento
 
</p>
<p>Trata-se de procedimento preparatório instaurado para apurar
possíveis desvios de finalidades em remoções de servidores do Instituto Federal
Baiano (IF Baiano).
</p>
<p>As investigações foram iniciadas em decorrência de representação
formulada por Perecles Brito Batista, professor EBTT do Instituto Federal Baiano
(IF Baiano), Campus de Senhor do Bonfim-BA (fls. 01/62).
</p>
<p>Em atendimento a requisição desta Procuradoria da República, o
Instituto Federal de Educação, Ciência e Tecnologia Baiano – IFBAIANO prestou as
seguintes informações (fls. 77/81):
</p>
<p>• que no Edital nº 32/2015 foram ofertadas 05 vagas para a área de
zootecnia, sendo 02 para o Campus Catu, 01 para Itapetinga, 01 para o
Campus avançado Medeiros Neto, 01 para o Campus Santa Inês;
</p>
<p>• que no Edital n° 90/2015 foram ofertadas 02 vagas para a área de
zootecnia, para o Campus Serrinha;
</p>
<p>• que no Edital n° 68/2016 foram ofertadas 03 vagas para a área de
zootecnia, sendo 01 para o Campus Bom Jesus da Lapa, 01 para o Campus
Guanambi e 01 para o Campus Valença;
</p>
<p>• que em 2017 foi aberto o processo seletivo de intenção de remoção, a
pedido, para servidores ocupantes de cargo efetivo de Técnico-
Administrativos e para Professores do Ensino Básico, Técnico e Tecnológico,
no âmbito deste Instituto;
</p>
<p>• que o professor Perecles Brito ficou classificado como suplente no Edital n°
32/2015 para o Campus Itapetinga, sendo que só havia 01 vaga e que
atualmente está classificado em 2° lugar no processo Seletivo de Intenção de
Remoção de Servidores Docentes do Instituto Federal Baiano, conforme
Edital nº 99/2017;
</p>
<p>• que a remoção da professora Jussara Telma dos Santos para o campus
Guanambi atendeu à obrigatoriedade de ofertar a vaga do Campus Guanambi
à referida servidora Jussara, em cumprimento ao constante na NOTA Nº
059/2016/AOU-POF-PF/IF BAIANO, a qual determina que seja oferecida a
</p>
<p>    
</p>
<p>MINISTÉRIO PÚBLICO FEDERAL
PROCURADORIA DA REPÚBLICA DO MUNICÍPIO EM CAMPO FORMOSO-BA
</p>
<p>GABINETE DO PROCURADOR DA PRM/CAMPO FORMOSO
</p>
<p>Pág. 1 de 4</p>
<p />
</div>
<div class="page"><p />
<p>vaga a todos os candidatos já nomeados para a área objeto de provimento
que no caso foi a área de zootecnia no concurso público;
</p>
<p>• que a remoção da professora Rosimira dos Santos Amaral, do Campus
Guanambi para o Campus Itapetinga, decorreu da aprovação no processo
seletivo para remoção (Edital nº 32/2015) e só foi possível após o aceite da
servidora Jussara em ir para o Campus Guanambi;
</p>
<p>• que o pedido de remoção da professora Morgana Mateus Santos do Campus
Guanambi para o Campus Senhor do Bonfim esbarrou em óbice legal, haja
vista que o edital do certame, em seu item 19.8, estabelece a vedação de
pedidos de remoção e redistribuição durante o estágio probatório;
</p>
<p>• que as remoções no âmbito do IF Baiano são disciplinadas pela
Resolução/CONSUP nº 18, de 14 de outubro de 2014, e suas alterações
através da Resolução/CONSUP nº 28, de 24 de novembro de 2015, e que os
pedidos de remoção de Perecles Brito observou aos ditames da referida
norma legal;
</p>
<p>• que em relação ao pedido de remoção do professor Perecles Brito por
motivo de saúde de pessoa da família, a Coordenação de Atenção à Saúde e
Qualidade de Vida reconheceu que houve falha no procedimento de entrega
do Laudo médico ao servidor, o que justifica o seu inconformismo com a
situação, esclarecendo que a autoridade competente para definir se o
servidor deve ser ou não removido por motivo de saúde ou por motivo de
saúde de pessoa da família, é única e exclusivamente da junta médica.
</p>
<p>As informações prestadas pelo IFBAIANO vieram acompanhadas de
documentos (fls. 82/132).
</p>
<p>No despacho de fls. 135/136, determinou-se a prorrogação do prazo
de tramitação dos autos por mais 90 (noventa) dias e a requisição de outros
documentos ao IFBAIANO, ao tempo em que foram juntados aos autos os
resultados dos processos de remoção referentes aos Editais nsº 32/2015, 90/2015
e 68/2016, bem como o resultado do processo de intenção de remoção referente
ao Edital nº 99/2017, promovidos pelo IFBAIANO.
</p>
<p>Oficiado, o IFBAIANO encaminhou os documentos requisitados (fls.
146/179).
</p>
<p>Eis o relato do essencial.
</p>
<p>Entendo que o feito merece ser arquivado.
</p>
<p>Inicialmente, cumpre ressaltar ser função institucional do Ministério
Público a defesa da ordem jurídica, do regime democrático, dos interesses sociais e
individuais indisponíveis, observados os princípios da legalidade, impessoalidade,
moralidade, publicidade e eficiência, nos termos dos arts. 127 e 129 da
Constituição Federal e do art. 5º, inciso I, da LC nº75/93.
</p>
<p>Nessa mesma linha, é atribuição do Ministério Público Federal
fiscalizar possíveis irregularidades envolvendo autarquia federal (IFBAIANO), nos
termos dos arts. 109 e 129 da Constituição Federal, assim como do art. 39, inciso
II, da Lei Complementar nº 75/1993.
</p>
<p>Pág. 2 de 4</p>
<p />
</div>
<div class="page"><p />
<p>Feitas essa considerações, no presente caso, é forçoso reconhecer a
ausência de irregularidade a ser corrigida pelo Ministério Público Federal, posto que
as informações e os documentos trazidos pelo IFBAIANO, por ora, revelam a
inexistência de qualquer irregularidade, perseguição ou favorecimento nos
processos de remoção de professores.
</p>
<p>Com efeito, ficou comprovado que o IFBAIANO realizou vários
processos de remoção de docentes no período de 2015 a 2017; que no processo de
remoção referente ao Edital nº 32/2015, o representante Perecles Brito ficou
classificado na 2ª colocação para o Campus de Itapetinga; que no processo de
remoção referente ao Edital nº 68/2016, dentre as vagas de professor de zootecnia
ofertadas para os Campus de Bom Jesus da Lapa, Guanambi e Valença, houve
apenas uma classificação para o Campus de Valença; e que no processo de
intenção de remoção referente ao Edital nº 99/2017, o representante Perecles
Brito ficou classificado na 2ª colocação para o Campus de Itapetinga.
</p>
<p>Ademais, a remoção da professora Jussara Telma dos Santos se deu
em consonância com a orientação firmada na NOTA N.º 059/2016/AGU-PGF-PF/IF
BAIANO, que preconiza a disponibilização das vagas remanescentes da remoção
aos primeiros colocados no concurso público (ainda que já nomeados). Portanto, os
elementos de informação coligidos durante a instrução não evidenciam ilegalidade
no processo de remoção da Profª Jussara Telma, conforme se extrai dos autos do
processo nº 23327.000322/2017-28 (fls. 149/165).
</p>
<p>Por fim, no que concerne aos problemas/dificuldades na realização de
perícia na genitora do professor Perecles Brito pela junta médica do IF BAIANO,
convém ressaltar que os esclarecimentos prestados pela Coordenação de Atenção a
Saúde e Qualidade de Vida apontam a existência de limitação de recursos e
assinala as providências adotadas para superar as dificuldades existentes,
notadamente no que se refere à formação de juntas médicas no interior do Estado
(fls. 82/84), razão pelo qual não se vislumbra motivos para atuação do parquet
federal.
</p>
<p>Dessa forma, esgotadas as diligências cabíveis, é forçoso convir que
não há qualquer razão que justifique a continuidade da tramitação do presente
procedimento.
</p>
<p>Face ao exposto, determino, com base no art. 17 da Res. n.º 87/2006
do CSMPF, o ARQUIVAMENTO do presente feito.
</p>
<p>À Secretaria para:
</p>
<p>1. NOTIFICAR ao representante e ao IFBAIANO do presente
arquivamento, dando-lhe ciência ao primeiro da possibilidade de apresentar razões
escritas e/ou documentos, que serão juntados aos autos para apreciação, nos
termos do art. 9º, §2º, da Lei nº 7.347/85, até a data da realização da sessão
homologação ou rejeição do arquivamento (art. 17, §1º, da Res. n.º 87/2006, do
CSMPF);
</p>
<p>2. REMETER os autos, no prazo de 3 (três) dias, na forma do artigo
</p>
<p>Pág. 3 de 4</p>
<p />
</div>
<div class="page"><p />
<p>9º, § 1º, da Lei 7.347/85, à 1ª CCR (art. 17, §2º, da Res. n.º 87/2006, do
CSMPF).
</p>
<p> 
Campo Formoso, 7 de fevereiro de 2018.
</p>
<p> 
 
</p>
<p>(Assinado digitalmente)
Elton Luiz Freitas Moreira
</p>
<p>PROCURADOR DA REPÚBLICA
 
</p>
<p>Pág. 4 de 4</p>
<p />
</div>
</body></html>