<?xml version="1.0" encoding="UTF-8"?>
<html xmlns="http://www.w3.org/1999/xhtml">
<head>
<meta name="date" content="2018-08-30T20:11:05Z" />
<meta name="pdf:PDFVersion" content="1.4" />
<meta name="access_permission:modify_annotations" content="true" />
<meta name="access_permission:can_print_degraded" content="true" />
<meta name="tika_batch_fs:relative_path" content="81337192.p7s" />
<meta name="dcterms:created" content="2018-08-30T20:11:05Z" />
<meta name="Last-Modified" content="2018-08-30T20:11:05Z" />
<meta name="dcterms:modified" content="2018-08-30T20:11:05Z" />
<meta name="dc:format" content="application/pdf; version=1.4" />
<meta name="Last-Save-Date" content="2018-08-30T20:11:05Z" />
<meta name="access_permission:fill_in_form" content="true" />
<meta name="pdf:docinfo:modified" content="2018-08-30T20:11:05Z" />
<meta name="meta:save-date" content="2018-08-30T20:11:05Z" />
<meta name="pdf:encrypted" content="false" />
<meta name="modified" content="2018-08-30T20:11:05Z" />
<meta name="Content-Length" content="48654" />
<meta name="X-TIKA:digest:MD5" content="4169b7fae8554ffcc0753a7d81fa3313" />
<meta name="Content-Type" content="application/pdf" />
<meta name="X-Parsed-By" content="org.apache.tika.parser.DefaultParser" />
<meta name="X-Parsed-By" content="org.apache.tika.parser.pdf.PDFParser" />
<meta name="meta:creation-date" content="2018-08-30T20:11:05Z" />
<meta name="created" content="Thu Aug 30 17:11:05 BRT 2018" />
<meta name="access_permission:extract_for_accessibility" content="true" />
<meta name="access_permission:assemble_document" content="true" />
<meta name="xmpTPg:NPages" content="3" />
<meta name="Creation-Date" content="2018-08-30T20:11:05Z" />
<meta name="resourceName" content="81337192.p7s" />
<meta name="access_permission:extract_content" content="true" />
<meta name="access_permission:can_print" content="true" />
<meta name="tika:file_ext" content="p7s" />
<meta name="producer" content="iText® 5.5.9 ©2000-2015 iText Group NV (AGPL-version); modified using iText® 5.5.9 ©2000-2015 iText Group NV (AGPL-version)" />
<meta name="access_permission:can_modify" content="true" />
<meta name="pdf:docinfo:producer" content="iText® 5.5.9 ©2000-2015 iText Group NV (AGPL-version); modified using iText® 5.5.9 ©2000-2015 iText Group NV (AGPL-version)" />
<meta name="pdf:docinfo:created" content="2018-08-30T20:11:05Z" />
<title></title>
</head>
<body><div class="page"><p />
<p> 
 
 
 
 
 
 
 
Inquérito Civil nº. 1.24.005.000079/2017-98
Promoção de Arquivamento nº. 82/2018
 
 
 
 
 
</p>
<p>PROMOÇÃO DE ARQUIVAMENTO
 
</p>
<p> 
 
</p>
<p>Trata-se de Procedimento Preparatório autuado a partir de Declínio de Atribuição
</p>
<p>acerca de fatos apurados no bojo do IC n. 1.24.000.000343/2017-33, em trâmite na Procuradoria
</p>
<p>da República na Paraíba.
 
</p>
<p>De acordo com o Despacho n. 3885/2017, lavrado nos autos do citado Inquérito
</p>
<p>Civil, foram identificados 21 casos de ausência de prestações de contas do Programa
</p>
<p>Federal/FNDE "Dinheiro Direto na Escola - PDDE", em Municípios adstritos à PRM/Guarabira,
</p>
<p>são eles: Alagoinha (1 caso), Borborema (2 casos), Cacimba de Dentro (2 casos), Cuitegi (1
</p>
<p>caso), Guarabira (2 casos), Mulungu (1 caso), Pilões (3 casos), Pirpirituba (3 casos), Serraria (2
</p>
<p>casos), Sertãozinho (1 casos) e Solânea (3 casos). 
 
</p>
<p>Diante disso, pelo Despacho n. 538/2017, determinou-se a expedição de ofício
</p>
<p>para todas as escolas que estavam com pendência na prestação de contas, a fim de saber sobre a
</p>
<p>atual situação.
 
</p>
<p>Em resposta, verificou-se que boa parte das escolas apresentaram
</p>
<p>extemporaneamente as contas, muitas delas, inclusive, tendo sido aprovadas quanto
</p>
<p>à regularidade da gestão dos recursos. Entretanto, conforme bem ressaltado no Despacho n.
</p>
<p>34/2018, constatou-se a falta de resposta a algumas das requisições expedidas pelo MPF, sendo
</p>
<p>uma das principais causas o fechamento de algumas das escolas.
</p>
<p>PRM-GUA-PB-00001975/2018     
</p>
<p>MINISTÉRIO PÚBLICO FEDERAL
PROCURADORIA DA REPÚBLICA EM GUARABIRA/PB
</p>
<p>Rua Almeida Barreto, nº 48, Centro, CEP.: 58.200-000, Telefones: (83) 3271-6025, 3271-2127
</p>
<p>Pág. 1 de 3</p>
<p />
</div>
<div class="page"><p />
<p> 
</p>
<p>Em razão disso, foi determinada a expedição de ofício ao Secretário de Educação
</p>
<p>do Estado da Paraíba, com o fito de que informasse a situação atual das prestações das contas
</p>
<p>relativas às escolas:
 
1) E.E.E.F. JOAQUINA MOURA - PDDE BÁSICO 2014;
2) E.E.E.F. JOSÉ AMANCIO RAMALHO - PDDE MAIS EDUCAÇÃO 2014;
3) E.E.E.F. PERILO DE OLIVEIRA - PDDE BÁSICO 2013 e ESTRUTURA
</p>
<p>2014;
4) E.E.E.F. JOHN KENNEDY - PDDE MAIS EDUCAÇÃO 2014;
5) E.E.E.F. FRANCISCO JOSÉ LINS BONIFÁCIO - PDDE BÁSICO 2013 e
</p>
<p>2014 e PDDE MAIS EDUCAÇÃO 2013 e 2014;
6) E.E.E.F. MONSENHOR WALFREDO LEAL - PDDE MAIS EDUCAÇÃO
</p>
<p>2013 e 2014. 
 
</p>
<p>Após algumas reiterações, tendo a última sido entregue em mãos ao
</p>
<p>destinatário, o Secretário de Educação respondeu à requisição do MPF, por meio do Ofício n.
</p>
<p>1105/2018 SEE/PB.
 
</p>
<p>Das Informações da Secretaria Estadual, sobretudo do memorando
</p>
<p>47/2018, extrai-se que praticamente todas as contas foram apresentadas, restando unicamente
</p>
<p>duas contas indicadas como omissas: EEEF JHON KENNEDY (PDDE ESTRUTURA 2014) e
</p>
<p>EEEF FRANCISCO JOSÉ LINS BONIFÁCIO (MAIS EDUCAÇÃO 2014).
 
</p>
<p>Pois bem.
 
</p>
<p>Importante destacar que esse Procedimento Administrativo foi autuado para
</p>
<p>apurar supostas irregularidades (omissões), em razão da não apresentação de contas de recursos
</p>
<p>recebidos, no âmbito do PDDE/FNDE, por escolas da rede estadual de ensino.
 
</p>
<p>Com esse desiderato, primeiramente, este signatário determinou a reunião de
</p>
<p>informações quanto a apresentação ou não dessas contas, ainda que extemporânea, tendo em
</p>
<p>vista que foram detectados centenas de casos de omissão, no Estado da Paraíba. Partiu-se do
</p>
<p>pressuposto de não se tratar de dolo, nessas condutas visto a dimensão (generalização) em que
</p>
<p>se deu essas constatações na Paraíba.
 
</p>
<p>Expedidos esses ofícios, verificou-se que praticamente todas as contas listadas
</p>
<p>pela Secretaria de Educação como ausente de prestação de contas foram regularizadas, após a
</p>
<p>notificação dos gestores responsáveis.
 
</p>
<p>Outrossim, este membro do MPF entende que as sanções administrativas
</p>
<p>impostas aos gestores que não apresentaram as contas no prazo é suficiente à
</p>
<p>reprimenda/resposta do Estado à falta funcional. Nesses termos, em que pese a independência
</p>
<p>das instâncias administrativa, civil e criminal, não há razoabilidade em perseguir-se a
</p>
<p>Pág. 2 de 3</p>
<p />
</div>
<div class="page"><p />
<p>responsabilização nas áreas civil (Improbidade Administrativa) e criminal.
 
</p>
<p>Nesse sentir, além da repercussão patrimonial das condutas serem mínimas, não
</p>
<p>há nesses casos como aferir-se o elemento subjetivo (dolo) necessário a caracterizar atos de
</p>
<p>Improbidade Administrativa (art. 11, Lei n. 8.429/92) ou algum crime.
 
</p>
<p>Ante o exposto, considerando praticamente não mais haver o quadro de ausência
</p>
<p>de omissões de contas do PDDE, nos anos de 2013 e 2014, das escolas vinculadas à área de
</p>
<p>atribuição desta PRM, bem como sobre o entendimento da suficiência das sanções
</p>
<p>administrativas ao presente caso, PROMOVO O ARQUIVAMENTO do presente Inquérito
</p>
<p>Civil, submetendo esta decisão ao respectivo Órgão Revisor.
 
</p>
<p>Dispensada a comunicação ao interessado, visto se tratar de Órgão
</p>
<p>Público (Secretaria do Estado da Educação) que atua no dever do ofício, aplicação por analogia
</p>
<p>do art. 4, §2º da Res CNMP 174/2017).
 
</p>
<p>Cópia desta decisão valerá como Ofício de encaminhamento dos autos a 1ª
</p>
<p>Câmara de Coordenação e Revisão, via Único, conforme expediente gerado no rodapé.
 
 
 
Guarabira, data da assinatura digital.
 
 
 
</p>
<p>JOÃO RAPHAEL LIMA
PROCURADOR DA REPUBLICA
</p>
<p> 
 
 
 Oficio de encaminhamento dos autos via Único: 460/2018 (1ª CCR)
</p>
<p>Pág. 3 de 3</p>
<p />
</div>
</body></html>