<?xml version="1.0" encoding="UTF-8"?>
<html xmlns="http://www.w3.org/1999/xhtml">
<head>
<meta name="pdf:PDFVersion" content="1.4" />
<meta name="pdf:docinfo:title" content="MANDADO DE SEGURANÇA Nº 2001" />
<meta name="xmp:CreatorTool" content="Writer" />
<meta name="access_permission:modify_annotations" content="true" />
<meta name="access_permission:can_print_degraded" content="true" />
<meta name="dc:creator" content="Procuradoria da República-MG" />
<meta name="tika_batch_fs:relative_path" content="81394633.pdf" />
<meta name="language" content="pt-BR" />
<meta name="dcterms:created" content="2018-02-26T19:40:17Z" />
<meta name="dc:format" content="application/pdf; version=1.4" />
<meta name="pdf:docinfo:creator_tool" content="Writer" />
<meta name="access_permission:fill_in_form" content="true" />
<meta name="pdf:encrypted" content="false" />
<meta name="dc:title" content="MANDADO DE SEGURANÇA Nº 2001" />
<meta name="Content-Length" content="146658" />
<meta name="X-TIKA:digest:MD5" content="ba9ea535eb63ff03a88958e9532e54b0" />
<meta name="Content-Type" content="application/pdf" />
<meta name="pdf:docinfo:creator" content="Procuradoria da República-MG" />
<meta name="X-Parsed-By" content="org.apache.tika.parser.DefaultParser" />
<meta name="X-Parsed-By" content="org.apache.tika.parser.pdf.PDFParser" />
<meta name="creator" content="Procuradoria da República-MG" />
<meta name="dc:language" content="pt-BR" />
<meta name="meta:author" content="Procuradoria da República-MG" />
<meta name="meta:creation-date" content="2018-02-26T19:40:17Z" />
<meta name="created" content="Mon Feb 26 16:40:17 BRT 2018" />
<meta name="access_permission:extract_for_accessibility" content="true" />
<meta name="access_permission:assemble_document" content="true" />
<meta name="xmpTPg:NPages" content="10" />
<meta name="Creation-Date" content="2018-02-26T19:40:17Z" />
<meta name="resourceName" content="81394633.pdf" />
<meta name="access_permission:extract_content" content="true" />
<meta name="access_permission:can_print" content="true" />
<meta name="tika:file_ext" content="pdf" />
<meta name="Author" content="Procuradoria da República-MG" />
<meta name="producer" content="LibreOffice 5.2" />
<meta name="access_permission:can_modify" content="true" />
<meta name="pdf:docinfo:producer" content="LibreOffice 5.2" />
<meta name="pdf:docinfo:created" content="2018-02-26T19:40:17Z" />
<title>MANDADO DE SEGURANÇA Nº 2001</title>
</head>
<body><div class="page"><p />
<p>MINISTÉRIO PÚBLICO FEDERAL
PROCURADORIA DA REPÚBLICA EM MINAS GERAIS
</p>
<p>PP nº 1.22.007.000045/2017-58
</p>
<p>PROMOÇÃO DE ARQUIVAMENTO
</p>
<p>Trata-se de procedimento preparatório  instaurado a partir  de
</p>
<p>representação  do  Sr.  Victor  Henrique  Justino  França,  por  meio  do  qual  o
</p>
<p>representante alega supostas irregularidades no Concurso Público organizado
</p>
<p>pela  COPEVE  (Comissão  Permanente  de  Vestibular),  para  Técnico
</p>
<p>Administrativo  em  Educação  (TAE),  Edital  nº  050/2017,  da  Universidade
</p>
<p>Federal de Alfenas (Unifal-MG), para o cargo de jornalista (nível E).
</p>
<p>Segundo  o  representante,  não  houve  sorteio  dos  códigos
</p>
<p>usuários para o acesso aos computadores em que seriam realizadas a provas,
</p>
<p>conforme previsto no anexo VI do Edital, bem como não foram sorteados os
</p>
<p>dicionários para a prova escrita de inglês da terceira fase. 
</p>
<p>Asseverou também que a banca examinadora não obedeceu
</p>
<p>aos prazos previstos no edital para publicação de notas e de convocação dos
</p>
<p>candidatos às segunda e terceira etapas. Aduziu, ainda, que foram atribuídos
</p>
<p>valores incorretos à nota da avaliação da segunda fase do concurso, sem que
</p>
<p>a  referida  falha  fosse  retificada  no  edital  e,  posteriormente,  publicada  a
</p>
<p>correção no Diário Oficial da União.
</p>
<p>Por  fim,  advertiu  sobre  irregularidades  como  a  ausência  de
</p>
<p>previsão editalícia ao acesso do espelho da prova da segunda fase; inércia da
</p>
<p>Copeve/Unifal  na  resposta  de  e-mails  enviados  pelos  candidatos;  recusa  a
</p>
<p>divulgação  dos  integrantes  da  banca  examinadora;  falta  de  conferência  de
</p>
<p>documentos  de  identificação  dos  candidatos  no  local  de  prova  e  possível
</p>
<p>favorecimento a alguns participantes do certame.
</p>
<p>1/10</p>
<p />
</div>
<div class="page"><p />
<p>MINISTÉRIO PÚBLICO FEDERAL
PROCURADORIA DA REPÚBLICA EM MINAS GERAIS
</p>
<p>Oficiada a Copeve/Unifal prestou esclarecimentos.
</p>
<p>É o breve relato.
</p>
<p>Ao compulsar os termos de representação, observa-se que a
</p>
<p>COPEVE (Comissão  Permanente  de  Vestibular),  órgão  estruturado  na  Pró-
</p>
<p>Reitoria  de  Gestão  de  Pessoas  da  Unifal-MG  (Universidade  Federal  de
</p>
<p>Alfenas) é a responsável pela realização de processos seletivos e concursos
</p>
<p>públicos desta Universidade, inclusive foi a organizadora do procedimento ora
</p>
<p>impugnado.
</p>
<p>Lado outro,  o  representante  concorreu  à  vaga para  Técnico
</p>
<p>Administrativo em Educação no cargo de Jornalista (nível E), prevista no edital
</p>
<p>nº  050/2017  ofertada  pela  Universidade,  obtendo  a  segunda  colocação  no
</p>
<p>resultado final do concurso.
</p>
<p>Feitas estas considerações iniciais, passemos às alegações do
</p>
<p>representante.
</p>
<p>Foi  afirmado pelo representante que os códigos de usuários
</p>
<p>para  acesso  aos  computadores  nos  quais  seriam  realizadas  as  provas  da
</p>
<p>segunda fase não foram sorteados conforme dispusera o edital. De outro lado,
</p>
<p>a representada relatou que o sorteio ocorreu na primeira fase, sendo o mesmo
</p>
<p>código  utilizado  a  partir  desta  e  vigorando nas  fases  subsequentes  do
</p>
<p>concurso.
</p>
<p>O Edital do certame trouxe a seguinte previsão:
Anexo  VI  –  O  acesso  ao  computador  será  feito  por  meio  de
</p>
<p>código/usuário,  sorteado no início de cada etapa da Prova, em
</p>
<p>área de trabalho exclusiva, criado pelo Núcleo de Informática da
</p>
<p>Unifal-MG, para tal fim.
</p>
<p>Inegável   que  a  disposição  editalícia  tinha  como  finalidade
</p>
<p>evitar  qualquer  indício  ou  efetivo  favorecimento  de  candidato,  tendo  por
</p>
<p>pressuposto básico os princípios da isonomia e da impessoalidade, de modo a
</p>
<p>garantir  competição justa,  inibindo todo e qualquer tipo de identificação dos
</p>
<p>2/10</p>
<p />
</div>
<div class="page"><p />
<p>MINISTÉRIO PÚBLICO FEDERAL
PROCURADORIA DA REPÚBLICA EM MINAS GERAIS
</p>
<p>candidatos pela banca examinadora e, consequentemente, manipulação nos
</p>
<p>resultados.
</p>
<p>Cada sorteio de códigos usuários, conforme já demonstrado no
</p>
<p>anexo  VI,  supra,  deveria  ocorrer  no  início  de  cada  etapa  da  prova,  o  que
</p>
<p>totalizaria um total de três sorteios, dada a existência de três fases no referido
</p>
<p>procedimento.
</p>
<p>Contudo,  a  Copeve  realizou  apenas  um  sorteio,   como
</p>
<p>afirmado  pela  própria:  “o  sorteio  de  computadores  e  a  identificação  de
</p>
<p>candidatos se deram por meio de código alfanumérico no início da primeira
</p>
<p>etapa, que passou a ser utilizado até a última etapa”.
</p>
<p>Em que pese estar  evidente o descumprimento do edital  no
</p>
<p>trecho  em comento,  qual  seja,  “sortear  o  código/usuário  no  início  de  cada
</p>
<p>etapa  da  prova”,  não  vislumbro  necessidade  de  anulação  das  etapas  do
</p>
<p>concurso  pela  mera  ausência  de  sorteio  na  segunda  e  na  terceira  fase,
</p>
<p>mormente  pela  ausência  de  indícios  mínimos  probatórios  da  existência  de
</p>
<p>fraude.
</p>
<p>De  se  destacar  que  houve  a  realização  de  um  sorteio  de
</p>
<p>códigos/usuários e que estes ficaram restritos aos responsáveis, funcionários
</p>
<p>da  Copeve,  o  que,  até  prova  em  contrário,  não  foram  fornecidos  aos
</p>
<p>avaliadores,  presumindo-se  a  lisura  do  procedimento  e  o  cumprimento  dos
</p>
<p>princípios da isonomia e da impessoalidade, tendo em vista que o interesse
</p>
<p>público foi preservado, pois o sorteio, mesmo que ocorrido apenas uma vez,
</p>
<p>permitiu a distribuição aleatória dos códigos, os quais presumidamente foram
</p>
<p>preservados pela  banca avaliadora,  já  que inexistem nos autos  indícios  ou
</p>
<p>provas de seu fornecimento a terceira pessoa.
</p>
<p>Portanto,  por  todo o  exposto  e  tendo em vista  que os  atos
</p>
<p>praticados atingiram sua finalidade, sem que causasse prejuízo aos candidatos
</p>
<p>ou que se verificasse algum tipo de favorecimento,  entendo que a falta  de
</p>
<p>sorteio na segunda e na terceira etapas dos códigos/usuários, por si,  não é
</p>
<p>suficiente para o cancelamento das etapas concursais. 
</p>
<p>3/10</p>
<p />
</div>
<div class="page"><p />
<p>MINISTÉRIO PÚBLICO FEDERAL
PROCURADORIA DA REPÚBLICA EM MINAS GERAIS
</p>
<p>No que diz respeito à alegação de existência de arquivos na
</p>
<p>área de trabalho do computador utilizado para realização da prova, tese que foi
</p>
<p>prontamente  impugnada  pela  representada,  que  negou  a  afirmação,
</p>
<p>argumentando tratarem-se de atalhos e não arquivos, nada disse o candidato
</p>
<p>acerca  do  conteúdo  disposto  nos  tais  arquivos,  sendo  forçoso  supor  que
</p>
<p>alguma das máquinas continha algum conteúdo que pudesse beneficiar um ou
</p>
<p>mais candidatos, já que na máquina por ele utilizada nada continha em relação
</p>
<p>ao objeto da prova.
</p>
<p>Ato  contínuo,  também  não  merece  guarida  a  suposição  de
</p>
<p>favorecimento dos candidatos de nº 28565 e 28205. Passemos a explicar.
</p>
<p>O  fato  do  candidato  28205  ser  amigo  em comum em rede
</p>
<p>social  da  única  jornalista  da  instituição,  como afirmado  pelo  representante,
</p>
<p>além de não constatar a existência de uma amizade íntima entre eles,  não
</p>
<p>impede  a  participação  do  candidato  no  certame,  sendo  certo  que  das
</p>
<p>alegações do representante não conclui-se que o candidato foi beneficiado pelo
</p>
<p>motivo sugerido pelo representante. Por fim, também merece destaque o fato
</p>
<p>da população de Alfenas ter aproximadamente oitenta mil habitantes, número
</p>
<p>baixo, sendo absolutamente aceitável, ou melhor, inevitável, que as pessoas
</p>
<p>conheçam umas às outras.
</p>
<p>Já a candidata inscrita no nº 28565, segundo o representante,
</p>
<p>poderia  ter  se  beneficiado pelo  fato  de  já  ter  prestado  diversos  serviços  à
</p>
<p>universidade, em especial ao núcleo de comunicação social. O representante
</p>
<p>colacionou  diversos  links  de  acesso  às  reportagens  por  ela  realizadas,
</p>
<p>comprovando as prestações de serviços.
</p>
<p>Ocorre  que,  do  mesmo  modo,  continuamos  no  campo  da
</p>
<p>suposição,  sem nenhum dado concreto,  ou ao mesmo dedutivo,  que possa
</p>
<p>evidenciar algum tipo de favorecimento. Além do mais, todas as reportagens
</p>
<p>colacionadas pelo representante são datadas do final do ano de 2015, portanto,
</p>
<p>quase dois anos antes da realização das provas do concurso, o que afasta
</p>
<p>ainda mais a possibilidade de ligação entre a instituição e a candidata, laço que
</p>
<p>4/10</p>
<p />
</div>
<div class="page"><p />
<p>MINISTÉRIO PÚBLICO FEDERAL
PROCURADORIA DA REPÚBLICA EM MINAS GERAIS
</p>
<p>é ainda mais remoto se considerarmos que a organizadora é a COPEVE, e não
</p>
<p>o núcleo para o qual a candidata prestou serviços.
</p>
<p>Aliás,  se  nos  forçarmos  a  crer  que  havia  pessoa  interna
</p>
<p>interessada em facilitar  o  acesso ao cargo a  determinado candidato,  como
</p>
<p>poderiam os participantes inscritos no n° 28565 e 28205 serem beneficiados ao
</p>
<p>mesmo tempo se havia apenas uma vaga em disputa? Por razões óbvias, não
</p>
<p>seria possível.
</p>
<p>Foi  também  asseverado  pelo  representante  que  a  Copeve
</p>
<p>marcou as etapas da prova,  bem como divulgou resultados com celeridade
</p>
<p>diferenciada,  o  que  revelaria  seu  desejo  de  encerrar  rapidamente  o
</p>
<p>procedimento.
</p>
<p>Por  sua  vez,  a  Copeve  justificou  que  a  prova  escrita  foi
</p>
<p>realizada no dia 23/07/2017, sendo publicado o resultado no dia 03/08/2017,
</p>
<p>data  em  que  os  10  primeiros  na  classificação  foram  convocados  para  a
</p>
<p>realização da segunda etapa, efetuada no dia 20/08/2017 (Convocação 12 dias
</p>
<p>úteis antes da realização segunda etapa). Já o resultado da segunda etapa foi
</p>
<p>publicado no dia 25/08/2017 e republicado em 31/08/2017. 
</p>
<p>Afirmou que no dia 17/08/2017 (onze dias de antecedência) já
</p>
<p>havia informado a data e hora da realização da 3ª fase da prova, que ocorreu
</p>
<p>no  dia  03/09/2017,  tendo  o  seu  resultado  publicado  no  dia  11/09/2017,
</p>
<p>juntamente  com a classificação final.  Afirmou que o prazo para  recurso  da
</p>
<p>classificação  final  se  estendeu  até  o  dia  19/09/2017,  porém  nenhuma
</p>
<p>impugnação neste sentido foi promovida.
</p>
<p>Registre-se que o edital previu agendamento tão somente da
</p>
<p>da  primeira  fase  (cláusula  5.1),  fora  isso,  ficou  consignado  que  as  datas,
</p>
<p>horários e locais das provas da segunda e terceira fase seriam informadas com
</p>
<p>antecedência mínima de dez dias úteis (cláusula 5.14).
</p>
<p>O  esclarecimento  da  Universidade  acerca  das  datas  e
</p>
<p>publicações,  além de não impugnados pelo representante,  estão de acordo
</p>
<p>com o edital e em conformidade com as publicações estampadas na página
</p>
<p>eletrônica do concurso e no seu respectivo cronograma, sendo certo que o
</p>
<p>5/10</p>
<p />
</div>
<div class="page"><p />
<p>MINISTÉRIO PÚBLICO FEDERAL
PROCURADORIA DA REPÚBLICA EM MINAS GERAIS
</p>
<p>prazo mínimo de dez dias úteis de antecedência foi respeitado em todos as
</p>
<p>fases do certame. 
</p>
<p>Da  mesma  forma  não  houve  qualquer  irregularidade  na
</p>
<p>convocação dos candidatos aprovados às segunda e terceira fases por não
</p>
<p>obediência à espera do prazo recursal. Ora, a prova seria realizada no mínimo
</p>
<p>dez dias após a divulgação do local de prova, ao passo que o recurso deveria,
</p>
<p>obrigatoriamente, ser interposto no segundo dia útil a partir da divulgação do
</p>
<p>resultado da etapa antecedente (cláusula 8.3), portanto, qualquer mudança na
</p>
<p>classificação poderia ser alterada a tempo caso procedente o recurso e, na
</p>
<p>sequência, republicada, sem prejuízo ao interessado, o que não ocorreu no
</p>
<p>certame  em  questão  ante  a  ausência  de  propositura  de  recursos
</p>
<p>administrativos.
</p>
<p>A interposição de recursos administrativos ao tempo e modo
</p>
<p>previstos nos editais é de fundamental importância para o esclarecimento de
</p>
<p>pontos  e  materialização  das  situações  fáticas  ocorridas  durante  o  certame,
</p>
<p>pois,  além  de  permitir  a  revisão  de  certos  atos  pela  banca  examinadora,
</p>
<p>resguarda o candidato em suas pretensões individuais e a própria lisura do
</p>
<p>procedimento, como um todo,  pelo simples fato do registro da insatisfação do
</p>
<p>candidato.
</p>
<p>O  representante  também  alegou  que  houve  somatória
</p>
<p>equivocada no anexo VI do edital no que diz respeito à nota da segunda etapa.
</p>
<p>Constava do instrumento editalício que a nota seria composta 3,5 + 2,0 + 2,5 +
</p>
<p>2,0 + 3,0 o que atinge o total de 13 pontos, e não 15 como previra o edital.
</p>
<p>O representante enviou e-mail  à Copeve,  que reconheceu o
</p>
<p>erro e prontamente retificou as notas, aplicando regra de três na soma dos
</p>
<p>pontos obtidos na segunda etapa.
</p>
<p>Pelo  que  foi  apresentado,  entendo  que  a  postura  da
</p>
<p>representada foi correta, pois ao reconhecer o seu erro e equacionar o valor
</p>
<p>real da atividade de modo a atribuir aos candidatos a nota correspondente pela
</p>
<p>atividade realizada, ela nada mais fez que adequar as notas ao valor efetivo
</p>
<p>previsto no edital, pois o erro foi de soma, ou seja, erro meramente material, de
</p>
<p>6/10</p>
<p />
</div>
<div class="page"><p />
<p>MINISTÉRIO PÚBLICO FEDERAL
PROCURADORIA DA REPÚBLICA EM MINAS GERAIS
</p>
<p>fácil  correção,  e  que não trouxe  nenhum prejuízo  para  as  partes  e  para  o
</p>
<p>procedimento,  sendo,  portanto,  desnecessária  a  retificação  do  edital  e  a
</p>
<p>publicação no Diário Oficial União.
</p>
<p>Em relação à ausência de previsão de acesso ao espelho de
</p>
<p>prova da segunda fase duas observações devem ser feitas. Primeiro que as
</p>
<p>disposições editalícias poderiam e deveriam ser impugnadas até o terceiro dia
</p>
<p>útil a contar da data de sua publicação (cláusula 8.2). A segunda é que, mesmo
</p>
<p>que não  tenha  impugnado  o  edital  pela  ausência  de  tal  previsão,  tendo  o
</p>
<p>candidato interesse em seu espelho de prova, a medida que esperava-se fosse
</p>
<p>adotada seria  o requerimento ao órgão/entidade realizador da prova,  o  que
</p>
<p>estava plenamente à disposição de todos os candidatos.
</p>
<p>Portanto,  não  havia  nenhum  obstáculo  à  interposição  de
</p>
<p>recursos no prazo fixado de dois dias úteis, bastando requerer, caso fosse do
</p>
<p>interesse do candidato,  o espelho de prova junto à organizadora.  Uma vez
</p>
<p>negado  acesso  ou  omitida  a  resposta,  aí  sim  estaria  configurado  o
</p>
<p>impedimento  de  acesso  aos  meios  de  impugnação  à  correção  da  prova,
</p>
<p>contudo, não foi este o ocorrido.
</p>
<p>O  representante  também  alega  que  a  representada  não
</p>
<p>respondeu aos e-mails dos candidatos, nesta esteira, esperava-se que fossem
</p>
<p>colacionadas as  mensagens a ela  enviadas,  tal  ato  daria  a organizadora  a
</p>
<p>oportunidade  de  contrapor  tais  alegações,  apresentando  as  respectivas
</p>
<p>respostas,  porém  nenhum  documento  foi  juntado  pelo  representante  neste
</p>
<p>sentido, ao contrário disso, a própria representada colacionou no Anexo V de
</p>
<p>seus esclarecimentos diversas respostas de e-mail ao representante, inclusive
</p>
<p>o envio do espelho de  sua prova.
</p>
<p>No que tange à resistência na divulgação dos integrantes da
</p>
<p>banca  examinadora  pela  Copeve,  o  que  estaria  em  desacordo  com  a  lei
</p>
<p>12.527/11, também não prosperam as alegações do representante, mormente
</p>
<p>por não haver nenhum requerimento administrativo no sentido de revelação da
</p>
<p>identidade destes.
</p>
<p>7/10</p>
<p />
</div>
<div class="page"><p />
<p>MINISTÉRIO PÚBLICO FEDERAL
PROCURADORIA DA REPÚBLICA EM MINAS GERAIS
</p>
<p>O decreto 7.724/2012 que regulamenta a Lei 12.527/2011 no
</p>
<p>âmbito do poder executivo, disciplinou as duas facetas de publicidade contidas
</p>
<p>na Lei de Acesso à Informação, passiva e ativa.
</p>
<p>O magistério do professor José dos Santos Carvalho Filho é
</p>
<p>elucidativo sobre a questão:
No sistema da lei de acesso, foram contempladas duas formas de
</p>
<p>publicidade.  A  primeira  foi  denominada  de  transparência  ativa,
</p>
<p>marca marcada pelo fato de que as informações são transmitidas
</p>
<p>ex  officio pela  administração,  inclusive  pela  referência  nos
</p>
<p>respectivos sítios eletrônicos. A segunda chama-se transparência
</p>
<p>passiva,  caracterizando-se  pelo  procedimento  em  que  o
</p>
<p>interessado  formula  sua  postulação  ao  órgão  que  detém  a
</p>
<p>informação. (Filho, José dos Santos Carvalho. Manual de Direito
</p>
<p>Administrativo. Editora Atlas, São Paulo, 27ª edição, p.27. 2014).
</p>
<p>Neste  cenário,  a  divulgação  da  lista  de  membros  da  banca
</p>
<p>examinadora encontra-se amparada na legislação em questão, contudo, trata-
</p>
<p>se de transparência passiva, que, como explicitado, carece de provocação do
</p>
<p>interessado ao órgão detentor da informação, o que não ocorre, por exemplo,
</p>
<p>com a publicação do edital do certame, transparência ativa, situação na qual a
</p>
<p>administração pública deve, ex officio, proceder à publicidade do ato.
</p>
<p>In casu, o representante sequer demonstrou ter requerido, nos
</p>
<p>termos do art. 10 da Lei 12.527/2011, a informação pretendida.
</p>
<p>Ademais,  mesmo  que  houvesse  o  pedido,  a  ausência  de
</p>
<p>informação da identidade dos componentes das bancas examinadoras, tema
</p>
<p>controverso, diga-se de passagem, decorre de pratica costumeira, cujo objetivo
</p>
<p>é  assegurar  a  isonomia  do  certame  e  evitar  pressões  externas  aos
</p>
<p>examinadores.
</p>
<p>A  lei  12.527/11  não  trata  especificamente  do  sigilo  ou  da
</p>
<p>necessidade de divulgação dos nomes dos membros de banca examinadora,
</p>
<p>entretanto,  em seu  art.  31,  estabelece  que “o  tratamento  das  informações
</p>
<p>pessoais  deve ser feito de forma transparente e com respeito à vida privada,
</p>
<p>honra  e  imagem  das  pessoas,  bem  como  às  liberdades  e  garantais
</p>
<p>individuais”.
8/10</p>
<p />
</div>
<div class="page"><p />
<p>MINISTÉRIO PÚBLICO FEDERAL
PROCURADORIA DA REPÚBLICA EM MINAS GERAIS
</p>
<p>Assim  sendo,  mesmo  que  a  representada  tivesse  negado
</p>
<p>informações  pessoais  dos  membros  componentes  da  banca  examinadora,
</p>
<p>ainda  assim  o  certame  estaria  de  acordo  a  legislação  em  vigor,  pois  a
</p>
<p>divulgação dos nomes dos examinadores, prévia à elaboração das questões ou
</p>
<p>da correção das provas, os deixaria em situação de vulnerabilidade a pressões
</p>
<p>externas, o que contrariaria o dispositivo retro citado.
</p>
<p>Um  passo  adiante,  no  que  diz  respeito  à  alegação  sobre
</p>
<p>omissão da atividade com uso de imagens na prova da terceira fase, consta do
</p>
<p>anexo VI do edital, que o uso de imagens seria uma faculdade, ou seja, poderia
</p>
<p>ou não ocorrer, senão vejamos:
Anexo VI – (p. 21): O candidato receberá uma notícia publicada na
</p>
<p>homepage  da  Unifal-MG  escrita  em  inglês.  O  texto  terá,  no
</p>
<p>máximo, 20 linhas e poderá conter imagens. (grifos nosso).
</p>
<p>O texto  é  claro  e  objetivo,  não  ocorreu,  portanto,  nenhuma
</p>
<p>omissão  de  atividade,  pois  a  banca  organizadora  não  estava  obrigada  a
</p>
<p>realizá-la, sendo tão somente uma possibilidade, devendo o candidato à vaga
</p>
<p>estar preparado pela realização, ou não, da tarefa.
</p>
<p> Por  fim,  no  que  concerne  à  ausência  de  identificação  dos
</p>
<p>candidatos,  mais uma vez não restou comprovada a alegação.  Trata-se de
</p>
<p>questão difícil de ser comprovada, é fato. Se de um lado o representante afirma
</p>
<p>não ter ocorrido o filtro dos candidatos na entrada da sala na terceira fase, do
</p>
<p>outro, a representada afirma ter identificado todos os participantes, ou seja,
</p>
<p>são informações controversas, não robustecidas de elementos probatórios, ou
</p>
<p>ao menos dedutivos,  cuja  ausência impossibilita  subsidiar  uma investigação
</p>
<p>para  o  caso,  devendo  prevalecer  a  presunção  de  legitimidade  dos  atos
</p>
<p>administrativos.
</p>
<p>Assim, não vislumbrando quaisquer irregularidades no que diz
</p>
<p>respeito aos fatos narrados pelo representante, bem como diante da escassez
</p>
<p>de dados concretos para o prosseguimento das investigações, concluo que o
arquivamento do procedimento em epígrafe é a medida que se impõe.
</p>
<p>Ante o exposto, determino:
9/10</p>
<p />
</div>
<div class="page"><p />
<p>MINISTÉRIO PÚBLICO FEDERAL
PROCURADORIA DA REPÚBLICA EM MINAS GERAIS
</p>
<p>a) o arquivamento deste Procedimento Preparatório;
4/5
</p>
<p>b) a notificação do representante para que, caso queira,
apresente razões escritas ou documentos contra a decisão de
arquivamento, as quais deverão ser apresentadas nesta PRMG
e endereçadas à 1ª CCR;
</p>
<p>c) a remessa dos autos, após o transcurso do prazo recursal, à
                         1ª Câmara de Coordenação e Revisão do MPF para
</p>
<p>manifestação quanto a esta promoção de arquivamento.
</p>
<p>Belo Horizonte, 22 de fevereiro de 2018.
</p>
<p>GIOVANNI MORATO FONSECA
Procurador da República
</p>
<p>H:\Giovanni\AREA RESIDUAL\Fellipe\ARQUIVAMENTO\PP 1.22.007.0000452017-58 arquivamento - UNIFAL - COPEVE - Aus. de provas.doc
</p>
<p>10/10</p>
<p />
</div>
<ul>	<li>GIOVANNI MORATO FONSECA</li>
<ul>	<li>Procurador da República</li>
</ul>
</ul>
</body></html>