<?xml version="1.0" encoding="UTF-8"?>
<html xmlns="http://www.w3.org/1999/xhtml">
<head>
<meta name="pdf:PDFVersion" content="1.4" />
<meta name="xmp:CreatorTool" content="Writer" />
<meta name="access_permission:modify_annotations" content="true" />
<meta name="access_permission:can_print_degraded" content="true" />
<meta name="tika_batch_fs:relative_path" content="81409085.pdf" />
<meta name="language" content="pt-BR" />
<meta name="dcterms:created" content="2017-11-06T16:48:27Z" />
<meta name="dc:format" content="application/pdf; version=1.4" />
<meta name="pdf:docinfo:creator_tool" content="Writer" />
<meta name="access_permission:fill_in_form" content="true" />
<meta name="pdf:encrypted" content="false" />
<meta name="Content-Length" content="108057" />
<meta name="X-TIKA:digest:MD5" content="9702d36b29a4d5806c673e903cdd244e" />
<meta name="Content-Type" content="application/pdf" />
<meta name="X-Parsed-By" content="org.apache.tika.parser.DefaultParser" />
<meta name="X-Parsed-By" content="org.apache.tika.parser.pdf.PDFParser" />
<meta name="dc:language" content="pt-BR" />
<meta name="meta:creation-date" content="2017-11-06T16:48:27Z" />
<meta name="created" content="Mon Nov 06 14:48:27 BRST 2017" />
<meta name="access_permission:extract_for_accessibility" content="true" />
<meta name="access_permission:assemble_document" content="true" />
<meta name="xmpTPg:NPages" content="1" />
<meta name="Creation-Date" content="2017-11-06T16:48:27Z" />
<meta name="resourceName" content="81409085.pdf" />
<meta name="access_permission:extract_content" content="true" />
<meta name="access_permission:can_print" content="true" />
<meta name="tika:file_ext" content="pdf" />
<meta name="producer" content="LibreOffice 4.4" />
<meta name="access_permission:can_modify" content="true" />
<meta name="pdf:docinfo:producer" content="LibreOffice 4.4" />
<meta name="pdf:docinfo:created" content="2017-11-06T16:48:27Z" />
<title></title>
</head>
<body><div class="page"><p />
<p>Ref.: PP nº 1.23.006.000292/2017-27
</p>
<p>PROMOÇÃO DE ARQUIVAMENTO
</p>
<p>Trata-se  de  Procedimento  Preparatório  instaurado  a  partir  de  representação  de
</p>
<p>efetuada  por  Francisco  Monteiro  da  Silva,  Elemita  Aguiar  Silva  e  Maria  Raimunda  de
</p>
<p>Oliveira  de  Souza  informando  que  seus  benefícios  previdenciários  foram bloqueados  em
</p>
<p>razão da ausência de perícia de constatação da manutenção da sua incapacidade. 
</p>
<p>Instado a se manifestar, o INSS informou que, em caso de revisão de benefícios,
</p>
<p>encaminha convocação ao beneficiário pela via postal com aviso de recebimento, informando
</p>
<p>a necessidade de avaliação pericial. Caso a residência não seja atendida pelos correios ou o
</p>
<p>beneficiário não atenda à convocação, nova convocação se dá por meio de publicação de
</p>
<p>edital no Diário Oficial da União.
</p>
<p>Transcorrido o prazo estipulado no edital sem que o segurado ligue para a Central
</p>
<p>de  Teleatendimento  135,  o  benefício  é  suspenso,  sendo  restabelecido  com  a  ligação  do
</p>
<p>beneficiário à Central.
</p>
<p>Na  Agência  de  Paragominas  o  INSS  suspendeu  190  benefícios  por  não
</p>
<p>atendimento à convocação, e desses 144 foram reativados após atendimento à convocação,
</p>
<p>como se deu no caso do segurado Francisco Monteiro da Silva.
</p>
<p>Os fatos apurados neste  procedimento não configuram irregularidades  a serem
</p>
<p>perseguidas,  mas  mero  trâmite  administrativo  aplicado  pelo  INSS  para  a  revisão  dos
</p>
<p>benefícios. 
</p>
<p>Pelo  exposto,  promovo o  arquivamento  do  feito,  submetendo  à  1ª  Câmara  de
</p>
<p>Coordenação de Revisão.
</p>
<p>Notifiquem-se os representantes.
</p>
<p>Paragominas/PA, 06 de novembro de 2017.
</p>
<p>Fabrizio Predebon da Silva
Procurador da República
</p>
<p>(91) 3739-0813 e (91) 3739-0809 - www.prpa.mpf.  mp  .br - prpa-prmpgn@mpf.mp.br 
Rua Nagib Demaschik, nº 2, Bairro Parque das Américas - CEP 68.627-692 – Paragominas-PA                            1</p>
<p />
<div class="annotation"><a href="http://www.prpa.mpf.gov.br/">http://www.prpa.mpf.gov.br/</a></div>
<div class="annotation"><a href="http://www.prpa.mpf.gov.br/">http://www.prpa.mpf.gov.br/</a></div>
<div class="annotation"><a href="http://www.prpa.mpf.gov.br/">http://www.prpa.mpf.gov.br/</a></div>
</div>
</body></html>