<?xml version="1.0" encoding="UTF-8"?>
<html xmlns="http://www.w3.org/1999/xhtml">
<head>
<meta name="pdf:PDFVersion" content="1.4" />
<meta name="xmp:CreatorTool" content="Writer" />
<meta name="access_permission:modify_annotations" content="true" />
<meta name="access_permission:can_print_degraded" content="true" />
<meta name="tika_batch_fs:relative_path" content="81434519.pdf" />
<meta name="language" content="pt-BR" />
<meta name="dcterms:created" content="2018-04-25T17:08:04Z" />
<meta name="dc:format" content="application/pdf; version=1.4" />
<meta name="pdf:docinfo:creator_tool" content="Writer" />
<meta name="access_permission:fill_in_form" content="true" />
<meta name="pdf:encrypted" content="false" />
<meta name="Content-Length" content="154378" />
<meta name="X-TIKA:digest:MD5" content="687bdcd6888bfa699c7cc1f895c69a09" />
<meta name="Content-Type" content="application/pdf" />
<meta name="X-Parsed-By" content="org.apache.tika.parser.DefaultParser" />
<meta name="X-Parsed-By" content="org.apache.tika.parser.pdf.PDFParser" />
<meta name="dc:language" content="pt-BR" />
<meta name="meta:creation-date" content="2018-04-25T17:08:04Z" />
<meta name="created" content="Wed Apr 25 14:08:04 BRT 2018" />
<meta name="access_permission:extract_for_accessibility" content="true" />
<meta name="access_permission:assemble_document" content="true" />
<meta name="xmpTPg:NPages" content="2" />
<meta name="Creation-Date" content="2018-04-25T17:08:04Z" />
<meta name="resourceName" content="81434519.pdf" />
<meta name="access_permission:extract_content" content="true" />
<meta name="access_permission:can_print" content="true" />
<meta name="tika:file_ext" content="pdf" />
<meta name="producer" content="LibreOffice 5.3" />
<meta name="access_permission:can_modify" content="true" />
<meta name="pdf:docinfo:producer" content="LibreOffice 5.3" />
<meta name="pdf:docinfo:created" content="2018-04-25T17:08:04Z" />
<title></title>
</head>
<body><div class="page"><p />
<p>MINISTÉRIO PÚBLICO FEDERAL
PROCURADORIA DA REPÚBLICA NO MUNICÍPIO DE MANHUAÇU/MG
</p>
<p>Rua Professor Manoel do Carmo, nº 104, Centro, CEP: 36.900-000 – Manhuaçu/MG – Fone: (33) 3339-2150 – prmg-mnc-jur@mpf.mp.br
</p>
<p>Procedimento Preparatório nº 1.22.020.000360/2017-15
</p>
<p>PROMOÇÃO DE ARQUIVAMENTO
</p>
<p>Trata-se  de  procedimento  preparatório  instaurado  a  partir  de  representação
</p>
<p>formulada por Juscelina Ferreira do Carmo, que, em depoimento prestado nesta PRM, relatou ser
</p>
<p>beneficiária  do  bolsa-família,  cujo  pagamento  teria  sido  inexplicavelmente  cessado  pelo
</p>
<p>município de Orizânia (f. 4). Ainda segundo a representante, os servidores municipais não mais
</p>
<p>conseguiam habilitar o pagamento.
</p>
<p>A fim de melhor de colher mais informações sobre o ocorrido, até mesmo para
</p>
<p>aferir  eventual  repercussão  coletiva  do  problema,  requisitaram-se  informações  ao  órgão  de
</p>
<p>serviço social do município e à Secretaria nacional de Renda de Cidadania do Ministério do
</p>
<p>Desenvolvimento Social e Combate à Fome (f. 15).
</p>
<p>Ambos  os  órgãos,  atendendo  às  requisições  (f.  18/25  e  26),  confirmaram  a
</p>
<p>cessação  do  benefício  da  representante,  mas  justificaram o  ato  pela  alteração  de  sua  renda
</p>
<p>mensal, identificada a através de cruzamento de dados. Reportaram, ainda, que o benefício foi
</p>
<p>concedido novamente à representante, readequado às condições socioeconômicas presentes.
</p>
<p>Diante das  informações  prestadas,  adequado o arquivamento do procedimento,
</p>
<p>porque (1) o problema trazido ao conhecimento do MPF é de índole individual disponível, não se
</p>
<p>vislumbrando repercussão  coletiva,  cabendo à  própria  interessada  promover  a  defesa  de  seu
</p>
<p>direito  com  assistência  de  advogado  ou  defensoria  pública;  e  porque  (2)  não  se  vislumbra
</p>
<p>ilegalidade no ato de cessação do benefício, identificada alteração da renda familiar através da
</p>
<p>obtenção posterior de emprego pela representante (f. 19).
</p>
<p>Assim,  com  fulcro  no  art.  17,  caput,  da  Resolução  nº  87/2006  do  Conselho
</p>
<p>Superior  do  Ministério  Público  Federal  –  CSMPF,  o Ministério  Público  Federal  promovo o
</p>
<p>ARQUIVAMENTO do presente procedimento preparatório.
</p>
<p>1</p>
<p />
</div>
<div class="page"><p />
<p>Procuradoria
da República no
Município de Manhuaçu/MG
</p>
<p>Determino o encaminhamento dos autos à 1ª Câmara de Coordenação e Revisão
</p>
<p>do MPF,  para  a  deliberação pertinente,  conforme disposto  no  art.  17,  §2º,  da  Resolução nº
</p>
<p>87/2006 do CSMPF.
</p>
<p>Comunique-se a representante.
</p>
<p>Manhuaçu/MG, 24 de abril de 2018.
</p>
<p>THIAGO CUNHA DE ALMEIDA
Procurador da República
</p>
<p>2</p>
<p />
</div>
</body></html>