<?xml version="1.0" encoding="UTF-8"?>
<html xmlns="http://www.w3.org/1999/xhtml">
<head>
<meta name="date" content="2018-09-26T01:47:12Z" />
<meta name="pdf:PDFVersion" content="1.4" />
<meta name="access_permission:modify_annotations" content="true" />
<meta name="access_permission:can_print_degraded" content="true" />
<meta name="tika_batch_fs:relative_path" content="81582129.pdf" />
<meta name="dcterms:created" content="2018-09-26T01:47:12Z" />
<meta name="Last-Modified" content="2018-09-26T01:47:12Z" />
<meta name="dcterms:modified" content="2018-09-26T01:47:12Z" />
<meta name="dc:format" content="application/pdf; version=1.4" />
<meta name="Last-Save-Date" content="2018-09-26T01:47:12Z" />
<meta name="access_permission:fill_in_form" content="true" />
<meta name="pdf:docinfo:modified" content="2018-09-26T01:47:12Z" />
<meta name="meta:save-date" content="2018-09-26T01:47:12Z" />
<meta name="pdf:encrypted" content="false" />
<meta name="modified" content="2018-09-26T01:47:12Z" />
<meta name="Content-Length" content="48506" />
<meta name="X-TIKA:digest:MD5" content="b793ac6bbb9c92ed86a72821f72fdb0c" />
<meta name="Content-Type" content="application/pdf" />
<meta name="X-Parsed-By" content="org.apache.tika.parser.DefaultParser" />
<meta name="X-Parsed-By" content="org.apache.tika.parser.pdf.PDFParser" />
<meta name="meta:creation-date" content="2018-09-26T01:47:12Z" />
<meta name="created" content="Tue Sep 25 22:47:12 BRT 2018" />
<meta name="access_permission:extract_for_accessibility" content="true" />
<meta name="access_permission:assemble_document" content="true" />
<meta name="xmpTPg:NPages" content="3" />
<meta name="Creation-Date" content="2018-09-26T01:47:12Z" />
<meta name="resourceName" content="81582129.pdf" />
<meta name="access_permission:extract_content" content="true" />
<meta name="access_permission:can_print" content="true" />
<meta name="tika:file_ext" content="pdf" />
<meta name="producer" content="iText® 5.5.9 ©2000-2015 iText Group NV (AGPL-version); modified using iText® 5.5.9 ©2000-2015 iText Group NV (AGPL-version)" />
<meta name="access_permission:can_modify" content="true" />
<meta name="pdf:docinfo:producer" content="iText® 5.5.9 ©2000-2015 iText Group NV (AGPL-version); modified using iText® 5.5.9 ©2000-2015 iText Group NV (AGPL-version)" />
<meta name="pdf:docinfo:created" content="2018-09-26T01:47:12Z" />
<title></title>
</head>
<body><div class="page"><p />
<p> 
 
 
</p>
<p>Procedimento Preparatório nº 1.10.000.000580/2017-90
 
 
 
 
 
</p>
<p>PROMOÇÃO DE ARQUIVAMENTO
 
 
 
 
</p>
<p>Trata-se de procedimento preparatório instaurado para "verificar suposto
</p>
<p>sucateamento de bens adquiridos com recursos públicos federais pela Secretaria de Estado de
</p>
<p>Extensão Agroflorestal e Produção Familiar"
 
</p>
<p>O procedimento teve início a partir de manifestação anônima relatando suposto
</p>
<p>sucateamento de veículos adquiridos com recursos federais.
 
</p>
<p>Como providência inicial, foi determinada a expedição de ofício à Secretaria de
</p>
<p>Estado de Extensão Agroflorestal e Produção Familiar - SEAPROF (fl. 32).
 
</p>
<p>A SEAPROF encaminhou relação dos bens apontados na representação e cópias
</p>
<p>dos respectivos instrumentos financiadores (fls. 36/69).
 
</p>
<p>Por meio de despacho (fls. 71/73), foi determinada a expedição de novo ofício à
</p>
<p>SEAPROF.
</p>
<p>Em resposta, a SEAPROF encaminhou relação dos veículos com a situação de
</p>
<p>cada um deles, cópias de publicações de leilões realizados, lista de veículos leiloados, cópias de
</p>
<p>relatórios de avaliação de bens móveis e cópia de termo de cessão referente a um dos veículos
</p>
<p>(fls. 99/422).
 
</p>
<p>É o relatório.
 
</p>
<p>Este procedimento tem como objeto apurar suposto sucateamento de veículos
</p>
<p>comprados com recursos públicos federais pela SEAPROF.
</p>
<p>PR-AC-00012053/2018     
</p>
<p>MINISTÉRIO PÚBLICO FEDERAL
PROCURADORIA DA REPÚBLICA NO ESTADO DO ACRE
</p>
<p>Gabinete do 5º Ofício
</p>
<p>Pág. 1 de 3</p>
<p />
</div>
<div class="page"><p />
<p> 
</p>
<p>Após análise da documentação encaminhada pela Secretaria Estadual, verificou-
</p>
<p>se, conforme documento de fl. 103, que, dos 10 veículos mencionados na representação, 7
</p>
<p>encontram-se leiloados (veículos de placas NAB-6449, MZY-7388, NAB-3099, MZY-0566,
</p>
<p>MZY-7139, MZW-6476 e MZY-7109).
 
</p>
<p>Verificou-se ainda que o veículo de placa MZY-7149 encontra-se cedido à
</p>
<p>Cooperativa dos Produtores de Aves, conforme termo de fls. 178/ 182.
 
</p>
<p>O veículo de placa MZU-5862 encontra-se relacionado para leilão, constando nos
</p>
<p>autos, inclusive, relatório de avaliação do bem móvel para fins de alienação (fls. 156/164).
 
</p>
<p>Quanto ao veículo VW/Gol MZY- 8469, de acordo com o contrato de repasse de
</p>
<p>fls. 63/69, encontra-se incorporado ao patrimônio estadual, de forma que não subsiste interesse
</p>
<p>federal direto no referido bem.
 
</p>
<p>Nesse contexto, ficou demonstrado que a SEAPROF está realizando a devida
</p>
<p>destinação aos bens públicos mencionados na representação, considerando que estes não mais
</p>
<p>servem às finalidades para as quais foram adquiridos.
 
</p>
<p>Assim, não subsistem irregularidades a serem apuradas sob a perspectiva da
</p>
<p>fiscalização dos atos administrativos em geral (atribuição da 1ª CCR).
 
</p>
<p>Cabe destacar que os fatos podem ter repercussões na esfera cível (eventual
</p>
<p>improbidade administrativa) e/ou penal. Nesse sentido, está em trâmite na Superintendência de
</p>
<p>Polícia Federal do Acre o Inquérito Policial nº 00043/2018, que trata dos mesmos fatos
</p>
<p>apurados neste procedimento.
 
</p>
<p>Referido inquérito está vinculado ao 3º Ofício desta Procuradoria da República,
</p>
<p>com atribuição perante a 5ª CCR.
 
</p>
<p>Por essa razão, determino o encaminhamento de cópia deste procedimento para
</p>
<p>o 3º Ofício, para conhecimento.
 
</p>
<p>Em seguida, por não existirem fundamentos para a propositura de ação civil
</p>
<p>pública ou a adoção de outras medidas previstas no artigo 4º da Resolução CSMPF 87/2006
</p>
<p>quanto à regularidade dos atos administrativos, promovo o ARQUIVAMENTO deste
</p>
<p>procedimento preparatório, com base no artigo 17 da Resolução CSMPF 87/2006 e no artigo
</p>
<p>10 da Resolução CNMP 23/2007.
 
</p>
<p>Dê-se ciência desta promoção de arquivamento ao representante (caso tenha
</p>
<p>deixado registro de seus contatos), cientificando-lhe de que poderá apresentar razões escritas ou
</p>
<p>documentos até que seja homologado ou rejeitado o arquivamento, na forma do artigo 9º, § 2º,
</p>
<p>Pág. 2 de 3</p>
<p />
<div class="annotation"><a href="http://unico.mpf.mp.br/unico/processoJudicial/alterarAutuacaoNavegada.action?processoJudicial=84844967&amp;amp;autuacao=12630306">http://unico.mpf.mp.br/unico/processoJudicial/alterarAutuacaoNavegada.action?processoJudicial=84844967&amp;amp;autuacao=12630306</a></div>
<div class="annotation"><a href="http://unico.mpf.mp.br/unico/processoJudicial/alterarAutuacaoNavegada.action?processoJudicial=84844967&amp;amp;autuacao=12630306">http://unico.mpf.mp.br/unico/processoJudicial/alterarAutuacaoNavegada.action?processoJudicial=84844967&amp;amp;autuacao=12630306</a></div>
</div>
<div class="page"><p />
<p>da Lei 7.347/85 e do artigo 17, § 3º, da Resolução CSMPF 87/2006.
 
</p>
<p>Encaminhem-se os autos, no prazo de 3 dias da cientificação do representante,
</p>
<p>para a 1ª Câmara de Coordenação e Revisão do Ministério Público Federal, conforme artigo 10,
</p>
<p>§1º, da Resolução CNMP 23/2007.
 
</p>
<p>Rio Branco, 24 de setembro de 2018.
 
 
 
</p>
<p>[ASSINADO ELETRONICAMENTE]
</p>
<p>Luciana de Miguel Cardoso Bogo
Procuradora da República
</p>
<p>Pág. 3 de 3</p>
<p />
</div>
</body></html>