<?xml version="1.0" encoding="UTF-8"?>
<html xmlns="http://www.w3.org/1999/xhtml">
<head>
<meta name="pdf:PDFVersion" content="1.4" />
<meta name="pdf:docinfo:title" content="EXCELENTÍSSIMO SENHOR DOUTOR JUIZ FEDERAL DA VARA ÚNICA DA SUBSEÇÃO JUDICIÁRIA DE PATOS DE MINAS/MG" />
<meta name="xmp:CreatorTool" content="Writer" />
<meta name="access_permission:modify_annotations" content="true" />
<meta name="access_permission:can_print_degraded" content="true" />
<meta name="dc:creator" content="Procuradoria" />
<meta name="tika_batch_fs:relative_path" content="81653408.p7s" />
<meta name="language" content="pt-BR" />
<meta name="dcterms:created" content="2018-06-13T12:23:07Z" />
<meta name="dc:format" content="application/pdf; version=1.4" />
<meta name="pdf:docinfo:creator_tool" content="Writer" />
<meta name="access_permission:fill_in_form" content="true" />
<meta name="pdf:encrypted" content="false" />
<meta name="dc:title" content="EXCELENTÍSSIMO SENHOR DOUTOR JUIZ FEDERAL DA VARA ÚNICA DA SUBSEÇÃO JUDICIÁRIA DE PATOS DE MINAS/MG" />
<meta name="Content-Length" content="445100" />
<meta name="X-TIKA:digest:MD5" content="df3859d62d58ef9a9f181fa2eb3b3993" />
<meta name="Content-Type" content="application/pdf" />
<meta name="pdf:docinfo:creator" content="Procuradoria" />
<meta name="X-Parsed-By" content="org.apache.tika.parser.DefaultParser" />
<meta name="X-Parsed-By" content="org.apache.tika.parser.pdf.PDFParser" />
<meta name="creator" content="Procuradoria" />
<meta name="dc:language" content="pt-BR" />
<meta name="meta:author" content="Procuradoria" />
<meta name="meta:creation-date" content="2018-06-13T12:23:07Z" />
<meta name="created" content="Wed Jun 13 09:23:07 BRT 2018" />
<meta name="access_permission:extract_for_accessibility" content="true" />
<meta name="access_permission:assemble_document" content="true" />
<meta name="xmpTPg:NPages" content="4" />
<meta name="Creation-Date" content="2018-06-13T12:23:07Z" />
<meta name="resourceName" content="81653408.p7s" />
<meta name="access_permission:extract_content" content="true" />
<meta name="access_permission:can_print" content="true" />
<meta name="tika:file_ext" content="p7s" />
<meta name="Author" content="Procuradoria" />
<meta name="producer" content="LibreOffice 6.0" />
<meta name="access_permission:can_modify" content="true" />
<meta name="pdf:docinfo:producer" content="LibreOffice 6.0" />
<meta name="pdf:docinfo:created" content="2018-06-13T12:23:07Z" />
<title>EXCELENTÍSSIMO SENHOR DOUTOR JUIZ FEDERAL DA VARA ÚNICA DA SUBSEÇÃO JUDICIÁRIA DE PATOS DE MINAS/MG</title>
</head>
<body><div class="page"><p />
<p>MINISTÉRIO PÚBLICO FEDERAL
PROCURADORIA DA REPÚBLICA EM UBERLÂNDIA
</p>
<p>PP n. 1.22.003.000616/2017-94
</p>
<p>PROMOÇÃO DE ARQUIVAMENTO
</p>
<p>I – DO OBJETO 
</p>
<p>1. Trata-se de PP instaurado, em  23/10/17,  a partir das informações obtidas
</p>
<p>pelo MPF junto ao DNIT e à PRF para a prevenção e combate ao transporte de cargas com
</p>
<p>excesso  de  peso  em  rodovias  federais,  objetivando  a  responsabilização  da  empresa
</p>
<p>BRITAGEM SÃO LUCAS LTDA pelos danos (a) à vida, à integridade física e à saúde,
</p>
<p>(b) à segurança pessoal e patrimonial, e ainda os também difusos e coletivos direitos (c) à
</p>
<p>preservação  do  patrimônio  público  federal  consubstanciado  na  rodovia  federal  e  aos
</p>
<p>serviços de transporte,  (d) à ordem econômica e, ainda,  (e)  ao meio ambiente equilibrado
</p>
<p>(natural e artificial), bem como (f) o ressarcimento material e moral pela violação de cada
</p>
<p>um dos referidos direitos e ainda (g)  pela violação dos direitos dos cidadãos-usuários das
</p>
<p>rodovias  e  da  União  Federal  como  terceiros  equiparados  à  consumidor  atingido  pela
</p>
<p>prestação de serviço realizada pelo produtor/fornecedor ao cliente do transporte com todos
</p>
<p>os prejuízos acima mencionados aos mesmos (cidadãos-usuários das rodovias e a União
</p>
<p>Federal). 
</p>
<p>II – BREVE RESUMO DOS FATOS APURADOS 
</p>
<p>2. Com  base  nas  informações  enviadas  pelo  DNIT e  pela  PRF ao  MPF,
</p>
<p>verifica-se  que  foram  registradas,  nos  últimos  60  (sessenta)  meses,  28  (vinte  e  oito)
</p>
<p>autuações por  tráfego com excesso  de  peso  em nome da empresa  BRITAGEM SÃO
</p>
<p>LUCAS LTDA. 
</p>
<p>3. Entende a jurisprudência que não cabe o acionamento do Judiciário nestes
</p>
<p>casos.  Transcreve-se  abaixo  trechos  da  sentença  do  Processo  n.  0011998-
</p>
<p>12.2015.4.01.3803 - 1ª Vara Federal da Subseção Judiciária de Uberlândia:
</p>
<p>Rua São Paulo, 35, Tibery, Uberlândia, MG, CEP 35405-027
Tel: (034) 3218-6900 – prmg-udi@mpf.mp.br
http://www.prmg.mpf.mp.br/uberlândia
O:\UDI\Gabinete2\1. Extrajudicial Cível\1.8 Arquivamento NF, PP e ICP\0263. PMA - Excesso de Peso 
PP 1.22.003.000616-2017-94- BRITAGEM SÃO LUCAS LTDA.odt</p>
<p />
<div class="annotation"><a href="http://www.prmg.mpf.mp.br/uberl%C3%A2ndia">http://www.prmg.mpf.mp.br/uberl%C3%A2ndia</a></div>
<div class="annotation"><a href="mailto:prmg-udi@mpf.mp.br">mailto:prmg-udi@mpf.mp.br</a></div>
</div>
<div class="page"><p />
<p>MINISTÉRIO PÚBLICO FEDERAL
PROCURADORIA DA REPÚBLICA EM UBERLÂNDIA
</p>
<p>“(…)
</p>
<p>No  caso  em  apreço,  pretende  o  Ministério  Público  Federal  a  condenação  da
Requerida no pagamento de multa e de indenização por dano moral coletivo por dar
saída a veículos de sua propriedade com excesso de peso na rodovia BR 050.
</p>
<p>O art. 231, V, do Código de Trânsito Brasileiro consigna o seguinte:
</p>
<p>Art. 231. Transitar com o veículo: (...)
V - com excesso de peso, admitido percentual de tolerância quando aferido por
equipamento, na forma a ser estabelecida pelo CONTRAN:
Infração - média;
Penalidade  -  multa  acrescida  a  cada  duzentos  quilogramas  ou  fração  de
excesso de peso apurado, constante na seguinte tabela:
a) até seiscentos quilogramas - 5 (cinco) UFIR;
b) de seiscentos e um a oitocentos quilogramas - 10 (dez) UFIR;
c) de oitocentos e um a um mil quilogramas - 20 (vinte) UFIR;
d) de um mil e um a três mil quilogramas - 30 (trinta) UFIR;
e) de três mil e um a cinco mil quilogramas - 40 (quarenta) UFIR;
f) acima de cinco mil e um quilogramas - 50 (cinqüenta) UFIR;
Medida administrativa - retenção do veículo e transbordo da carga excedente;
</p>
<p>Como  se  vê,  o  ordenamento  jurídico  nacional  já  tipifica  a  conduta  atribuída  à
requerida como ato infracional e estipula sanção para a hipótese, inclusive a ela
aplicada pelo órgão estatal competente.
</p>
<p>Desse  modo,  afigura-se  completamente  desnecessária  a  provocação  do  Poder
Judiciário na espécie, diante da previsão normativa antes transcrita. Se a sanção
prevista na norma objetiva é boa ou ruim, tal análise deve ficar restrita ao campo da
discussão acadêmica, já que não cabe ao Judiciário criar outra norma, pois assim
agindo  haveria  flagrante  subversão  ao  Princípio  da  Separação  dos  Poderes  da
República.
</p>
<p>(...)
</p>
<p>Em igual sentido é a mais recente jurisprudência do colendo TRF 1ª Região.
Confira-se:
TRANSPORTE  DE  CARGA  EM  RODOVIAS  FEDERAIS.  EXCESSO  DE
PESO.  PENAS  ADMINISTRATIVAS  LEGISLATIVAMENTE
COMINADAS.  OMISSÃO  DA  ADMINISTRAÇÃO.  AÇÃO  CIVIL
PÚBLICA,  DO  MPF,  COM  A  FINALIDADE  DE  COMINAR  PENA  DE
MULTA  MAIS  ELEVADA  E  RESPONSABILIZAR  DETERMINADA
EMPRESA POR DANOS MATERIAIS E MORAIS. SUBSTITUIÇÃO DAS
FUNÇÕES  LEGISLATIVA  E  ADMINISTRATIVA  PELO  PODER
JUDICIÁRIO.  AUSÊNCIA  DE  NECESSIDADE.  IMPOSSIBILIDADE
JURÍDICA.  INÉPCIA  DA  INICIAL  QUANTO  À  ESPECIFICAÇÃO  DOS
DANOS E IMPRATICABILIDADE DESSA ESPECIFICAÇÃO. 1. O tráfego
de  veículo  com  excesso  de  peso  pelas  rodovias  já  conta  com  penas
administrativas  legislativamente  previstas,  as  quais  se  presumem  suficientes
para  inibir  a  referida  conduta  ilícita.  Se  de  gravidade  insuficiente  ou  não
aplicadas,  é caso de provocar o Poder Legislativo,  para sua agravação,  ou o
Poder Executivo, para sua eficiente aplicação, incluída a medida mais eficiente
de todas, a apreensão do veículo. 2. Não é necessário, nem possível, ação civil
pública destinada a fixar pena substitutiva ou paralela às que são previstas em lei
para a referida conduta. Nem tem o Poder Judiciário estrutura adequada para
substituir o legislador e o administrador em casos dessa natureza.
</p>
<p>Rua São Paulo, 35, Tibery, Uberlândia, MG, CEP 38405-027
Tel: (034) 3218-6900 – prmg-udi@mpf.mp.br
http://www.prmg.mpf.mp.br/uberlandia 
</p>
<p>2</p>
<p />
<div class="annotation"><a href="mailto:prmg-udi@mpf.mp.br">mailto:prmg-udi@mpf.mp.br</a></div>
<div class="annotation"><a href="http://www.prmg.mpf.mp.br/uberlandia">http://www.prmg.mpf.mp.br/uberlandia</a></div>
</div>
<div class="page"><p />
<p>MINISTÉRIO PÚBLICO FEDERAL
PROCURADORIA DA REPÚBLICA EM UBERLÂNDIA
</p>
<p>Teria, no mínimo, que se valer da Administração para a verificação das condutas
suscetíveis de aplicação da multa cominada. 3. A atuação do Poder Judiciário é
excepcional e subsidiária, nessa hipótese. 4. Se omissa a Administração em sua
atividade de polícia, a ação do Ministério Público deve ser contra a entidade
administrativa, para que cumpra seu dever. 5. Quanto à indenização, a petição
inicial  não individualiza,  nem oferece  elementos  para a  individualização dos
danos.  Aliás,  é  impraticável  perícia  para  determinar  a  contribuição  de
empresa(s)  específica(s)  para  os  alegados  danos.  6.  Extinto  o  processo,  sem
resolução do mérito, com base no art. 267, I e VI, do Código de Processo Civil.
Prejudicada  a  apelação.  (AC  0032113-07.2012.4.01.3400  /  DF,  Rel.
DESEMBARGADOR  FEDERAL  JOÃO  BATISTA  MOREIRA,  QUINTA
TURMA, e-DJF1 p.1269 de 12/02/2016)
</p>
<p>Assim sendo, apesar dos bons propósitos do Ministério Público Federal, forçoso é
reconhecer faltar-lhe o necessário interesse processual para a medida postulada, sem
o qual o processo deve ser extinto sem exame de mérito.”
</p>
<p>4. Roga  vênia,  foi  justamente  para  contornar  tal  entendimento  que  este
</p>
<p>procurador  da  República,  quando oficiante na  PRM-Patos  de Minas,  adotou  de  forma
</p>
<p>inédita a tese (que depois se espalhou pelo Brasil) de que o tráfego com excesso de peso
</p>
<p>viola, além de direitos patrimoniais causados pelo dano ao pavimento, também direitos (a) à
</p>
<p>vida,  à  integridade  física  e  à  saúde,  (b) à  segurança pessoal  e  patrimonial,  e  ainda  os
</p>
<p>também  difusos  e  coletivos  direitos  (c) à  preservação  do  patrimônio  público  federal
</p>
<p>consubstanciado na rodovia federal e aos serviços de transporte, (d) à ordem econômica e,
</p>
<p>ainda,  (e)  ao  meio  ambiente  equilibrado  (natural  e  artificial).  Entretanto,  é  forçoso
</p>
<p>reconhecer que não é possivel se ajuizar uma ACP (provocando o Judiciário Federal) a cada
</p>
<p>caso de excesso de peso e nem mesmo quando há apenas poucas atuações.
</p>
<p>5. Não obstante, com a ressalva de entendimento pessoal contrário, a análise
</p>
<p>das jurisprudências pátrias demonstram que qualquer atuação judicial ou extrajudicial do
</p>
<p>MPF é  desnecessária,  já  que  faltaria  interesse  de  agir,  ante  a  quantidade  ínfima  de
</p>
<p>autuações.
</p>
<p>6. Ademais, a 5ª e 6ª Turma do TRF-1º Região, ambas por unanimidade, têm
</p>
<p>entendido que o tráfico de veículo com excesso de peso, em rodovias, já conta com penas
</p>
<p>administrativas. Outrossim, sustentam não ser possível ação civil pública destinada a fixar
</p>
<p>pena substitutiva,  ou  paralela,  às  previstas  na  legislação.  E  mais,  asseveram que  se  há
</p>
<p>omissão da Administração em sua atividade de polícia, a ação do MPF deve ser contra a
</p>
<p>entidade administrativa1.
1Nesse sentido, a Apelação Cível nº 0000232- 89.2011.4.01.3806/MG, da 6ª Turma do Tribunal Regional Federal da 1ª Região, da
relatoria do Desembargador Federal Daniel Paes, julgado em 23.5.2016; a Apelação Cível nº 00000946- 15.2012.4.01.3806/MG,
da 6ª Turma do Tribunal Regional Federal da 1ª Região, da relatoria do Desembargador Federal Kássio Nunes Margues, julgado em
4.7.2016; E mais, a Apelação Cível nº 0032113-07.2012.4.01.3400/DF, da 5ª Turma do Tribunal Regional Federal da 1ª Região, da
relatoria do Desembargador Federal João Batista Moreira, julgado em 27.1.2016.
Rua São Paulo, 35, Tibery, Uberlândia, MG, CEP 38405-027
Tel: (034) 3218-6900 – prmg-udi@mpf.mp.br
http://www.prmg.mpf.mp.br/uberlandia 
</p>
<p>3</p>
<p />
<div class="annotation"><a href="mailto:prmg-udi@mpf.mp.br">mailto:prmg-udi@mpf.mp.br</a></div>
<div class="annotation"><a href="http://www.prmg.mpf.mp.br/uberlandia">http://www.prmg.mpf.mp.br/uberlandia</a></div>
</div>
<div class="page"><p />
<p>MINISTÉRIO PÚBLICO FEDERAL
PROCURADORIA DA REPÚBLICA EM UBERLÂNDIA
</p>
<p>7. Assim  sendo,  por  uma  questão  de  estratégia  processual,  melhor  será
</p>
<p>limitar  as  ações  civis  públicas  às  sociedades  empresárias  que  tiverem um número
</p>
<p>elevado de autuações, sob pena de ver naufragar todas as ações ajuizadas no TRF1. 
</p>
<p>8. Ressalte-se, ainda, que o Roteiro de Atuação no Combate ao Tráfego com
</p>
<p>Excesso de Carga da 1ª CCR indica que sejam apurados os 10 (dez) maiores infratores
</p>
<p>de tráfego com excesso de peso na área de atribuição da PRM em cada ano (sobretudo
</p>
<p>nas  unidades,  como é  o caso da  PRM-Uberlândia,  nas  quais  há intensa  fiscalização  e
</p>
<p>inúmeras outras demandas a serem atendidas pelo MPF).
</p>
<p>9. Portanto, tendo em vista que a empresa BRITAGEM SÃO LUCAS LTDA
possui, tão somente, 28 (vinte e oito) autuações nos últimos 5 anos, o arquivamento dos
</p>
<p>presentes autos é medida imperativa.
</p>
<p>III – DA CONCLUSÃO 
</p>
<p>10. Nestes termos, tendo em vista a necessidade de uniformizar o tratamento
</p>
<p>dado aos Procedimentos Extrajudiciais sobre transporte com excesso de carga ocorridos
</p>
<p>no âmbito da área de atribuição da PRM-Uberlândia de modo a selecionar aqueles casos
</p>
<p>mais relevantes para que tal assunto não inviabilize a atuação do MPF e da Justiça Federal
</p>
<p>na região nas demais matérias, DETERMINO:
</p>
<p>11. (a)  o  arquivamento deste procedimento com o envio dos autos à 1ª CCR
</p>
<p>para fins de homologação do arquivamento.
</p>
<p>12. Por sua vez, não se mostra aplicável a  determinação de comunicação ao
</p>
<p>representante, tendo em vista que o presente  PP foi instaurado a partir de representação
</p>
<p>formulada pelo Departamento de Polícia Rodoviária Federal.
</p>
<p>Uberlândia, 13 de junho de 2018.
</p>
<p>Onésio Soares Amaral
Procurador da República
</p>
<p>Rua São Paulo, 35, Tibery, Uberlândia, MG, CEP 38405-027
Tel: (034) 3218-6900 – prmg-udi@mpf.mp.br
http://www.prmg.mpf.mp.br/uberlandia 
</p>
<p>4</p>
<p />
<div class="annotation"><a href="mailto:prmg-udi@mpf.mp.br">mailto:prmg-udi@mpf.mp.br</a></div>
<div class="annotation"><a href="http://www.prmg.mpf.mp.br/uberlandia">http://www.prmg.mpf.mp.br/uberlandia</a></div>
</div>
<ul>	<li>PP n. 1.22.003.000616/2017-94</li>
	<li>I – DO OBJETO</li>
	<li>II – BREVE RESUMO DOS FATOS APURADOS</li>
	<li>III – DA CONCLUSÃO</li>
</ul>
</body></html>