<?xml version="1.0" encoding="UTF-8"?>
<html xmlns="http://www.w3.org/1999/xhtml">
<head>
<meta name="date" content="2018-08-10T19:03:54Z" />
<meta name="pdf:PDFVersion" content="1.4" />
<meta name="access_permission:modify_annotations" content="true" />
<meta name="access_permission:can_print_degraded" content="true" />
<meta name="tika_batch_fs:relative_path" content="81929409.pdf" />
<meta name="dcterms:created" content="2018-08-10T19:03:53Z" />
<meta name="Last-Modified" content="2018-08-10T19:03:54Z" />
<meta name="dcterms:modified" content="2018-08-10T19:03:54Z" />
<meta name="dc:format" content="application/pdf; version=1.4" />
<meta name="Last-Save-Date" content="2018-08-10T19:03:54Z" />
<meta name="access_permission:fill_in_form" content="true" />
<meta name="pdf:docinfo:modified" content="2018-08-10T19:03:54Z" />
<meta name="meta:save-date" content="2018-08-10T19:03:54Z" />
<meta name="pdf:encrypted" content="false" />
<meta name="modified" content="2018-08-10T19:03:54Z" />
<meta name="Content-Length" content="49943" />
<meta name="X-TIKA:digest:MD5" content="bd52ce4eaafa00671fb0f6157bddef42" />
<meta name="Content-Type" content="application/pdf" />
<meta name="X-Parsed-By" content="org.apache.tika.parser.DefaultParser" />
<meta name="X-Parsed-By" content="org.apache.tika.parser.pdf.PDFParser" />
<meta name="meta:creation-date" content="2018-08-10T19:03:53Z" />
<meta name="created" content="Fri Aug 10 16:03:53 BRT 2018" />
<meta name="access_permission:extract_for_accessibility" content="true" />
<meta name="access_permission:assemble_document" content="true" />
<meta name="xmpTPg:NPages" content="2" />
<meta name="Creation-Date" content="2018-08-10T19:03:53Z" />
<meta name="resourceName" content="81929409.pdf" />
<meta name="access_permission:extract_content" content="true" />
<meta name="access_permission:can_print" content="true" />
<meta name="tika:file_ext" content="pdf" />
<meta name="producer" content="iText® 5.5.9 ©2000-2015 iText Group NV (AGPL-version); modified using iText® 5.5.9 ©2000-2015 iText Group NV (AGPL-version)" />
<meta name="access_permission:can_modify" content="true" />
<meta name="pdf:docinfo:producer" content="iText® 5.5.9 ©2000-2015 iText Group NV (AGPL-version); modified using iText® 5.5.9 ©2000-2015 iText Group NV (AGPL-version)" />
<meta name="pdf:docinfo:created" content="2018-08-10T19:03:53Z" />
<title></title>
</head>
<body><div class="page"><p />
<p> 
</p>
<p>Procedimento Preparatório nº 1.16.000.003409/2017-19
 
 
</p>
<p> Promoção de arquivamento Nº 1140/PRDF/MSF
 
</p>
<p> 
</p>
<p>Trata-se de notícia de fato autuada a partir do Acórdão nº 2190/TCU,
</p>
<p>acerca de 3.592 ocorrências de extrapolação do teto constitucional para pagamento de
</p>
<p>servidores públicos federais, encaminhado a esta Procuradoria da  República no
</p>
<p>Distrito Federal para instrução das ações civis públicas nsº 15455-39.2011.4.01.3400,
</p>
<p>16152- 60.2011.4.01.3400 e 16153- 45.2011.4.01.3400, todas elas conclusas para
</p>
<p>sentença perante o juízo da 9ª Vara Federal.
</p>
<p>Solicitou-se vista dos autos nas referidas ações civis públicas para
</p>
<p>análise da possível complementação de documentação com o fito de instruir os
</p>
<p>processos.
</p>
<p>Tais ações foram recebidas neste Ofício, em 07/06/2018.
</p>
<p>Verificada em tal ocasião, que as informações aqui constantes, ainda não
</p>
<p>estavam no bojo daqueles autos, a despeito de estarem conclusos para julgamento,
</p>
<p>solicitou-se ao Setor Pericial da PGR que se procedesse à análise contábil.
</p>
<p>A SPPEA encaminhou o Relatório Técnico nº177/2018, sem a efetiva
</p>
<p>elaboração da perícia contábil requerida, que ora determino juntada. Junte-se aos
</p>
<p>autos o pedido de perícia originário do Relatório  Técnico nº177.
 
</p>
<p>Considerando a relevância das informações disponibilize cópia das fls. 4
</p>
<p>a 15 do presente nos três autos judiciais. Após, considerando que a finalidade do
</p>
<p>presente procedimento se encerra nesta instrução, promovo o arquivamento do
</p>
<p>procedimento.
</p>
<p>Comunique-se ao Representante.
</p>
<p>PR-DF-00064798/2018
</p>
<p> 
MINISTÉRIO PÚBLICO FEDERAL
</p>
<p>PROCURADORIA DA REPÚBLICA NO DISTRITO FEDERAL
1º OFÍCIO DE SERVIDOR PÚBLICO E CONCURSOS
</p>
<p> 
</p>
<p>PR-DF
SGAS 604, lote 23, Av. L2 Sul, Gabinete 132
</p>
<p>CEP 70.200-640 - Brasília-DF
 Tel.: (61) 3313-5450 - FAX:(61) 3313-5445
</p>
<p>email: prdf-30ofservpublico@mpf.mp.br 
</p>
<p>Pág. 1 de 2</p>
<p />
</div>
<div class="page"><p />
<p>Encaminhem-se os autos à 1ª CCR para fins homologatórios/ revisionais.
</p>
<p>Brasília,10 de agosto de 2018
</p>
<p>CARLOS HENRIQUE MARTINS LIMA
</p>
<p>PROCURADOR DA REPUBLICA
 
</p>
<p> 
 
 
</p>
<p> 
</p>
<p>PR-DF
SGAS 604, lote 23, Av. L2 Sul, Gabinete 132
</p>
<p>CEP 70.200-640 - Brasília-DF
 Tel.: (61) 3313-5450 - FAX:(61) 3313-5445
</p>
<p>email: prdf-30ofservpublico@mpf.mp.br 
</p>
<p>Pág. 2 de 2</p>
<p />
</div>
</body></html>