<?xml version="1.0" encoding="UTF-8"?>
<html xmlns="http://www.w3.org/1999/xhtml">
<head>
<meta name="date" content="2018-07-19T18:54:25Z" />
<meta name="pdf:PDFVersion" content="1.4" />
<meta name="access_permission:modify_annotations" content="true" />
<meta name="access_permission:can_print_degraded" content="true" />
<meta name="tika_batch_fs:relative_path" content="81922331.pdf" />
<meta name="dcterms:created" content="2018-07-19T18:54:25Z" />
<meta name="Last-Modified" content="2018-07-19T18:54:25Z" />
<meta name="dcterms:modified" content="2018-07-19T18:54:25Z" />
<meta name="dc:format" content="application/pdf; version=1.4" />
<meta name="Last-Save-Date" content="2018-07-19T18:54:25Z" />
<meta name="access_permission:fill_in_form" content="true" />
<meta name="pdf:docinfo:modified" content="2018-07-19T18:54:25Z" />
<meta name="meta:save-date" content="2018-07-19T18:54:25Z" />
<meta name="pdf:encrypted" content="false" />
<meta name="modified" content="2018-07-19T18:54:25Z" />
<meta name="Content-Length" content="52863" />
<meta name="X-TIKA:digest:MD5" content="b036481011d6e263138f41f607f26ac9" />
<meta name="Content-Type" content="application/pdf" />
<meta name="X-Parsed-By" content="org.apache.tika.parser.DefaultParser" />
<meta name="X-Parsed-By" content="org.apache.tika.parser.pdf.PDFParser" />
<meta name="meta:creation-date" content="2018-07-19T18:54:25Z" />
<meta name="created" content="Thu Jul 19 15:54:25 BRT 2018" />
<meta name="access_permission:extract_for_accessibility" content="true" />
<meta name="access_permission:assemble_document" content="true" />
<meta name="xmpTPg:NPages" content="3" />
<meta name="Creation-Date" content="2018-07-19T18:54:25Z" />
<meta name="resourceName" content="81922331.pdf" />
<meta name="access_permission:extract_content" content="true" />
<meta name="access_permission:can_print" content="true" />
<meta name="tika:file_ext" content="pdf" />
<meta name="producer" content="iText® 5.5.9 ©2000-2015 iText Group NV (AGPL-version); modified using iText® 5.5.9 ©2000-2015 iText Group NV (AGPL-version)" />
<meta name="access_permission:can_modify" content="true" />
<meta name="pdf:docinfo:producer" content="iText® 5.5.9 ©2000-2015 iText Group NV (AGPL-version); modified using iText® 5.5.9 ©2000-2015 iText Group NV (AGPL-version)" />
<meta name="pdf:docinfo:created" content="2018-07-19T18:54:25Z" />
<title></title>
</head>
<body><div class="page"><p />
<p> 
 
 
</p>
<p>Procedimento Preparatório n.º  1.33.001.000506/2017-69
 
 
 
 
 
 
 
 
</p>
<p>PROMOÇÃO DE ARQUIVAMENTO
 
 
 
</p>
<p>Cuida-se de Procedimento Preparatório instaurado a
</p>
<p>partir de solicitação de reunião pelo Conselho Estadual das Populações
</p>
<p>Afrodescendentes em Santa Catarina para implementação e
</p>
<p>fortalecimento das políticas públicas de promoção de igualdade racial.
 
</p>
<p>Diante da solicitação foi determinado o agendamento
</p>
<p>da reunião. Ato seguinte, foi efetuada a consulta de disponibilidade para a
</p>
<p>aludida solenidade. Contudo, não houve resposta por parte do Conselho.
</p>
<p>A fim de possibilitar a pretendida reunião, foi reiterado o
</p>
<p>e-mail encaminhado ao Conselho Estadual das Populações
</p>
<p>Afrodescendentes - CEPA, porém o Presidente do Conselho não poderia
</p>
<p>comparecer nas datas disponíveis.
</p>
<p>Novamente foram disponibilizadas novas data para a
</p>
<p>reunião, contudo o Conselho quedou-se inerte.
 
</p>
<p>Pois bem. A Resolução 23/2017 do CNMP dispõe sobre
</p>
<p>a finalidade do Procedimento Preparatório, in verbis:
 
</p>
<p>PRM-BNU-SC-00005155/2018     
</p>
<p>MINISTÉRIO PÚBLICO FEDERAL
PROCURADORIA DA REPUBLICA NO MUNICIPIO DE BLUMENAU-SC
</p>
<p>GABINETE DE PROCURADOR DE PRM/BLUMENAU
</p>
<p>PROCURADORIA DA
REPUBLICA NO
MUNICIPIO DE
BLUMENAU-SC
</p>
<p>Rua XV de Novembro, 1305, 10º andar, Centro - CEP 89010-915 -
Blumenau-SC
</p>
<p>Fone/Fax: (47) 3321-1700 - prsc-prmblumenau@mpf.mp.br
 
</p>
<p>Pág. 1 de 3</p>
<p />
</div>
<div class="page"><p />
<p>(...)
</p>
<p>§ 4º O Ministério Público, de posse de informações
</p>
<p>previstas nos artigos 6º e 7º da Lei n° 7.347/85 que
</p>
<p>possam autorizar a tutela dos interesses ou direitos
</p>
<p>mencionados no artigo 1º desta Resolução, poderá
</p>
<p>complementá-las antes de instaurar o inquérito civil,
</p>
<p>visando apurar elementos para identificação dos
</p>
<p>investigados ou do objeto, instaurando procedimento
</p>
<p>preparatório.
</p>
<p>(...)
 
</p>
<p>No caso presente não há irregularidades ou elementos
</p>
<p>para serem apurados ante a solicitação ser genérica, apenas indicou o
</p>
<p>agendamento de reunião para discutir o fortalecimento das políticas
</p>
<p>públicas de promoção de igualdade racial.
 
</p>
<p>Ademais, conforme o artigo 1º da Resolução 88/2012 do
</p>
<p>CNMP1, a qualquer momento o CEPA poderá solicitar nova reunião,
</p>
<p>sendo desnecessária a instauração de procedimento para esta finalidade.
 
</p>
<p>Pelo acima exposto, determino o ARQUIVAMENTO dos
</p>
<p>presentes autos, nos termos do art. 9º, caput, da Lei n. 7.347/85 e do art.
</p>
<p>10, da Resolução n. 23, do Conselho Nacional do Ministério Público.
 
</p>
<p>Tendo em vista o disposto na parte final do § 1º do artigo
</p>
<p>10 da Resolução n. 23 do Conselho Nacional do Ministério Público,
</p>
<p>notifique-se a parte representante com cópia da presente promoção de
</p>
<p>arquivamento, para, caso assim entenda necessário, oferecer razões
</p>
<p>PRM-BNU-SC-00005155/2018     
</p>
<p>MINISTÉRIO PÚBLICO FEDERAL
PROCURADORIA DA REPUBLICA NO MUNICIPIO DE BLUMENAU-SC
</p>
<p>GABINETE DE PROCURADOR DE PRM/BLUMENAU
</p>
<p>PROCURADORIA DA
REPUBLICA NO
MUNICIPIO DE
BLUMENAU-SC
</p>
<p>Rua XV de Novembro, 1305, 10º andar, Centro - CEP 89010-915 -
Blumenau-SC
</p>
<p>Fone/Fax: (47) 3321-1700 - prsc-prmblumenau@mpf.mp.br
 
</p>
<p>Pág. 2 de 3</p>
<p />
</div>
<div class="page"><p />
<p>escritas, no prazo de 10 (dez) dias.
</p>
<p>Após, caso não aceitas as razões ou caso essas não
</p>
<p>sejam apresentadas, remetam-se os autos, no prazo máximo de 3 (três)
</p>
<p>dias, à 1ª Câmara de Coordenação e Revisão do Ministério Público
</p>
<p>Federal, para os fins previstos no art. 9º, § 1º, da Lei n. 7.347/85 e no art.
</p>
<p>10, § 1º, da Resolução n. 23, do Conselho Nacional do Ministério Público.
 
</p>
<p> 
 
 
</p>
<p>Blumenau, 17 de julho de 2018
 
 
 
 
 
</p>
<p>ERCIAS RODRIGUES DE SOUSA
</p>
<p>PROCURADOR DA REPUBLICA
 
 
</p>
<p>1Art. 1º O membro do Ministério Público, no exercício das funções institucionais previstas no art. 129 da Constituição da
República ou de sua atuação em face da defesa da ordem jurídica, do regime democrático e dos interesses sociais e individuais
indisponíveis, deve prestar atendimento ao público, sempre que solicitado, e em local e horário adequados, com a finalidade de
avaliar as demandas que lhe sejam dirigidas.
 
</p>
<p>PRM-BNU-SC-00005155/2018     
</p>
<p>MINISTÉRIO PÚBLICO FEDERAL
PROCURADORIA DA REPUBLICA NO MUNICIPIO DE BLUMENAU-SC
</p>
<p>GABINETE DE PROCURADOR DE PRM/BLUMENAU
</p>
<p>PROCURADORIA DA
REPUBLICA NO
MUNICIPIO DE
BLUMENAU-SC
</p>
<p>Rua XV de Novembro, 1305, 10º andar, Centro - CEP 89010-915 -
Blumenau-SC
</p>
<p>Fone/Fax: (47) 3321-1700 - prsc-prmblumenau@mpf.mp.br
 
</p>
<p>Pág. 3 de 3</p>
<p />
</div>
</body></html>