<?xml version="1.0" encoding="UTF-8"?>
<html xmlns="http://www.w3.org/1999/xhtml">
<head>
<meta name="date" content="2018-08-03T16:28:32Z" />
<meta name="pdf:PDFVersion" content="1.4" />
<meta name="access_permission:modify_annotations" content="true" />
<meta name="access_permission:can_print_degraded" content="true" />
<meta name="tika_batch_fs:relative_path" content="82084233.pdf" />
<meta name="dcterms:created" content="2018-08-03T16:28:32Z" />
<meta name="Last-Modified" content="2018-08-03T16:28:32Z" />
<meta name="dcterms:modified" content="2018-08-03T16:28:32Z" />
<meta name="dc:format" content="application/pdf; version=1.4" />
<meta name="Last-Save-Date" content="2018-08-03T16:28:32Z" />
<meta name="access_permission:fill_in_form" content="true" />
<meta name="pdf:docinfo:modified" content="2018-08-03T16:28:32Z" />
<meta name="meta:save-date" content="2018-08-03T16:28:32Z" />
<meta name="pdf:encrypted" content="false" />
<meta name="modified" content="2018-08-03T16:28:32Z" />
<meta name="Content-Length" content="171238" />
<meta name="X-TIKA:digest:MD5" content="fe0c83075240acbfce961359a9cc0345" />
<meta name="Content-Type" content="application/pdf" />
<meta name="X-Parsed-By" content="org.apache.tika.parser.DefaultParser" />
<meta name="X-Parsed-By" content="org.apache.tika.parser.pdf.PDFParser" />
<meta name="meta:creation-date" content="2018-08-03T16:28:32Z" />
<meta name="created" content="Fri Aug 03 13:28:32 BRT 2018" />
<meta name="access_permission:extract_for_accessibility" content="true" />
<meta name="access_permission:assemble_document" content="true" />
<meta name="xmpTPg:NPages" content="3" />
<meta name="Creation-Date" content="2018-08-03T16:28:32Z" />
<meta name="resourceName" content="82084233.pdf" />
<meta name="access_permission:extract_content" content="true" />
<meta name="access_permission:can_print" content="true" />
<meta name="tika:file_ext" content="pdf" />
<meta name="producer" content="iText® 5.5.9 ©2000-2015 iText Group NV (AGPL-version); modified using iText® 5.5.9 ©2000-2015 iText Group NV (AGPL-version)" />
<meta name="access_permission:can_modify" content="true" />
<meta name="pdf:docinfo:producer" content="iText® 5.5.9 ©2000-2015 iText Group NV (AGPL-version); modified using iText® 5.5.9 ©2000-2015 iText Group NV (AGPL-version)" />
<meta name="pdf:docinfo:created" content="2018-08-03T16:28:32Z" />
<title></title>
</head>
<body><div class="page"><p />
<p>MINISTÉRIO PÚBLICO FEDERAL
PROCURADORIA DA REPÚBLICA NO RIO GRANDE DO SUL
</p>
<p>NÚCLEO DE CONTROLE DA ADMINISTRAÇÃO
16.º OFÍCIO
</p>
<p> 
</p>
<p>Procedimento Preparatório (PP) n.º 1.29.000.003715/2017-05
 
 
 
</p>
<p>PROMOÇÃO DE ARQUIVAMENTO
 
</p>
<p>  
 
</p>
<p>O presente procedimento preparatório foi instaurado no dia 9 de abril de 2018, no âmbito do
</p>
<p>16.º Ofício da Procuradoria da República no Rio Grande do Sul - PR/RS [1.29.000.003715.2017-05(3).pdf, p.
</p>
<p>140)], para "apurar supostas inconstitucionalidades/ilegalidades em atos normativos infralegais que
</p>
<p>regulamentam o acesso de Subtenentes ao Quadro Auxiliar de Oficiais - QAO do Exército Brasileiro", visto que
</p>
<p>foram recebidas duas representações com idêntico teor, formuladas por pessoas que solicitaram o sigilo de seus
</p>
<p>dados pessoais, por meio das quais os(as) representantes not iciaram, em suma, supostas
</p>
<p>inconstitucionalidades/ilegalidades que estariam ocorrendo no processo de ingresso de Subtenentes no Quadro
</p>
<p>Auxiliar de Oficiais - QAO do Exército Brasileiro, aduzindo que não "(...) respeitam a lei 9.784/99, sobre a
</p>
<p>atribuição de pontos com pretexto do ato de promoção ser ato discricionário, que não é: RE 434900-CE, (fazem
</p>
<p>disso uma caixa preta - sem motivação), obrigatória por lei, promovem a bel prazer da adm pública, escolhem
</p>
<p>quem é promovido, ou seja, motivos para perseguição de uns e benevolência para outros"; que, "(...) a Comissão
</p>
<p>de Promoção do Quadro de Auxiliar de Oficiais (CP-QAO) que não recebe competência para pontuar, Art. 24 do
</p>
<p>Dec 90.116/84, acaba pontuando"; que "(...) essa pontuação advém das instruções das Portarias abaixo, as
</p>
<p>quais são Inconstitucionais"; que o "(...) Exército expede Portarias inconstitucionais - p. ex. 1.496/14
</p>
<p>(Comandante do Exército) e 006-EME (Estado Maior do Exército), estas por darem instrução ao Decreto
</p>
<p>90.116/84, algo que só é permitido ao Ministro da Defesa, em atenção ao Art. 87, Parágrafo Único, Inc II, da
</p>
<p>CF/88"; que, "(...) pelo que se sabe o Comandante do Exército e o Chefe do EME não são Ministros de Estados";
</p>
<p>que, "(...) nessas Portarias estão todas as instruções para a promoção dos Subtenentes do Exército"; que, de
</p>
<p>acordo com esse entendimento, "(...) todos os atos de promoção dos Subtenentes são nulos de pleno
</p>
<p>direito,visto que estão baseadas em legislações administrativas Inconstitucionais"; que, em "(...) 2015, foi
</p>
<p>realizada um ICP (Inquérito Civil Público) seguido de uma ACP que não deu em nada"; que solicita "(...) que
</p>
<p>fosse realizada uma AIA (Ação de Improbidade Administrativa), tem muitas ações de militares requerendo a sua
</p>
<p>promoção e o Estado Brasileiro vai ter que arcar com as irregularidades de pessoas que são transitórias no
</p>
<p>poder, e estas devem, se a União for condenada, indenizar os cofres públicos de acordo com art. 36, §7, CF/88"
</p>
<p>[1.29.000.003715.2017-05(3).pdf, p. 2 e 13)].
 
</p>
<p>Com o objetivo de verificar a existência de inquérito civil e de ação civil pública acerca do tema,
</p>
<p>o Assessor do 16.º Ofício da PR/RS realizou pesquisas no sistema Único e na rede mundial de computadores e,
</p>
<p>em decorrência, juntou aos autos "(...) extrato de tramitação do IC n.º 1.16.000.004569/2014-32; cópia da petição
</p>
<p>inicial da ACP n.º 0037272-23.2015.4.01.3400; dos extratos de tramitação da referida ACP na Seção Judiciária
</p>
<p>do Distrito Federal e no Tribunal Regional Federal da 1.ª Região - TRF1; cópias das Leis n.º 5.821/72 (Promoção
</p>
<p>dos Oficiais da Ativa das Forças Armadas), n.º 6.391/76 (Pessoal do Exército) e 6880/80 (Estatuto dos Militares);
</p>
<p>cópia do Decreto n.º 90.116/94 (Regulamenta Ingresso e Promoção no QAO); e, cópia da Portaria n.º 1.496/14
</p>
<p>[Aprova as Instruções Gerais para Ingresso e Promoções no QAO (EB-10-IG-02.005)]" [1.29.000.003715.2017-
</p>
<p>05(3).pdf, p. 20 e 139)].
 
</p>
<p>Pois bem. Como visto, o presente procedimento preparatório foi instaurado para realizar a
</p>
<p>colheita de elementos que permitam formar convicção acerca das supostas inconstitucionalidades/ilegalidades
</p>
<p>Pág. 1 de 3</p>
<p />
</div>
<div class="page"><p />
<p>atribuídas pelos(as) representantes aos atos normativos infralegais que regulamentam o acesso de Subtenentes
</p>
<p>ao Quadro Auxiliar de Oficiais - QAO do Exército Brasileiro.
 
</p>
<p>Bem examinado o caso, nota-se que a principal alegação dos(as) representantes reside na
</p>
<p>suposta inconstitucionalidade de Portarias expedidas pelo Comandante do Exército/Estado Maior do Exército
</p>
<p>para a regulamentação de disposições contidas no Decreto n.º 90.116/94, uma vez que, no entendimento
</p>
<p>deles(as), o poder regulamentar, nesse caso, seria privativo do Ministro da Defesa, nos termos do inciso II do
</p>
<p>parágrafo único do artigo 87 da Constituição Federal, verbis:
 
</p>
<p>Art. 87. Os Ministros de Estado serão escolhidos dentre brasileiros maiores de vinte e um anos e no
exercício dos direitos políticos.
Parágrafo único. Compete ao Ministro de Estado, além de outras atribuições estabelecidas nesta
Constituição e na lei:
[...]
II - expedir instruções para a execução das leis, decretos e regulamentos;
[...]
</p>
<p> 
</p>
<p>Além desse argumento, nenhum outro, com relevância para o deslinde do tema, foi
</p>
<p>apresentado pelos(as) representantes.
 
</p>
<p>Ocorre que a irresignação dos(as) autores(as) das representações que deram ensejo à
</p>
<p>instauração do presente expediente não merecem trânsito.
 
</p>
<p>Com efeito, a Lei n.º 6.391, de 9 de dezembro de 1976, que dispões sobre o Pessoal do
</p>
<p>Ministério do Exército e dá outras providências, estabelece, em seu artigo 10, que cabe ao Poder Executivo criar
</p>
<p>e extinguir quadros de oficiais. No desempenho desse encargo, o Presidente da República editou o Decreto n.º
</p>
<p>84.333, de 20 de dezembro de 1979, por meio do qual criou o Quadro Auxiliar de Oficial (QAO), e,
</p>
<p>posteriormente, editou o Decreto n.º 90.116, de 29 de agosto de 1984, para o fim de regulamentar o ingresso e a
</p>
<p>promoção no QAO.
 
</p>
<p>Destaca-se que neste último decreto, o Presidente da República delegou ao "Ministro do
</p>
<p>Exército" diversas atribuições de natureza regulamentar, tais como as previstas no artigo 7.º ("Art. 7° O Ministro
</p>
<p>do Exército, a fim de assegurar o equilíbrio e a regularidade no ingresso no QAO, deverá estabelecer: a) a
</p>
<p>participação de cada QMS ou categoria no correspondente Quadro de Acesso (QA); b) os limites quantitativos de
</p>
<p>antigüidade para a organização dos Quadros de Acesso ou inclusão em Quota Compulsória"); no artigo 8.º ("Art.
</p>
<p>8° Os limites quantitativos de antigüidade serão fixados, separadamente, para cada categoria e QMS, em
</p>
<p>quantidade igual ao percentual a ser estabelecido pelo Ministro do Exército, sobre o efetivo de cada categoria e
</p>
<p>QMS para o ano considerado e respeitando, entre as QMS que concorrem a uma mesma categoria, a situação
</p>
<p>hierárquica dos militares participantes"); no § 1.º do artigo 9.º ("§ 1º - O Ministro do Exército, sempre que julgar
</p>
<p>necessário, poderá reduzir ou ampliar, em até 50% (cinqüenta por cento), os interstícios fixados neste artigo");
</p>
<p>no § 2.º do artigo 10 ("§ 2º O Ministro do Exército definirá e discriminará as condições de acesso e os
</p>
<p>procedimentos para avaliação dos conceitos profissional e moral"); no parágrafo único do artigo 13 ("Parágrafo
</p>
<p>único - O Ministro do Exército regulará as condições para organização dos QA"); no artigo 25 ("Art. 25 - O
</p>
<p>Ministro do Exército fixará os requisitos para o recrutamento, seleção, matrícula e funcionamento do Curso de
</p>
<p>Habilitação ao QAO (CHQAO), de que trata a letra d) do Art. 4º deste Decreto, bem como estabelecerá a data de
</p>
<p>entrada em vigor daquela exigência"); no artigo 27 ("Art. 27 - 0 Ministro do Exército que poderá delegar
</p>
<p>atribuições previstas neste Decreto ao Chefe do Departamento-Geral do Pessoal, obedecidas as disposições
</p>
<p>legais e regulamentos, deverá baixar dentro de 60 (sessenta) dias, Instruções Gerais especificando as
</p>
<p>atribuições delegadas e regulando os demais aspectos da aplicação deste Decreto"); e, no artigo 28 ("Art. 28 -
</p>
<p>Os casos não previstos no presente Regulamento serão solucionados pelo Ministro do Exército, ouvida a CP-
</p>
<p>QAO").
 
</p>
<p>Ocorre que, ao contrário do entendimento manifestado pelos(as) representantes (no sentido de
</p>
<p>que o poder regulamentar deveria ser exercido, atualmente, pelo Ministro da Defesa), a Lei Complementar n.º
</p>
<p>97, de 9 de junho de 1999, que dispõe sobre as normas gerais para a organização, o preparo e o emprego das
</p>
<p>Forças Armadas, além de determinar a transformação dos Ministério da Marinha, do Exército e da Aeronáutica
</p>
<p>em Comandos (artigo 20), expressamente determinou que até "(...) que se proceda à revisão dos atos
</p>
<p>normativos pertinentes, as referências legais a Ministério ou a Ministro de Estado da Marinha, do Exército e da
</p>
<p>Pág. 2 de 3</p>
<p />
</div>
<div class="page"><p />
<p>Aeronáutica passam a ser entendidas como a Comando ou a Comandante dessas Forças, respectivamente,
</p>
<p>desde que não colidam com atribuições do Ministério ou Ministro de Estado da Defesa" (artigo 19).
 
</p>
<p>Sendo assim, o poder regulamentar que antes da entrada em vigor da Emenda Constitucional
</p>
<p>n.º 23, de 2 de setembro de 1999 [que cria o Ministério da Defesa e submete os Comandantes da Marinha, do
</p>
<p>Exército e da Aeronáutica ao mesmo regime dos Ministros de Estado (vide alterações no inciso I do artigo 52, no
</p>
<p>inciso XIII do artigo 84, no inciso VIII do artigo 91, e nas alíneas "b" e "c" do inciso I do artigo 105)] cabia aos
</p>
<p>Ministérios/Ministros da Marinha, do Exército e da Aeronáutica, passou à alçada dos Comandos/Comandantes
</p>
<p>da Marinha, do Exército e da Aeronáutica.
 
</p>
<p>Registre-se, por f im, que, por meio do ajuizamento da Ação Civi l  Pública n.º
</p>
<p>112343454264178696176291, que tramita(va) na 8.ª Vara Federal de Brasília, o Ministério Público Federal
</p>
<p>demandou acerca de diversas questões conexas com a que é tratada no presente procedimento preparatório,
</p>
<p>sem, todavia, suscitar a questão da suposta inconstitucionalidade dos atos regulamentares baixados pelo
</p>
<p>Comando/Comandante do Exército em face do disposto no inciso II do parágrafo único do artigo 87 da
</p>
<p>Constituição Federal. Observa-se, pela leitura da petição inicial juntada neste expediente, que a pretensão
</p>
<p>envolvia "(...) o julgamento de procedência do pedido para para compelir a ré a anular as 3 (três) promoções
</p>
<p>ocorridas antes de 1º de dezembro de 2014 e as posteriores a essa data por configurarem atos administrativos
</p>
<p>eivados de nulidade, bem como a proceder às contagens corretas dos pontos atribuídos aos Subtenentes do
</p>
<p>Quadro de Acesso aspirantes à promoção, promovendo os militares prejudicados em ressarcimento de
</p>
<p>preterição, nos conformes dos artigos 6º e 19 do Decreto nº 90.116/1984 e do caput e do §2º do art. 6º do IG 10-
</p>
<p>31 alteradas pela Portaria nº 389-Cmt Ex, de 26 de junho de 2009 e Portaria nº 805-Cmt Ex de 23 de novembro
</p>
<p>de 2009" [1.29.000.003715.2017-05(3).pdf, p. 58)]. Para essas questões, entende-se que já ocorreu a
</p>
<p>judicialização da demanda, não havendo fundamento (justa causa) para dar curso a apurações ou para a adoção
</p>
<p>de qualquer outra medida, judicial ou extrajudicial, pelo Ministério Público Federal.
 
</p>
<p>Portanto, considerando que a Lei Complementar n.º 97/1999 atribui ao Comando/Comandante
</p>
<p>do Exército a parcela de poder regulamentar que antes da criação do Ministério da Defesa cabia ao Ministério do
</p>
<p>Exército (transformado em Comando do Exército), não se vislumbra inconstitucionalidade/ilegalidade na edição
</p>
<p>de Portarias, pelo Comando/Comandante do Exército, para a regulamentação das disposições previstas no
</p>
<p>Decreto n.º 90.116/1984.
 
</p>
<p>Diante do exposto, promovo, com fundamento no artigo 9.º da Lei n.º 7.347/1985, no artigo 17
</p>
<p>da Resolução CSMPF n.º 87/2010 e no artigo 10 da Resolução CNMP n.º 23/2007, o arquivamento do
</p>
<p>procedimento preparatório.
 
</p>
<p>Considerando que o expediente foi  instaurado em razão do recebimento de
</p>
<p>representação(ões), determino à assessoria do 16.º Ofício da PR/RS que contate o(a)(s) representante(s) para o
</p>
<p>fim de informá-lo(a)(s) acerca do arquivamento do expediente, e para comunicá-lo(a)(s) acerca da faculdade
</p>
<p>prevista no § 3.º do artigo 17 da Resolução CSMPF n.º 87/2010.
 
</p>
<p>Determino à assessoria do 16.º Ofício da PR/RS que elabore minuta de ofício, dirigido ao(à)
</p>
<p>Coordenador(a) da 1.ª Câmara de Coordenação e Revisão do Ministério Público Federal, para o fim de
</p>
<p>encaminhar-lhe, no prazo de 3 (três) dias, os autos do expediente, em cumprimento ao disposto no § 1.º do
</p>
<p>artigo 9.º da Lei n.º 7.347/1985, no § 2.º do artigo 17 da Resolução CSMPF n.º 87/2010 e no § 1.º do artigo 10 da
</p>
<p>Resolução CNMP n.º 23/2007.
 
</p>
<p>Porto Alegre/RS, 3 de agosto de 2018.
 
 
</p>
<p>MAURO CICHOWSKI DOS SANTOS
</p>
<p>Procurador da República
 
</p>
<p>Pág. 3 de 3</p>
<p />
</div>
</body></html>