<?xml version="1.0" encoding="UTF-8"?>
<html xmlns="http://www.w3.org/1999/xhtml">
<head>
<meta name="date" content="2018-01-12T15:15:03Z" />
<meta name="pdf:PDFVersion" content="1.4" />
<meta name="access_permission:modify_annotations" content="true" />
<meta name="access_permission:can_print_degraded" content="true" />
<meta name="tika_batch_fs:relative_path" content="82090239.pdf" />
<meta name="dcterms:created" content="2018-01-12T15:15:03Z" />
<meta name="Last-Modified" content="2018-01-12T15:15:03Z" />
<meta name="dcterms:modified" content="2018-01-12T15:15:03Z" />
<meta name="dc:format" content="application/pdf; version=1.4" />
<meta name="Last-Save-Date" content="2018-01-12T15:15:03Z" />
<meta name="access_permission:fill_in_form" content="true" />
<meta name="pdf:docinfo:modified" content="2018-01-12T15:15:03Z" />
<meta name="meta:save-date" content="2018-01-12T15:15:03Z" />
<meta name="pdf:encrypted" content="false" />
<meta name="modified" content="2018-01-12T15:15:03Z" />
<meta name="Content-Length" content="110260" />
<meta name="X-TIKA:digest:MD5" content="3cf54fb13b656afde9243c5195fefc30" />
<meta name="Content-Type" content="application/pdf" />
<meta name="X-Parsed-By" content="org.apache.tika.parser.DefaultParser" />
<meta name="X-Parsed-By" content="org.apache.tika.parser.pdf.PDFParser" />
<meta name="meta:creation-date" content="2018-01-12T15:15:03Z" />
<meta name="created" content="Fri Jan 12 13:15:03 BRST 2018" />
<meta name="access_permission:extract_for_accessibility" content="true" />
<meta name="access_permission:assemble_document" content="true" />
<meta name="xmpTPg:NPages" content="3" />
<meta name="Creation-Date" content="2018-01-12T15:15:03Z" />
<meta name="resourceName" content="82090239.pdf" />
<meta name="access_permission:extract_content" content="true" />
<meta name="access_permission:can_print" content="true" />
<meta name="tika:file_ext" content="pdf" />
<meta name="producer" content="iText® 5.5.9 ©2000-2015 iText Group NV (AGPL-version); modified using iText® 5.5.9 ©2000-2015 iText Group NV (AGPL-version)" />
<meta name="access_permission:can_modify" content="true" />
<meta name="pdf:docinfo:producer" content="iText® 5.5.9 ©2000-2015 iText Group NV (AGPL-version); modified using iText® 5.5.9 ©2000-2015 iText Group NV (AGPL-version)" />
<meta name="pdf:docinfo:created" content="2018-01-12T15:15:03Z" />
<title></title>
</head>
<body><div class="page"><p />
<p> 
</p>
<p>Procedimento Preparatório: 1.29.001.000179/2017-78
 
</p>
<p>PROMOÇÃO DE ARQUIVAMENTO
 
</p>
<p>1. Trata-se de Notícia de Fato instaurada em razão da manifestação n.º
</p>
<p>20170087458, realizada via SAC, por meio da qual o manifestante relata ausência de
</p>
<p>transparência e publicidade no processo de eleição de representantes docentes e
</p>
<p>técnicos administrativos para o Conselho Superior Universitário da UNIPAMPA
</p>
<p>(CONSUNI). Aduz que, como candidato à seleção, não teve acesso à lista de e-mails
</p>
<p>dos demais professores da universidade e, portanto, eleitores, para apresentar suas
</p>
<p>propostas. Refere que encaminhou e-mail à Comissão Eleitoral Geral (CEG) do
</p>
<p>referido processo, porém foi informado que tal listagem, de domínio da Instituição, é
</p>
<p>gerenciada por outro órgão da IES, no caso o DTIC. Alega que não há cabimento na
</p>
<p>resposta dada, pois a listagem de e-mail deveria ter sido disponibilizada para todos os
</p>
<p>candidatos, uma vez que se trata de documento institucional. Informa que a referida
</p>
<p>lista foi utilizada por alguns concorrentes, todavia não sabe como estes tiveram acesso
</p>
<p>a ela.
</p>
<p>2. Instada a se manifestar acerca dos fatos, a IES, por meio do ofício
</p>
<p>545/2017, informou que houve transparência e publicidade em todo processo eleitoral.
</p>
<p>Nesse ponto destacou que o Edital 02/2017, referente à eleição de representantes
</p>
<p>docentes e técnicos para o CONSUNI foi publicado na página do Conselho, após
</p>
<p>aprovação em Reunião Ordinária. Com efeito, o cronograma do processo também foi
</p>
<p>encaminhado a todas as Comissões Eleitorais Locais e Diretores da Unidades.
</p>
<p>3. No que tange à listagem de e-mails, a Comissão Eleitoral Geral
</p>
<p>destacou que não disponibilizou qualquer lista de e-mails a nenhum candidato.
</p>
<p>Salientou que não é atribuição da comissão disponibilizar aos candidatos qualquer
</p>
<p>meio de divulgação de suas propostas, cabendo apenas fiscalizar o período de
</p>
<p>campanha. Juntou documentos (fls. 47/55).
</p>
<p>4. É o relatório.
 
</p>
<p>5. Detida análise na documentação constante nos autos verifica-se ser
</p>
<p>caso de arquivamento do feito.
</p>
<p>6. As informações trazidas pela UNIPAMPA denotam que houve
</p>
<p>publicidade e transparência no processo eleitoral para seleção de representantes
</p>
<p>docentes e técnicos para o CONSUNI.
</p>
<p>PRM-BAG-RS-00000119/2018     
</p>
<p>MINISTÉRIO PÚBLICO FEDERAL
PROCURADORIA DA REPÚBLICA EM BAGÉ/RS
</p>
<p>Pág. 1 de 3</p>
<p />
</div>
<div class="page"><p />
<p>7. Às fls. 6 consta a Resolução nº 176/2017 que aprova o Edital nº
</p>
<p>02/2017, referente as normativas para o processo eleitoral para seleção de
</p>
<p>representantes docentes e técnicos para o CONSUNI.
</p>
<p>8. Às fls. 7/10 consta o Edital nº 02/2017 que estabelece as diretrizes,
</p>
<p>normas e as etapas do referido processo eleitoral, seguido do cronograma oficial do
</p>
<p>evento (fls. 11).
</p>
<p>9. Às fls. 12/13 tem-se a listagem com a homologação das inscrições dos
</p>
<p>interessados.
</p>
<p>10. Às fls. 30/32 juntou-se o resultado final das eleições, cujo documento
</p>
<p>destaca o número de eleitores, votantes, cédulas brancas, cédulas nulas e votos
</p>
<p>válidos.
</p>
<p>11. Às fls. 54 consta recurso interposto pelo manifestante acerca do
</p>
<p>processo eleitoral, notadamente, quanto à possível listagem de e-mails que alguns
</p>
<p>candidatos tiveram acesso para uso na divulgação de suas campanhas, e às fls. 55
</p>
<p>tem-se a resposta ao recurso, devidamente elaborada pela CEG.
</p>
<p>12. A irresignação do manifestante quanto ao possível acesso dos
</p>
<p>demais candidatos à listagem de e-mails dos eleitores não inválida o processo eleitoral
</p>
<p>conduzido pela IES que, notoriamente, foi público e transparente.
</p>
<p>13. Nesse ponto, salienta-se que cabe aos candidatos a divulgação de
</p>
<p>suas campanhas, haja vista que o papel da CEG é de apenas fiscalizá-las. Assim,
</p>
<p>eventual listagem de e-mail deveria ter sido obtida pelos interessados junto ao órgão
</p>
<p>responsável, não sendo uma obrigação da CEG disponibiliza-la.
</p>
<p>14. Destarte, o arquivamento é a medida que se impõe.
</p>
<p>15. Diante do exposto, promovo o ARQUIVAMENTO do presente feito, com
fundamento no artigo 17 da Resolução nº 87/2006 do CSMPF.
</p>
<p>16. Nesse passo:
a) comunique-se ao representante a fim de lhe dar conhecimento da presente promoção,
</p>
<p>cientificando-o, inclusive, da previsão inserta no § 3º do artigo 17 da Resolução nº 87/2006 do CSMPF (§ 3° - Até que
seja homologada ou rejeitada a promoção de arquivamento pela Câmara de Coordenação e Revisão poderão as
associações civis legitimadas ou quaisquer interessados apresentar razões escritas ou documentos, que serão juntadas
</p>
<p>aos autos para apreciação, nos termos do art. 9º, § 2°, da Lei n° 7347/85), conforme o disposto no § 1º do art.
17 da Resolução nº 87/2006 do CSMPF;
</p>
<p>b) remetam-se os autos à 1ª Câmara de Coordenação e Revisão dos Direitos
Sociais e Fiscalização dos Atos Administrativos em Geral, consoante estabelece o artigo 17,
§ 2º, da mesma resolução, para homologação do presente arquivamento ou deliberações que
entender pertinentes.
</p>
<p> 
 
</p>
<p>Bagé/RS,12 de janeiro de 2018.
 
 
 
</p>
<p>AMANDA GUALTIERI VARELA
</p>
<p>Pág. 2 de 3</p>
<p />
</div>
<div class="page"><p />
<p>Procuradora da República
 
</p>
<p> 
</p>
<p>Pág. 3 de 3</p>
<p />
</div>
</body></html>