<?xml version="1.0" encoding="UTF-8"?>
<html xmlns="http://www.w3.org/1999/xhtml">
<head>
<meta name="date" content="2018-05-28T18:58:14Z" />
<meta name="pdf:PDFVersion" content="1.4" />
<meta name="access_permission:modify_annotations" content="true" />
<meta name="access_permission:can_print_degraded" content="true" />
<meta name="tika_batch_fs:relative_path" content="82194720.pdf" />
<meta name="dcterms:created" content="2018-05-28T18:58:12Z" />
<meta name="Last-Modified" content="2018-05-28T18:58:14Z" />
<meta name="dcterms:modified" content="2018-05-28T18:58:14Z" />
<meta name="dc:format" content="application/pdf; version=1.4" />
<meta name="Last-Save-Date" content="2018-05-28T18:58:14Z" />
<meta name="access_permission:fill_in_form" content="true" />
<meta name="pdf:docinfo:modified" content="2018-05-28T18:58:14Z" />
<meta name="meta:save-date" content="2018-05-28T18:58:14Z" />
<meta name="pdf:encrypted" content="false" />
<meta name="modified" content="2018-05-28T18:58:14Z" />
<meta name="Content-Length" content="78936" />
<meta name="X-TIKA:digest:MD5" content="c01aa57cb1837e92c311974056d6e7b5" />
<meta name="Content-Type" content="application/pdf" />
<meta name="X-Parsed-By" content="org.apache.tika.parser.DefaultParser" />
<meta name="X-Parsed-By" content="org.apache.tika.parser.pdf.PDFParser" />
<meta name="meta:creation-date" content="2018-05-28T18:58:12Z" />
<meta name="created" content="Mon May 28 15:58:12 BRT 2018" />
<meta name="access_permission:extract_for_accessibility" content="true" />
<meta name="access_permission:assemble_document" content="true" />
<meta name="xmpTPg:NPages" content="4" />
<meta name="Creation-Date" content="2018-05-28T18:58:12Z" />
<meta name="resourceName" content="82194720.pdf" />
<meta name="access_permission:extract_content" content="true" />
<meta name="access_permission:can_print" content="true" />
<meta name="tika:file_ext" content="pdf" />
<meta name="producer" content="iText® 5.5.9 ©2000-2015 iText Group NV (AGPL-version); modified using iText® 5.5.9 ©2000-2015 iText Group NV (AGPL-version)" />
<meta name="access_permission:can_modify" content="true" />
<meta name="pdf:docinfo:producer" content="iText® 5.5.9 ©2000-2015 iText Group NV (AGPL-version); modified using iText® 5.5.9 ©2000-2015 iText Group NV (AGPL-version)" />
<meta name="pdf:docinfo:created" content="2018-05-28T18:58:12Z" />
<title></title>
</head>
<body><div class="page"><p />
<p>PRM-JZN-CE-00003373/2018
</p>
<p>MINISTÉRIO PÚBLICO FEDERAL
PROCURADORIA DA REPÚBLICA EM JUAZEIRO DO NORTE
</p>
<p>___________________________________________________________________________________________________
 
 
</p>
<p>Inquérito Civil nº 1.15.002.000555/2017-18
 
 
 
 
PROMOÇÃO DE ARQUIVAMENTO
 
 
 
</p>
<p>Trata-se de Inquérito Civil instaurado com o objetivo de apurar possíveis
</p>
<p>irregularidades no cadastro de candidatos à contemplação no PMCMV - Programa Minha
</p>
<p>Casa Minha Vida vinculado às Prefeituras.
 
</p>
<p>Conforme narrado na representação formulada por CÍCERO ALESSANDRO DA
</p>
<p>SILVA junto a este Parquet (fl. 02), conquanto o texto da representação se mostre um tanto
</p>
<p>confuso, em apertada síntese o que o representante alega é que tentou se inscrever no
</p>
<p>PMCMV, na condição de portador de doença crônica, equiparando-se a deficiente, e não teve
</p>
<p>seu cadastro deferido, embora tenha realizado, dentro do prazo, todas as atualizações
</p>
<p>solicitadas pela Prefeitura.
 
</p>
<p>A representação fez-se acompanhar de atestado da condição de deficiente de
</p>
<p>CÍCERO ALESSANDRO DA SILVA, bem como de diversos laudos que atestam que
</p>
<p>o seu filho, Alexander Levi Ferreira da Silva, é portador de Síndrome de Down,
</p>
<p>tendo sido ainda diagnosticado como portador do Transtorno do Espectro do
</p>
<p>autismo associado. (fls. 20/23)
 
</p>
<p>Diante da denúncia formulada, expediu-se ofício à Prefeitura de Juazeiro do Norte,
</p>
<p>responsável pelo cadastramento dos candidatos aptos a serem beneficiados com o
</p>
<p>financiamento pelo Programa Minha Casa Minha Vida, solicitando esclarecimentos acerca
</p>
<p>dos fatos noticiados.
 
</p>
<p>Por intermédio do Memorando nº 86/2018, encaminhado a esta Procuradoria através
</p>
<p>do Ofício nº 499/2018-SEDEST, o Município de Juazeiro do Norte, através da Secretaria de
</p>
<p>Desenvolvimento Social e Trabalho - SEDEST, esclareceu inicialmente que o cadastramento
</p>
<p>questionado pelo representante foi feito em nome da sua esposa, Julia Gracielly Ferreira
</p>
<p>Piancó (CPF 048.572.513-45), no dia 08/05/2012.
 
</p>
<p>Pág. 1 de 4</p>
<p />
</div>
<div class="page"><p />
<p>Ocorre que, por ocasião do cadastramento de quaisquer pessoas em programas
</p>
<p>sociais federais, há de ser apresentado o NIS (Número de Identificação Social) do candidato,
</p>
<p>e, naquele primeiro comparecimento de Julia Gracielly Ferreira Piancó junto à SEDEST, a
</p>
<p>candidata não apresentou o número do NIS, o que fez com que seu cadastro ficasse
</p>
<p>incompleto e impediu, àquela altura, que ela figurasse na listagem dos candidatos aptos a
</p>
<p>concorrer como beneficiário do empreendimento do PMCMV então vigente.
 
</p>
<p>Quando retornou à SEDEST em 14/01/2015, a fim de atualizar seus dados
</p>
<p>cadastrais, Julia Gracielly Ferreira Piancó informou o NIS e um receituário informando que o
</p>
<p>seu esposo sofria de uma doença com CID K501. Nesse momento seu cadastro foi concluído,
</p>
<p>mas àquela altura já haviam se encerrado os cadastramentos para o empreendimento do
</p>
<p>PMCMV vigente no momento, que correspondia ao "São Sebastião I e II", de forma que o
</p>
<p>cadastro atualizado e completo, que lhe permitia efetivamente concorrer ao Programa,
</p>
<p>vigoraria tão somente para os novos empreendimentos a serem ulteriormente lançados pelo
</p>
<p>Minha Casa Minha Vida.
 
</p>
<p>De acordo com a Portaria nº 412/2015, que aprova o Manual de instruções para
</p>
<p>seleção do Programa Minha Casa Minha Vida:
 
</p>
<p>2.1.2. Os critérios nacionais são:
a) famílias residentes em áreas de risco ou insalubres ou que tenham
sido desabrigadas, comprovado por declaração do Ente Público;
b) famílias com mulheres responsáveis pela unidade familiar,
comprovado por autodeclaração; e
c) famílias de que façam parte pessoa(s) com deficiência,
comprovado com a apresentação de laudo médico.
</p>
<p> 
</p>
<p>Ao dispor sobre os trâmites para habilitação dos candidatos a concorrer nos sorteios,
</p>
<p>o instrumento normativo em questão reza que:
 
</p>
<p>4. Apresentação da Relação dos Candidatos
4.1. O ente público encaminhará a relação dos candidatos selecionados à Caixa Econômica
Federal (Caixa) para verificação dos dados, comunicando o envio à instituição ou agente
financeiro responsável pela contratação.
</p>
<p>4.4. A relação dos candidatos indicados em decorrência do
</p>
<p>enquadramento na situação descrita na alínea "a", do subitem 3.3.,
</p>
<p>em evento ocorrido antes da publicação da Portaria Interministerial nº
</p>
<p>1, de 24 de julho de 2013, dos Ministérios das Cidades e da Integração
</p>
<p>Nacional, deverá estar acompanhada da seguinte documentação:
a) NIS dos candidatos;
b) CPF dos candidatos;
c) Avadan emitido pela Defesa Civil local;
d) cópia da Portaria publicada pela Secretaria Nacional de Defesa Civil do Ministério da
Integração Nacional reconhecendo a situação de emergência ou estado de calamidade pública;
e) declaração do chefe do Poder Executivo atestando que os candidatos foram desabrigados
em razão do desastre natural;
f) declaração do beneficiário indicado atestando que perdeu seu único imóvel residencial em
razão do desastre natural.
</p>
<p>Pág. 2 de 4</p>
<p />
</div>
<div class="page"><p />
<p> 
</p>
<p>Ocorre que, por ocasião do primeiro comparecimento de Julia Gracielly Ferreira
</p>
<p>Piancó junto ao Município de Juazeiro do Norte, nem foi apresentado o NIS, tampouco um
</p>
<p>atestado que retratasse a condição de deficiente do seu esposo e do seu filho, de forma que o
</p>
<p>seu cadastro restou incompleto.
 
</p>
<p>A bem da verdade, o nome de JULIA GRACIELLY somente foi corretamente
</p>
<p>cadastrado, encontrando-se apto a concorrer nos sorteios do PMCMV, em 14/01/2015,
</p>
<p>quando a candidata realizou a atualização, informando o NIS e apresentando receituário
</p>
<p>médico apto para atestar a condição de deficiente do seu esposo, enquadrando-se, dessa
</p>
<p>forma, na alínea "c" do item 2.1.2 da Portaria 412/2015.
 
</p>
<p>Ressalte-se, ainda, que o enquadramento no critério nacional apenas garante a
</p>
<p>seleção do candidato para concorrer ao Programa, mas o Programa Minha Casa Minha Vida
</p>
<p>vinculado às Prefeitura é regulado pela Portaria nº 412/2015, de 29 de outubro de 2013, que
</p>
<p>estabelece outros critérios locais para determinação dos contemplados, a saber:
 
</p>
<p>Art. 2.º - As famílias que serão atendidas no Programa Minha
</p>
<p>Casa Minha Vida - MCMV para
</p>
<p>o Residencial Manoel Raimundo de Santana Filho deverão atender
</p>
<p>obrigatoriamente:
</p>
<p>I - critérios locais:
</p>
<p>a) Famílias que apresentam forma de ocupação do imóvel do tipo
</p>
<p>aluguel oneroso que comprometa 30% (trinta por cento) do orçamento
</p>
<p>familiar;
</p>
<p>b) Coabitação;
</p>
<p>c) Adensamento populacional, ou seja, família numerosa,
</p>
<p>estabelecendo limite máximo de 06 (seis) membros, priorizando maior
</p>
<p>número de crianças;
</p>
<p>Art. 3.º - O processo seletivo nortear - se - á pelo objetivo de
</p>
<p>priorização ao atendimento de
candidatos que se enquadrem no maior número critérios nacionais e
locais de seleção.
</p>
<p> 
</p>
<p>Dessa forma, o cadastramento do representante e da sua família não lhe garante a
</p>
<p>seleção como beneficiário do Programa, mesmo porque o próprio representante informou que
</p>
<p>tanto ele, quanto seu filho são beneficiários de LOAS, de forma que a renda auferida pela
</p>
<p>família, ainda que baixa, pode não ser suficiente para lhes garantir a escolha em conformidade
</p>
<p>com os critérios de âmbito local estabelecidos no art. 2º da Portaria nº 412/2015; e isso não
</p>
<p>necessariamente importará em uma ilegalidade.
 
</p>
<p>            Por todo o exposto, considerando que os fatos noticiados a este Parquet não
configuram ilícito penal, cível ou administrativo, promove o MPF o ARQUIVAMENTO do
</p>
<p>Pág. 3 de 4</p>
<p />
</div>
<div class="page"><p />
<p>presente procedimento, pelas razões de fato e de direito acima apresentadas, encaminhando os
autos à 1ª CCR para fins de homologação. 
 
</p>
<p>              Notifique-se, de ordem, o representante acerca da presente promoção de
arquivamento, facultando-lhe a interposição de recurso no prazo legal;
</p>
<p> 
Expedientes necessários.
</p>
<p> 
</p>
<p>Juazeiro do Norte/CE, data da assinatura.
 
 
</p>
<p>RAFAEL RIBEIRO RAYOL
PROCURADOR DA REPUBLICA
</p>
<p> 
 
</p>
<p>Pág. 4 de 4</p>
<p />
</div>
</body></html>