<?xml version="1.0" encoding="UTF-8"?>
<html xmlns="http://www.w3.org/1999/xhtml">
<head>
<meta name="pdf:PDFVersion" content="1.4" />
<meta name="pdf:docinfo:title" content="   " />
<meta name="xmp:CreatorTool" content="Writer" />
<meta name="access_permission:modify_annotations" content="true" />
<meta name="access_permission:can_print_degraded" content="true" />
<meta name="tika_batch_fs:relative_path" content="82919082.pdf" />
<meta name="language" content="pt-BR" />
<meta name="dcterms:created" content="2018-07-12T17:49:56Z" />
<meta name="dc:format" content="application/pdf; version=1.4" />
<meta name="pdf:docinfo:creator_tool" content="Writer" />
<meta name="access_permission:fill_in_form" content="true" />
<meta name="pdf:encrypted" content="false" />
<meta name="dc:title" content="   " />
<meta name="Content-Length" content="101906" />
<meta name="X-TIKA:digest:MD5" content="3cbc90a4150c7138deeb897a570f424d" />
<meta name="Content-Type" content="application/pdf" />
<meta name="X-Parsed-By" content="org.apache.tika.parser.DefaultParser" />
<meta name="X-Parsed-By" content="org.apache.tika.parser.pdf.PDFParser" />
<meta name="dc:language" content="pt-BR" />
<meta name="meta:creation-date" content="2018-07-12T17:49:56Z" />
<meta name="created" content="Thu Jul 12 14:49:56 BRT 2018" />
<meta name="access_permission:extract_for_accessibility" content="true" />
<meta name="access_permission:assemble_document" content="true" />
<meta name="xmpTPg:NPages" content="3" />
<meta name="Creation-Date" content="2018-07-12T17:49:56Z" />
<meta name="resourceName" content="82919082.pdf" />
<meta name="access_permission:extract_content" content="true" />
<meta name="access_permission:can_print" content="true" />
<meta name="tika:file_ext" content="pdf" />
<meta name="producer" content="LibreOffice 5.0" />
<meta name="access_permission:can_modify" content="true" />
<meta name="pdf:docinfo:producer" content="LibreOffice 5.0" />
<meta name="pdf:docinfo:created" content="2018-07-12T17:49:56Z" />
<title>   </title>
</head>
<body><div class="page"><p />
<p>MINISTÉRIO PÚBLICO FEDERAL
PROCURADORIA DA REPÚBLICA NO ESTADO DO RIO DE JANEIRO
</p>
<p>Av. Nilo Peçanha, 31, 2º andar - Rio de Janeiro - RJ  CEP 20020-100  Tel: 3971-9469  E-mail: PRRJ-GAB-GMagno@mpf.mp.br
</p>
<p>Procedimento Preparatório PR-RJ n  º 1.30.001.005314/2017-51
</p>
<p>PROMOÇÃO DE ARQUIVAMENTO
</p>
<p>O  Procedimento  Preparatório  em  epígrafe  foi  instaurado  a  partir  de
</p>
<p>Representação  que  reportou  suposta  violação  pela  INFRAERO  às  regras  sobre
</p>
<p>concessão de espaços comerciais no Aeroporto Internacional do Rio de Janeiro - AIRJ
</p>
<p>(atualmente  administrado  por  empresa  privada,  a  concessionária  RIOGaleão).  A
</p>
<p>suposta  conduta  (ou  omissão)  das  autoridades  da INFRAERO teria  beneficiado  a
</p>
<p>empresa T&amp;T Produtos Alimentícios Ltda..
</p>
<p>Para melhor apuração dos fatos foram enviados Ofícios à INFRAERO
</p>
<p>requisitando  manifestação  sobre  as  afirmações  do  Representante.  Em  suas
</p>
<p>respostas, a INFRAERO informou que os contratos com a T&amp;T Produtos Alimentícios
</p>
<p>Ltda.  foram  realizados  por  meio  de  Formulários  de  Solicitação  de  Cobrança-SC,
</p>
<p>chamados de boletos eventuais. A prática de contratação por meio desses boletos
</p>
<p>estava  amparada,  à  época,  pelos  Atos  Administrativos  nº  488/DC(DCNC)/2013,
</p>
<p>1880/DC/2014 e 3711/DC/2014 (fls. 43/45).
</p>
<p>Anexa  à  sua  resposta,  a  INFRAERO encaminhou  os  Formulários  de
</p>
<p>Solicitação  de  Cobrança  que  demonstram  os  serviços/atividades  contratados,  o
</p>
<p>período de cada contrato, o valor a ser cobrado à empresa e a data do vencimento
</p>
<p>(fls. 40/42).
</p>
<p>Posteriormente, em resposta ao nosso Ofício  de fl.  49,  a  INFRAERO
</p>
<p>enviou,  entre  outros documentos,  o  Memorando de fls.  51/51-v,  explicando que a
</p>
<p>contratação  feita  com  a  empresa  T&amp;T  Produtos  Alimentícios  Ltda.  estava  em
</p>
<p>conformidade com a Norma interna 13.03-E (fls. 62/81) e com os Atos Administrativos
</p>
<p>que regulamentavam as ações eventuais ou promocionais vigentes à época.</p>
<p />
</div>
<div class="page"><p />
<p>MINISTÉRIO PÚBLICO FEDERAL
PROCURADORIA DA REPÚBLICA NO ESTADO DO RIO DE JANEIRO
</p>
<p>Av. Nilo Peçanha, 31, 2º andar - Rio de Janeiro - RJ  CEP 20020-100  Tel: 3971-9469  E-mail: PRRJ-GAB-GMagno@mpf.mp.br
</p>
<p>Os itens 21.11 e 21.11.1 da NI 13.03-E (fl. 81) consistem nas normas da
</p>
<p>INFRAERO referentes à utilização de boletos para contratações de natureza eventual.
</p>
<p>Entre as exigências para este tipo de contratação está a que exige que o pagamento
</p>
<p>seja feito de forma antecipada e que o prazo de contratação não exceda trinta dias. 
</p>
<p>Posteriormente, em resposta ao nosso Ofício de fls. 94/95, o consultor
</p>
<p>jurídico da INFRAERO enviou o Memorando nº 4759/DNVA/2018 (fls. 97/99), o qual
</p>
<p>ressaltou que a contratação da INFRAERO com a   T&amp;T Produtos Alimentícios Ltda.   foi
</p>
<p>feita no momento de transição da Administração do Aeroporto para o novo operador
</p>
<p>aeroportuário, que foi iniciada em 07/05/2014. 
</p>
<p>Ademais,  afirmou  que  tal  contratação  não  se  enquadra  na  hipótese
</p>
<p>prevista no art. 57 do Regulamento de Licitações e Contratos da INFRAERO (RLCI),
</p>
<p>que trata dos casos de inexigibilidade e dispensa de licitação — sendo que tal RLCI
</p>
<p>não estava vigente à época, eis que sua vigência iniciou-se em 31/01/2017.
</p>
<p>Ressaltou também que os Formulários de Contratação foram acordados
</p>
<p>para períodos inferiores a trinta dias, apesar da ação eventual de uma forma integral
</p>
<p>ter durado de 01/03/2014 a 10/08/2014. Além disso, a INFRAERO destacou que  os
</p>
<p>vencimentos  desses  Formulários  de  Contratação  foram  antecipados, conforme  a
</p>
<p>exigência dos itens 21.11 e 21.11.1 da NI 13.03-E.
</p>
<p>Por fim, afirmou que, para melhor elucidação do caso e, inclusive, para
</p>
<p>identificação  de  eventuais  desvios  normativos,  um  procedimento  específico  de
</p>
<p>apuração deverá ser instaurado pela área competente da INFRAERO.
</p>
<p>Conforme ressaltado anteriormente, os fatos narrados na Representação
</p>
<p>ocorreram em um período anterior ao da atual gestão do Aeroporto Internacional do
Rio de Janeiro por concessionária privada, e também  anteriormente à vigência de
novas regras de contratação da INFRAERO.
</p>
<p>Nesse sentido, a própria INFRAERO destacou que as contratações para
</p>
<p>ações eventuais ou promocionais nos aeroportos geridos por ela passaram por uma
</p>
<p>considerável  mudança,  de  forma  a  garantir  maior  publicidade,  transparência,
</p>
<p>formalização e controle nas concessões desta natureza. </p>
<p />
</div>
<div class="page"><p />
<p>MINISTÉRIO PÚBLICO FEDERAL
PROCURADORIA DA REPÚBLICA NO ESTADO DO RIO DE JANEIRO
</p>
<p>Av. Nilo Peçanha, 31, 2º andar - Rio de Janeiro - RJ  CEP 20020-100  Tel: 3971-9469  E-mail: PRRJ-GAB-GMagno@mpf.mp.br
</p>
<p>Ademais, de acordo com as informações prestadas pela INFRAERO no
</p>
<p>último Ofício encaminhado, a contratação com a empresa   T&amp;T Produtos Alimentícios
</p>
<p>Ltda.   cumpriu as exigências previstas da Norma Interna 13.03-E e que, de todo modo,
</p>
<p>será instaurado um procedimento específico interno de apuração do caso.
</p>
<p>Sendo assim, e considerando que as supostas irregularidades descritas
</p>
<p>na  Representação  já  foram  aparentemente  corrigidas  pela  INFRAERO,  não  mais
</p>
<p>ocorrerão no âmbito do AIRJ (hoje gerido por concessionária privada) e não são de
</p>
<p>grande relevância, conclui-se não se justificar a adoção de providências judiciais ou
</p>
<p>extrajudiciais por esta Procuradoria da República.
</p>
<p>Diante  disso,  determino  o  ARQUIVAMENTO deste  Procedimento
Preparatório.  Efetuem-se  os  devidos  registros  neste  Gabinete  e  na  Divisão  Cível
</p>
<p>Extrajudicial desta Unidade. 
</p>
<p>Dê-se ciência desta Promoção ao Presidente da INFRAERO.
</p>
<p>Após, encaminhem-se os autos à Colenda 1ª Câmara de Coordenação e
</p>
<p>Revisão do Ministério Público Federal, à qual solicito a necessária homologação desta
</p>
<p>Promoção.
</p>
<p>Rio de Janeiro, 12 de julho de 2018.
</p>
<p>GUSTAVO MAGNO GOSKES BRIGGS DE ALBUQUERQUE
PROCURADOR DA REPÚBLICA</p>
<p />
</div>
</body></html>