<?xml version="1.0" encoding="UTF-8"?>
<html xmlns="http://www.w3.org/1999/xhtml">
<head>
<meta name="date" content="2018-06-28T21:33:33Z" />
<meta name="pdf:PDFVersion" content="1.4" />
<meta name="access_permission:modify_annotations" content="true" />
<meta name="access_permission:can_print_degraded" content="true" />
<meta name="tika_batch_fs:relative_path" content="83017452.pdf" />
<meta name="dcterms:created" content="2018-06-28T21:33:33Z" />
<meta name="Last-Modified" content="2018-06-28T21:33:33Z" />
<meta name="dcterms:modified" content="2018-06-28T21:33:33Z" />
<meta name="dc:format" content="application/pdf; version=1.4" />
<meta name="Last-Save-Date" content="2018-06-28T21:33:33Z" />
<meta name="access_permission:fill_in_form" content="true" />
<meta name="pdf:docinfo:modified" content="2018-06-28T21:33:33Z" />
<meta name="meta:save-date" content="2018-06-28T21:33:33Z" />
<meta name="pdf:encrypted" content="false" />
<meta name="modified" content="2018-06-28T21:33:33Z" />
<meta name="Content-Length" content="56380" />
<meta name="X-TIKA:digest:MD5" content="5004fb816df1841644697cd96858bf94" />
<meta name="Content-Type" content="application/pdf" />
<meta name="X-Parsed-By" content="org.apache.tika.parser.DefaultParser" />
<meta name="X-Parsed-By" content="org.apache.tika.parser.pdf.PDFParser" />
<meta name="meta:creation-date" content="2018-06-28T21:33:33Z" />
<meta name="created" content="Thu Jun 28 18:33:33 BRT 2018" />
<meta name="access_permission:extract_for_accessibility" content="true" />
<meta name="access_permission:assemble_document" content="true" />
<meta name="xmpTPg:NPages" content="4" />
<meta name="Creation-Date" content="2018-06-28T21:33:33Z" />
<meta name="resourceName" content="83017452.pdf" />
<meta name="access_permission:extract_content" content="true" />
<meta name="access_permission:can_print" content="true" />
<meta name="tika:file_ext" content="pdf" />
<meta name="producer" content="iText® 5.5.9 ©2000-2015 iText Group NV (AGPL-version); modified using iText® 5.5.9 ©2000-2015 iText Group NV (AGPL-version)" />
<meta name="access_permission:can_modify" content="true" />
<meta name="pdf:docinfo:producer" content="iText® 5.5.9 ©2000-2015 iText Group NV (AGPL-version); modified using iText® 5.5.9 ©2000-2015 iText Group NV (AGPL-version)" />
<meta name="pdf:docinfo:created" content="2018-06-28T21:33:33Z" />
<title></title>
</head>
<body><div class="page"><p />
<p> 
 
</p>
<p>PP MPF/PR/RJ nº 1.30.001.000075/2018-23
 
 
</p>
<p> 
 
 
</p>
<p>PROMOÇÃO DE ARQUIVAMENTO
___________________________________________________________________________
 
</p>
<p> 
</p>
<p>I. Objeto de investigação:
 
</p>
<p>                        Trata-se de procedimento preparatório instaurado no âmbito do Ofício da Tutela
</p>
<p>Coletiva a partir de representação contendo notícia de suposta irregularidade no processo
</p>
<p>seletivo para o Programas de Residência Multiprofissional em Saúde da Mulher e Residência
</p>
<p>Multiprofissional em Saúde da Família e Comunidade do Hospital Escola São Francisco de Assis -
HESFA/UFRJ, encaminhada por uma das candidatas do certame.
 
</p>
<p>                            Aduz a representante que o processo seletivo era composto por duas fases: a
</p>
<p>primeira delas objetiva, composta por 50 questões, e a segunda fase discursiva. A realização da
</p>
<p>segunda fase pressupunha a obtenção pelo candidato de 50% de acertos em cada uma das
</p>
<p>disciplinas cobradas (políticas públicas em saúde e SUS/conhecimentos específicos).
 
</p>
<p>                     A primeira fase ocorreu no dia 17 de novembro de 2017, de acordo com o
</p>
<p>planejado. A suposta irregularidade, porém, teria sido verificada após a realização da segunda
</p>
<p>fase do concurso, ocorrida no dia 29 do mesmo mês.
 
</p>
<p>                  Alega a representante que alguns dias depois da divulgação das notas, a organização
</p>
<p>do concurso entrou em contato com os candidatos informando que a segunda etapa do processo
</p>
<p>seletivo havia sido anulada em decorrência de suposto "caso omisso" na realização dessa etapa.
 
</p>
<p>                      A representante aduz ter se sentido lesada pela falta de informação, visto que não
</p>
<p>havia sido divulgado o nome do candidato prejudicado, o que, segundo ela, seria uma violação
</p>
<p> 
 
 
 
</p>
<p>PR-RJ-00058521/2018     
</p>
<p>MINISTÉRIO PÚBLICO FEDERAL
Procuradoria da República no Estado do Rio de Janeiro
</p>
<p>36º Ofício - Tutela Coletiva da Saúde
</p>
<p>Pág. 1 de 4</p>
<p />
</div>
<div class="page"><p />
<p>ao princípio da transparência. Ademais, reclama a representante a respeito da não
</p>
<p>disponibilização das provas por parte da banca, além da não divulgação do gabarito.
 
</p>
<p>                       Solicita, portanto, a verificação da legalidade, impessoalidade e transparência do
</p>
<p>processo seletivo e a apuração dos motivos da anulação da primeira prova aplicada na segunda
</p>
<p>fase do concurso.
 
</p>
<p>                    Foi anexado ao Procedimento Preparatório uma segunda representação, por
</p>
<p>conexão.
</p>
<p> 
</p>
<p>II. Diligências investigatórias adotadas e informações reunidas:
 
 
</p>
<p>                      Iniciada a instrução do feito, foi expedido ofício ao Hospital Escola São Francisco
</p>
<p>de Assis - HESFA/UFRJ, para a remessa de informações circunstanciadas sobre as
</p>
<p>representações (fls. 11/12).
 
</p>
<p>                            O HESFA/UFRJ respondeu ao ofício esclarecendo que:
 
</p>
<p>"Trata-se da não inclusão de critérios de desempate para os candidatos aptos à segunda etapa,
</p>
<p>ou seja, o edital número 583 de 14/09/2017, complementar do Processo de Seleção dos
</p>
<p>Programas de Residência Multiprofissional em Saúde da Mulher e Residência Multiprofissional
</p>
<p>em Saúde da Família e Comunidade, não previa como seriam tratados os casos de candidatos
</p>
<p>empatados em número maior do que o previsto no edital para convocação da segunda etapa
</p>
<p>que era de 3 vezes o número de vagas: havia 4 vagas para a categoria da manifestante, foram
</p>
<p>convocados, conforme previsão edilícia, 3 vezes esse número, 12 candidatos. Porém os
</p>
<p>candidatos da 11ª classificação até a 14ª obtiveram a mesma nota na primeira fase (7,0)"
 
</p>
<p>                        Alegou, neste passo, que, após analisar as atas e os registros da Segunda etapa, a
</p>
<p>comissão de seleção detectou que houve candidatos que não compareceram na prova em
</p>
<p>consequência do caso omisso identificado. A comissão de seleção, após realizar reunião
</p>
<p>extraordinária e consultar o Procurador Sergio Brito da Procuradoria da UFRJ, resolveu anular a
</p>
<p>segunda etapa, com fundamentos nos princípios da isonomia e publicidade, e convocar os
</p>
<p>candidatos que estivessem em situação de empate na nota da Primeira Etapa - que deixaram de
</p>
<p>comparecer à Segunda Etapa por estarem inclusos no caso omisso - e os demais convocados
</p>
<p>para a realização de nova prova.
 
</p>
<p>                      Esclareceu, outrossim, que a manifestante não conseguiu a pontuação mínima em
</p>
<p>nenhuma das duas edições da segunda etapa para classificar-se de acordo com os critérios de
</p>
<p>avaliação (fls. 15/16).
 
</p>
<p>                  Foram anexados aos autos: o edital do Processo Seletivo para seleção da residência
</p>
<p>em área profissional da saúde nas modalidade multiprofissional e uniprofissional, bem como o
</p>
<p>edital complementar (fls. 18/68); o resultado final do processo seletivo, contendo a classificação dos candidatos (fl.
</p>
<p>Pág. 2 de 4</p>
<p />
</div>
<div class="page"><p />
<p>69); a ata da deliberação da comissão de seleção a respeito da segunda etapa do processo seletivo (fl. 72); e o comunicado
</p>
<p>oficial enviado aos candidatos informando sobre a anulação da prova referente a segunda fase e contendo o novo cronograma
</p>
<p>(fl. 73).
</p>
<p> 
</p>
<p>                      No regular prosseguimento do feito, foram expedidos ofícios às representantes,
</p>
<p>encaminhando cópia do parecer circunstanciado enviado pelo HESFA/UFRJ para ciência e
</p>
<p>eventual manifestação adicional, sem resposta até a presente data (fls. 75/79).
 
</p>
<p>   
</p>
<p>III. Análise e Fundamentação:
 
</p>
<p>Compulsados os autos, verifica-se que a administração pública atuou de ofício
</p>
<p>para corrigir o equívoco do edital do Processo de Seleção dos Programas de Residência
</p>
<p>Multiprofissional em Saúde da Mulher e Residência Multiprofissional em Saúde da Família e
</p>
<p>Comunidade.
 
</p>
<p>Ao anular a prova referente a segunda fase do concurso e, corrigidas as
</p>
<p>inadequações, realizar nova prova, a comissão organizadora, com o devido suporte do órgão de
</p>
<p>consultoria jurídica da UFRJ, garantiu a observância dos princípios da isonomia, da
</p>
<p>transparência e da publicidade que pautam a Administração Pública.
 
</p>
<p>De fato, adotou oportunamente as medidas necessárias para corrigir o equívoco
</p>
<p>verificado pela ausência de convocação de candidatos regularmente habilitados para a segunda
</p>
<p>fase (inseridos nas décima terceira e décima quarta colocações na primeira etapa).
 
</p>
<p>Verifica-se, pois, a pertinente atuação dos órgãos administrativos competentes no
</p>
<p>regular exercício da autotutela administrativa, isto é, no poder-dever de exercer o controle de
</p>
<p>seus próprios atos. 
 
</p>
<p>Nesse contexto, não vislumbra este órgão do parquet federal situação de
</p>
<p>ilegalidade que justifique o prosseguimento da investigação.
 
</p>
<p>Registre-se, por oportuno, que foi conferida às representantes oportunidade de
</p>
<p>apresentar eventual oposição às justificativas apresentadas pela comissão organizadora, sem a
</p>
<p>vinda de qualquer manifestação até a presente data.
 
 
 
</p>
<p>IV. Conclusão:
 
</p>
<p>Pode-se verificar pelo teor das respostas e documentos apresentados nos autos a
</p>
<p>correção de ofício das desconformidades observadas no edital do Programas de Residência
</p>
<p>Multiprofissional em Saúde da Mulher e Residência Multiprofissional em Saúde da Família e
</p>
<p>Comunidade do Hospital Escola São Francisco de Assis - HESFA/UFRJ e, portanto, a ausência de medidas
</p>
<p>suplementares para garantir a isonomia e a transparência no respectivo processo seletivo.
 
</p>
<p>Diante de todo o exposto, esgotado o objeto de investigação e atestada a ausência
</p>
<p>Pág. 3 de 4</p>
<p />
</div>
<div class="page"><p />
<p>de ilegalidade, promovo o arquivamento do presente inquérito civil, nos termos do artigo 9º,
</p>
<p>caput, da Lei nº 7.347/85, aplicado com o artigo 62, inc. IV, da LC 75/93, artigo 10, §§ 1º e 2º,
</p>
<p>da Resolução nº 23/2007, do CNMP, e artigo 17, §2º, da Resolução 87/2006, do Conselho
</p>
<p>Superior do Ministério Público Federal.
 
</p>
<p>Expeça-se ofício aos interessados (fls. 03 e 09) para ciência da presente decisão e
</p>
<p>potencial apresentação de recurso na forma prevista no art. 10, § 3º, da Resolução nº 23/2007 do
</p>
<p>CNMP e no art. 17, parágrafos 2º e 3º da Resolução 87/2006, do Conselho Superior do
</p>
<p>Ministério Público Federal.
 
</p>
<p>Após, encaminhe-se os autos à 1ª Câmara de Coordenação e Revisão do
</p>
<p>Ministério Público Federal, para homologação ou revisão da presente promoção, na forma dos
</p>
<p>atos normativos acima indicados.
 
</p>
<p>Rio de Janeiro, 28 de junho de 2018.
 
</p>
<p>ALINE MANCINO DA LUZ CAIXETA
Procuradora da República
</p>
<p> 
</p>
<p> 
</p>
<p> 
</p>
<p> 
</p>
<p>Pág. 4 de 4</p>
<p />
</div>
</body></html>