<?xml version="1.0" encoding="UTF-8"?>
<html xmlns="http://www.w3.org/1999/xhtml">
<head>
<meta name="pdf:PDFVersion" content="1.4" />
<meta name="pdf:docinfo:title" content="ENCAMINHAMENTO DE PROCESSOS DO FUNDEF À PRR 5A REGIÃO" />
<meta name="xmp:CreatorTool" content="Writer" />
<meta name="Keywords" content="FUNDEF" />
<meta name="access_permission:modify_annotations" content="true" />
<meta name="access_permission:can_print_degraded" content="true" />
<meta name="subject" content="FUNDEF" />
<meta name="dc:creator" content="NCrim- PRCE" />
<meta name="tika_batch_fs:relative_path" content="83126650.pdf" />
<meta name="language" content="pt-BR" />
<meta name="dcterms:created" content="2018-03-05T18:00:43Z" />
<meta name="dc:format" content="application/pdf; version=1.4" />
<meta name="pdf:docinfo:creator_tool" content="Writer" />
<meta name="access_permission:fill_in_form" content="true" />
<meta name="pdf:docinfo:keywords" content="FUNDEF" />
<meta name="pdf:encrypted" content="false" />
<meta name="dc:title" content="ENCAMINHAMENTO DE PROCESSOS DO FUNDEF À PRR 5A REGIÃO" />
<meta name="Content-Length" content="110654" />
<meta name="X-TIKA:digest:MD5" content="27483670fc7c6237591556d569dbb9f3" />
<meta name="Content-Type" content="application/pdf" />
<meta name="pdf:docinfo:creator" content="NCrim- PRCE" />
<meta name="X-Parsed-By" content="org.apache.tika.parser.DefaultParser" />
<meta name="X-Parsed-By" content="org.apache.tika.parser.pdf.PDFParser" />
<meta name="creator" content="NCrim- PRCE" />
<meta name="dc:language" content="pt-BR" />
<meta name="meta:author" content="NCrim- PRCE" />
<meta name="dc:subject" content="FUNDEF" />
<meta name="meta:creation-date" content="2018-03-05T18:00:43Z" />
<meta name="created" content="Mon Mar 05 15:00:43 BRT 2018" />
<meta name="access_permission:extract_for_accessibility" content="true" />
<meta name="access_permission:assemble_document" content="true" />
<meta name="xmpTPg:NPages" content="5" />
<meta name="Creation-Date" content="2018-03-05T18:00:43Z" />
<meta name="resourceName" content="83126650.pdf" />
<meta name="access_permission:extract_content" content="true" />
<meta name="access_permission:can_print" content="true" />
<meta name="tika:file_ext" content="pdf" />
<meta name="meta:keyword" content="FUNDEF" />
<meta name="Author" content="NCrim- PRCE" />
<meta name="producer" content="LibreOffice 4.2" />
<meta name="access_permission:can_modify" content="true" />
<meta name="pdf:docinfo:producer" content="LibreOffice 4.2" />
<meta name="pdf:docinfo:created" content="2018-03-05T18:00:43Z" />
<title>ENCAMINHAMENTO DE PROCESSOS DO FUNDEF À PRR 5A REGIÃO</title>
</head>
<body><div class="page"><p />
<p>MINISTÉRIO PÚBLICO FEDERAL
PROCURADORIA DA REPÚBLICA NO ESTADO DO CEARÁ
</p>
<p>CLASSE: INQUÉRITO CIVIL
REPRESENTANTE: SIGILOSO
REPRESENTADO:  -
PROCEDIMENTOS Nº: 1.15.000.000083/2018-96
</p>
<p>PROMOÇÃO DE ARQUIVAMENTO PROMOÇÃO DE ARQUIVAMENTO   N° N° 195195/18/18
</p>
<p>Cuida-se de Procedimento Administrativo instaurado a partir de Notícia de Fato
</p>
<p>noticiando possíveis irregularidades no Processo Seletivo Externo Simplificado para Formação de
</p>
<p>Cadastro de Reserva e Contratação de Pessoal no âmbito da Saúde Indígena do DSEI – Edital
</p>
<p>025/2017, promovido pelo Instituto de Medicina Integral Professor Fernando Figueira – IMIP –
</p>
<p>para execução das ações em saúde indígena nas áreas de abrangência do Distrito Sanitário Especial
</p>
<p>Indígena do Ceará -DSEI-CE.
</p>
<p>Alega a representante suposta manipulação da banca examinadora na ocasião de
</p>
<p>sua entrevista, uma vez que somente um componente lhe fez perguntas a respeito de sua experiência
</p>
<p>profissional, e também ausência de divulgação da lista completa de candidatos com a classificação
</p>
<p>para contratação e cadastro de reserva.
</p>
<p>Inicialmente,  a fim  de  instruir  o  feito,  foram  expedidos  ofícios  ao  Distrito
</p>
<p>Sanitário Indígena no Ceará e ao Instituto de Medicina Integral Professor Fernando Figueira – IMIP
</p>
<p>requisitando informações sobre os fatos relatados na manifestação.
</p>
<p>Na  sequência,  aportaram  a  esta  Procuradoria  duas  novas  manifestações
</p>
<p>questionando  o  mesmo  processo  seletivo  no  que  diz  respeito  à  divulgação  da  classificação  no
</p>
<p>certame, bem como ausência de divulgação de cadastro de reserva.
</p>
<p>Atendendo  requisição  ministerial,  o  IMIP,  por  meio  do  Ofício  nº  150/2018
</p>
<p>SAÚDE INDÍGENA/IMIP, informou:
</p>
<p>1. A comissão do processo seletivo simplificado é composta por representantes do
</p>
<p>IMIP e do Conselho Distrital de Saúde Indígena do Ceará – CONDISI/CE;</p>
<p />
</div>
<div class="page"><p />
<p>2. A etapa de entrevista é conduzida pelo representante do IMIP e acompanhada
</p>
<p>pelo representante do CONDISI, que avalia os candidatos de acordo com as perguntas realizadas
</p>
<p>pelo entrevistador (IMIP), formulando perguntas apenas quando necessário;
</p>
<p>3. Os critérios de avaliação adotados no processo seletivo em todas as etapas são
</p>
<p>objetivos e razoáveis;
</p>
<p>4. O Edital possibilita a interposição de recurso, dentro do prazo previsto, para
</p>
<p>qualquer candidato que se sentir prejudicado ou queira maiores informações quanto à avaliação,
</p>
<p>critérios ou pontuação;
</p>
<p>5. No caso dos autos, o manifestante não requereu, dentro do prazo, quaisquer
</p>
<p>esclarecimentos quanto a sua pontuação ou critérios de avaliação.
</p>
<p>6. Que o resultado do processo seletivo foi publicado no site oficial do Instituto no
</p>
<p>dia 15 de dezembro de 2017, conforme previsão editalícia.
</p>
<p>7. Encaminhou quadro com a relação dos candidatos selecionados e a fase atual
</p>
<p>do cadastro de reserva.
</p>
<p>É o relato do necessário.
</p>
<p>Da  análise  dos  autos,  não  foi  possível  constatar  irregularidades  no  processo
</p>
<p>seletivo empreendido pelo IMIP. Explico:
</p>
<p>De acordo com o art. 37, II, da Constituição Federal, a investidura em cargo ou
</p>
<p>emprego público no âmbito da administração pública direta e indireta de qualquer dos Poderes da
</p>
<p>União, Estados, Distrito Federal e Municípios depende de aprovação prévia em concurso público de
</p>
<p>provas ou de provas e títulos, observados os princípios da legalidade, impessoalidade, moralidade,
</p>
<p>publicidade e eficiência.
</p>
<p>Por  sua  vez,  o  art.  199,  §  1º,  também  da  Constituição  Pátria,  permite  a
</p>
<p>participação de instituições privadas, de forma complementar, no sistema único de saúde, mediante
</p>
<p>contrato de direito público ou convênio, dando preferências às entidades filantrópicas e as sem fins
</p>
<p>lucrativos.
</p>
<p>O Instituto de Medicina Integral Prof. Fernando Figueira – IMIP - é instituição
</p>
<p>filantrópica declarada de utilidade pública federal pelo Decreto nº 86238/1981.
</p>
<p>Por meio do Convênio nº 797439/2013, o Ministério da Saúde (Concedente) e o
</p>
<p>IMIP (Convenente) celebraram convênio objetivando executar ações complementares de saúde no
</p>
<p>âmbito do Subsistema de Atenção Indígena para promover a atenção integral dos povos indígenas
</p>
<p>por meio da assistência à saúde, com vistas ao fortalecimento do Sistema Único de Saúde- SUS. </p>
<p />
</div>
<div class="page"><p />
<p>De acordo com a Cláusula décima quarta do Convênio nº 797439/2013, a seleção
</p>
<p>de  profissionais  é  de  competência  exclusiva  da  convenente,  sem interferência  do  Concedente,
</p>
<p>observando-se o princípio da impessoalidade e da moralidade no momento da seleção de pessoal.
</p>
<p>Sobre  a  seleção  e  contratação  de  pessoal  por  entidades  privadas  sem  fins
</p>
<p>lucrativos para execução de convênios celebrados com a União, o Decreto nº 6.1701, de 25 de julho
</p>
<p>de 2007, no art. 11-B informa:
</p>
<p>§1º  A  Seleção  e  contratação,  pela  entidade  privada  sem  fins
</p>
<p>lucrativos,  de  equipe  envolvida  na  execução  do  convênio  ou
</p>
<p>contrato de repasse observará a realização de processo seletivo
</p>
<p>prévio, observadas a publicidade e a impessoalidade.
</p>
<p>Fazendo  um  paralelo  entre  instituições  filantrópicas,  conveniadas  ao  Poder
</p>
<p>Público, e as organizações sociais, uma vez que ambas são pessoas jurídicas de direito privado, não
</p>
<p>integrantes da Administração Pública, é possível aproveitar o entendimento do Supremo Tribunal
</p>
<p>Federal, proferido no bojo da ADI 1923/DF, no que diz respeito ao recrutamento de pessoal no
</p>
<p>âmbito das organizações sociais.
</p>
<p>…
</p>
<p>O Tribunal, por maioria, julgou parcialmente procedente o pedido,
</p>
<p>apenas para conferir interpretação conforme à Constituição à Lei
</p>
<p>nº 9.637/98 e ao art. 24, XXIV da Lei nº 8.666/93, incluído pela Lei
</p>
<p>nº 9.648/98, para que: 
</p>
<p>...
</p>
<p>(v)  a  seleção  de  pessoal  pelas  Organizações  Sociais  seja
</p>
<p>conduzida  de  forma  pública,  objetiva  e  impessoal,  com
</p>
<p>observância dos princípios do caput do art. 37 da CF, e nos termos
</p>
<p>do regulamento próprio a ser editado por cada entidade;
</p>
<p>...
</p>
<p>(STF  –  ADIN:1923  DF,  Relator:  Min.  Ayres  Brito,  Data  de
</p>
<p>Julgamento: 16/4/2015, Data de Publicação: DJe 254 17/12/2015)
</p>
<p>Cabe aqui transcrever o posicionamento do Min. Luiz Fux, Relator p/ Acórdão da
</p>
<p>ADI 1923/DF, o qual foi seguido pela maioria da Corte.
</p>
<p>1 Dispõe sobre as normas relativas às transferências de recursos da União mediante convênios e contratos de repasse, 
e dá outras providências.</p>
<p />
</div>
<div class="page"><p />
<p>…
</p>
<p>59. … Já o procedimento de seleção de pessoal, da mesma forma
</p>
<p>como a contratação de obras e serviços, deve, sim, ser posto em
</p>
<p>prática de modo impessoal e objetivo,  porém sem os rigores do
</p>
<p>concurso  público.  Se  a  OS  não  é  entidade  da  administração
</p>
<p>indireta,  pois  não  se  enquadra  nem  no  conceito  de  empresa
</p>
<p>pública,  de  sociedade  de  economia  mista,  nem  de  fundações
</p>
<p>públicas, nem no de autarquias, já que não é de qualquer modo
</p>
<p>controlada pelo poder público, não há como incidir a regra do art.
</p>
<p>37,  II,  da  CF.  O que  há  de  se  exigir  é  a  observância  de
</p>
<p>impessoalidade e de objetividade na seleção de pessoal, conforme
</p>
<p>regulamento  próprio,  mas  não  a  submissão  ao  procedimento
</p>
<p>formal  do  concurso  público,  devendo  ser  interpretada  nesse
</p>
<p>sentido  a  parte  final  do  art.  4º,  VIII,  da  Lei,  ao  falar  em
</p>
<p>regulamento próprio contendo plano de cargos dos empregados.
</p>
<p>…
</p>
<p>Diante do quadro normativo e jurisprudencial, é possível inferir que a seleção de
</p>
<p>pessoal para contratação por entidades sem fins lucrativos conveniadas à União devem ser feitas de
</p>
<p>forma pública e impessoal, não necessitando, porém, serem observados os rigores formais de um
</p>
<p>concurso público, assim como para as organizações sociais. 
</p>
<p>O IMIP lançou o Edital nº 25/2017 visando a seleção de profissionais, a serem
</p>
<p>contratados em regime de CLT,  para compor as equipes de saúde indígena para execução de ações
</p>
<p>em saúde nas áreas de abrangência do DSEI-CE previstas no Convênio nº 797439/2017, celebrado
</p>
<p>com a União por meio do Ministério da Saúde.
</p>
<p>A  forma  utilizada  pela  instituição  filantrópica  para  a  seleção  foi  a  avaliação
</p>
<p>curricular e entrevista.
</p>
<p>3. DA SELEÇÃO
</p>
<p>3.1. A seleção será realizada da seguinte forma:
</p>
<p>a) Avaliação Curricular
</p>
<p>b) Entrevista
</p>
<p>Foram adotados critérios claros e objetivos na avaliação curricular, baseados na
</p>
<p>formação e experiência profissional do candidato.
</p>
<p>3.1.1  A  Avaliação  Curricular  valerá  50  (cinquenta)  pontos  no
</p>
<p>máximo, obedecendo-se rigorosamente as Tabelas de Pontuação</p>
<p />
</div>
<div class="page"><p />
<p>para Avaliação Curricular, anexo IV deste Edital, e terá caráter
</p>
<p>eliminatório e classificatório.
</p>
<p>A fase de entrevistas contou com um preenchimento prévio de um questionário
</p>
<p>com  perguntas  relacionadas  aos  assuntos  abordados  na  entrevista,  quais  sejam,  experiência
</p>
<p>profissional, conhecimentos sobre o SUS e saúde indígena. Referido questionário subsidiou a etapa
</p>
<p>de entrevista empreendida por um representante do IMIP e acompanhada por um representante do
</p>
<p>CONDISI/CE. O fato de apenas um integrante da comissão fazer questionamentos aos candidatos
</p>
<p>não é capaz de caracterizar uma irregularidade no processo.
</p>
<p>O resultado da seleção foi divulgado no site do IMIP no dia 15 de dezembro de
</p>
<p>2017  e  apresentava  os  nomes  dos  candidatos  que  atingiram a  nota  mínima  para  classificação,
</p>
<p>inclusive aqueles classificados para cadastro de reserva.
</p>
<p>3.1.6  Será classificado  o candidato  que  obtiver  na média  final,
</p>
<p>composta  pela  soma da avaliação  curricular  e  da  entrevista,  a
</p>
<p>pontuação  mínima  igual  ou  superior  a  70  (setenta),  sendo  a
</p>
<p>pontuação máxima 100 (cem) pontos.
</p>
<p>O Edital  oportunizava  a  realização  de  possíveis  questionamentos  relativos  ao
</p>
<p>processo seletivo, ocasião em que o candidato poderia solicitar sua nota e/ou questionar os critérios
</p>
<p>adotados pela Comissão de Seleção.
</p>
<p>5.1. O candidato poderá interpor recursos até às 17:00 horas do
</p>
<p>segundo  dia  útil  após  a  divulgação  do  resultado  da  Seleção
</p>
<p>Externa Simplificada de que trata o subitem 4.1.
</p>
<p>Ante  ao  exposto,  não  por  não  vislumbrar  irregularidades  a  serem  apuradas,
</p>
<p>promovo o arquivamento do feito, submetendo a presente decisão para apreciação da 1ª Câmara
</p>
<p>de  Coordenação  e  Revisão  do  Ministério  Público  Federal.  Antes,  porém,  comunique-se  ao
</p>
<p>representante.
</p>
<p>Fortaleza, 2 de fevereiro de 2018.
</p>
<p>FERNANDO ANTÔNIO NEGREIROS LIMA
                      Procurador da República</p>
<p />
</div>
</body></html>