<?xml version="1.0" encoding="UTF-8"?>
<html xmlns="http://www.w3.org/1999/xhtml">
<head>
<meta name="date" content="2018-08-17T17:13:28Z" />
<meta name="pdf:PDFVersion" content="1.4" />
<meta name="access_permission:modify_annotations" content="true" />
<meta name="access_permission:can_print_degraded" content="true" />
<meta name="tika_batch_fs:relative_path" content="83248394.p7s" />
<meta name="dcterms:created" content="2018-08-17T17:13:27Z" />
<meta name="Last-Modified" content="2018-08-17T17:13:28Z" />
<meta name="dcterms:modified" content="2018-08-17T17:13:28Z" />
<meta name="dc:format" content="application/pdf; version=1.4" />
<meta name="Last-Save-Date" content="2018-08-17T17:13:28Z" />
<meta name="access_permission:fill_in_form" content="true" />
<meta name="pdf:docinfo:modified" content="2018-08-17T17:13:28Z" />
<meta name="meta:save-date" content="2018-08-17T17:13:28Z" />
<meta name="pdf:encrypted" content="false" />
<meta name="modified" content="2018-08-17T17:13:28Z" />
<meta name="Content-Length" content="61100" />
<meta name="X-TIKA:digest:MD5" content="4393faee4eb60999ce1d20f09070342c" />
<meta name="Content-Type" content="application/pdf" />
<meta name="X-Parsed-By" content="org.apache.tika.parser.DefaultParser" />
<meta name="X-Parsed-By" content="org.apache.tika.parser.pdf.PDFParser" />
<meta name="meta:creation-date" content="2018-08-17T17:13:27Z" />
<meta name="created" content="Fri Aug 17 14:13:27 BRT 2018" />
<meta name="access_permission:extract_for_accessibility" content="true" />
<meta name="access_permission:assemble_document" content="true" />
<meta name="xmpTPg:NPages" content="3" />
<meta name="Creation-Date" content="2018-08-17T17:13:27Z" />
<meta name="resourceName" content="83248394.p7s" />
<meta name="access_permission:extract_content" content="true" />
<meta name="access_permission:can_print" content="true" />
<meta name="tika:file_ext" content="p7s" />
<meta name="producer" content="iText® 5.5.9 ©2000-2015 iText Group NV (AGPL-version); modified using iText® 5.5.9 ©2000-2015 iText Group NV (AGPL-version)" />
<meta name="access_permission:can_modify" content="true" />
<meta name="pdf:docinfo:producer" content="iText® 5.5.9 ©2000-2015 iText Group NV (AGPL-version); modified using iText® 5.5.9 ©2000-2015 iText Group NV (AGPL-version)" />
<meta name="pdf:docinfo:created" content="2018-08-17T17:13:27Z" />
<title></title>
</head>
<body><div class="page"><p />
<p> 
</p>
<p>Procedimento Preparatório nº. 1.26.000.000214/2018-51
 
 
 
</p>
<p>Promoção de Arquivamento nº. 756/2018
 
</p>
<p> 
 
</p>
<p>Trata-se de procedimento preparatório instaurado nesta Procuradoria da
</p>
<p>República a partir de representação formulada por ELINALDO DA SILVA
</p>
<p>ALCOFORADO, para apurar suposta irregularidade em concurso público para o
</p>
<p>provimento de cargos de docente nas áreas de Química Analítica e Química
</p>
<p>Eletroanalítica da Universidade Federal Rural de Pernambuco - UFRPE.
 
</p>
<p>Como providência instrutória, expediu-se ofício à Universidade Federal
</p>
<p>Rural de Pernambucano - URFPE, a fim que se manifestasse sobre o tema da
</p>
<p>representação e informasse o motivo do cancelamento do concurso e da decisão de
</p>
<p>não realizar outro concurso.
 
</p>
<p>A Universidade Federal Rural de Pernambucano - URFPE informou que
</p>
<p>o motivo da anulação do concurso no tocante à área de Química Analítica para o
</p>
<p>DQ/SEDE, constante do Edital nº 3/2017, publicado no Diário Oficial da União (DOU)
</p>
<p>de 23/03/2017 e retificado no DOU de 29/03/2017, ocorreu pelo fato de não haver
</p>
<p>critérios objetivos no edital para definir e/ou comprovar a "experiência em
</p>
<p>eletroanalítica" exigida e de haver inadequação dos posicionamentos adotados pela
</p>
<p>segunda Comissão de Avaliação de Perfil para a fase denominada "análise de 
</p>
<p>compatibilidade de perfil", quando confrontados com as etapas de análise previstas no
</p>
<p>próprio edital. Acrescentou, por fim, que a anulação do concurso tornou-se pública no
</p>
<p>DOU de 5/10/2017.
 
</p>
<p>Aduziu também que a decisão de não realizar um novo concurso se
</p>
<p>baseou no fato de que, no Edital nº 3/2017, estava prevista também uma vaga para a
</p>
<p>Unidade Acadêmica de Serra Talhada na mesma área - Química Analítica, com o
</p>
<p>mesmo perfil daquele solicitado para o Departamento de Química. Como resultado
</p>
<p>desse concurso, houve um candidato classificado e outro aprovado, tendo este último
</p>
<p>PR-PE-00040708/2018     
</p>
<p>MINISTÉRIO PÚBLICO FEDERAL
PROCURADORIA DA REPÚBLICA EM PERNAMBUCO
</p>
<p>2º OFÍCIO DA TUTELA COLETIVA
</p>
<p>Pág. 1 de 3</p>
<p />
</div>
<div class="page"><p />
<p>solicitado seu aproveitamento no Departamento de Química, por meio do Processo 
</p>
<p>2308.024152/2017-97. A solicitação foi aprovada tanto na Área de Química Analítica
</p>
<p>do DQ/SEDE, como no Pleno e no Conselho Técnico Administrativo do
</p>
<p>Departamento.  Dessa forma, o processo do candidato Jandyson Machado Santos
</p>
<p>encontra-se em trâmite nas instâncias competentes da UFRPE, estando o candidato
</p>
<p>prestes a ser nomeado.
 
</p>
<p>Considerando os esclarecimentos prestados pela UFRPE, determinou-se
</p>
<p>a expedição de ofício ao Ministério da Educação - MEC para que se pronunciasse
</p>
<p>acerca do Oficio n° 007/2018 - PJ - UFRPE/PGF/AGU e Mem 7/2018, especificamente
</p>
<p>se vislumbra irregularidade no aproveitamento do aprovado em certame destinado ao
</p>
<p>preenchimento de vaga na Unidade Acadêmica de Serra Talhada - UAST para
</p>
<p>assumir o cargo no DQ/SEDE, sem que tenha ocorrido certame específico para esse
</p>
<p>cargo.
 
</p>
<p>E m  r e s p o s t a ,  o  M E C  i n f o r m o u ,  p o r  m e i o  d o  O f í c i o
</p>
<p>237/2018/CGLNES/GAB/SESU/SESU-MEC, que:
 
</p>
<p>I) as universidades gozam de autonomia administrativa e universitária,
</p>
<p>esta prevista no art. 207 da Constituição Federal de 1988, com a finalidade de
</p>
<p>assegurar a finalidade maior da universidade, que é a produção de conhecimento.
</p>
<p>Portanto, a gestão de pessoal compete à própria instituição, de forma que a decisão
</p>
<p>sobre a gestão e o quadro de pessoal docente, técnico e administrativo, não pode
</p>
<p>estar sujeita a qualquer influência externa. Assim, não caberia ao MEC interferir no
</p>
<p>que tange à gestão de pessoal;
 
</p>
<p>II) o regime jurídico admite o aproveitamento de candidato aprovado em
</p>
<p>concurso para outro cargo, desde que com as mesmas atribuições e competências,
</p>
<p>entendimento corroborado pelo Tribunal de Contas da União - TCU, cuja
</p>
<p>jurisprudência seguiu em anexo. Salientou que o art. 67 do Decreto n° 94.664, de 23
</p>
<p>de julho de 1987, autoriza que a Instituição Federal de Ensino, inclusive, admita
</p>
<p>candidatos habilitados em concursos públicos promovidos por outros órgãos ou
</p>
<p>entidades públicas federais.
 
</p>
<p>É o relatório.
 
</p>
<p>Da analise dos autos, verifica-se que a decisão da UFRPE de aproveitar
</p>
<p>candidato habilitado em outro concurso, para integrar seu quadro pessoal, tem
</p>
<p>respaldo legal no art. 67 do Decreto n° 94.664/1987, in verbis:
 
</p>
<p>"Os concursos públicos, destinados a recrutar servidores para ingresso no
</p>
<p>Plano Único, serão organizados e realizados pela IFE, que poderá admitir
</p>
<p>candidatos habilitados em concursos públicos promovidos por outro órgãos ou
</p>
<p>Pág. 2 de 3</p>
<p />
</div>
<div class="page"><p />
<p>entidades públicas federais."
 
</p>
<p>Assim, se é possível a nomeação de candidato aprovado em concurso
</p>
<p>promovido por outro federal, não há óbice à nomeação de candidato aprovado em
</p>
<p>concurso do próprio órgão, desde que o cargo para o qual prestou concurso tenha as
</p>
<p>mesmas atribuições e competências daquele a ser ocupado, a fim de que não haja
</p>
<p>prejuízo ao exercício das funções ou desvio de finalidade.
 
</p>
<p>No caso concreto, constatou-se que o aproveitamento do candidato
</p>
<p>habilitado no concurso realizado para outra unidade da universidade correspondeu a
</p>
<p>cargos idêntico àquele a ser ocupado no campus sede, pois envolve as mesmas
</p>
<p>atribuições e habilidades acadêmicas e profissionais. Em que pese o concurso para o
</p>
<p>cargo da sede da UFRPE, Edital nº 03/2017, tenha previsto vaga de professor para
</p>
<p>atuar na área de conhecimento de química eletroanalítica, constatou-se que houve
</p>
<p>equívoco, porquanto esta área sequer existe no Departamento de Química do campus
</p>
<p>sede. Assim, como o concurso não atenderia à necessidade de preenchimento do
</p>
<p>quadro profissional desejado (professor na área de química analítica), fundada no
</p>
<p>princípio da autotutela da administração pública, a Universidade resolveu rever seus
</p>
<p>próprios autos e cancelou a vaga na área de química analítica do concurso.
 
</p>
<p>Diante de todo o exposto, não vislumbro a ocorrência de irregularidades
</p>
<p>no aproveitamento do candidato na vaga do campus sede da Universidade Federal
</p>
<p>Rural de Pernambuco - UFRPE, não havendo, portanto, justificativa para a
</p>
<p>continuidade do presente procedimento preparatório.
 
 
</p>
<p>Ante todo o exposto, PROMOVO O ARQUIVAMENTO DOS AUTOS,
</p>
<p>devendo a DICIV: 
 
</p>
<p>(i) informar o representante, cientificando-o da previsão constante do art.
</p>
<p>17, § 3º da Resolução CSMPF n. 87, de 2006;
 
</p>
<p>(ii) encaminhar os autos à 1ª Câmara de Coordenação e Revisão, para
</p>
<p>fins de revisão, no prazo estipulado no § 2º, do art. 17, da Resolução CSMPF nº
</p>
<p>87/2006.
 
 
</p>
<p>Recife/PE,17 de agosto de 2018.
 
</p>
<p>- Assinatura eletrônica -
</p>
<p>MONA LISA DUARTE ABDO AZIZ ISMAIL
</p>
<p>PROCURADORA DA REPUBLICA
</p>
<p>Pág. 3 de 3</p>
<p />
</div>
</body></html>