<?xml version="1.0" encoding="UTF-8"?>
<html xmlns="http://www.w3.org/1999/xhtml">
<head>
<meta name="pdf:PDFVersion" content="1.4" />
<meta name="xmp:CreatorTool" content="Writer" />
<meta name="access_permission:modify_annotations" content="true" />
<meta name="access_permission:can_print_degraded" content="true" />
<meta name="tika_batch_fs:relative_path" content="83441804.pdf" />
<meta name="language" content="pt-BR" />
<meta name="dcterms:created" content="2018-05-23T18:46:46Z" />
<meta name="dc:format" content="application/pdf; version=1.4" />
<meta name="pdf:docinfo:creator_tool" content="Writer" />
<meta name="access_permission:fill_in_form" content="true" />
<meta name="pdf:encrypted" content="false" />
<meta name="Content-Length" content="70347" />
<meta name="X-TIKA:digest:MD5" content="01e1d6753124ce050ea3bd146e3f3f63" />
<meta name="Content-Type" content="application/pdf" />
<meta name="X-Parsed-By" content="org.apache.tika.parser.DefaultParser" />
<meta name="X-Parsed-By" content="org.apache.tika.parser.pdf.PDFParser" />
<meta name="dc:language" content="pt-BR" />
<meta name="meta:creation-date" content="2018-05-23T18:46:46Z" />
<meta name="created" content="Wed May 23 15:46:46 BRT 2018" />
<meta name="access_permission:extract_for_accessibility" content="true" />
<meta name="access_permission:assemble_document" content="true" />
<meta name="xmpTPg:NPages" content="2" />
<meta name="Creation-Date" content="2018-05-23T18:46:46Z" />
<meta name="resourceName" content="83441804.pdf" />
<meta name="access_permission:extract_content" content="true" />
<meta name="access_permission:can_print" content="true" />
<meta name="tika:file_ext" content="pdf" />
<meta name="producer" content="LibreOffice 4.2" />
<meta name="access_permission:can_modify" content="true" />
<meta name="pdf:docinfo:producer" content="LibreOffice 4.2" />
<meta name="pdf:docinfo:created" content="2018-05-23T18:46:46Z" />
<title></title>
</head>
<body><div class="page"><p />
<p>MINISTÉRIO PÚBLICO FEDERAL
PROCURADORIA DA REPÚBLICA NO CEARÁ
</p>
<p>9º Ofício 
</p>
<p>Promoção de Arquivamento nº  054  /  2018
</p>
<p>Ref. P.P. n° 1.15.000.000278/2018-36
</p>
<p>Trata-se  de  notícia  de  fato  instaurada  a  partir  de
</p>
<p>solicitação formulada nos seguintes termos:
</p>
<p>“solicito  que  seja  investigado  se  as  distribuições  de
bolsas  estão  corretas  no  Inst.  Federal  de  Educação  do
Ceará,  localizado  na  Av  13  de  maio,  2081  -  Benfica  -
fortaleza Ceará”
</p>
<p>Diante  do  caráter  genérico  da  formulação,  o  MPF
</p>
<p>solicitou  informações  mais  detalhadas,  em  especial  sobre  as
</p>
<p>supostas irregularidades praticadas.
</p>
<p>O noticiante nada respondeu.
</p>
<p>A Resolução 174/2017 do CNMP estabelece em seu art.
</p>
<p>4.º,  IV  que  “A  Notícia  de  Fato  será  arquivada  quando  for
</p>
<p>desprovida  de  elementos  de  prova ou de  informação mínimos  para
</p>
<p>o  início  de  uma  apuração,  e  o  noticiante  não  atender  à  intimação
</p>
<p>para complementá-la”.
</p>
<p>É o que se observa no caso dos autos, pois a Notícia de
</p>
<p>Fato não  fornecia  elementos  mínimos  e  o  noticiante,  mesmo
</p>
<p>intimado para complementá-la, nada fez.
</p>
<p>Ante  o  exposto decido  pelo  ARQUIVAMENTO
</p>
<p>determinando ao Secretário de Gabinete que:
</p>
<p> a)  informe  a  presente  decisão  ao  representante,  o  qual</p>
<p />
</div>
<div class="page"><p />
<p>terá  o  prazo  de  10  dias  para,  querendo,  apresentar
</p>
<p>recurso  dirigido  ao  9º  Ofício,  o  qual,  em  caso  de  não
</p>
<p>retratação,  será  encaminhado  à  competente  Câmara  de
</p>
<p>Coordenação e Revisão para apreciação;
</p>
<p> b)  após  o  prazo  para  recurso,  remeta  os  autos  à  1ª
</p>
<p>Câmara  de  Coordenação  e  Revisão  do  Ministério  Público
</p>
<p>Federal para fins de homologação;
</p>
<p> c)  adote  as  providências  para  publicação  da  presente
</p>
<p>decisão  no  sítio  eletrônico  da  Procuradoria  da  República
</p>
<p>no Estado do Ceará.
</p>
<p>Fortaleza, 23 de março de 2018.
</p>
<p>Marcelo Mesquita Monte
 Procurador da República </p>
<p />
</div>
</body></html>