<?xml version="1.0" encoding="UTF-8"?>
<html xmlns="http://www.w3.org/1999/xhtml">
<head>
<meta name="date" content="2018-06-27T11:56:48Z" />
<meta name="pdf:PDFVersion" content="1.4" />
<meta name="access_permission:modify_annotations" content="true" />
<meta name="access_permission:can_print_degraded" content="true" />
<meta name="tika_batch_fs:relative_path" content="83781614.pdf" />
<meta name="dcterms:created" content="2018-06-27T11:56:48Z" />
<meta name="Last-Modified" content="2018-06-27T11:56:48Z" />
<meta name="dcterms:modified" content="2018-06-27T11:56:48Z" />
<meta name="dc:format" content="application/pdf; version=1.4" />
<meta name="Last-Save-Date" content="2018-06-27T11:56:48Z" />
<meta name="access_permission:fill_in_form" content="true" />
<meta name="pdf:docinfo:modified" content="2018-06-27T11:56:48Z" />
<meta name="meta:save-date" content="2018-06-27T11:56:48Z" />
<meta name="pdf:encrypted" content="false" />
<meta name="modified" content="2018-06-27T11:56:48Z" />
<meta name="Content-Length" content="50046" />
<meta name="X-TIKA:digest:MD5" content="2a24ec94276e86c825137a3ef5da3687" />
<meta name="Content-Type" content="application/pdf" />
<meta name="X-Parsed-By" content="org.apache.tika.parser.DefaultParser" />
<meta name="X-Parsed-By" content="org.apache.tika.parser.pdf.PDFParser" />
<meta name="meta:creation-date" content="2018-06-27T11:56:48Z" />
<meta name="created" content="Wed Jun 27 08:56:48 BRT 2018" />
<meta name="access_permission:extract_for_accessibility" content="true" />
<meta name="access_permission:assemble_document" content="true" />
<meta name="xmpTPg:NPages" content="3" />
<meta name="Creation-Date" content="2018-06-27T11:56:48Z" />
<meta name="resourceName" content="83781614.pdf" />
<meta name="access_permission:extract_content" content="true" />
<meta name="access_permission:can_print" content="true" />
<meta name="tika:file_ext" content="pdf" />
<meta name="producer" content="iText® 5.5.9 ©2000-2015 iText Group NV (AGPL-version); modified using iText® 5.5.9 ©2000-2015 iText Group NV (AGPL-version)" />
<meta name="access_permission:can_modify" content="true" />
<meta name="pdf:docinfo:producer" content="iText® 5.5.9 ©2000-2015 iText Group NV (AGPL-version); modified using iText® 5.5.9 ©2000-2015 iText Group NV (AGPL-version)" />
<meta name="pdf:docinfo:created" content="2018-06-27T11:56:48Z" />
<title></title>
</head>
<body><div class="page"><p />
<p> 
</p>
<p> 
</p>
<p>Procedimento Preparatório n.° 1.14.000.000524/2018-97
 
 
 
</p>
<p>Promoção de Arquivamento
 
</p>
<p> 
</p>
<p>Trata-se de representação por meio da qual se narra suposto abuso
</p>
<p>cometido pelo poder público em face dos candidatos que prestaram o concurso de
</p>
<p>admissão em 2017 do Curso de Formação de Oficiais do Quadro Complementar em
</p>
<p>Direito do Exército Brasileiro em 2018.
</p>
<p>Denunciou-se a previsão de apenas 07 vagas para o cargo em questão,
</p>
<p>quando supostamente deveriam ter sido anunciadas 31, em vista de outros processos
</p>
<p>seletivos que a corporação realizou concomitantemente ao concurso em comento.
</p>
<p>Instado a se manifestar sobre a representação, o Exército Brasileiro,
</p>
<p>através de seu Departamento de Educação e Cultura, encaminhou resposta através
</p>
<p>do Ofício nº 10-Adj5/AAAJ/DECEx. Neste, distinguiu as vagas oferecidas pelo
</p>
<p>concurso e pelos processos seletivos, e afirmou não agir em desacordo à orientação
</p>
<p>jurisprudencial ventilada pelo representante.
</p>
<p>Informou o Exército que os militares que compõem seus Quadros, Armas
</p>
<p>e Serviços podem ser de carreira ou temporários, sendo os primeiros cargos providos
</p>
<p>através de concurso público, e as últimas funções ocupadas por meio de processo
</p>
<p>seletivo. Esclareceu, ainda, que lhe cabe distribuir as vagas para o provimento de
</p>
<p>pessoal entre estes dois segmentos, seguindo critérios discricionários de conveniência
</p>
<p>e oportunidade.
</p>
<p>Por fim, distinguindo tais regimes de pessoal, alegou que "o concurso
</p>
<p>para o quadro complementar de oficiais e o processo seletivo para convocação de
</p>
<p>oficial técnico temporário são certames distintos, com regulamentação própria e efeitos
</p>
<p>administrativos diferentes".
</p>
<p>É o que cumpre relatar.
 
</p>
<p>De fato, cabe razão ao Exército Brasileiro em suas alegações. Havendo
</p>
<p>dois regimes jurídicos distintos para o provimento de vagas dentro de seu quadro de
</p>
<p>pessoal, não se justifica a exigência de critérios pertinentes a apenas um deles no
</p>
<p>exercício de ambos.
</p>
<p>Os editais colacionados pelo representante dizem respeito, como
</p>
<p>PR-BA-00035679/2018     
</p>
<p>MINISTÉRIO PÚBLICO FEDERAL
PROCURADORIA DA REPÚBLICA - BAHIA
</p>
<p>Pág. 1 de 3</p>
<p />
</div>
<div class="page"><p />
<p>alegado, ao processo seletivo para o provimento de cargos militares temporários,
</p>
<p>segundo os ditames do art. 3º, II da Lei nº 6.391/76 e art. 1º, §2º, "b" da Lei nº
</p>
<p>8.071/90, in verbis:
 
</p>
<p>Art. 3° O Pessoal Militar da Ativa pode ser de Carreira ou
</p>
<p>Temporário.
</p>
<p>I - O Militar de Carreira é aquele que, no desempenho
</p>
<p>voluntário e permanente do serviço militar, tem vitaliciedade assegurada ou
</p>
<p>presumida.
</p>
<p>II - O Militar Temporário é aquele que presta o serviço militar
</p>
<p>por prazo determinado e destina-se a completar as Armas e os Quadros de
</p>
<p>Oficiais e as diversas Qualificações Militares de praças, conforme for
</p>
<p>regulamentado pelo Poder Executivo; 
 
 
</p>
<p>Art. 1° Caberá ao Poder Executivo distribuir, anualmente, os
</p>
<p>efetivos de que tratam os § 1°c 2° do art. 1° da Lei n°7.150, de I° de
</p>
<p>dezembro de 1983 por postos e graduações, nos diferentes quadros, armas
</p>
<p>e serviços e definir os que serão preenchidos por militares de carreiras ou
</p>
<p>temporários.
</p>
<p>Omissis
</p>
<p>§ 2° Para efeito desta lei são considerados militares
</p>
<p>temporários:
</p>
<p>a) os oficiais da reserva não remunerada, quando
</p>
<p>convocados;
</p>
<p>b) os oficiais e praças de quadros complementares admitidos
</p>
<p>ou incorporados por prazos limitados, na forma e condições estabelecidas
</p>
<p>pelo Poder Executivo;
</p>
<p>c) as praças da reserva não remunerada, quando
</p>
<p>convocadas ou reincluídas;
</p>
<p>d) as praças engajadas ou reengajadas por prazo limitado;
</p>
<p>e) os incorporados para prestação do Serviço Militar Inicial; 
 
</p>
<p>Enquanto que o edital reclamado, para o concurso do quadro
</p>
<p>complementar de oficiais, busca prover cargo de militar de carreira, nos termos do
</p>
<p>inciso I do art. 3º da Lei 6.391/76, supratranscrito.
</p>
<p>Observa-se, pois, em tratando-se de cargos distintos, a mencionada tese
</p>
<p>de Repercussão Geral no Recurso Especial nº 837.311 não se aplica. Trata-se, aqui,
</p>
<p>de verdadeiro caso de distinguishing jurisprudencial, em que resta comprovado que o
</p>
<p>caso em análise difere-se da tese aventada. Lá, busca-se a proteção do candidato a
</p>
<p>concurso público frente a ingerências estatais concernentes à vaga concorrida. Aqui,
</p>
<p>entretanto, verifica-se a existência de vagas distintas, a serem providas de modos
</p>
<p>distintos, não prevalecendo o entendimento firmado pelo representante.
</p>
<p>Ocorre, portanto, que a representação em comento não apresenta
</p>
<p>elementos que indiquem fato irregular a ser investigado no âmbito do Ministério
</p>
<p>Público Federal, visto que a atuação da Administração reputa-se, in casu, em perfeita
</p>
<p>sintonia com o ordenamento vigente.
</p>
<p>Pág. 2 de 3</p>
<p />
</div>
<div class="page"><p />
<p> 
</p>
<p>Assim, percebe-se que o procedimento preparatório deve ser arquivado,
</p>
<p>com fulcro no art. 17, caput da Resolução n.° 87, de 6 de abril de 2010, do Conselho
</p>
<p>Superior do Ministério Público Federal, in verbis:
 
</p>
<p>Art. 17 - Se o órgão do Ministério Público, esgotadas todas as diligências, se
</p>
<p>convencer da inexistência de fundamento para a adoção das medidas
</p>
<p>previstas no artigo 4°, I, III e IV, promoverá o arquivamento dos autos do
</p>
<p>inquér i to  c iv i l  ou  do proced imento  admin is t ra t ivo ,  fazendo-o
</p>
<p>fundamentadamente.
 
</p>
<p>Remeta-se ao(à) representante cópia do presente arquivamento,
</p>
<p>informando-lhe que da decisão cabe recurso administrativo, devidamente
</p>
<p>fundamentado, no prazo de 10 (dez) dias (§1º do art. 17º da Resolução n.° 87/2010).
 
</p>
<p>Finalmente, expirado o prazo de 10 (dez) dias sem recurso, os autos
</p>
<p>devem ser encaminhados à 1ª Câmara de Coordenação e Revisão para apreciação.
</p>
<p>Se houver manifestação do(a) interessado(a), voltem os autos conclusos para
</p>
<p>apreciação, na forma do §3º do art. 17 da Resolução n.° 87/2010.
 
</p>
<p>Cumpra-se, dando-se baixa na distribuição.
 
</p>
<p>Salvador, 27 de junho de 2018.
 
</p>
<p>EDSON ABDON PEIXOTO FILHO
</p>
<p>PROCURADOR DA REPUBLICA
 
</p>
<p>Pág. 3 de 3</p>
<p />
</div>
</body></html>