<?xml version="1.0" encoding="UTF-8"?>
<html xmlns="http://www.w3.org/1999/xhtml">
<head>
<meta name="date" content="2018-05-12T08:25:27Z" />
<meta name="pdf:PDFVersion" content="1.4" />
<meta name="access_permission:modify_annotations" content="true" />
<meta name="access_permission:can_print_degraded" content="true" />
<meta name="tika_batch_fs:relative_path" content="83819669.p7s" />
<meta name="dcterms:created" content="2018-05-12T08:25:27Z" />
<meta name="Last-Modified" content="2018-05-12T08:25:27Z" />
<meta name="dcterms:modified" content="2018-05-12T08:25:27Z" />
<meta name="dc:format" content="application/pdf; version=1.4" />
<meta name="Last-Save-Date" content="2018-05-12T08:25:27Z" />
<meta name="access_permission:fill_in_form" content="true" />
<meta name="pdf:docinfo:modified" content="2018-05-12T08:25:27Z" />
<meta name="meta:save-date" content="2018-05-12T08:25:27Z" />
<meta name="pdf:encrypted" content="false" />
<meta name="modified" content="2018-05-12T08:25:27Z" />
<meta name="Content-Length" content="45554" />
<meta name="X-TIKA:digest:MD5" content="dbae8d1e32dee66253b1da423088ddc1" />
<meta name="Content-Type" content="application/pdf" />
<meta name="X-Parsed-By" content="org.apache.tika.parser.DefaultParser" />
<meta name="X-Parsed-By" content="org.apache.tika.parser.pdf.PDFParser" />
<meta name="meta:creation-date" content="2018-05-12T08:25:27Z" />
<meta name="created" content="Sat May 12 05:25:27 BRT 2018" />
<meta name="access_permission:extract_for_accessibility" content="true" />
<meta name="access_permission:assemble_document" content="true" />
<meta name="xmpTPg:NPages" content="2" />
<meta name="Creation-Date" content="2018-05-12T08:25:27Z" />
<meta name="resourceName" content="83819669.p7s" />
<meta name="access_permission:extract_content" content="true" />
<meta name="access_permission:can_print" content="true" />
<meta name="tika:file_ext" content="p7s" />
<meta name="producer" content="iText® 5.5.9 ©2000-2015 iText Group NV (AGPL-version); modified using iText® 5.5.9 ©2000-2015 iText Group NV (AGPL-version)" />
<meta name="access_permission:can_modify" content="true" />
<meta name="pdf:docinfo:producer" content="iText® 5.5.9 ©2000-2015 iText Group NV (AGPL-version); modified using iText® 5.5.9 ©2000-2015 iText Group NV (AGPL-version)" />
<meta name="pdf:docinfo:created" content="2018-05-12T08:25:27Z" />
<title></title>
</head>
<body><div class="page"><p />
<p>___________________________________________________________________________________________________
</p>
<p>Procedimento Preparatório nº 1.26.000.000537/2018-45
 
 
 
 
</p>
<p>PROMOÇÃO DE ARQUIVAMENTO Nº 333/2018
           
   
</p>
<p>O procedimento em epígrafe foi instaurado com o fito de apurar notícia de
possíveis irregularidades praticadas na Escola de Aprendizes Marinheiros de Pernambuco -
EAMPE, a exemplo de longa carga horária cumprida pelos alunos nas guaritas, sem qualquer
estrutura de segurança, além da ausência no pagamento da remuneração devida.
</p>
<p> 
</p>
<p>Segundo a representação, os alunos da EAMPE são submetidos a jornadas de 12
horas (de 18h às 06h) nas guaritas, sem qualquer proteção, iluminação, ou mesmo telefone para
comunicação. Acrescentou, ademais, que não houve pagamento do auxílio devido aos alunos.
</p>
<p> 
</p>
<p>Instada a se manifestar, a representada informou, por meio do Ofício nº
201/EAMPE-MB, que a notícia foi formalizada no Período de Adaptação (janeiro/2018), no
qual os candidatos sequer tiveram a matrícula efetivada, uma vez que ainda estão apresentando
a documentação pertinente para análise. Nesse período, os pretensos alunos ainda não fazem jus
aos direitos pecuniários, uma vez que não exercem qualquer atividade junto a EAMPE.
</p>
<p> 
</p>
<p>A instituição esclareceu que, a partir do mês de fevereiro, após a matrícula, os
alunos passaram a receber sua remuneração através da Conta Para Pagamentos Imediatos
(COPIMED), conforme documentação comprobatória acostada.
</p>
<p> 
</p>
<p>Com relação as condições de trabalho, a EAMPE asseverou que os candidatos no
período de adaptação - época em que foi representada - não realizavam serviços nas guaritas,
uma vez que não haviam sequer recebido uniformização para tal atividade.
</p>
<p> 
</p>
<p>Acrescentou que as guaritas de fato não tem iluminação interior, a fim de evitar a
exposição dos militares em vigília. Todavia, afirmou que as cabines são equipadas com sistema
de videomonitoramento por câmeras e sensores de presença, contando também com telefone
para comunicação direta com a Sala de Estado.
</p>
<p> 
</p>
<p>Por fim, registrou que os alunos de fato não possuem armamento, em prol de sua
própria segurança, considerando que não lhes foi dado treinamento para isso. Ademais,
explicitou que a ordem para os alunos da guarita é nunca reagir, devendo apenas reportar, à Sala
de Estado, por telefone, eventuais alterações na rotina de segurança.
</p>
<p> 
</p>
<p>Considerando os esclarecimentos prestados e os comprovantes de pagamentos
acostados, não se vislumbram irregularidades a serem sanadas no presente caso.
</p>
<p> 
</p>
<p> 
</p>
<p>MINISTÉRIO PÚBLICO FEDERAL
PROCURADORIA DA REPUBLICA - PERNAMBUCO
</p>
<p>1º OFÍCIO DA TUTELA COLETIVA
</p>
<p>Pág. 1 de 2</p>
<p />
</div>
<div class="page"><p />
<p>Destarte, inexistindo motivo para a continuidade do procedimento, arquivem-se
os autos nos termos do art. 9º, caput, da Lei nº 7.347/85 e do art. 17, caput, da Resolução nº
87/20006, do Conselho Superior do Ministério Público Federal.
</p>
<p> 
</p>
<p>Comunique-se o representante.
 
</p>
<p>Após o decurso do prazo para recurso, remeta-se à 1ª Câmara de Coordenação e
Revisão - Direitos Sociais e Atos administrativos em geral para o necessário exame desta
promoção, na forma do art. 62, IV da Lei Complementar nº 75/93, art. 9º, §1º, da Lei nº
7.347/85 e do art. 17, §2º, da Resolução nº 87/2006, do Conselho Superior do Ministério
Público Federal.
</p>
<p> 
</p>
<p>Cumpra-se.
 
</p>
<p>Recife, data da assinatura eletrônica.
 
</p>
<p>Ládia Mara Duarte Chaves Albuquerque
Procuradora da República
</p>
<p> 
 
</p>
<p>Pág. 2 de 2</p>
<p />
</div>
</body></html>