<?xml version="1.0" encoding="UTF-8"?>
<html xmlns="http://www.w3.org/1999/xhtml">
<head>
<meta name="pdf:PDFVersion" content="1.4" />
<meta name="pdf:docinfo:title" content="PRM_Caraguatatuba_SP" />
<meta name="xmp:CreatorTool" content="Writer" />
<meta name="access_permission:modify_annotations" content="true" />
<meta name="access_permission:can_print_degraded" content="true" />
<meta name="tika_batch_fs:relative_path" content="83965644.p7s" />
<meta name="language" content="pt-BR" />
<meta name="dcterms:created" content="2018-08-07T13:28:53Z" />
<meta name="dc:format" content="application/pdf; version=1.4" />
<meta name="pdf:docinfo:creator_tool" content="Writer" />
<meta name="access_permission:fill_in_form" content="true" />
<meta name="pdf:encrypted" content="false" />
<meta name="dc:title" content="PRM_Caraguatatuba_SP" />
<meta name="Content-Length" content="171516" />
<meta name="X-TIKA:digest:MD5" content="f5eef0365bed34aaed5a3d8adf3df24a" />
<meta name="Content-Type" content="application/pdf" />
<meta name="X-Parsed-By" content="org.apache.tika.parser.DefaultParser" />
<meta name="X-Parsed-By" content="org.apache.tika.parser.pdf.PDFParser" />
<meta name="dc:language" content="pt-BR" />
<meta name="meta:creation-date" content="2018-08-07T13:28:53Z" />
<meta name="created" content="Tue Aug 07 10:28:53 BRT 2018" />
<meta name="access_permission:extract_for_accessibility" content="true" />
<meta name="access_permission:assemble_document" content="true" />
<meta name="xmpTPg:NPages" content="3" />
<meta name="Creation-Date" content="2018-08-07T13:28:53Z" />
<meta name="resourceName" content="83965644.p7s" />
<meta name="access_permission:extract_content" content="true" />
<meta name="access_permission:can_print" content="true" />
<meta name="tika:file_ext" content="p7s" />
<meta name="producer" content="LibreOffice 5.4" />
<meta name="access_permission:can_modify" content="true" />
<meta name="pdf:docinfo:producer" content="LibreOffice 5.4" />
<meta name="pdf:docinfo:created" content="2018-08-07T13:28:53Z" />
<title>PRM_Caraguatatuba_SP</title>
</head>
<body><div class="page"><p />
<p>Procedimento Preparatório n° 1.34.033.000043/2018-10 
</p>
<p>Assunto: Atos Administrativos. Cobrança de Estacionamento Rotativo (ZONA Azul) em Diversas
</p>
<p>Praias. Município de Ubatuba/SP.
</p>
<p>1ª  Câmara  de  Coordenação  e  Revisão |  Núcleo  de  Defesa  dos  Direitos  Sociais  e
</p>
<p>Fiscalização de Atos Administrativos
</p>
<p>PROMOÇÃO DE ARQUIVAMENTO
</p>
<p>Trata-se de  notícia de fato instaurada com o objetivo de apurar suposta
</p>
<p>irregularidade em cobrança de estacionamento rotativo (zona azul) em diversas praias do
</p>
<p>Município de Ubatuba/SP, em áreas de domínio da União no Município de Ubatuba/SP.
</p>
<p>Segundo  o  representante,  em visita  a  diversas  praias  do  município  de
</p>
<p>Ubatuba/SP precisou pagar zona azul, como por exemplo, na praia de Almada cobrou-se
</p>
<p>R$20,00 (vinte reais), na praia do Félix cobrou-se R$12,00 (doze reais). Nesse sentido o
</p>
<p>representante questiona quanto à legalidade da cobrança zona azul.
</p>
<p>É o relatório.
</p>
<p>Em pesquisa realizada no Sistema Único constata-se a existência do IC nº
</p>
<p>1.34.018.000048/2011-56  (arquivado)  que  teve  a  finalidade  de  apurar  a  possível
</p>
<p>ocupação irregular  em área da União por estacionamento Zona Azul  no Município  de
</p>
<p>Ubatuba/SP. 
</p>
<p>Observa-se  no  bojo  do  procedimento  que  quem exerce  a  atividade  de
</p>
<p>controle de estacionamento em área presumidamente da União é o Município de Ubatuba,
</p>
<p>por meio do sistema conhecido como “zona azul”. 
</p>
<p>Em  que  pese  a  área  seja  presumidamente  da  União,  não  justifica  a
</p>
<p>limitação e autorização prévia desta para que o Município exerça o poder de polícia,
</p>
<p>notadamente em organizar suas posturas de estacionamento e organização municipal de
</p>
<p>trânsito, pois é deste a atribuição e não daquela. A saber, quem pode ou não estacionar
</p>
<p>em determinado local e por quanto tempo, ainda que seja em orla marinha, típica dos
</p>
<p>municípios litorâneos. </p>
<p />
</div>
<div class="page"><p />
<p>PP no 1.34.033.000043/2018-10
</p>
<p>De  igual  modo,  não  é  razoável  considerar  que  os  municípios  costeiros
</p>
<p>ficariam engessados à revelia de autorização da SPU para ordenar suas posturas como
</p>
<p>manda o interesse local,  ainda que a regra seja para determinada área que abrange
</p>
<p>propriedade da União.
</p>
<p>Assim fosse, os municípios litorâneos não poderiam impor limitações às
</p>
<p>questões  de  uso  e  ocupação  do  solo,  construções,  comércios  ambulantes,  e
</p>
<p>especificamente,  como no  caso  concreto,  de  ordenamento  de  trânsito,  quando  estes
</p>
<p>fossem em área da União sem antes prévia autorização desta.
</p>
<p>Há de  se considerar  as  particularidades  destes  municípios  litorâneos,
</p>
<p>cujo espaço urbano é formado, em grande parte, de área da União. Bem como que o
</p>
<p>referido  espaço  no  qual  está  delimitado  a  “Zona  Azul”  não  é  de  uso  especial,  e
</p>
<p>continuariam os motoristas a estacionar e utilizar o respectivo espaço caso ausente o
</p>
<p>regramento, haja vista que a União não exerce nenhuma atividade, empreendimento ou
</p>
<p>edificação no local.
</p>
<p>Com efeito, a morosidade administrativa da SPU, ainda que por ausência
</p>
<p>de  corpo  técnico  suficiente  para  as  demandas  da  região,  não  pode  prejudicar  os
</p>
<p>interesses dos municípios litorâneos no que tange, especificamente, ao objeto do caso
</p>
<p>concreto, a saber: o uso do poder de polícia em ordenar a utilização de espaços urbanos
</p>
<p>para parada de veículos automotores sob denominação de “Zona Azul”.
</p>
<p>Sem prejuízo, em complemento, a Medida Provisória nº 691, de 31 de
</p>
<p>agosto de 2015, convertida na Lei nº 13.240 de 2015, autoriza, em seu artigo 14, a
</p>
<p>transferência da gestão das praias marítimas urbanas, inclusive as áreas de bens de uso
</p>
<p>comum com exploração econômica, aos municípios. Situação mais complexa que no caso
</p>
<p>concreto, haja vista o instituto da “Zona Azul” não ser propriamente uma exploração
</p>
<p>econômica. O que demostra que o caráter de indisponibilidade não é absoluto. 
</p>
<p>Com base  no  exposto,  PROMOVO O ARQUIVAMENTO do  presente
</p>
<p>procedimento nos termos do artigo 17 da Resolução 87/10 do Egrégio Conselho Superior
</p>
<p>do Ministério Público Federal e artigo 10, caput, da Resolução nº 23 do Egrégio Conselho
</p>
<p>Superior do Ministério Público e determino a adoção das seguintes providências:
</p>
<p>1. Remeta-se o  presente  procedimento,  acompanhado  da  promoção  de
</p>
<p>arquivamento, à 1ª Câmara de Coordenação e Revisão do Ministério Público Federal, para
</p>
<p>análise e, se o caso, homologação, nos termos do artigo 9º, §1º da Lei 7.347/85, artigo
</p>
<p>2
PODEMOS CONTRIBUIR PARA O USO SUSTENTÁVEL DE NOSSA FLORA. IMPRIMA FRENTE E VERSO E USE RASCUNHO
</p>
<p>UMA CAMPANHA DA PRM-CARAGUATATUBA POR UM PLANETA SUSTENTÁVEL</p>
<p />
</div>
<div class="page"><p />
<p>PP no 1.34.033.000043/2018-10
</p>
<p>17, §2º, da Res. 87/2006, do CSMPF e artigo 10, §1º da Res. 23/2007 do CNMP.
</p>
<p>2. Comunique-se o representante, por meio de e-mail.
</p>
<p>3. Com o retorno, voltem-me conclusos para ciência.
</p>
<p>Caraguatatuba, 07 de agosto de 2018.
</p>
<p>Walquiria Imamura Picoli
Procuradora da República
assinado eletronicamente
</p>
<p>3
PODEMOS CONTRIBUIR PARA O USO SUSTENTÁVEL DE NOSSA FLORA. IMPRIMA FRENTE E VERSO E USE RASCUNHO
</p>
<p>UMA CAMPANHA DA PRM-CARAGUATATUBA POR UM PLANETA SUSTENTÁVEL</p>
<p />
</div>
</body></html>