<?xml version="1.0" encoding="UTF-8"?>
<html xmlns="http://www.w3.org/1999/xhtml">
<head>
<meta name="pdf:PDFVersion" content="1.4" />
<meta name="xmp:CreatorTool" content="Writer" />
<meta name="access_permission:modify_annotations" content="true" />
<meta name="access_permission:can_print_degraded" content="true" />
<meta name="tika_batch_fs:relative_path" content="84427362.pdf" />
<meta name="language" content="pt-BR" />
<meta name="dcterms:created" content="2018-07-23T18:48:24Z" />
<meta name="dc:format" content="application/pdf; version=1.4" />
<meta name="pdf:docinfo:creator_tool" content="Writer" />
<meta name="access_permission:fill_in_form" content="true" />
<meta name="pdf:encrypted" content="false" />
<meta name="Content-Length" content="167313" />
<meta name="X-TIKA:digest:MD5" content="5ae9c83e901f12478874de47aab0a0cd" />
<meta name="Content-Type" content="application/pdf" />
<meta name="X-Parsed-By" content="org.apache.tika.parser.DefaultParser" />
<meta name="X-Parsed-By" content="org.apache.tika.parser.pdf.PDFParser" />
<meta name="dc:language" content="pt-BR" />
<meta name="meta:creation-date" content="2018-07-23T18:48:24Z" />
<meta name="created" content="Mon Jul 23 15:48:24 BRT 2018" />
<meta name="access_permission:extract_for_accessibility" content="true" />
<meta name="access_permission:assemble_document" content="true" />
<meta name="xmpTPg:NPages" content="2" />
<meta name="Creation-Date" content="2018-07-23T18:48:24Z" />
<meta name="resourceName" content="84427362.pdf" />
<meta name="access_permission:extract_content" content="true" />
<meta name="access_permission:can_print" content="true" />
<meta name="tika:file_ext" content="pdf" />
<meta name="producer" content="LibreOffice 4.3" />
<meta name="access_permission:can_modify" content="true" />
<meta name="pdf:docinfo:producer" content="LibreOffice 4.3" />
<meta name="pdf:docinfo:created" content="2018-07-23T18:48:24Z" />
<title></title>
</head>
<body><div class="page"><p />
<p>MINISTÉRIO PÚBLICO FEDERAL
Procuradoria da República no Município de Nova Friburgo
</p>
<p>Rua General Osório, nº 46 - Centro
 28625-630 - Nova Friburgo – RJ
</p>
<p>Tel: (22) 2519-8800/(22) 2519-8805
</p>
<p>Procedimento Preparatório nº: 1.30.006.000067/2018-37
</p>
<p>PROMOÇÃO DE ARQUIVAMENTO
</p>
<p>Trata-se de Procedimento Preparatório instaurado por meio de representação do
Conselho Federal de Fonoaudiologia com o escopo de apurar suposta oferta ilegal de curso online
de auxiliar de fonoaudiologia por parte do Instituto de Capacitação Profissional Cursos Avante
Ltda. 
</p>
<p>Representação do Conselho Federal de Fonoaudiologia às fls. 05/07.
</p>
<p>Às  fls.  10/11,  o  responsável  pelo  Instituto  de  Capacitação  Profissional
Cursos Avante Ltda apresentou sua versão dos fatos. 
</p>
<p>O Conselho Federal de Fonoaudiologia, às fls. 14/15, solicitou a imediata
retirada da oferta  dos cursos de “auxiliar  de Fonoaudiologia” e  “Curso de Fonoaudiologia  –
Fundamentos da Fonação e Audição”. 
</p>
<p>À fl.  18,  o  responsável  pelo  Instituto  informou que os  aludidos  cursos
foram retirados do catálogo de cursos oferecidos1. 
</p>
<p>É o relatório sumário.
</p>
<p>O caso é de arquivamento.
</p>
<p>A  deflagração  de  investigação  civil  por  parte  do  Ministério  Público
Federal deve corresponder a indícios mínimos de fatos determinados que franqueiem a tutela dos
interesses e direitos a cargo do  Parquet (art.  1º  da Resolução CNMP nº 23/07), ou que digam
respeito  ou  importem  danos  efetivos  ou  potenciais  a  esses  mesmos  interesses  (art.  1º  da
Resolução CSMPF nº 87/06).
</p>
<p>Com efeito,  certificada a competência do Ministério Público Federal  no
particular, a persecução civil só poderá ter início,  ou prosseguir, se verificados,  in concreto:  a)
fatos minimamente determinados, que permitam a delimitação do objeto a ser investigado;  b)
</p>
<p>1 Conforme se verifica na certidão retro. 
</p>
<p>1</p>
<p />
</div>
<div class="page"><p />
<p>MINISTÉRIO PÚBLICO FEDERAL
Procuradoria da República no Município de Nova Friburgo
</p>
<p>Rua General Osório, nº 46 - Centro
 28625-630 - Nova Friburgo – RJ
</p>
<p>Tel: (22) 2519-8800/(22) 2519-8805
</p>
<p>matéria atinente a interesses difusos, coletivos, individuais homogêneos ou outro sob proteção do
órgão  ministerial;  c)  elementos  de  convicção,  ainda  que  indiciários,  de  irregularidade,
ilegalidades ou abuso de poder (art. 6º da Lei nº 7.347/85 c/c art. 14, § 1º, da Lei nº 8.429/92); d)
inexistência de investigação precedente; e e) fatos ainda não solucionados.
</p>
<p>Na hipótese vertente, não vislumbro necessidade do prosseguimento da
investigação civil  por parte do MPF,  visto que o Instituto de Capacitação Profissional Cursos
Avante Ltda retirou os cursos  de “auxiliar de Fonoaudiologia” e “Curso de Fonoaudiologia –
Fundamentos  da  Fonação  e  Audição”,  conforme  solicitação  do  Conselho  Federal  de
Fonoaudiologia. Insta salientar, ainda, que os referidos cursos não foram vendidos nem houve
certificação de nenhum aluno. 
</p>
<p>Assim, diante da ausência de elementos de convicção a indicar a existência
de  irregularidades  que  ensejem  a  atribuição  do  Parquet Federal,  não  há  justificativa  para
prosseguir com a presente investigação, sob pena de mora em relação a procedimentos outros sob
responsabilidade  deste  MPF,  que  reclamam  aprofundamento  da  apuração,  e  de  ofensa  ao
princípio da eficiência (art. 37, caput, da Constituição da República).
</p>
<p>Ante  o  exposto,  promovo  o  arquivamento do  presente  Procedimento
Preparatório. 
</p>
<p>Dê-se ciência ao representante. 
</p>
<p>Remetam-se os autos à 1ª CCR para revisão.
</p>
<p>Proceda-se aos registros e controles necessários.
</p>
<p>Nova Friburgo, 23 de julho de 2018.
</p>
<p>JOÃO FELIPE VILLA DO MIU
         Procurador da República
</p>
<p>RM
</p>
<p>2</p>
<p />
</div>
</body></html>