<?xml version="1.0" encoding="UTF-8"?>
<html xmlns="http://www.w3.org/1999/xhtml">
<head>
<meta name="date" content="2018-05-03T12:50:05Z" />
<meta name="pdf:PDFVersion" content="1.4" />
<meta name="access_permission:modify_annotations" content="true" />
<meta name="access_permission:can_print_degraded" content="true" />
<meta name="tika_batch_fs:relative_path" content="84470427.pdf" />
<meta name="dcterms:created" content="2018-05-03T12:50:02Z" />
<meta name="Last-Modified" content="2018-05-03T12:50:05Z" />
<meta name="dcterms:modified" content="2018-05-03T12:50:05Z" />
<meta name="dc:format" content="application/pdf; version=1.4" />
<meta name="Last-Save-Date" content="2018-05-03T12:50:05Z" />
<meta name="access_permission:fill_in_form" content="true" />
<meta name="pdf:docinfo:modified" content="2018-05-03T12:50:05Z" />
<meta name="meta:save-date" content="2018-05-03T12:50:05Z" />
<meta name="pdf:encrypted" content="false" />
<meta name="modified" content="2018-05-03T12:50:05Z" />
<meta name="Content-Length" content="21643" />
<meta name="X-TIKA:digest:MD5" content="35f9db5229280664c083073ff8a60855" />
<meta name="Content-Type" content="application/pdf" />
<meta name="X-Parsed-By" content="org.apache.tika.parser.DefaultParser" />
<meta name="X-Parsed-By" content="org.apache.tika.parser.pdf.PDFParser" />
<meta name="meta:creation-date" content="2018-05-03T12:50:02Z" />
<meta name="created" content="Thu May 03 09:50:02 BRT 2018" />
<meta name="access_permission:extract_for_accessibility" content="true" />
<meta name="access_permission:assemble_document" content="true" />
<meta name="xmpTPg:NPages" content="2" />
<meta name="Creation-Date" content="2018-05-03T12:50:02Z" />
<meta name="resourceName" content="84470427.pdf" />
<meta name="access_permission:extract_content" content="true" />
<meta name="access_permission:can_print" content="true" />
<meta name="tika:file_ext" content="pdf" />
<meta name="producer" content="iText® 5.5.9 ©2000-2015 iText Group NV (AGPL-version); modified using iText® 5.5.9 ©2000-2015 iText Group NV (AGPL-version)" />
<meta name="access_permission:can_modify" content="true" />
<meta name="pdf:docinfo:producer" content="iText® 5.5.9 ©2000-2015 iText Group NV (AGPL-version); modified using iText® 5.5.9 ©2000-2015 iText Group NV (AGPL-version)" />
<meta name="pdf:docinfo:created" content="2018-05-03T12:50:02Z" />
<title></title>
</head>
<body><div class="page"><p />
<p>PRM-GRU-PE-00003439/2018
 
</p>
<p>NOTÍCIA DE FATO nº 1.26.005.000052/2018-10
</p>
<p> 
</p>
<p> 
</p>
<p>PROMOÇÃO DE ARQUIVAMENTO Nº /2018
</p>
<p> 
</p>
<p> 
</p>
<p>Trata-se de representação narrando indeferimento indevido de matrícula de aluno portador de deficiência
pelo sistema de cotas da Universidade Federal Rural de Pernambuco - Campus Garanhuns.
</p>
<p>Relata a representante, AMANDA CANDIDO DO MONTE ARAUJO, que se inscreveu para preencher
vaga na Universidade Federal Rural de Pernambuco, pelo sistema de cotas para deficientes. Selecionada, apresentou laudo
com os CIDS indicados no edital. Contudo, no dia 05/03/2018, foi surpreendida com a notícia de que sua matrícula foi
indeferida, por ausência da deficiência necessária ao preenchimento da vaga. Por isso, foi classificada como inapta (fl. 2).
</p>
<p>Encaminhou, em anexo, ficha de cadastro na universidade, certificado de conclusão do ensino médio,
histórico escolar, documentos pessoais, laudo médico neurológico e psicológico (fls. 6/18).
</p>
<p>À fl. 19, consta que a representante juntou documentação complementar, indicando que faz
acompanhamento médico e toma medicação controlada. Em anexo, seguiram laudos médicos datados em 2010, 2012, receita
médica e avaliação psicológica de 2006 (fls. 20/26).
</p>
<p>Intimada para apresentar documentos comprobatórios da recusa, a interessada informou que aquela foi
meramente formal (fl. 28).
</p>
<p>Ato contínuo, o Ministério Público Federal oficiou à Universidade Federal Rural de Pernambuco para que
informasse: a) para o ano de 2018, quantas vagas foram reservadas, por cada turno, para o curso de medicina veterinária, no
sistema de cotas, conforme a Lei n. 12.711/12; b) as razões do indeferimento do pedido de AMANDA CANDIDO DO
MONTE ARAUJO, CPF 061.629.265-16, enviando cópia integral do processo administrativo correspondente ao seu pedido
de matrícula como pessoa portadora de deficiência; c) quantas vagas foram preenchidas, no curso de medicina veterinária,
por turno, para o ano de 2018, em cada uma das categorias de cotas previstas na Lei n. 12.711/12; d) quando se encerravam
as matrículas, para o curso de medicina veterinária no ano de 2018 e quando se iniciavam as aulas (fls. 32/33).
</p>
<p>Às fls. 36/38, a representante envia laudo médico datado de 06/10/2017.
</p>
<p>Em resposta, a Direção Geral e Acadêmica da Universidade Federal Rural de Pernambuco enviou folha
com despacho do setor médico da Universidade Acadêmica de Garanhuns, apresentando as razões do indeferimento da
matrícula da interessada. Encaminhou, também, folha de despacho do setor de escolaridade da mesma Unidade Acadêmica,
com os esclarecimentos prestados sobre a disponibilização e o preenchimento de vagas pelo regime de cotas (fls. 39/115).
</p>
<p>É o sucinto relatório.
</p>
<p>Vieram os autos conclusos.
</p>
<p>Analisando a documentação enviada através do ofício da Universidade Federal Rural de Pernambuco,
constata-se que o motivo do indeferimento teve por base o último laudo médico apresentado pela estudante no ato da
matrícula.
</p>
<p>Analisando os diversos laudos constantes dos autos, constatam-se neles algumas divergências.
</p>
<p>Com efeito, enquanto o laudo psicológico afirma que a paciente apresenta deficit de aprendizagem (CID
10 - F81), retardo mental leve (CID 10 - F70.0), distúrbio de atenção (CID 10 - F90.0), bem como introspecção para
interação social, os dois outros laudos neurológicos apresentados indicam que a estudante é portadora de retardo mental leve
(CID - F70.0), sem comprometimento, contudo, das habilidades adaptativas (vide fls. 14 e 17).
</p>
<p>Nesse aspecto, a instituição segue as normas do Decreto nº 5.296 de dezembro de 2004, que prevê ser
necessária a ocorrência de limitações associadas a duas ou mais áreas de habilidades adaptativas da pessoa interessada.
</p>
<p>Verificando o laudo que a noticiante apresentou à Universidade, o corpo médico desta concluiu
inocorrerem duas ou mais limitações, razão pela qual a interessada foi considerada, para os efeitos pretendidos, como inapta
para o preenchimento da vaga (fl. 40). Nesse aspecto, insta asseverar que a decisão decorreu da análise dos laudos
apresentados pela própria interessada no momento do pedido de matrícula pelo regime de cotas, os quais repousam às fls. 14
e 17.
</p>
<p>Nos ditos documentos, o médico assistente da paciente esclarece ser ela portadora de retardo mental
leve, sem, contudo, comprometimento das habilidades adaptativas.
</p>
<p>O artigo 5º, § 1º, I, d da Decreto nº 5.296 de dezembro de 2004 dispõe, in verbis:
</p>
<p>Art. 5o  Os órgãos da administração pública direta, indireta e fundacional, as
empresas prestadoras de serviços públicos e as instituições financeiras deverão
dispensar atendimento prioritário às pessoas portadoras de deficiência ou com
mobilidade reduzida.
§ 1o Considera-se, para os efeitos deste Decreto:
I - pessoa portadora de deficiência, além daquelas previstas na Lei no 10.690, de 16
de junho de 2003, a que possui limitação ou incapacidade para o desempenho de
atividade e se enquadra nas seguintes categorias:
</p>
<p>Pág. 1 de 2</p>
<p />
<div class="annotation"><a href="http://www.planalto.gov.br/ccivil_03/LEIS/2003/L10.690.htm">http://www.planalto.gov.br/ccivil_03/LEIS/2003/L10.690.htm</a></div>
<div class="annotation"><a href="http://www.planalto.gov.br/ccivil_03/LEIS/2003/L10.690.htm">http://www.planalto.gov.br/ccivil_03/LEIS/2003/L10.690.htm</a></div>
<div class="annotation"><a href="http://www.planalto.gov.br/ccivil_03/LEIS/2003/L10.690.htm">http://www.planalto.gov.br/ccivil_03/LEIS/2003/L10.690.htm</a></div>
</div>
<div class="page"><p />
<p>d) deficiência mental: funcionamento intelectual significativamente inferior à média,
com manifestação antes dos dezoito anos e limitações associadas a duas ou mais áreas
de habilidades adaptativas, tais como:
1. comunicação;
2. cuidado pessoal;
3. habilidades sociais;
4. utilização dos recursos da comunidade;
5. saúde e segurança;
6. habilidades acadêmicas;
7. lazer; e
8. trabalho;
</p>
<p>Importa mencionar que a representante, em complemento à documentação constante dos autos, juntou a
este procedimento - mas não o apresentou à Universidade, a tempo e modo - laudo neurológico, no qual o médico Dr.
Wanderley Felix declara, em 06/10/2017, que a paciente tem comprometidas as habilidades de comunicação, sociais e
acadêmicas. Contudo, a decisão da Universidade baseou-se em laudos do mesmo médico mais recentes (de 28/02/2018 e de
02/03/2018), o que sugere mudança de diagnóstico e melhora em seu quadro clínico, de modo que a deficiência não acarreta
comprometimento de habilidades adaptativas da estudante.
</p>
<p>Logo, diante da documentação apresentada pela interessada à instituição de ensino, o indeferimento da
matrícula não se revestiu de ilegalidade.
</p>
<p>Por fim, verifica-se não haver, aparentemente, irregularidade no preenchimento das vagas do curso de
Medicina Veterinária na Unidade Acadêmica. Das 40 vagas ofertadas pelo Sistema de Seleção Unificada por turno, 20 foram
destinadas e preenchidas na categoria de cotas, em conformidade com o artigo 3º, parágrafo único da Lei nº 12.711/12,, in
verbis:
</p>
<p>Art. 3o  Em cada instituição federal de ensino superior, as vagas de que trata o art.
1o desta Lei serão preenchidas, por curso e turno, por autodeclarados pretos, pardos e
indígenas e por pessoas com deficiência, nos termos da legislação, em proporção ao
total de vagas no mínimo igual à proporção respectiva de pretos, pardos, indígenas e
pessoas com deficiência na população da unidade da Federação onde está instalada a
instituição, segundo o último censo da Fundação Instituto Brasileiro de Geografia e
Estatística - IBGE.          (Redação dada pela Lei nº 13.409, de 2016)
Parágrafo único.  No caso de não preenchimento das vagas segundo os critérios
estabelecidos no caput deste artigo, aquelas remanescentes deverão ser completadas
por estudantes que tenham cursado integralmente o ensino médio em escolas públicas.
</p>
<p>No mais, as matrículas para o curso supracitado se encerraram no dia 23/03/2018 às 15:30 horas, tendo
como data de início para as aulas do turno da tarde o 1º semestre de 2018, dia 18/04/2018, e do turno da manhã o 2º semestre
de 2018, dia 18/09/2018.
</p>
<p>A par disso, a questão posta à apreciação limita-se a uma narrativa de interesse individual disponível do
interessado, que exorbita a atribuição deste órgão federal. Além disso, restou evidenciado que não houve qualquer
irregularidade na recusa da Unidade Acadêmica de Garanhuns, dado que se baseou em laudo médico apresentando pela
estudante no ato da matrícula do curso de Medicina Veterinária.
</p>
<p>Portanto, não há razão para a continuidade das investigações no âmbito deste órgão, dada a ausência de
ilegalidade na recusa, bem como diante da natureza individual da demanda. Ora, inexiste nestes autos notícia concreta de
lesão ou ameaça a direito coletivo, não estando, assim, compreendida dentre as atribuições do Parquet Federal
constitucionalmente delineadas.
</p>
<p>Ante o exposto, este órgão ministerial DETERMINA O ARQUIVAMENTO DA PRESENTE
NOTÍCIA DE FATO, nos termos do disposto no artigo 4º, I da Resolução n. 174/17-CNMP, decisão que se submete à
elevada consideração da 1ª Câmara de Coordenação e Revisão do Ministério Público Federal.
</p>
<p>Notifique-se a representante, para que tome conhecimento desta decisão e, caso queira, apresente contra
ela recurso até sua homologação ou rejeição pela Câmara de Coordenação e Revisão correspondente.
</p>
<p>Escoado o prazo de dez dias da notificação in albis, remetam-se os autos à 1ª CCR para a pertinente
deliberação, nos termos do artigo 62, inciso IV da LC n. 75/93 e da Resolução n. 87/10 do CSMPF.
</p>
<p>Interposto recurso, à conclusão.
</p>
<p> 
</p>
<p> 
</p>
<p>Garanhuns/PE, 03 de maio de 2018.
</p>
<p> 
</p>
<p> 
</p>
<p>POLIREDA MADALY BEZERRA DE MEDEIROS1.
Procuradora da República2.
</p>
<p>Pág. 2 de 2</p>
<p />
<div class="annotation"><a href="http://www.planalto.gov.br/ccivil_03/_Ato2015-2018/2016/Lei/L13409.htm#art1">http://www.planalto.gov.br/ccivil_03/_Ato2015-2018/2016/Lei/L13409.htm#art1</a></div>
</div>
</body></html>