<?xml version="1.0" encoding="UTF-8"?>
<html xmlns="http://www.w3.org/1999/xhtml">
<head>
<meta name="pdf:PDFVersion" content="1.4" />
<meta name="xmp:CreatorTool" content="Writer" />
<meta name="access_permission:modify_annotations" content="true" />
<meta name="access_permission:can_print_degraded" content="true" />
<meta name="tika_batch_fs:relative_path" content="84727642.p7s" />
<meta name="language" content="pt-BR" />
<meta name="dcterms:created" content="2018-08-03T23:17:56Z" />
<meta name="dc:format" content="application/pdf; version=1.4" />
<meta name="pdf:docinfo:creator_tool" content="Writer" />
<meta name="access_permission:fill_in_form" content="true" />
<meta name="pdf:encrypted" content="false" />
<meta name="Content-Length" content="767347" />
<meta name="X-TIKA:digest:MD5" content="2d8ff02218a68e3906e23b08dcab2dd3" />
<meta name="Content-Type" content="application/pdf" />
<meta name="X-Parsed-By" content="org.apache.tika.parser.DefaultParser" />
<meta name="X-Parsed-By" content="org.apache.tika.parser.pdf.PDFParser" />
<meta name="dc:language" content="pt-BR" />
<meta name="meta:creation-date" content="2018-08-03T23:17:56Z" />
<meta name="created" content="Fri Aug 03 20:17:56 BRT 2018" />
<meta name="access_permission:extract_for_accessibility" content="true" />
<meta name="access_permission:assemble_document" content="true" />
<meta name="xmpTPg:NPages" content="8" />
<meta name="Creation-Date" content="2018-08-03T23:17:56Z" />
<meta name="resourceName" content="84727642.p7s" />
<meta name="access_permission:extract_content" content="true" />
<meta name="access_permission:can_print" content="true" />
<meta name="tika:file_ext" content="p7s" />
<meta name="producer" content="LibreOffice 5.2" />
<meta name="access_permission:can_modify" content="true" />
<meta name="pdf:docinfo:producer" content="LibreOffice 5.2" />
<meta name="pdf:docinfo:created" content="2018-08-03T23:17:56Z" />
<title></title>
</head>
<body><div class="page"><p />
<p>MINISTÉRIO PÚBLICO FEDERAL
PROCURADORIA DA REPÚBLICA NO AMAZONAS
</p>
<p>PROCURADORIA DA REPÚBLICA NO MUNICÍPIO DE TABATINGA
2º OFÍCIO
</p>
<p>Procedimento preparatório n. 1.13.001.000064/2018-36
</p>
<p>PROMOÇÃO DE ARQUIVAMENTO
</p>
<p>Trata-se de representação formulada por Sirley Carvalho Marques,
</p>
<p>autuada como procedimento preparatório, dando conta da preterição de seu filho,
</p>
<p>Thiago  Marques  Rodrigues  na  lista  de  estudantes  convocados  pelo  IFAM  para
</p>
<p>cursar "informática" na referida instituição.
</p>
<p>Em síntese, seu filho "estava ocupando a colocação de nº 25 de nota
</p>
<p>8,44 em tal lista, porém uma suposta aluna denominada Manuela Alfredo Quadros
</p>
<p>de colocação nº 26 na mesma lista, ocupou sua vaga. A Representante alega ter
</p>
<p>ido pedir esclarecimentos com administração da instituição, em resposta obteve
</p>
<p>que  a  mesma  tentou  entrar  em  contato  com  o  menor  via  telefone,  sem
</p>
<p>encaminhar nenhum e-mail quando a vaga foi liberada, contudo, a representante
</p>
<p>diz não ter nenhum registro telefônico no aparelho celular de seu filho."
</p>
<p>Trouxe aos autos cópia da lista de aprovados e daqueles estudantes
</p>
<p>na lista de espera,  documento esse que demonstra Thiago Marques Rodrigues
</p>
<p>ocupando a colocação nº 25 e Manuela Alfredo Quadros, a de nº 26. 
</p>
<p>Oficiado, o IFAM disse que:
</p>
<p>“Em atenção ao OFÍCIO N°244/2018/2° OFÍCIO/PRM/TBT, de 03 de
</p>
<p>maio de 2018, esta Coordenação de Registro Acadêmico tem a
</p>
<p>informar que todos os candidatos com situação de aprovados no
</p>
<p>processo seletivo 2018/1, edital n° 14/2018, onde previa 30 vagas
</p>
<p>destinadas ao Curso Técnico de Nível Médio na Forma Integrada
</p>
<p>em  Informática,  entre  outras  vagas,  foram  devidamente
</p>
<p>matriculados  no  período  de  12  a  22  de  dezembro  de  2017,
</p>
<p>Procuradoria da República no Município de Tabatinga
Av. da Amizade, 33, Brilhante, CEP 69.640-000 - Telefone/FAX: (97) 3412-2209 – Tabatinga/AM
</p>
<p>L:\Processos\2º Oficio - Pablo Beltrand\Administrativos\Civel\Promoção de Arquivamento\2018\62) IC 64.2018-24  seleção IFAM 2018. obediência ao
edital. isonomia.odt</p>
<p />
</div>
<div class="page"><p />
<p>MINISTÉRIO PÚBLICO FEDERAL
PROCURADORIA DA REPÚBLICA NO AMAZONAS
</p>
<p>PROCURADORIA DA REPÚBLICA NO MUNICÍPIO DE TABATINGA
2º OFÍCIO
</p>
<p>conforme  cronograma  retificado  pela  errata  n°  05,  de  08  de
</p>
<p>dezembro de 2017.
</p>
<p>No  entanto,  devido  a  não  renovação  de  matriculas  e
</p>
<p>transferências  de  alunos  em  situação  de  retenção,  foram
</p>
<p>convocados mais 02 candidatos classificados com situação de lista
</p>
<p>de  espera  no  processo  seletivo  supracitado.  Como  parâmetro,
</p>
<p>além da ordem de classificação, foi utilizado o que prescreve os
</p>
<p>critérios contidos no edital  n°14/2018,  mais  especificamente no
</p>
<p>item 10.3:
</p>
<p>Os(as)  candidatos(as)  da  Lista  de  Espera  deverão
</p>
<p>comparecer ao campus, no mesmo período estipulado para a
</p>
<p>matrícula  dos(as)  candidatos(as)  aprovados  e  convocados
</p>
<p>dentro do número de vagas disponibilizadas no certame, a
</p>
<p>saber, em data estipulada pelo cronograma para realizarem
</p>
<p>a  assinatura  do  Termo  de  Manifistação  de  Interesse.
</p>
<p>Estes(as) candidatos(as) da Lista de Espera poderão ocupar
</p>
<p>vagas  que  serão  disponibilizadas  caso  não  haja
</p>
<p>preenchimento  completo  das  vagas  após  a  matricula  da
</p>
<p>primeira chamada.
</p>
<p>Com  relação  ao  questionamento  'a",  contido  no  oficio  acima
</p>
<p>mencionado.  Informamos  que  dentro  do  processo  de  chamada
</p>
<p>para efetivação de matricula, realizada em período posterior ao da
</p>
<p>realização de matrículas  e pré-matrículas.  foram convocados os
</p>
<p>candidatos classificados em 26° Manuela Alfredo Quadros e 27°
</p>
<p>Livia Thais Roberto da Rocha, haja vista que os mesmos haviam
</p>
<p>manifestado  interesse  por  meio  do  termo  de  manifestação  de
</p>
<p>interesse em vaga,  conforme anexo,  tal  documento assinado e
</p>
<p>apresentado  a  esta  Coordenação  de  Registro  Acadêmico,  no
</p>
<p>período de realização das matrículas dos candidatos aprovados. 
</p>
<p>Procuradoria da República no Município de Tabatinga
Av. da Amizade, 33, Brilhante, CEP 69.640-000 - Telefone/FAX: (97) 3412-2209 – Tabatinga/AM
</p>
<p>L:\Processos\2º Oficio - Pablo Beltrand\Administrativos\Civel\Promoção de Arquivamento\2018\62) IC 64.2018-24  seleção IFAM 2018. obediência ao
edital. isonomia.odt</p>
<p />
</div>
<div class="page"><p />
<p>MINISTÉRIO PÚBLICO FEDERAL
PROCURADORIA DA REPÚBLICA NO AMAZONAS
</p>
<p>PROCURADORIA DA REPÚBLICA NO MUNICÍPIO DE TABATINGA
2º OFÍCIO
</p>
<p>No que tange ao questionamento b" com relação ao candidato
</p>
<p>classificado em 25° Thiago Marques Rodrigues, informamos que o
</p>
<p>mesmo  não  apresentou  a  esta  Coordenação  de  Registro
</p>
<p>Acadêmico o termo de manifestação de interesse em vaga, fato
</p>
<p>este que inviabilizou a sua chamada para efetivação de matrícula.
</p>
<p>Com  tudo.  mesmo  sem  a  manifestação  de  interesse  houve  a
</p>
<p>tentativa  de  entrar  em contato  com o  referido  candidato  pelo
</p>
<p>número  telefônico  cadastrado  no  ato  de  inscrição  no  processo
</p>
<p>seletivo,  tentativa  frustrada  pelo  não  atendimento  e/ou  não
</p>
<p>completara ligação.
</p>
<p>Finalmente com relação ao questionamento 'c", esta Coordenação
</p>
<p>de  Registro  Acadêmico  acredita  ter  atendido  todos  os  pré-
</p>
<p>requisitos com respeito à legalidade e atendimento do edital, uma
</p>
<p>vez que esteve sempre atuando sob a orientação da Comissão de
</p>
<p>Processo  Seletivo  Acadêmico  Institucional  quanto  à  matrícula  e
</p>
<p>posterior  chamada  para  novas  vagas,  uma  vez  que  consta  no
</p>
<p>edital n° 14/2018, em seu item 10.6:
</p>
<p>A  primeira  chamada  para  matrícula  de  candidatos(as)  da
</p>
<p>ampla  concorrência  e  da  reserva  de  vagas  será  realizada
</p>
<p>pela Comissão de Processo Seletivo Acadêmico Institucional.
</p>
<p>As  próximas  chamadas  serão  de  responsabilidade  do
</p>
<p>Campus,  mediante  prévio  envio  das  listas  à  comissão  de
</p>
<p>Processo  Seletivo  Acadêmico  Institucional,  a  qual  dará  as
</p>
<p>orientações para a publicação. As chamadas serão realizadas
</p>
<p>respeitando-se  o  número  de  vagas  e  a  ordem  de
</p>
<p>classificação dos(as) candidatos(as).
</p>
<p>Assim sendo  acreditamos  não  termos  cometido  nenhuma falha
</p>
<p>administrativa, quanto a não convocação do candidato classificado
</p>
<p>em 25° Thiago Marques Rodrigues,  haja vista que seguimos os
</p>
<p>Procuradoria da República no Município de Tabatinga
Av. da Amizade, 33, Brilhante, CEP 69.640-000 - Telefone/FAX: (97) 3412-2209 – Tabatinga/AM
</p>
<p>L:\Processos\2º Oficio - Pablo Beltrand\Administrativos\Civel\Promoção de Arquivamento\2018\62) IC 64.2018-24  seleção IFAM 2018. obediência ao
edital. isonomia.odt</p>
<p />
</div>
<div class="page"><p />
<p>MINISTÉRIO PÚBLICO FEDERAL
PROCURADORIA DA REPÚBLICA NO AMAZONAS
</p>
<p>PROCURADORIA DA REPÚBLICA NO MUNICÍPIO DE TABATINGA
2º OFÍCIO
</p>
<p>critérios pré-estabelecido em edital, não havendo assim nenhuma
</p>
<p>margem para adotar quaisquer outras medidas.”
</p>
<p>Chamada  a  se  manifestar  acerca  das  informações  do  IFAM,  a
</p>
<p>representante prestou os seguintes esclarecimentos:
</p>
<p>Oficiado  mais  uma  vez  para,  em  síntese,  esclarecer  como  os
</p>
<p>estudantes  foram  chamados,  o  IFAM  assim  se  manifestou  (OFICIO  No  178—
</p>
<p>GDJIFAM/CTB/2018):
</p>
<p>Procuradoria da República no Município de Tabatinga
Av. da Amizade, 33, Brilhante, CEP 69.640-000 - Telefone/FAX: (97) 3412-2209 – Tabatinga/AM
</p>
<p>L:\Processos\2º Oficio - Pablo Beltrand\Administrativos\Civel\Promoção de Arquivamento\2018\62) IC 64.2018-24  seleção IFAM 2018. obediência ao
edital. isonomia.odt</p>
<p />
</div>
<div class="page"><p />
<p>MINISTÉRIO PÚBLICO FEDERAL
PROCURADORIA DA REPÚBLICA NO AMAZONAS
</p>
<p>PROCURADORIA DA REPÚBLICA NO MUNICÍPIO DE TABATINGA
2º OFÍCIO
</p>
<p>a)  Em  resposta  ao  questionamento  sobre  o  candidato  Thiago
</p>
<p>Marques  Rodrigues,  pertinente  se  o  mesmo  forneceu  endereço
</p>
<p>eletrônico (e-mail) pelo qual pudesse ser convocado para efetivação
</p>
<p>de matricula. Este Campus tem a informar que o referido candidato
</p>
<p>prestou informação de seu e-mail pessoal, como demonstra o ANEXO
</p>
<p>I.
</p>
<p>b) Com relação às convocações informamos que todos os candidatos
</p>
<p>foram convocados via "lista de convocação", em anexo, publicado na
</p>
<p>página  do  Instituto  Federal,  no  endereço
</p>
<p>http://www2.ifam.edu.br/processo-seletivo-2018-1,  onde  constava
</p>
<p>todo o cronograma de realização de matriculas, além de informações
</p>
<p>já descritas no EDITAL N° 14/2018, http://aguia.ifam.edu.br.
</p>
<p>c) No caso específico do candidato Thiago Marques Rodrigues não foi
</p>
<p>enviado  convocação  via  e-mail  haja  vista  que  já  tínhamos  uma
</p>
<p>publicação  geral  e  o  referido  candidato  não  apresentou  a
</p>
<p>Coordenação de Registro Acadêmico do IFAM/Campus Tabatinga o
</p>
<p>termo de manifestação de interesse em vaga, de acordo com o que
</p>
<p>estabelece  o  Item 10.3  do EDITAL  N°  14/2018.  bem como o que
</p>
<p>prescreve o Item 10.7, do referido edital:
</p>
<p>É de inteira responsabilidade do(a) candidato(a) ficar atento c
</p>
<p>acompanhar  todas  as  chamadas  no  site  do  IFAM
</p>
<p>(www.ifarn.edu.br),  na  página  do  Campus  e/ou  no  mural
</p>
<p>externo do campus, não podendo alegar desconhecimento do
</p>
<p>resultado.
</p>
<p>d) Quanto a convocação de candidatos entre, as c1assificações 15º e
</p>
<p>a 27º, tivemos como instrumento de convocação a mesma lista de
</p>
<p>classificação  geral  e  tendo  como  parâmetro  o  que  prescreve  Os
</p>
<p>critérios contidos no EDITAL N° 14/2018, mais  especificamente no
</p>
<p>Procuradoria da República no Município de Tabatinga
Av. da Amizade, 33, Brilhante, CEP 69.640-000 - Telefone/FAX: (97) 3412-2209 – Tabatinga/AM
</p>
<p>L:\Processos\2º Oficio - Pablo Beltrand\Administrativos\Civel\Promoção de Arquivamento\2018\62) IC 64.2018-24  seleção IFAM 2018. obediência ao
edital. isonomia.odt</p>
<p />
</div>
<div class="page"><p />
<p>MINISTÉRIO PÚBLICO FEDERAL
PROCURADORIA DA REPÚBLICA NO AMAZONAS
</p>
<p>PROCURADORIA DA REPÚBLICA NO MUNICÍPIO DE TABATINGA
2º OFÍCIO
</p>
<p>Item  10.3  e  Item  10.4,  conforme  explicado  via  OFICIO  N°  096—
</p>
<p>GD/IFAM/CTB/2018 de 05 de junho de 2018:
</p>
<p>Os(as) candidatos(as) da Lista de Espera deverão comparecer
</p>
<p>ao  campus,  no  mesmo  período  estipulado  para  a  matrícula
</p>
<p>dos(as)  candidatos(as)  aprovados  e  convocados  dentro  do
</p>
<p>número de vagas disponibilizadas no certame, a saber, em data
</p>
<p>estipulada  pelo  cronograma para  realizarem a  assinatura  do
</p>
<p>Termo de Manifestação de Interesse. Estes(as) candidatos(as)
</p>
<p>da  Lista  de  Espera  poderão  ocupar  vagas  que  serão
</p>
<p>disponibilizadas  caso  não  haja  preenchimento  completo  das
</p>
<p>vagas após a matrícula da primeira chamada.
</p>
<p>Sendo observado também o que consta no Item 10.3 do EDITAL N°
</p>
<p>14/20 18:
</p>
<p>Os(as) candidatos(as) da Lista de Espera que no comparecerem
</p>
<p>ao campus no período discriminado no item 10.3 perderão o
</p>
<p>direito a matricula, caso haja disponibilidade de vagas.
</p>
<p>e)  No  tocante  se  os  candidatos  classificados  em 26°  e  27°  tem
</p>
<p>alguma relação de parentesco com servidor ou terceirizado vinculado
</p>
<p>ao  IFAM,  informamos  que  nenhum  dos  candidatos  classificados
</p>
<p>possui  algum grau de parentesco com servidores ou terceirizados
</p>
<p>que prestam serviços a este Campus.
</p>
<p>Pois  bem,  a  leitura  dos  autos  aponta  para  a  inexistência  de
</p>
<p>irregularidade a ser enfrentada por este órgão ministerial.
</p>
<p>Com efeito, o IFAM trouxe aos autos documentos que demonstram
</p>
<p>ter tratado de forma isonômica os candidatos, convocando-os todos pela mesma
</p>
<p>forma.
</p>
<p>Procuradoria da República no Município de Tabatinga
Av. da Amizade, 33, Brilhante, CEP 69.640-000 - Telefone/FAX: (97) 3412-2209 – Tabatinga/AM
</p>
<p>L:\Processos\2º Oficio - Pablo Beltrand\Administrativos\Civel\Promoção de Arquivamento\2018\62) IC 64.2018-24  seleção IFAM 2018. obediência ao
edital. isonomia.odt</p>
<p />
</div>
<div class="page"><p />
<p>MINISTÉRIO PÚBLICO FEDERAL
PROCURADORIA DA REPÚBLICA NO AMAZONAS
</p>
<p>PROCURADORIA DA REPÚBLICA NO MUNICÍPIO DE TABATINGA
2º OFÍCIO
</p>
<p>Ademais, seguiu as normas previstas no edital, convocando aqueles
</p>
<p>que compareceram ao IFAM, no período de matrícula, e manifestaram interesse na
</p>
<p>vaga objeto do certame.
</p>
<p>A tese da representante, por sua vez, acerca de uma falha no serviço
</p>
<p>prestado pelo IFAM na ocasião em que teria lhe indicado a inviabilidade de seu
</p>
<p>filho  vir  a  ser  convocado,  não  é  suficiente  para  desincumbir-lhe  do  ônus  de
</p>
<p>obediência aos termos do edital, inclusive no que se refere ao comparecimento ao
</p>
<p>campus  do IFAM na data indicada nesse referido documento (entre 11 e 15 de
</p>
<p>dezembro de 2017). A data em que afirma ter ido ao IFAM, no início de dezembro
</p>
<p>de 2017, embora não saiba dizer exatamente o dia, corrobora a sequência dos
</p>
<p>prováveis eventos: a representante dirigiu-se ao IFAM e foi informada acerca das
</p>
<p>poucas chances de seu filho ser convocado, dada a posição atingida por ele; nem
</p>
<p>ela nem seu filho compareceram nas datas indicadas no cronograma para assinar
</p>
<p>o  termo  de  manifestação  de  interesse  na  vaga,  ao  contrário  dos  estudantes
</p>
<p>colocados na 26º e 27ª posição; posteriormente, descobriu que tais estudantes,
</p>
<p>em colocação inicial a de seu filho, foram convocados pelo IFAM.
</p>
<p>Dessa  forma,  mesmo  que  as  afirmativas  da  representante  sejam
</p>
<p>corretas, delas não decorre o deito de seu filho à vaga pleiteada, pois deixou de a
</p>
<p>disposição  do  edital  que  expressamente  indicava  a  necessidade  de
</p>
<p>comparecimento ao IFAM, na data da matrícula, para manifestar o interesse na
</p>
<p>vaga  disputada.  Não  dispõe  ela,  ademais,  de  qualquer  meio  de  prova  para
</p>
<p>demonstrar o afirmado erro do IFAM, circunstância que fragiliza eventual demanda
</p>
<p>judicial.
</p>
<p>De toda forma, ação individual a tratar de direito disponível, inclusive
</p>
<p>a  eventual  perda  de  uma  chance,  não  é  de  atribuição  do  Ministério  Público
</p>
<p>Federal, podendo-se socorrer a representante, se assim entender, da Defensoria
</p>
<p>Pública, da contratação de advogados ou litigar sem a assistência de qualquer
</p>
<p>deles diretamente no Juizado Especial Federal (JEF) em Tabatinga/AM.
</p>
<p>Diante do que se veio de dizer, promovo o arquivamento do feito.
</p>
<p>Procuradoria da República no Município de Tabatinga
Av. da Amizade, 33, Brilhante, CEP 69.640-000 - Telefone/FAX: (97) 3412-2209 – Tabatinga/AM
</p>
<p>L:\Processos\2º Oficio - Pablo Beltrand\Administrativos\Civel\Promoção de Arquivamento\2018\62) IC 64.2018-24  seleção IFAM 2018. obediência ao
edital. isonomia.odt</p>
<p />
</div>
<div class="page"><p />
<p>MINISTÉRIO PÚBLICO FEDERAL
PROCURADORIA DA REPÚBLICA NO AMAZONAS
</p>
<p>PROCURADORIA DA REPÚBLICA NO MUNICÍPIO DE TABATINGA
2º OFÍCIO
</p>
<p>Submeto  a  presente  decisão  à  e.  1ª  Câmara  de  Coordenação  e
</p>
<p>Revisão do Ministério Público Federal para exercício de seu poder revisional.
</p>
<p>Comunique-se a representante da presente decisão bem como da
</p>
<p>possibilidade de recorrer dela no prazo legal.
</p>
<p>Tabatinga/AM, 3 de agosto de 2018.
</p>
<p>Pablo Luz de Beltrand
Procurador da República
</p>
<p>Procuradoria da República no Município de Tabatinga
Av. da Amizade, 33, Brilhante, CEP 69.640-000 - Telefone/FAX: (97) 3412-2209 – Tabatinga/AM
</p>
<p>L:\Processos\2º Oficio - Pablo Beltrand\Administrativos\Civel\Promoção de Arquivamento\2018\62) IC 64.2018-24  seleção IFAM 2018. obediência ao
edital. isonomia.odt</p>
<p />
</div>
</body></html>