<?xml version="1.0" encoding="UTF-8"?>
<html xmlns="http://www.w3.org/1999/xhtml">
<head>
<meta name="date" content="2018-05-29T19:26:56Z" />
<meta name="pdf:PDFVersion" content="1.4" />
<meta name="access_permission:modify_annotations" content="true" />
<meta name="access_permission:can_print_degraded" content="true" />
<meta name="tika_batch_fs:relative_path" content="84975177.pdf" />
<meta name="dcterms:created" content="2018-05-29T19:26:56Z" />
<meta name="Last-Modified" content="2018-05-29T19:26:56Z" />
<meta name="dcterms:modified" content="2018-05-29T19:26:56Z" />
<meta name="dc:format" content="application/pdf; version=1.4" />
<meta name="Last-Save-Date" content="2018-05-29T19:26:56Z" />
<meta name="access_permission:fill_in_form" content="true" />
<meta name="pdf:docinfo:modified" content="2018-05-29T19:26:56Z" />
<meta name="meta:save-date" content="2018-05-29T19:26:56Z" />
<meta name="pdf:encrypted" content="false" />
<meta name="modified" content="2018-05-29T19:26:56Z" />
<meta name="Content-Length" content="62916" />
<meta name="X-TIKA:digest:MD5" content="dbb305e6f727db1b6a2fd8d695b63319" />
<meta name="Content-Type" content="application/pdf" />
<meta name="X-Parsed-By" content="org.apache.tika.parser.DefaultParser" />
<meta name="X-Parsed-By" content="org.apache.tika.parser.pdf.PDFParser" />
<meta name="meta:creation-date" content="2018-05-29T19:26:56Z" />
<meta name="created" content="Tue May 29 16:26:56 BRT 2018" />
<meta name="access_permission:extract_for_accessibility" content="true" />
<meta name="access_permission:assemble_document" content="true" />
<meta name="xmpTPg:NPages" content="2" />
<meta name="Creation-Date" content="2018-05-29T19:26:56Z" />
<meta name="resourceName" content="84975177.pdf" />
<meta name="access_permission:extract_content" content="true" />
<meta name="access_permission:can_print" content="true" />
<meta name="tika:file_ext" content="pdf" />
<meta name="producer" content="iText® 5.5.9 ©2000-2015 iText Group NV (AGPL-version); modified using iText® 5.5.9 ©2000-2015 iText Group NV (AGPL-version)" />
<meta name="access_permission:can_modify" content="true" />
<meta name="pdf:docinfo:producer" content="iText® 5.5.9 ©2000-2015 iText Group NV (AGPL-version); modified using iText® 5.5.9 ©2000-2015 iText Group NV (AGPL-version)" />
<meta name="pdf:docinfo:created" content="2018-05-29T19:26:56Z" />
<title></title>
</head>
<body><div class="page"><p />
<p> 
</p>
<p>Ref: Procedimento Preparatório nº 1.26.000.001159/2018-17
 
</p>
<p> 
</p>
<p>Promoção de Arquivamento nº. 438/2018
</p>
<p> 
 
 
</p>
<p> Trata-se de Procedimento Preparatório instaurado nesta Procuradoria da
</p>
<p>República a partir de representação formulada por Mísia Carvalho da Costa, por meio
</p>
<p>da qual relata a negativa do Cartório Porto Virgínio - 1° Distrito/Recife, relativa à
</p>
<p>solicitação de averbação do registro de "Brasileiro Nato" na certidão de translado de
</p>
<p>nascimento de sua filha, nascida no Zimbábue.
 
</p>
<p>Como providência instrutória, expediu-se  ofício ao Cartório Porto
</p>
<p>Virgínio, a fim de que se manifestasse acerca da representação.
 
</p>
<p>Por meio do ofício n° 172/2018, o Cartório informou que a certidão de
</p>
<p>Translado de Nascimento de Sara Lídia Carvalho da Costa (filha da representante)
</p>
<p>fora averbada no dia 06/04/2018, constando o registro de "BRASILEIRO NATO",
</p>
<p>consoante a Resolução n° 155 de 16/07/2012, do Conselho Nacional de Justiça.
</p>
<p>Seguiu em anexo cópia da Certidão de Registro de Translado de Assento de
</p>
<p>Nascimento (averbada)  e cópia do livro onde consta a averbação.
 
</p>
<p>É o relatório.
 
</p>
<p>O objeto do presente Procedimento Preparatório é apurar possíveis
</p>
<p>irregularidades e omissão na averbação na Certidão de Registro de Translado de
</p>
<p>Assento de Nascimento de filho(a) de brasileiro nascido no estrangeiro, que optou pela
</p>
<p>nacionalidade brasileira, junto ao  Cartório Porto Virgínio - 1° Distrito/Recife.
 
</p>
<p>Observa-se, da análise dos autos, que a certidão de Translado de
</p>
<p>Nascimento da filha da representante já foi averbada para constar o registro de
</p>
<p>"brasileiro nato".
</p>
<p>PR-PE-00025312/2018     
</p>
<p>MINISTÉRIO PÚBLICO FEDERAL
PROCURADORIA DA REPÚBLICA EM PERNAMBUCO
</p>
<p>2º OFÍCIO DA TUTELA COLETIVA
</p>
<p>PROCURADORIA DA
REPUBLICA -
PERNAMBUCO
</p>
<p>Av. Governador Agamenon Magalhães, Nº 1800, Espinheiro -
Cep 52021170 - Recife-PE
</p>
<p>Tel. 81. 2125-7383
Email: PRPE-OTC-02@mpf.mp.br
</p>
<p>Pág. 1 de 2</p>
<p />
</div>
<div class="page"><p />
<p> 
</p>
<p>Ante o exposto, tendo em vista que o objetivo da apuração foi atingido,
</p>
<p>PROMOVO O ARQUIVAMENTO DOS PRESENTES AUTOS, devendo a
</p>
<p>DICIV/Secretaria:
 
</p>
<p>i) informar à representante, cientificando-a da previsão constante do art.
</p>
<p>17, § 3º da Resolução do CSMPF n°87, de 2006;
 
</p>
<p>ii) encaminhar os autos à 1ª Câmara de Coordenação e Revisão/NAOP
</p>
<p>5ª Região, para fins de revisão, no prazo estipulado no § 2º, do art. 17, da Resolução
</p>
<p>CSMPF nº 87, de 2006.
 
 
</p>
<p>Recife/PE, 29 de maio de 2018.
 
</p>
<p>- Assinatura eletrônica -
 
</p>
<p>MONA LISA DUARTE ABDO AZIZ ISMAIL
</p>
<p>PROCURADORA DA REPUBLICA
 
 
 
 
 
 
</p>
<p>PROCURADORIA DA
REPUBLICA -
PERNAMBUCO
</p>
<p>Av. Governador Agamenon Magalhães, Nº 1800, Espinheiro -
Cep 52021170 - Recife-PE
</p>
<p>Tel. 81. 2125-7383
Email: PRPE-OTC-02@mpf.mp.br
</p>
<p>Pág. 2 de 2</p>
<p />
</div>
</body></html>