<?xml version="1.0" encoding="UTF-8"?>
<html xmlns="http://www.w3.org/1999/xhtml">
<head>
<meta name="pdf:PDFVersion" content="1.4" />
<meta name="xmp:CreatorTool" content="Writer" />
<meta name="access_permission:modify_annotations" content="true" />
<meta name="access_permission:can_print_degraded" content="true" />
<meta name="tika_batch_fs:relative_path" content="85835433.pdf" />
<meta name="language" content="pt-BR" />
<meta name="dcterms:created" content="2018-07-04T21:37:30Z" />
<meta name="dc:format" content="application/pdf; version=1.4" />
<meta name="pdf:docinfo:creator_tool" content="Writer" />
<meta name="access_permission:fill_in_form" content="true" />
<meta name="pdf:encrypted" content="false" />
<meta name="Content-Length" content="127566" />
<meta name="X-TIKA:digest:MD5" content="1f8c59fbdc0f87047e706569680e4fc4" />
<meta name="Content-Type" content="application/pdf" />
<meta name="X-Parsed-By" content="org.apache.tika.parser.DefaultParser" />
<meta name="X-Parsed-By" content="org.apache.tika.parser.pdf.PDFParser" />
<meta name="dc:language" content="pt-BR" />
<meta name="meta:creation-date" content="2018-07-04T21:37:30Z" />
<meta name="created" content="Wed Jul 04 18:37:30 BRT 2018" />
<meta name="access_permission:extract_for_accessibility" content="true" />
<meta name="access_permission:assemble_document" content="true" />
<meta name="xmpTPg:NPages" content="3" />
<meta name="Creation-Date" content="2018-07-04T21:37:30Z" />
<meta name="resourceName" content="85835433.pdf" />
<meta name="access_permission:extract_content" content="true" />
<meta name="access_permission:can_print" content="true" />
<meta name="tika:file_ext" content="pdf" />
<meta name="producer" content="LibreOffice 5.0" />
<meta name="access_permission:can_modify" content="true" />
<meta name="pdf:docinfo:producer" content="LibreOffice 5.0" />
<meta name="pdf:docinfo:created" content="2018-07-04T21:37:30Z" />
<title></title>
</head>
<body><div class="page"><p />
<p> MINISTÉRIO PÚBLICO FEDERAL
PROCURADORIA DA REPÚBLICA NO ESTADO DO RIO DE JANEIRO
</p>
<p>Av. Nilo Peçanha, 31, 2º andar - Rio de Janeiro - RJ  CEP 20020-100  Tel: 3971-9469  E-mail: PRRJ-GAB-GMagno@mpf.mp.br
</p>
<p>Procedimento Preparatório PR-RJ nº 1.30.001.001952/2018-83
</p>
<p>PROMOÇÃO DE ARQUIVAMENTO
</p>
<p>O  Procedimento  Preparatório  em  epígrafe  foi  instaurado  a  partir  de
Representação sigilosa que relatou possível irregularidade na nomeação de Manoel
Arlindo Zaroni Torres para o Conselho de Administração da Eletrobras, em razão de
sua participação no Conselho de Administração da empresa Engie Brasil Energia —
que  seria  concorrente  da  Eletrobras  nos  segmentos  de  geração,  transmissão  e
comercialização  de  energia  —,  o  que  poderia  caracterizar  conflito  de  interesses
decorrente de acesso a informações privilegiadas, em afronta às Leis nos 6.404/76 e
13.303/16.
</p>
<p>Em resposta ao nosso Ofício de fl. 10, a Eletrobras enviou o Ofício de fl.
20 e a documentação a ele anexa (fls. 21/44).
</p>
<p>Destaca-se em tal documentação o Memorando de fls. 21/22, em que o
Superintendente de Estratégia, Gestão Empresarial e Sustentabilidade da Eletrobras
consignou  que  o  Sr.  Manoel  Arlindo  Zaroni  Torres foi  regularmente  submetido  à
apreciação da Casa Civil da Presidência da República, e por ela aprovado. 
</p>
<p>Além disso, a área de Governança Corporativa da Eletrobras avaliou o
atendimento  aos  requisitos  de  elegibilidade  e  as  vedações  previstas  na  Lei  nº
13.303/16 e no Decreto nº 8.945/16. Tal análise foi  consolidada em Relatório que
concluiu não terem sido encontradas evidências que impedissem o prosseguimento
do processo de indicação do candidato,  razão pela qual  o  Comitê  de  Gestão de
Pessoas e Elegibilidade - CGPE opinou pela elegibilidade do indicado.
</p>
<p>Ademais,  o  mesmo  Memorando  informou  que  “(…)  foi  detectado
possível conflito de interesses formal, tendo em vista o cargo que o indicado ocupava
em concomitância com a indicação para conselheiro de administração da Eletrobras
(Vice-Presidente  do Conselho de Administração da Engie).  Tal  fato  foi  levado ao
conhecimento dos acionistas na AGO que tratava da eleição do Sr. Manoel Arlindo
Zaroni Torres, que com fulcro no art. 147, §3º, II, dispensou a vedação prevista neste</p>
<p />
</div>
<div class="page"><p />
<p> MINISTÉRIO PÚBLICO FEDERAL
PROCURADORIA DA REPÚBLICA NO ESTADO DO RIO DE JANEIRO
</p>
<p>Av. Nilo Peçanha, 31, 2º andar - Rio de Janeiro - RJ  CEP 20020-100  Tel: 3971-9469  E-mail: PRRJ-GAB-GMagno@mpf.mp.br
</p>
<p>dispositivo  e,  portanto,  elegendo  legítima  e  legalmente  aquele  indicado,  como
conselheiro de Administração.” (Grifou-se).
</p>
<p>Por fim,  o Memorando aduz que, à época da eleição do Sr.  Manoel
Arlindo Zaroni Torres, não havia notícia de possível interesse da empresa Engie nos
ativos da Eletrobras, em caso de eventual privatização.
</p>
<p>É o relato.
Destaque-se que o art. 147, §3º, I e II, da Lei nº 6.404/76 dispõe:
</p>
<p>"Art. 147. Quando a lei exigir certos requisitos para a investidura
em  cargo  de  administração  da  companhia,  a  assembléia-geral
somente  poderá  eleger  quem  tenha  exibido  os  necessários
comprovantes,  dos  quais  se  arquivará  cópia  autêntica  na  sede
social.
§ 3º O conselheiro deve ter reputação ilibada, não podendo ser
eleito, salvo dispensa da assembléia-geral, aquele que:
I  -  ocupar cargos em sociedades que possam ser consideradas
concorrentes no mercado, em especial, em conselhos consultivos,
de administração ou fiscal; e
II - tiver interesse conflitante com a sociedade." (Grifou-se).
</p>
<p>No mais,  registre-se que a Ata da Quinquagésima Oitava Assembleia
Geral Ordinária, realizada em 27 de abril de 2018 e reproduzida nestes autos às fls.
34/42, deliberou por:
</p>
<p>“7.4 - Aprovar, por maioria, após a análise do currículo e demais
declarações pertinentes, a eleição de um membro para o Conselho
de  Administração,  indicado  pelo  MME em razão  de  criação  de
nova vaga no conselho de administração conforme deliberado na
168ª Assembleia Geral Extraordinária da Eletrobras, realizada em
30 de novembro de 2017, conforme a seguir:
7.4.1  -  Sr.  MANOEL  ARLINDO  ZARONI  TORRES,  brasileiro,
casado, engenheiro eletricista, residente e domiciliado na Rua Dr.
Armínio  Tavares,  nº  147,  apt.  701,  Ed.  Santa  Fé,  Centro,
Florianópolis,  SC,  CEP  88015-250,  portador  da  carteira  de
identidade nº M428.567, expedida pela SSP/MG e inscrito no CPF
sob  o  nº  115.116.056-34,  consignando-se  que  a  Assembleia  o</p>
<p />
</div>
<div class="page"><p />
<p> MINISTÉRIO PÚBLICO FEDERAL
PROCURADORIA DA REPÚBLICA NO ESTADO DO RIO DE JANEIRO
</p>
<p>Av. Nilo Peçanha, 31, 2º andar - Rio de Janeiro - RJ  CEP 20020-100  Tel: 3971-9469  E-mail: PRRJ-GAB-GMagno@mpf.mp.br
</p>
<p>dispensou do atendimento ao disposto no Artigo 147, § 3º, inciso I,
da  Lei  nº  6.404/1976,  abstendo-se  o  BNDES/Bndespar  de
manifestar-se quanto à dispensa.
7.4.2 -  Consignar  que o  item 7.4  foi  aprovado por  934.540.903
votos,  havendo  ainda  26.499  votos  contrários  e  12.544.970
abstenções.
7.5 - Consignar que a União justifica a indicação das pessoas para
os  cargos  de  Conselheiros  de  Administração,  que  podem estar
ocupando  cargo  público  na  'Administração  Pública  Federal,  no
momento de sua eleição, em razão do interesse público' ”.
</p>
<p>No caso sob análise, não se verifica irregularidade formal na nomeação
do Sr. Manoel Arlindo Zaroni Torres para o Conselho de Administração da Eletrobras,
já que o art.  147,  §3º,  da  Lei  nº 6.404/76 prevê a possibilidade de dispensa,  por
Assembleia  Geral,  do  disposto  nos  incisos  I  e  II  do  mesmo  artigo  —  o  que
efetivamente ocorreu, conforme os documentos acostados nestes autos.
</p>
<p>Conclui-se que a conduta da  Eletrobras neste caso é aparentemente
correta  e  não  gera  qualquer  lesão  concreta  a  bem,  serviço  ou  interesse  federal,
motivo pelo qual determino o  ARQUIVAMENTO deste feito. Efetuem-se os devidos
registros neste Gabinete e na Divisão Cível Extrajudicial desta Unidade. 
</p>
<p>Dê ciência ao Representante sigiloso e ao Presidente da Eletrobras do
conteúdo desta Promoção. Após, encaminhem-se os autos à Colenda 1ª Câmara de
Coordenação e Revisão do MPF, à qual  solicito  a necessária  homologação desta
Promoção.
</p>
<p>Rio de Janeiro, 04 de julho de 2018.
</p>
<p>GUSTAVO MAGNO GOSKES BRIGGS DE ALBUQUERQUE
PROCURADOR DA REPÚBLICA</p>
<p />
</div>
</body></html>