<?xml version="1.0" encoding="UTF-8"?>
<html xmlns="http://www.w3.org/1999/xhtml">
<head>
<meta name="date" content="2018-06-14T13:59:49Z" />
<meta name="pdf:PDFVersion" content="1.4" />
<meta name="access_permission:modify_annotations" content="true" />
<meta name="access_permission:can_print_degraded" content="true" />
<meta name="tika_batch_fs:relative_path" content="85866809.pdf" />
<meta name="dcterms:created" content="2018-06-14T13:59:49Z" />
<meta name="Last-Modified" content="2018-06-14T13:59:49Z" />
<meta name="dcterms:modified" content="2018-06-14T13:59:49Z" />
<meta name="dc:format" content="application/pdf; version=1.4" />
<meta name="Last-Save-Date" content="2018-06-14T13:59:49Z" />
<meta name="access_permission:fill_in_form" content="true" />
<meta name="pdf:docinfo:modified" content="2018-06-14T13:59:49Z" />
<meta name="meta:save-date" content="2018-06-14T13:59:49Z" />
<meta name="pdf:encrypted" content="false" />
<meta name="modified" content="2018-06-14T13:59:49Z" />
<meta name="Content-Length" content="45927" />
<meta name="X-TIKA:digest:MD5" content="1ea580e922d6de8f9774dc21bfd30e88" />
<meta name="Content-Type" content="application/pdf" />
<meta name="X-Parsed-By" content="org.apache.tika.parser.DefaultParser" />
<meta name="X-Parsed-By" content="org.apache.tika.parser.pdf.PDFParser" />
<meta name="meta:creation-date" content="2018-06-14T13:59:49Z" />
<meta name="created" content="Thu Jun 14 10:59:49 BRT 2018" />
<meta name="access_permission:extract_for_accessibility" content="true" />
<meta name="access_permission:assemble_document" content="true" />
<meta name="xmpTPg:NPages" content="2" />
<meta name="Creation-Date" content="2018-06-14T13:59:49Z" />
<meta name="resourceName" content="85866809.pdf" />
<meta name="access_permission:extract_content" content="true" />
<meta name="access_permission:can_print" content="true" />
<meta name="tika:file_ext" content="pdf" />
<meta name="producer" content="iText® 5.5.9 ©2000-2015 iText Group NV (AGPL-version); modified using iText® 5.5.9 ©2000-2015 iText Group NV (AGPL-version)" />
<meta name="access_permission:can_modify" content="true" />
<meta name="pdf:docinfo:producer" content="iText® 5.5.9 ©2000-2015 iText Group NV (AGPL-version); modified using iText® 5.5.9 ©2000-2015 iText Group NV (AGPL-version)" />
<meta name="pdf:docinfo:created" content="2018-06-14T13:59:49Z" />
<title></title>
</head>
<body><div class="page"><p />
<p>___________________________________________________________________________________________________
</p>
<p>Procedimento Preparatório nº 1.26.000.001712/2018-11
</p>
<p> 
 
</p>
<p>PROMOÇÃO DE ARQUIVAMENTO Nº 522/2018
</p>
<p> 
</p>
<p>  
</p>
<p>O procedimento em epígrafe foi instaurado com o escopo de apurar notícia
</p>
<p>acerca de possível irregularidade no Edital nº 4 - Área administrativa, de 22 de março de 2018,
</p>
<p>do concurso promovido pela Empresa Brasileira de Serviços Hospitalares - EBSERH, por meio
</p>
<p>do Centro de Seleção e Promoção de Eventos - CESPE/UnB.
</p>
<p>Segundo a representação, o item 9 do edital contestado, previu a realização das
</p>
<p>provas objetivas, de caráter eliminatório, para o dia 06 de maio de 2018 (subitem 1 e 2), ao
</p>
<p>passo que, o item 10.1.3, estabeleceu que os candidatos deveriam encaminhar a documentação
</p>
<p>referente a avaliação curricular de títulos e experiência profissional no período compreendido
</p>
<p>entre 26 de março e 2 de maio do corrente ano, isto é, em período anterior a realização da prova
</p>
<p>objetiva, fato que resultaria em lesão ao candidato que, ainda não classificado, seria obrigado a
</p>
<p>custear o envio de documentação.
</p>
<p>Instada a se manifestar, a empresa organizadora do certame reconheceu a
</p>
<p>previsão das datas, justificando que esta definição tinha por objetivo cumprir o exíguo
</p>
<p>calendário estipulado pela EBSERH, posto a urgência da demanda pela contratação de
</p>
<p>profissionais nas unidades hospitalares da Rede.
</p>
<p>Acrescentou que a previsão não ensejou qualquer prejuízo aos candidatos, uma
</p>
<p>vez que ao realizarem a inscrição, sujeitaram-se as normas editalícias que regem o concurso, de
</p>
<p>maneira que todos os candidatos estavam cientes da data de envio da documentação, anterior a
</p>
<p>realização da prova objetiva.
</p>
<p>De fato, não se observa prejuízo nas disposições editalícias que, sem
</p>
<p>discriminação, alcançaram todos os candidatos, os quais tiveram ciência de toda normativa antes
</p>
<p>de efetuar a inscrição. Portanto, é certo presumir que a efetivação da inscrição no concurso
</p>
<p>expressou a concordância com os regramentos do certame.
</p>
<p>Evidentemente os concursos públicos têm um custo, que deve ser suportado por
</p>
<p>todos aqueles que tencionam dele participar e assim, concorrer, em iguais condições, a uma
</p>
<p>determinada vaga. Inexistindo hipótese discriminatória ou arbitrária, não se vislumbra
</p>
<p>ilegalidade/irregularidade a ser sanada.
</p>
<p>Ante o exposto, determino o arquivamento do feito, nos termos do art. 9º, caput,
</p>
<p> 
</p>
<p>MINISTÉRIO PÚBLICO FEDERAL
PROCURADORIA DA REPUBLICA - PERNAMBUCO
</p>
<p>1º OFÍCIO DA TUTELA COLETIVA
</p>
<p>Pág. 1 de 2</p>
<p />
</div>
<div class="page"><p />
<p>da Lei nº 7.347/85 e do art. 17, caput, da Resolução nº 87/20006, do Conselho Superior do
</p>
<p>Ministério Público Federal.
</p>
<p>Comunique-se ao representante.
</p>
<p>Após o decurso do prazo para recurso, remeta-se à 1ª Câmara - Direitos Sociais e
</p>
<p>Atos administrativos em geral para o necessário exame desta promoção, na forma do art. 62, IV
</p>
<p>da Lei Complementar nº 75/93, art. 9º, §1º, da Lei nº 7.347/85 e do art. 17, §2º, da Resolução nº
</p>
<p>87/2006, do Conselho Superior do Ministério Público Federal.
</p>
<p>Cumpra-se.
 
</p>
<p>Recife, 14 de junho de 2018.
 
</p>
<p>Mabel Seixas Menge
</p>
<p>Procuradora da República
</p>
<p>Pág. 2 de 2</p>
<p />
</div>
</body></html>