<?xml version="1.0" encoding="UTF-8"?>
<html xmlns="http://www.w3.org/1999/xhtml">
<head>
<meta name="pdf:PDFVersion" content="1.4" />
<meta name="xmp:CreatorTool" content="Writer" />
<meta name="access_permission:modify_annotations" content="true" />
<meta name="access_permission:can_print_degraded" content="true" />
<meta name="tika_batch_fs:relative_path" content="87738073.pdf" />
<meta name="language" content="pt-BR" />
<meta name="dcterms:created" content="2018-08-31T15:22:48Z" />
<meta name="dc:format" content="application/pdf; version=1.4" />
<meta name="pdf:docinfo:creator_tool" content="Writer" />
<meta name="access_permission:fill_in_form" content="true" />
<meta name="pdf:encrypted" content="false" />
<meta name="Content-Length" content="108352" />
<meta name="X-TIKA:digest:MD5" content="eb83dbfe8dbd3a46768c9ae13d5cc6fe" />
<meta name="Content-Type" content="application/pdf" />
<meta name="X-Parsed-By" content="org.apache.tika.parser.DefaultParser" />
<meta name="X-Parsed-By" content="org.apache.tika.parser.pdf.PDFParser" />
<meta name="dc:language" content="pt-BR" />
<meta name="meta:creation-date" content="2018-08-31T15:22:48Z" />
<meta name="created" content="Fri Aug 31 12:22:48 BRT 2018" />
<meta name="access_permission:extract_for_accessibility" content="true" />
<meta name="access_permission:assemble_document" content="true" />
<meta name="xmpTPg:NPages" content="5" />
<meta name="Creation-Date" content="2018-08-31T15:22:48Z" />
<meta name="resourceName" content="87738073.pdf" />
<meta name="access_permission:extract_content" content="true" />
<meta name="access_permission:can_print" content="true" />
<meta name="tika:file_ext" content="pdf" />
<meta name="producer" content="LibreOffice 6.0" />
<meta name="access_permission:can_modify" content="true" />
<meta name="pdf:docinfo:producer" content="LibreOffice 6.0" />
<meta name="pdf:docinfo:created" content="2018-08-31T15:22:48Z" />
<title></title>
</head>
<body><div class="page"><p />
<p> 
MINISTÉRIO PÚBLICO FEDERAL
</p>
<p>PROCURADORIA DA REPÚBLICA NO RIO GRANDE DO NORTE 
Ref.: Procedimento Preparatório n.º 1.28.000.001746/2018-31
</p>
<p>Promoção de Arquivamento
</p>
<p>O MINISTÉRIO PÚBLICO FEDERAL, por seu Procurador da
República  subscritor,  no  uso  de  suas  atribuições
constitucionais e legais, vem, nos autos em epígrafe, PROMOVER
O ARQUIVAMENTO do presente procedimento, pelas razões a seguir
expostas.
</p>
<p>Trata-se de Procedimento Preparatório instaurado a
partir de representação formulada pelo  Sr. Adriano Barros de
Souza,  com  o  objetivo  de  apurar  a  existência  de  possíveis
irregularidades  no  Exame  de  Seleção  para  o  Ensino  Médio
Integrado, do Instituto Federal do Rio Grande do Norte (IFRN).
</p>
<p>O representante narra que o referido exame, entre os
anos  de  2009  a  2013,  foi  aplicado  na  primeira  ou  segunda
semana do mês de dezembro. Porém, a partir de 2014, a data
dessa prova do IFRN começou a ser antecipada, sendo a previsão
de aplicação no ano de 2018 para o dia 30 de setembro, o que
pode prejudicar os alunos/candidatos os quais nesse período
ainda estão em ano letivo, principalmente os alunos da rede
pública  municipal,  que  estão  com  o  calendário  acadêmico
atrasado (fl. 3-4). </p>
<p />
</div>
<div class="page"><p />
<p> 
MINISTÉRIO PÚBLICO FEDERAL
</p>
<p>PROCURADORIA DA REPÚBLICA NO RIO GRANDE DO NORTE 
Vale ressaltar que o planejamento com a fixação de
</p>
<p>data  para  a  realização  do  exame  de  seleção  é  um  ato  da
administração local do IFRN, tendo validade apenas no Estado
do Rio Grande do Norte (fl. 3-4).
</p>
<p>Em resposta, o IFRN encaminhou o ofício nº 438/2018
– RE/IFRN o qual esclarece que a aplicação das provas estão
previstas para o dia 14 de outubro e nos “anos em que as
provas do  Exame de  Seleção foram  aplicadas em  novembro ou
</p>
<p>dezembro,  [...],  foram  em  virtude  de  paralisações  das
</p>
<p>atividades  acadêmicas  no  IFRN  provocadas  por  greves  em
</p>
<p>momentos anteriores” (sic). Fato que ocasionou nesses anos o
atraso no início das aulas no ano seguinte, pois os candidatos
aprovados começaram suas atividades como alunos apenas entre
os meses de abril e maio (fl. 29).
</p>
<p>A instituição de ensino federal, ainda, reconhece os
problemas  de  atraso  do  calendário  acadêmico  das  escolas
públicas  que  tiveram  suas  atividades  paralisadas  em  2018,
porém é algo que vai além da sua autonomia administrativa (fl.
29). 
</p>
<p>Conquanto,  para  amenizar  esses  problemas,  o  IFRN,
por  meio  do  Programa  de  Iniciação  Tecnológica  e  Cidadania
(ProITEC),  oferece  o  ensino  das  disciplinas  de  Língua
Portuguesa, Matemática, e Ética e Cidadania aos alunos da rede
pública de ensino (fl. 29-30).
</p>
<p>É o que importa relatar.</p>
<p />
</div>
<div class="page"><p />
<p> 
MINISTÉRIO PÚBLICO FEDERAL
</p>
<p>PROCURADORIA DA REPÚBLICA NO RIO GRANDE DO NORTE 
</p>
<p>Compulsando os autos, verifica-se que  não subsistem
razões a justificar a continuidade do presente  Procedimento
Preparatório. 
</p>
<p>Diante  das  informações  retromencionadas,
especialmente em relação ao contraditório exercido pela IFRN,
foi esclarecido que o edital do Exame de Seleção para o Ensino
Médio Integrado vem sendo cumprido. No que pertine as datas do
processo seletivo, é compreensível a organização do cronograma
para não prejudicar o início das aulas dos novos estudantes do
instituto. 
</p>
<p>Nesse sentido, em razão da ausência de ilegalidade
manifesta do ato, é imperiosa a necessidade de se respeitar a
independência dos poderes Legislativo, Executivo e Judiciário,
prevista expressamente no artigo 2° da Constituição Federal.
</p>
<p>O controle dos atos administrativos, por sua vez,
deve  abarcar  a  análise  sobre  a  legalidade  e  finalidade
pública, não cabendo ao Ministério Público Federal se imiscuir
no mérito e na organização administrativa.
</p>
<p>Ainda,  sobre  esse  princípio,  nas  palavras  de
Carvalho Filho (2017, p. 44)1:
</p>
<p>“Não pode, porém, interferir no critério discricionário
de escolha do administrador público, quando este tiver à
sua  disposição  mais  de  uma  forma  lícita  de  atuar,
</p>
<p>1 CARVALHO FILHO, José dos Santos. Manual de direito administrativo. 31. 
ed. rev., atual. e ampl. São Paulo: Atlas, 2017.</p>
<p />
</div>
<div class="page"><p />
<p> 
MINISTÉRIO PÚBLICO FEDERAL
</p>
<p>PROCURADORIA DA REPÚBLICA NO RIO GRANDE DO NORTE 
oportunidade em que estará exercendo legitimamente seu
poder  de  administração  pública.  Em  consequência,  sua
aplicação exige equilíbrio e cometimento por parte do
julgador, que deverá considerar com acuidade todos os
elementos da hipótese sob apreciação; se não o fizer,
ele  mesmo  será  o  agente  violador  do  princípio  que
pretende aplicar”. 
</p>
<p>Por  fim,  uma  vez  que  não  restou  demonstrado  a
existência de ilegalidade flagrante no Exame de Seleção do
IFRN, assim como foi evidenciada a regularidade do edital,
verifica-se a necessidade do arquivamento.
</p>
<p>Ante  o  exposto,  à  míngua  de  outro  interesse  que
justifique  a  intervenção  do  Parquet Federal,  promovo  o
arquivamento  dos  presentes  autos,  submetendo-o à  superior
apreciação dos doutos integrantes da 1ª Câmara de Coordenação
e Revisão do Ministério Público Federal, na forma do art. 62,
IV, da Lei Complementar n.º 75/93 e do art. 17, caput e § 2º,
da  Resolução  nº  87/2006,  com  a  redação  modificada  pela
Resolução  nº  106/2010,  ambas  do  Conselho  Superior  do
Ministério Público Federal, para exame, deliberação e, se for
o  entendimento,  homologação  ou  outras  providências  que
julgarem pertinentes.
</p>
<p>Requer-se a Secretaria do 10° ofício, o cadastro no
Sistema Único do presente arquivamento pela razão da ausência
de  irregularidade/ilegalidade  aparente  que  autorize  a
interferência do MPF na discricionariedade da Administração. </p>
<p />
</div>
<div class="page"><p />
<p> 
MINISTÉRIO PÚBLICO FEDERAL
</p>
<p>PROCURADORIA DA REPÚBLICA NO RIO GRANDE DO NORTE 
Comunique-se,  ainda,  ao  representante,  dando-lhe
</p>
<p>ciência da presente promoção de arquivamento e cientificando-
lhe da possibilidade de interposição de recurso.
</p>
<p>Natal/RN, 31 de agosto de 2018.
</p>
<p>VICTOR MANOEL MARIZ
Procurador da República</p>
<p />
</div>
<ul>	<li>Ref.: Procedimento Preparatório n.º 1.28.000.001746/2018-31</li>
</ul>
</body></html>