<?xml version="1.0" encoding="UTF-8"?>
<html xmlns="http://www.w3.org/1999/xhtml">
<head>
<meta name="pdf:PDFVersion" content="1.4" />
<meta name="pdf:docinfo:title" content="	MANDADO DE SEGURANÇA" />
<meta name="xmp:CreatorTool" content="Writer" />
<meta name="access_permission:modify_annotations" content="true" />
<meta name="access_permission:can_print_degraded" content="true" />
<meta name="dc:creator" content="Procuradoria Geral da Republica" />
<meta name="tika_batch_fs:relative_path" content="87787527.pdf" />
<meta name="language" content="pt-BR" />
<meta name="dcterms:created" content="2018-09-13T17:49:35Z" />
<meta name="dc:format" content="application/pdf; version=1.4" />
<meta name="pdf:docinfo:creator_tool" content="Writer" />
<meta name="access_permission:fill_in_form" content="true" />
<meta name="pdf:encrypted" content="false" />
<meta name="dc:title" content="	MANDADO DE SEGURANÇA" />
<meta name="Content-Length" content="66695" />
<meta name="X-TIKA:digest:MD5" content="6b3ed7f583cc784001c1b42b6ec8e86e" />
<meta name="Content-Type" content="application/pdf" />
<meta name="pdf:docinfo:creator" content="Procuradoria Geral da Republica" />
<meta name="X-Parsed-By" content="org.apache.tika.parser.DefaultParser" />
<meta name="X-Parsed-By" content="org.apache.tika.parser.pdf.PDFParser" />
<meta name="creator" content="Procuradoria Geral da Republica" />
<meta name="dc:language" content="pt-BR" />
<meta name="meta:author" content="Procuradoria Geral da Republica" />
<meta name="meta:creation-date" content="2018-09-13T17:49:35Z" />
<meta name="created" content="Thu Sep 13 14:49:35 BRT 2018" />
<meta name="access_permission:extract_for_accessibility" content="true" />
<meta name="access_permission:assemble_document" content="true" />
<meta name="xmpTPg:NPages" content="2" />
<meta name="Creation-Date" content="2018-09-13T17:49:35Z" />
<meta name="resourceName" content="87787527.pdf" />
<meta name="access_permission:extract_content" content="true" />
<meta name="access_permission:can_print" content="true" />
<meta name="tika:file_ext" content="pdf" />
<meta name="Author" content="Procuradoria Geral da Republica" />
<meta name="producer" content="LibreOffice 5.4" />
<meta name="access_permission:can_modify" content="true" />
<meta name="pdf:docinfo:producer" content="LibreOffice 5.4" />
<meta name="pdf:docinfo:created" content="2018-09-13T17:49:35Z" />
<title>	MANDADO DE SEGURANÇA</title>
</head>
<body><div class="page"><p />
<p>MINISTÉRIO PÚBLICO FEDERAL
PROCURADORIA DA REPÚBLICA NO ESTADO DE SÃO PAULO
</p>
<p>PROCEDIMENTO PREPARATÓRIO N. 1.34.001.0006153/2018-54
</p>
<p>PROMOÇÃO DE ARQUIVAMENTO
</p>
<p>1. Relatório
</p>
<p>Cuida-se  de  procedimento  preparatório  instaurado  a  partir  de
representação feita  por  Gabriel  de  Oliveira  Lima,  que se  disse  insatisfeito  com os
serviços prestados pelo setor  de atendimento ao público do  Ministério Público do
Estado de São Paulo.
</p>
<p>Após a representação (PEDIDO DE INFORMAÇÃO 20180081822/2018
CIBELE  DE  OLIVEIRA  LIMA  –  PR-SP-00086925/2018),  o  noticiante  reconheceu  a
possibilidade de que tenha se excedido nas expressões que utilizou para criticar  o
serviço prestado pelo MP-SP.
</p>
<p>É o relatório.
</p>
<p>2. F  undamentação  
</p>
<p>Além  de  não  caber  ao  Ministério  Público  Federal  exercer  a
fiscalização dos serviços prestados pelo Ministério Público do Estado de São Paulo (o
que deve ser feito pelos órgãos de controle da própria instituição ou pelo  Conselho
Nacional  do  Ministério  Público),  percebo  que  o  noticiante  não  solicitou  qualquer
providência por parte da Procuradoria da República.
</p>
<p>Ao que tudo indica, a questão de fundo já foi resolvida pelo próprio
noticiante.  Dessa  feita,  a  representação  dirigida  ao  Ministério  Público  Federal foi,
reconhecidamente, o registro de uma crítica feita no exercício da cidadania.
</p>
<p>Não há, desta feita, providências a serem adotadas pelo  Ministério
Público Federal.
</p>
<p>______________________________________________________________________
1</p>
<p />
</div>
<div class="page"><p />
<p>MINISTÉRIO PÚBLICO FEDERAL
PROCURADORIA DA REPÚBLICA NO ESTADO DE SÃO PAULO
</p>
<p>3. Conclusão
</p>
<p>Considerando  os  fatos  expostos,  promovo  o  arquivamento  deste
procedimento preparatório, submetendo-o à apreciação da 1ª Câmara de Coordenação
e Revisão do Ministério Público Federal, nos termos dos artigos 59 e 63, inciso IV da Lei
Complementar nº 75/93 e Resolução nº 40, de 31.03.1998 do CSMPF.
</p>
<p>Em  observância  ao  que  dispõe  o  Enunciado  n.  4  da  5ª  CCR/MPF,
verifico que não há indícios da prática de infração penal.
</p>
<p>Comunique-se à noticiante, nos termos do art. 9o, § 2o, da Lei Federal n.
7.347/85 e art. 17, §§ 1o e 3o, da Resolução n. 87/2006, do CSMPF.
</p>
<p>São Paulo, 13 de setembro de 2018.
</p>
<p>BRUNO COSTA MAGALHÃES
</p>
<p>Procurador da República
</p>
<p>______________________________________________________________________
2</p>
<p />
</div>
<ul>	<li>BRUNO COSTA MAGALHÃES</li>
</ul>
</body></html>