<?xml version="1.0" encoding="UTF-8"?>
<html xmlns="http://www.w3.org/1999/xhtml">
<head>
<meta name="date" content="2016-02-22T11:38:50.741000000" />
<meta name="meta:paragraph-count" content="35" />
<meta name="meta:word-count" content="773" />
<meta name="Table-Count" content="0" />
<meta name="tika_batch_fs:relative_path" content="9003202.odt" />
<meta name="generator" content="LibreOffice/4.4.7.2$Windows_x86 LibreOffice_project/f3153a8b245191196a4b6b9abd1d0da16eead600" />
<meta name="Word-Count" content="773" />
<meta name="dcterms:created" content="2013-05-11T18:34:48.02" />
<meta name="dcterms:modified" content="2016-02-22T11:38:50.741000000" />
<meta name="Last-Modified" content="2016-02-22T11:38:50.741000000" />
<meta name="nbPara" content="35" />
<meta name="Last-Save-Date" content="2016-02-22T11:38:50.741000000" />
<meta name="meta:object-count" content="0" />
<meta name="meta:character-count" content="5339" />
<meta name="Paragraph-Count" content="35" />
<meta name="nbImg" content="2" />
<meta name="meta:save-date" content="2016-02-22T11:38:50.741000000" />
<meta name="modified" content="2016-02-22T11:38:50.741000000" />
<meta name="Edit-Time" content="P1DT6H50M18S" />
<meta name="meta:image-count" content="2" />
<meta name="Image-Count" content="2" />
<meta name="nbCharacter" content="5339" />
<meta name="nbObject" content="0" />
<meta name="Content-Length" content="70726" />
<meta name="nbPage" content="3" />
<meta name="X-TIKA:digest:MD5" content="9f44cd21fe28862b65657b4ab139746b" />
<meta name="Object-Count" content="0" />
<meta name="nbWord" content="773" />
<meta name="Content-Type" content="application/vnd.oasis.opendocument.text" />
<meta name="X-Parsed-By" content="org.apache.tika.parser.DefaultParser" />
<meta name="X-Parsed-By" content="org.apache.tika.parser.odf.OpenDocumentParser" />
<meta name="meta:creation-date" content="2013-05-11T18:34:48.02" />
<meta name="meta:table-count" content="0" />
<meta name="Creation-Date" content="2013-05-11T18:34:48.02" />
<meta name="xmpTPg:NPages" content="3" />
<meta name="resourceName" content="9003202.odt" />
<meta name="Character Count" content="5339" />
<meta name="editing-cycles" content="74" />
<meta name="Page-Count" content="3" />
<meta name="tika:file_ext" content="odt" />
<meta name="nbTab" content="0" />
<meta name="meta:page-count" content="3" />
<title></title>
</head>
<body><p />
<p><b>MINISTÉRIO PÚBLICO FEDERAL</b></p>
<p><b>Procuradoria da República no Estado do Amazonas</b></p>
<p>Avenida André Araújo, 358, Bairro Aleixo, CEP: 69.060-000, Manaus-AM  </p>
<p>		<u>Tel./Fax</u>: (92) 2129-4700 <u>E-mail</u>: <a href="mailto:pramoficio3@mpf.gov.br">pram-oficio</a><a href="mailto:pramoficio3@mpf.gov.br">3@mpf.gov.br</a>		</p>
<p />
<p>MINISTÉRIO PÚBLICO FEDERAL</p>
<p><b>PROCURADORIA DA REPÚBLICA NO AMAZONAS</b></p>
<p><b>GABINETE DO 3º OFÍCIO CÍVEL</b></p>
<p>Avenida André de Araújo, 358, Aleixo. Fone: (92) 2129-4700. CEP 69.060-000. Manaus/AM</p>
<p />
<h6>INQUÉRITO CIVIL PÚBLICO Nº <b>1.13.000.000841/2010-93</h6>
<p>REPRESENTANTE: 	MINISTÉRIO PÚBLICO FEDERAL</b></p>
<p><b>REPRESENTADO:	</b>UNIÃO FEDERAL E OUTROS</p>
<p />
<h5>DESPACHO</h5>
<p><b>INQUÉRITO CIVIL PÚBLICO. </b>PORTOS NO AMAZONAS. IRREGULARIDADES DE DIVERSAS ESPÉCIES. FOCO DO MPF NAS IRREGULARIDADES DE MAIOR VULTO. ENTENDIMENTO ESTABELECIDO COM A ANTAQ PARA O ENVIO PERIÓDICO DE INFORMAÇÕES AO MPF. ARQUIVAMENTO. </p>
<p />
<p><b>- I -</b></p>
<ol>	<li><p>Trata-se de Inquérito Civil Público instaurada por meio da portaria conjunta 3º e 4º Ofícios Cíveis/PRAM n.º 01/2010 (fls. 01/02), com a finalidade de “<i>apurar irregularidades no Convênio de Delegação 07/97 firmado entre a União e o Estado do Amazonas, bem como acompanhar os investimentos de recursos federais no Porto Organizado de Manaus</i>”, cujo <b>sigilo </b>foi decretado, “<i>considerando-se a magnitude dos recursos públicos envolvidos, o histórico das questões jurídicas atinentes ao Porto de Manaus e ainda a necessidade de efetividade das diligências</i>”.</p>
</li>
	<li><p>A investigação teve início a partir das representações n.º 1.13.000.000567/2001-61, 1.13.000.000427/2002-74, 1.13.000.000576/2002-33 e 1.13.000.000979/2005-13 (todos em apenso), bem como do decidido pelo Acórdão n.º 371/2006-TCU-Plenário. Para um melhor entendimento do histórico do inquérito, faz-se remissão às decisões retro (fls. (fls. 1.876/1.895 v., fls. 3.004/3.022 e 3.610/3.617 v.) e todos os seus encaminhamentos.</p>
</li>
	<li><p>Na última decisão prolatada (fls. 3.610/3.617 v.), após a indicação de uma série de irregularidades nos portos do interior do Estado do Amazonas e no Porto Organizado de Manaus, foi registrado que “<b><i>considerando que a quase totalidade dos assuntos vêm sendo objeto de fiscalização pela ANTAQ, entende-se que é contraproducente manter acompanhamento de cada um dos pontos supracitados. Diversamente, é de todo conveniente passar a acompanhar as constatações da Agência Reguladora, que possui maior expertise na matéria portuária, deixando o Parquet de proceder ao acompanhamento primário de todos os pontos que envolvem a administração portuária</i>.”</b></p>
</li>
	<li><p>Com efeito, foi realizada reunião com os dirigentes da ANTAQ e acordado que daqui em diante haveria cooperação mútua, no sentido de serem enviados ao <i>Parquet</i> representações, selecionadas por assunto, de difícil solução em âmbito meramente administrativo pela Agência, a fim de que sejam tomadas providências mais enérgicas.</p>
</li>
	<li><p>Assim sendo, como primeiro fruto dessa parceria, a ANTAQ encaminhou o documento de fls. 3.710/3.713).</p>
</li>
	<li><p>É o relatório do essencial.</p>
<p>- II -</p>
</li>
	<li><p>No curso da investigação materializada neste inquérito, foram coletadas inúmeras evidências de irregularidades e de informações que serviram para a adoção de diversas medidas, tais como recomendações, propostas de TAC's e ações judiciais.</p>
</li>
	<li><p>É de meridiana clareza que, por ser uma atividade permanente e ao mesmo o principal modal de transporte amazônico, a atividade portuária carece de contínua fiscalização e atenção do <i>Parquet</i>, haja vista que irregularidades se prolongam no tempo e, ainda que saneadas, costumam se repetir.</p>
</li>
	<li><p>Ocorre que, no atual cenário, vê-se que a ANTAQ, ainda que possua limitações, vem desempenhando seu papel fiscalizador, identificando tanto irregularidades de menor importância, em regra, resolvidas em âmbito administrativo – mediante lavratura de autos de infração e ajuste de condutas – quanto irregularidades graves, de difícil solução, seja em razão da magnitude do problema, seja por existir pressões políticas contrárias.</p>
</li>
	<li><p>Desse modo, considerando a inefetividade de atacar todas as espécies de irregularidades constatadas nos portos do Amazonas, muitas das quais são de menor relevância, <b>entende-se que, para uma maior efetividade da atividade fiscalizatória, deva o Ministério Público Federal trabalhar sobre as irregularidades de difícil solução, isto é, aquelas que, mesmo constatada pela ANTAQ, o simples exercício do poder fiscalizatório não é suficiente para corrigi-las.</b></p>
</li>
	<li><p>Com efeito, foi mencionado no relatório acima que foram estreitadas as relações com a chefia da unidade regional de Manaus, propondo que, a partir das fiscalizações realizadas, sejam os assuntos considerados de maior importâncias encaminhados ao Ministério Público Federal para a adoção de providências.</p>
</li>
	<li><p>Num primeiro momento, já foram enviados seis temas diversos, os quais deverão constituir o objeto de inquéritos civis autônomos. Doravante, as novas representações encaminhadas serão distribuídas livremente entre os demais Ofícios Cíveis.</p>
</li>
	<li><p>Portanto, não se vislumbra maior utilidade na continuação deste inquérito, <b>DETERMINANDO-SE</b> o arquivamento do mesmo, devendo esta decisão ser submetida ao crivo da C. 1ª CCR.</p>
</li>
	<li><p>Extraia-se cópia das fls. 3.710/3.714 e formem-se seis notícias de fato distintas, atribuindo-as todas ao 3º Ofício, com exceção da referente ao licenciamento ambiental, a qual deverá ir ao 2º Ofício.</p>
</li>
	<li><p>Deixa-se de notificar o representante por ser o próprio Ministério Público Federal.</p>
</li>
</ol>
<p>Manaus (AM), 22 de fevereiro de 2016.</p>
<p />
<p><b>ALEXANDRE JABUR</b></p>
<h6>Procurador da República</h6>
</body></html>